origin_id,unit_id,name,level,parent_id,population,point_source,lon,lat,dist_km,dist_km_core,travel_time_p25,t_tc,travel_time_p75,t_tc_spread,walk_time,car_time,v_eff_kmh,rank_dist,rank_time,paradox_index,paradox_norm,time_excess_pct,ratio_tc_car,transfers,transfers_censored,walk_only,dead_zone,top_nah_fern,top_fern_nah,is_origin_commune
centre,92033,Garches,commune,,17743,osm_townhall,2.188,48.844,0.003,12.178,0.000,0.000,0.000,0.000,0.000,1.837,inf,,,,,,0.000,0.000,False,True,False,,,True
centre,92047,Marnes-la-Coquette,commune,,1752,osm_townhall,2.177,48.830,1.667,13.171,24.000,26.000,26.000,2.000,26.000,6.347,3.847,1.000,3.000,2.000,0.005,4.088,4.097,0.000,False,True,False,,,False
centre,92077,Ville-d'Avray,commune,,11089,osm_townhall,2.190,48.828,1.690,12.361,33.000,35.000,39.000,6.000,35.000,7.350,2.897,2.000,7.000,5.000,0.013,39.157,4.762,0.000,False,True,False,,,False
centre,92076,Vaucresson,commune,,8432,osm_townhall,2.158,48.839,2.235,14.403,22.000,24.000,28.000,6.000,34.000,4.693,5.587,3.000,2.000,-1.000,-0.003,-17.077,5.114,0.000,False,False,False,,,False
centre,92064,Saint-Cloud,commune,,29855,osm_townhall,2.219,48.844,2.301,9.890,21.000,23.000,25.000,4.000,34.000,6.492,6.002,4.000,1.000,-3.000,-0.008,-21.681,3.543,0.000,False,False,False,,,False
centre,92072,Sèvres,commune,,22303,osm_townhall,2.213,48.825,2.780,10.853,39.000,41.000,44.000,5.000,49.000,10.848,4.069,5.000,13.000,8.000,0.021,26.947,3.779,2.000,False,False,False,,,False
centre,92022,Chaville,commune,,20594,osm_townhall,2.188,48.810,3.734,13.115,33.000,38.000,41.000,8.000,68.000,14.970,5.895,6.000,8.000,2.000,0.005,1.463,2.538,1.000,False,False,False,,,False
centre,78126,La Celle-Saint-Cloud,commune,,20460,osm_townhall,2.136,48.848,3.822,15.899,30.000,33.000,35.000,5.000,57.000,9.532,6.948,7.000,5.500,-1.500,-0.004,-12.911,3.462,0.000,False,False,False,,,False
centre,92063,Rueil-Malmaison,commune,,82874,osm_townhall,2.181,48.878,3.858,12.835,50.000,52.000,54.000,4.000,64.000,10.962,4.451,8.000,36.500,28.500,0.073,36.584,4.744,1.000,False,False,False,,,False
centre,92012,Boulogne-Billancourt,commune,,119019,osm_townhall,2.241,48.836,3.966,8.525,42.000,44.000,47.000,5.000,60.000,9.917,5.408,9.000,15.500,6.500,0.017,13.982,4.437,1.000,False,False,False,,,False
centre,78092,Bougival,commune,,9134,osm_townhall,2.140,48.861,4.007,15.614,37.000,39.000,43.000,6.000,65.000,12.352,6.164,10.000,10.000,0.000,0.000,0.509,3.157,1.000,False,False,False,,,False
centre,92073,Suresnes,commune,,48956,osm_townhall,2.225,48.871,4.111,9.488,30.000,32.000,36.000,6.000,61.000,8.902,7.708,11.000,4.000,-7.000,-0.018,-18.590,3.595,1.000,False,False,False,,,False
centre,78158,Le Chesnay-Rocquencourt,commune,,30689,osm_townhall,2.125,48.826,4.956,16.998,36.000,40.000,43.000,7.000,79.000,9.477,7.433,12.000,12.000,0.000,0.000,-7.353,4.221,1.000,False,False,False,,,False
centre,78686,Viroflay,commune,,17237,osm_townhall,2.173,48.800,4.999,14.595,41.000,46.000,53.000,12.000,82.000,17.170,6.520,13.000,18.500,5.500,0.014,6.080,2.679,2.000,False,False,False,,,False
centre,92048,Meudon,commune,,46334,osm_townhall,2.239,48.813,5.042,9.655,48.000,50.000,52.000,4.000,82.000,15.695,6.050,14.000,27.500,13.500,0.035,14.809,3.186,1.000,False,False,False,,,False
centre,78190,Croissy-sur-Seine,commune,,11013,osm_townhall,2.148,48.881,5.055,15.264,52.000,54.000,57.000,5.000,100.000,16.800,5.616,15.000,46.000,31.000,0.080,23.835,3.214,1.000,False,False,False,,,False
centre,92050,Nanterre,commune,,97783,osm_townhall,2.207,48.892,5.575,11.372,49.000,51.000,54.000,5.000,89.000,15.410,6.559,16.000,31.500,15.500,0.040,11.337,3.310,1.000,False,False,False,,,False
centre,78146,Chatou,commune,,30598,osm_townhall,2.158,48.890,5.612,14.779,49.000,52.000,54.000,5.000,96.000,15.260,6.475,17.000,36.500,19.500,0.050,13.146,3.408,1.000,False,False,False,,,False
centre,92062,Puteaux,commune,,44002,osm_townhall,2.238,48.884,5.823,8.944,31.000,33.000,36.000,5.000,86.000,13.647,10.587,18.000,5.500,-12.500,-0.032,-29.514,2.418,0.000,False,False,False,,,False
centre,78350,Louveciennes,commune,,7990,osm_townhall,2.112,48.862,5.887,17.621,36.000,39.000,42.000,6.000,89.000,11.680,9.057,19.000,10.000,-9.000,-0.023,-17.154,3.339,1.000,False,False,False,,,False
centre,78646,Versailles,commune,,84095,osm_townhall,2.130,48.801,6.330,17.444,48.000,50.000,52.000,4.000,99.000,12.352,7.596,20.000,27.500,7.500,0.019,2.410,4.048,2.000,False,False,False,,,False
centre,92040,Issy-les-Moulineaux,commune,,67669,osm_townhall,2.274,48.825,6.660,6.780,50.000,52.000,55.000,5.000,99.000,16.043,7.684,21.000,36.500,15.500,0.040,3.826,3.241,2.000,False,False,False,,,False
centre,78640,Vélizy-Villacoublay,commune,,23011,osm_townhall,2.191,48.783,6.764,14.435,50.000,55.000,61.000,11.000,113.000,19.107,7.379,22.000,52.000,30.000,0.077,8.963,2.879,2.000,False,False,False,,,False
centre,78502,Le Port-Marly,commune,,5559,osm_townhall,2.112,48.878,6.806,17.847,49.000,52.000,54.000,5.000,108.000,17.093,7.853,23.000,36.500,13.500,0.035,2.703,3.042,0.000,False,False,False,,,False
centre,78650,Le Vésinet,commune,,15554,osm_townhall,2.135,48.895,6.878,16.524,53.000,56.000,58.000,5.000,,18.278,7.369,24.000,57.000,33.000,0.085,10.014,3.064,1.000,False,False,False,,,False
centre,75116,Paris 16e Arrondissement,district,75056,159386,osm_townhall,2.276,48.864,6.882,5.641,45.000,47.000,50.000,5.000,106.000,16.422,8.785,25.000,21.500,-3.500,-0.009,-7.690,2.862,2.000,False,False,False,,,False
centre,78124,Carrières-sur-Seine,commune,,14791,osm_townhall,2.176,48.906,7.005,14.048,56.000,59.000,64.000,8.000,,22.765,7.124,26.000,62.000,36.000,0.093,14.851,2.592,2.000,False,False,False,,,False
centre,78372,Marly-le-Roi,commune,,16756,osm_townhall,2.097,48.868,7.196,18.782,36.000,39.000,41.000,5.000,110.000,14.270,11.070,27.000,10.000,-17.000,-0.044,-25.099,2.733,0.000,False,False,False,,,False
centre,92023,Clamart,commune,,58576,osm_townhall,2.263,48.801,7.273,9.055,62.000,65.000,67.000,5.000,117.000,20.313,6.714,28.000,81.500,53.500,0.138,24.163,3.200,2.000,False,False,True,,,False
centre,92051,Neuilly-sur-Seine,commune,,59538,osm_townhall,2.270,48.885,7.566,6.847,43.000,45.000,48.000,5.000,116.000,16.748,10.088,29.000,17.000,-12.000,-0.031,-15.727,2.687,1.000,False,False,False,,,False
centre,92026,Courbevoie,commune,,82902,osm_townhall,2.256,48.895,7.620,8.334,41.000,43.000,46.000,5.000,113.000,15.498,10.632,30.000,14.000,-16.000,-0.041,-19.759,2.774,0.000,False,False,False,,,False
centre,78418,Montesson,commune,,14549,osm_townhall,2.150,48.909,7.754,15.964,61.000,63.000,67.000,6.000,,22.607,7.385,31.000,74.500,43.500,0.112,16.538,2.787,2.000,False,False,True,,,False
centre,92075,Vanves,commune,,28622,osm_townhall,2.289,48.821,7.865,6.048,57.000,59.000,62.000,5.000,116.000,18.437,7.998,32.000,62.000,30.000,0.077,8.364,3.200,2.000,False,False,False,,,False
centre,78043,Bailly,commune,,3731,osm_townhall,2.079,48.840,8.003,20.168,47.000,51.000,53.000,6.000,,12.590,9.415,33.000,31.500,-1.500,-0.004,-7.148,4.051,1.000,False,False,False,,,False
centre,75115,Paris 15e Arrondissement,district,75056,229713,osm_townhall,2.300,48.841,8.267,4.178,54.000,56.000,59.000,5.000,,21.285,8.857,34.000,57.000,23.000,0.059,0.309,2.631,2.000,False,False,False,,,False
centre,92035,La Garenne-Colombes,commune,,30197,osm_townhall,2.247,48.907,8.276,9.595,45.000,47.000,50.000,5.000,,18.032,10.565,35.000,21.500,-13.500,-0.035,-15.858,2.607,0.000,False,False,False,,,False
centre,78481,Le Pecq,commune,,16059,osm_townhall,2.106,48.897,8.462,18.627,58.000,60.000,62.000,4.000,,19.677,8.462,36.000,66.500,30.500,0.078,6.218,3.049,2.000,False,False,False,,,False
centre,92046,Malakoff,commune,,30557,osm_townhall,2.302,48.821,8.732,5.440,63.000,65.000,68.000,5.000,,19.307,8.060,37.000,81.500,44.500,0.114,13.275,3.367,2.000,False,False,False,,,False
centre,92060,Le Plessis-Robinson,commune,,28848,osm_townhall,2.262,48.782,8.751,10.587,75.000,78.000,81.000,6.000,,20.607,6.731,38.000,158.000,120.000,0.308,35.781,3.785,2.000,False,False,False,10.000,,False
centre,78311,Houilles,commune,,33983,osm_townhall,2.187,48.923,8.857,14.259,44.000,46.000,50.000,6.000,,26.035,11.553,39.000,18.500,-20.500,-0.053,-20.409,1.767,1.000,False,False,False,,,False
centre,78322,Jouy-en-Josas,commune,,7981,osm_townhall,2.168,48.765,8.875,16.930,57.000,60.000,64.000,7.000,,19.637,8.875,40.000,66.500,26.500,0.068,3.711,3.056,2.000,False,False,False,,,False
centre,92020,Châtillon,commune,,36705,osm_townhall,2.290,48.800,8.938,7.809,75.000,77.000,80.000,5.000,,22.750,6.965,41.000,151.000,110.000,0.283,32.621,3.385,4.000,True,False,False,,,False
centre,78117,Buc,commune,,5816,osm_townhall,2.126,48.774,8.958,18.993,66.000,71.000,75.000,9.000,,20.285,7.570,42.000,111.500,69.500,0.179,22.150,3.500,2.000,False,False,False,,,False
centre,78224,L'Étang-la-Ville,commune,,5157,osm_townhall,2.073,48.871,8.982,20.592,41.000,44.000,47.000,6.000,,20.655,12.248,43.000,15.500,-27.500,-0.071,-24.403,2.130,0.000,False,False,False,,,False
centre,78455,Noisy-le-Roi,commune,,7713,osm_townhall,2.064,48.844,9.047,21.184,45.000,49.000,52.000,7.000,,15.302,11.078,44.000,24.500,-19.500,-0.050,-16.116,3.202,1.000,False,False,False,,,False
centre,92044,Levallois-Perret,commune,,68092,osm_townhall,2.288,48.893,9.152,6.243,50.000,52.000,55.000,5.000,,19.363,10.559,45.000,36.500,-8.500,-0.022,-11.493,2.685,3.000,False,False,False,,,False
centre,78367,Mareil-Marly,commune,,4141,osm_townhall,2.077,48.882,9.189,20.411,51.000,54.000,56.000,5.000,,22.838,10.210,46.000,46.000,0.000,0.000,-8.279,2.364,1.000,False,False,False,,,False
centre,78551,Saint-Germain-en-Laye,commune,,45931,osm_townhall,2.094,48.899,9.244,19.556,51.000,54.000,58.000,7.000,,22.093,10.271,47.000,46.000,-1.000,-0.003,-8.553,2.444,1.000,False,False,False,,,False
centre,92032,Fontenay-aux-Roses,commune,,24070,osm_townhall,2.286,48.791,9.303,8.729,78.000,81.000,84.000,6.000,,24.612,6.891,48.000,177.500,129.500,0.333,36.737,3.291,3.000,False,False,False,9.000,,False
centre,78343,Les Loges-en-Josas,commune,,1645,osm_townhall,2.140,48.764,9.462,18.633,64.000,68.000,72.000,8.000,,24.517,8.349,49.000,91.500,42.500,0.109,13.813,2.774,2.000,False,False,False,,,False
centre,95063,Bezons,commune,,36434,osm_townhall,2.216,48.928,9.605,12.774,51.000,53.000,56.000,5.000,,20.950,10.873,50.000,41.500,-8.500,-0.022,-11.955,2.530,1.000,False,False,False,,,False
centre,92009,Bois-Colombes,commune,,28909,osm_townhall,2.268,48.914,9.818,8.947,48.000,51.000,53.000,5.000,,20.507,11.551,51.000,31.500,-19.500,-0.050,-16.208,2.487,0.000,False,False,False,,,False
centre,75107,Paris 7e Arrondissement,district,75056,48015,osm_townhall,2.320,48.857,9.860,2.354,52.000,55.000,58.000,6.000,,26.068,10.756,52.000,52.000,0.000,0.000,-9.827,2.110,2.000,False,False,False,,,False
centre,92007,Bagneux,commune,,44572,osm_townhall,2.304,48.799,9.873,7.293,70.000,73.000,77.000,7.000,,24.820,8.115,53.000,120.500,67.500,0.174,19.602,2.941,4.000,True,False,False,,,False
centre,92025,Colombes,commune,,91053,osm_townhall,2.254,48.923,10.053,10.285,52.000,55.000,58.000,6.000,,21.557,10.967,54.000,52.000,-2.000,-0.005,-10.703,2.551,2.000,False,False,False,,,False
centre,78545,Saint-Cyr-l'École,commune,,21268,osm_townhall,2.067,48.800,10.117,21.885,52.000,56.000,60.000,8.000,,16.862,10.840,55.000,57.000,2.000,0.005,-9.368,3.321,1.000,False,False,False,,,False
centre,92049,Montrouge,commune,,46324,osm_townhall,2.320,48.819,10.128,4.798,58.000,60.000,63.000,5.000,,21.013,10.128,56.000,66.500,10.500,0.027,-2.948,2.855,3.000,False,False,False,,,False
centre,91064,Bièvres,commune,,4686,osm_townhall,2.215,48.754,10.134,15.197,66.000,69.000,73.000,7.000,,20.472,8.812,57.000,99.000,42.000,0.108,11.577,3.371,2.000,False,False,False,,,False
centre,75108,Paris 8e Arrondissement,district,75056,35317,osm_townhall,2.317,48.877,10.227,3.478,47.000,49.000,51.000,4.000,,23.083,12.523,58.000,24.500,-33.500,-0.086,-21.128,2.123,0.000,False,False,False,,,False
centre,75114,Paris 14e Arrondissement,district,75056,136455,osm_townhall,2.327,48.833,10.282,3.201,56.000,59.000,62.000,6.000,,24.068,10.456,59.000,62.000,3.000,0.008,-5.283,2.451,2.000,False,False,False,,,False
centre,92071,Sceaux,commune,,20884,osm_townhall,2.289,48.779,10.298,9.783,78.000,81.000,83.000,5.000,,23.497,7.628,60.000,177.500,117.500,0.302,29.930,3.447,3.000,False,False,False,,,False
centre,92004,Asnières-sur-Seine,commune,,93941,osm_townhall,2.289,48.911,10.530,7.634,50.000,53.000,55.000,5.000,,19.133,11.921,61.000,41.500,-19.500,-0.050,-15.931,2.770,1.000,False,False,False,,,False
centre,78396,Le Mesnil-le-Roi,commune,,6332,osm_townhall,2.122,48.928,10.535,18.650,63.000,68.000,74.000,11.000,,25.628,9.295,62.000,91.500,29.500,0.076,7.839,2.653,2.000,False,False,False,,,False
centre,75106,Paris 6e Arrondissement,district,75056,40389,osm_townhall,2.332,48.851,10.638,1.616,52.000,54.000,57.000,5.000,,28.293,11.820,63.000,46.000,-17.000,-0.044,-14.782,1.909,3.000,False,False,False,,,False
centre,78518,Rennemoulin,commune,,116,osm_townhall,2.043,48.832,10.716,22.892,63.000,72.000,78.000,15.000,,16.337,8.930,64.000,115.500,51.500,0.132,13.207,4.407,2.000,False,False,False,,,False
centre,92019,Châtenay-Malabry,commune,,35825,osm_townhall,2.278,48.767,10.741,11.318,83.000,86.000,89.000,6.000,,21.992,7.494,65.000,206.500,141.500,0.364,35.062,3.911,3.000,False,False,False,6.000,,False
centre,92024,Clichy,commune,,64410,osm_townhall,2.305,48.903,10.832,6.231,53.000,55.000,58.000,5.000,,20.283,11.817,66.000,52.000,-14.000,-0.036,-13.989,2.712,2.000,False,False,False,,,False
centre,75117,Paris 17e Arrondissement,district,75056,159212,osm_townhall,2.322,48.885,10.861,3.841,48.000,50.000,52.000,4.000,,24.742,13.033,67.000,27.500,-39.500,-0.102,-21.910,2.021,2.000,False,False,False,,,False
centre,78242,Fontenay-le-Fleury,commune,,13680,osm_townhall,2.046,48.811,11.043,23.085,63.000,67.000,71.000,8.000,,18.693,9.889,68.000,88.000,20.000,0.051,3.769,3.584,2.000,False,False,False,,,False
centre,78586,Sartrouville,commune,,52763,osm_townhall,2.158,48.941,11.059,17.067,48.000,50.000,53.000,5.000,,28.415,13.270,69.000,27.500,-41.500,-0.107,-22.616,1.760,1.000,False,False,False,,,False
centre,75105,Paris 5e Arrondissement,district,75056,55252,osm_townhall,2.344,48.846,11.501,1.300,50.000,53.000,56.000,6.000,,29.603,13.020,70.000,41.500,-28.500,-0.073,-19.573,1.790,2.000,False,False,False,,,False
centre,91312,Igny,commune,,10833,osm_townhall,2.226,48.742,11.611,15.734,73.000,77.000,81.000,8.000,,21.900,9.048,71.000,151.000,80.000,0.206,16.290,3.516,2.000,False,False,False,,,False
centre,94003,Arcueil,commune,,22200,osm_townhall,2.335,48.804,11.647,5.922,62.000,64.000,67.000,5.000,,26.632,10.919,72.000,78.000,6.000,0.015,-3.493,2.403,2.000,False,False,False,,,False
centre,75109,Paris 9e Arrondissement,district,75056,57271,osm_townhall,2.341,48.872,11.719,1.968,45.000,47.000,50.000,5.000,,28.158,14.961,73.000,21.500,-51.500,-0.132,-29.348,1.669,2.000,False,False,False,,,False
centre,78297,Guyancourt,commune,,29778,osm_townhall,2.070,48.771,11.822,22.801,70.000,72.000,76.000,6.000,,18.747,9.852,74.000,115.500,41.500,0.107,7.758,3.841,3.000,False,False,False,,,False
centre,78358,Maisons-Laffitte,commune,,23093,osm_townhall,2.145,48.946,11.833,18.204,45.000,47.000,50.000,5.000,,31.485,15.106,75.000,21.500,-53.500,-0.138,-29.689,1.493,1.000,False,False,False,,,False
centre,92014,Bourg-la-Reine,commune,,21019,osm_townhall,2.316,48.779,11.840,9.025,65.000,68.000,71.000,6.000,,25.555,10.447,76.000,91.500,15.500,0.040,1.696,2.661,2.000,False,False,False,,,False
centre,92036,Gennevilliers,commune,,50979,osm_townhall,2.293,48.926,11.973,8.827,63.000,66.000,68.000,5.000,,20.990,10.884,77.000,84.500,7.500,0.019,-1.847,3.144,3.000,False,False,False,,,False
centre,94016,Cachan,commune,,31103,osm_townhall,2.334,48.795,12.046,7.005,66.000,69.000,73.000,7.000,,27.135,10.475,78.000,99.000,21.000,0.054,2.300,2.543,3.000,False,False,False,,,False
centre,78620,Toussus-le-Noble,commune,,1172,osm_townhall,2.114,48.746,12.127,21.380,75.000,79.000,85.000,10.000,,24.867,9.211,79.000,165.000,86.000,0.221,16.732,3.177,2.000,False,False,False,,,False
centre,94037,Gentilly,commune,,19963,osm_townhall,2.348,48.816,12.160,4.558,62.000,64.000,67.000,5.000,,23.860,11.400,80.000,78.000,-2.000,-0.005,-5.562,2.682,2.000,False,False,False,,,False
centre,91635,Vauhallan,commune,,1945,osm_townhall,2.207,48.734,12.250,17.275,91.000,96.000,101.000,10.000,,23.370,7.656,81.000,274.500,193.500,0.497,41.134,4.108,3.000,False,False,False,2.000,,False
centre,91645,Verrières-le-Buisson,commune,,15057,osm_townhall,2.267,48.746,12.297,13.741,87.000,90.000,94.000,7.000,,24.783,8.198,82.000,235.000,153.000,0.393,32.060,3.631,3.000,False,False,False,4.000,,False
centre,78571,Saint-Nom-la-Bretèche,commune,,4965,osm_townhall,2.021,48.860,12.345,24.303,70.000,76.000,81.000,11.000,,18.480,9.746,83.000,143.000,60.000,0.154,11.299,4.113,2.000,False,False,False,,,False
centre,75113,Paris 13e Arrondissement,district,75056,181271,osm_townhall,2.356,48.833,12.378,2.656,59.000,61.000,64.000,5.000,,29.978,12.176,84.000,70.000,-14.000,-0.036,-10.789,2.035,2.000,False,False,False,,,False
centre,78073,Bois-d'Arcy,commune,,16586,osm_townhall,2.031,48.801,12.425,24.378,66.000,70.000,75.000,9.000,,14.992,10.650,85.000,107.000,22.000,0.057,2.180,4.669,2.000,False,False,False,,,False
centre,95018,Argenteuil,commune,,106130,osm_townhall,2.249,48.948,12.434,12.695,66.000,69.000,72.000,6.000,,25.648,10.812,86.000,99.000,13.000,0.033,0.685,2.690,2.000,False,False,False,,,False
centre,91534,Saclay,commune,,4437,osm_townhall,2.172,48.731,12.566,19.220,82.000,87.000,92.000,10.000,,24.502,8.666,87.000,216.500,129.500,0.333,26.278,3.551,3.000,False,False,False,8.000,,False
centre,75118,Paris 18e Arrondissement,district,75056,183127,osm_townhall,2.344,48.892,12.701,4.013,51.000,54.000,56.000,5.000,,27.553,14.112,88.000,46.000,-42.000,-0.108,-22.039,1.960,2.000,False,False,False,,,False
centre,92002,Antony,commune,,64263,osm_townhall,2.296,48.754,12.752,12.157,73.000,76.000,79.000,6.000,,25.383,10.067,89.000,143.000,54.000,0.139,9.503,2.994,2.000,False,False,False,,,False
centre,75110,Paris 10e Arrondissement,district,75056,83873,osm_townhall,2.358,48.872,12.865,1.758,50.000,52.000,55.000,5.000,,32.170,14.845,90.000,36.500,-53.500,-0.138,-25.411,1.616,2.000,False,False,False,,,False
centre,78133,Chambourcy,commune,,5847,osm_townhall,2.040,48.906,12.884,23.586,72.000,74.000,77.000,5.000,,21.618,10.446,91.000,126.500,35.500,0.091,6.070,3.423,2.000,False,False,False,,,False
centre,94043,Le Kremlin-Bicêtre,commune,,24110,osm_townhall,2.357,48.812,12.893,4.912,66.000,68.000,70.000,4.000,,24.890,11.377,92.000,91.500,-0.500,-0.001,-2.567,2.732,2.000,False,False,False,,,False
centre,75100,Paris Centre,district,75056,94472,osm_townhall,2.362,48.864,12.970,1.076,53.000,55.000,58.000,5.000,,31.592,14.149,93.000,52.000,-41.000,-0.105,-21.427,1.741,2.000,False,False,False,,,False
centre,94038,L'Haÿ-les-Roses,commune,,31188,osm_townhall,2.337,48.779,13.113,8.648,79.000,82.000,84.000,5.000,,28.137,9.595,94.000,185.000,91.000,0.234,16.502,2.914,2.000,False,False,False,,,False
centre,93070,Saint-Ouen-sur-Seine,commune,,53615,osm_townhall,2.334,48.912,13.159,6.288,50.000,53.000,56.000,6.000,,23.693,14.897,95.000,41.500,-53.500,-0.138,-24.832,2.237,3.000,False,False,False,,,False
centre,78674,Villepreux,commune,,11931,osm_townhall,2.005,48.830,13.485,25.660,68.000,78.000,85.000,17.000,,21.537,10.373,96.000,158.000,62.000,0.159,9.271,3.622,2.000,False,False,False,,,False
centre,78423,Montigny-le-Bretonneux,commune,,32465,osm_townhall,2.038,48.770,13.759,25.063,72.000,75.000,79.000,7.000,,19.892,11.008,97.000,134.500,37.500,0.096,4.011,3.770,2.000,False,False,False,,,False
centre,78688,Voisins-le-Bretonneux,commune,,10624,osm_townhall,2.051,48.759,13.761,24.644,77.000,80.000,84.000,7.000,,21.178,10.321,98.000,171.000,73.000,0.188,10.938,3.777,3.000,False,False,False,,,False
centre,78143,Châteaufort,commune,,1564,osm_townhall,2.092,48.737,13.762,23.281,77.000,81.000,87.000,10.000,,25.433,10.194,99.000,177.500,78.500,0.202,12.322,3.185,2.000,False,False,False,,,False
centre,91679,Villiers-le-Bâcle,commune,,1031,osm_townhall,2.125,48.726,13.899,22.137,89.000,94.000,99.000,10.000,,26.008,8.872,100.000,264.500,164.500,0.423,29.703,3.614,2.000,False,False,False,3.000,,False
centre,94034,Fresnes,commune,,29528,osm_townhall,2.322,48.755,13.931,11.487,83.000,85.000,89.000,6.000,,24.158,9.834,101.000,198.500,97.500,0.251,17.147,3.518,3.000,False,False,False,,,False
centre,91377,Massy,commune,,51729,osm_townhall,2.271,48.731,13.948,15.172,83.000,85.000,89.000,6.000,,28.305,9.845,102.000,198.500,96.500,0.248,17.077,3.003,2.000,False,False,False,,,False
centre,78007,Aigremont,commune,,1075,osm_townhall,2.018,48.902,14.061,25.062,90.000,92.000,95.000,5.000,,20.772,9.170,103.000,254.000,151.000,0.388,26.206,4.429,2.000,False,False,False,5.000,,False
centre,94076,Villejuif,commune,,60183,osm_townhall,2.364,48.792,14.134,7.217,74.000,77.000,79.000,5.000,,30.195,11.014,104.000,151.000,47.000,0.121,5.354,2.550,2.000,False,False,False,,,False
centre,78498,Poissy,commune,,40983,osm_townhall,2.043,48.927,14.145,24.051,65.000,69.000,72.000,7.000,,24.797,12.300,105.000,99.000,-6.000,-0.015,-5.629,2.783,2.000,False,False,False,,,False
centre,75111,Paris 11e Arrondissement,district,75056,138170,osm_townhall,2.379,48.859,14.159,1.984,53.000,55.000,58.000,5.000,,35.922,15.446,106.000,52.000,-54.000,-0.139,-24.814,1.531,2.000,False,False,False,,,False
centre,94021,Chevilly-Larue,commune,,19826,osm_townhall,2.347,48.771,14.200,9.468,73.000,75.000,78.000,5.000,,28.730,11.360,107.000,134.500,27.500,0.071,2.376,2.611,2.000,False,False,False,,,False
centre,95257,La Frette-sur-Seine,commune,,4570,osm_townhall,2.179,48.974,14.520,18.262,81.000,84.000,87.000,6.000,,30.283,10.371,108.000,192.500,84.500,0.217,13.389,2.774,2.000,False,False,False,,,False
centre,75112,Paris 12e Arrondissement,district,75056,138024,osm_townhall,2.387,48.834,14.657,3.520,52.000,55.000,57.000,5.000,,31.977,15.990,109.000,52.000,-57.000,-0.147,-26.109,1.720,2.000,False,False,False,,,False
centre,91538,Saint-Aubin,commune,,661,osm_townhall,2.140,48.715,14.682,22.128,87.000,91.000,96.000,9.000,,26.053,9.681,110.000,245.000,135.000,0.347,22.151,3.493,4.000,True,False,False,7.000,,False
centre,95176,Cormeilles-en-Parisis,commune,,27292,osm_townhall,2.200,48.976,14.755,17.390,78.000,80.000,84.000,6.000,,29.807,11.066,111.000,171.000,60.000,0.154,7.120,2.684,3.000,False,False,False,,,False
centre,92078,Villeneuve-la-Garenne,commune,,26021,osm_townhall,2.333,48.936,14.811,8.959,64.000,67.000,69.000,5.000,,23.535,13.264,112.000,88.000,-24.000,-0.062,-10.457,2.847,3.000,False,False,False,,,False
centre,78152,Chavenay,commune,,1723,osm_townhall,1.986,48.854,14.821,26.866,134.000,156.000,179.000,45.000,,21.153,5.700,113.000,388.500,275.500,0.708,108.415,7.375,3.000,False,False,False,1.000,,False
centre,75119,Paris 19e Arrondissement,district,75056,178691,osm_townhall,2.382,48.883,14.907,3.663,55.000,57.000,60.000,5.000,,34.920,15.692,114.000,59.500,-54.500,-0.140,-24.069,1.632,2.000,False,False,False,,,False
centre,91477,Palaiseau,commune,,37471,osm_townhall,2.246,48.715,14.968,17.615,81.000,85.000,90.000,9.000,,25.587,10.566,115.000,198.500,83.500,0.215,12.998,3.322,3.000,False,False,False,,,False
centre,78165,Les Clayes-sous-Bois,commune,,16804,osm_townhall,1.987,48.821,14.975,27.143,71.000,76.000,82.000,11.000,,23.078,11.822,116.000,143.000,27.000,0.069,1.012,3.293,2.000,False,False,False,,,False
centre,94041,Ivry-sur-Seine,commune,,65064,osm_townhall,2.388,48.812,15.082,5.567,65.000,69.000,73.000,8.000,,30.155,13.115,117.000,99.000,-18.000,-0.046,-8.621,2.288,3.000,False,False,False,,,False
centre,95582,Sannois,commune,,26924,osm_townhall,2.256,48.972,15.115,14.631,66.000,69.000,71.000,5.000,,29.387,13.143,118.000,99.000,-19.000,-0.049,-8.720,2.348,2.000,False,False,False,,,False
centre,93031,Épinay-sur-Seine,commune,,52833,osm_townhall,2.313,48.952,15.136,10.964,68.000,71.000,74.000,6.000,,28.025,12.791,119.000,111.500,-7.500,-0.019,-6.139,2.533,2.000,False,False,False,,,False
centre,93039,L'Île-Saint-Denis,commune,,8696,osm_townhall,2.341,48.936,15.178,8.852,60.000,62.000,65.000,5.000,,24.557,14.688,120.000,72.000,-48.000,-0.123,-18.151,2.525,2.000,False,False,False,,,False
centre,78356,Magny-les-Hameaux,commune,,9386,osm_townhall,2.084,48.724,15.322,24.615,92.000,96.000,101.000,9.000,,29.772,9.576,121.000,274.500,153.500,0.395,26.132,3.225,2.000,False,False,False,,,False
centre,78005,Achères,commune,,22241,osm_townhall,2.070,48.961,15.637,23.746,67.000,70.000,74.000,7.000,,31.957,13.403,122.000,107.000,-15.000,-0.039,-8.964,2.190,2.000,False,False,False,,,False
centre,75120,Paris 20e Arrondissement,district,75056,185140,osm_townhall,2.399,48.865,15.721,3.583,57.000,60.000,62.000,5.000,,38.785,15.721,123.000,66.500,-56.500,-0.145,-22.179,1.547,2.000,False,False,False,,,False
centre,78621,Trappes,commune,,34689,osm_townhall,1.999,48.776,15.742,27.430,65.000,69.000,72.000,7.000,,19.472,13.689,124.000,99.000,-25.000,-0.064,-10.566,3.544,1.000,False,False,False,,,False
centre,95555,Saint-Gratien,commune,,21336,osm_townhall,2.283,48.971,15.780,13.687,71.000,74.000,76.000,5.000,,28.155,12.795,125.000,126.500,1.500,0.004,-4.201,2.628,2.000,False,False,False,,,False
centre,94065,Rungis,commune,,5611,osm_townhall,2.347,48.748,15.790,12.003,83.000,86.000,90.000,7.000,,28.302,11.016,126.000,206.500,80.500,0.207,11.298,3.039,3.000,False,False,False,,,False
centre,78123,Carrières-sous-Poissy,commune,,20825,osm_townhall,2.034,48.944,15.844,25.280,70.000,74.000,78.000,8.000,,28.438,12.847,127.000,126.500,-0.500,-0.001,-4.396,2.602,2.000,False,False,False,,,False
centre,94081,Vitry-sur-Seine,commune,,93963,osm_townhall,2.388,48.789,15.960,7.992,83.000,86.000,89.000,6.000,,30.692,11.135,128.000,206.500,78.500,0.202,10.702,2.802,3.000,False,False,False,,,False
centre,95424,Montigny-lès-Cormeilles,commune,,22457,osm_townhall,2.188,48.988,16.021,18.941,86.000,89.000,93.000,7.000,,33.257,10.800,129.000,228.500,99.500,0.256,14.346,2.676,2.000,False,False,False,,,False
centre,91471,Orsay,commune,,16498,osm_townhall,2.188,48.699,16.036,21.260,83.000,87.000,92.000,9.000,,26.002,11.059,130.000,216.500,86.500,0.222,11.724,3.346,4.000,True,False,False,,,False
centre,78233,Feucherolles,commune,,3043,osm_townhall,1.974,48.874,16.068,27.854,86.000,97.000,105.000,19.000,,22.475,9.939,131.000,279.500,148.500,0.382,24.441,4.316,3.000,False,False,False,,,False
centre,91689,Wissous,commune,,7151,osm_townhall,2.327,48.732,16.075,13.963,90.000,92.000,95.000,5.000,,30.148,10.483,132.000,254.000,122.000,0.314,18.001,3.052,3.000,False,False,False,,,False
centre,95252,Franconville,commune,,37754,osm_townhall,2.230,48.986,16.159,16.994,79.000,82.000,85.000,6.000,,30.560,11.823,133.000,185.000,52.000,0.134,4.899,2.683,3.000,False,False,False,,,False
centre,91661,Villebon-sur-Yvette,commune,,10291,osm_townhall,2.228,48.700,16.196,19.630,95.000,100.000,104.000,9.000,,31.005,9.718,134.000,299.000,165.000,0.424,27.777,3.225,3.000,False,False,False,,,False
centre,93066,Saint-Denis,commune,,149077,osm_townhall,2.358,48.936,16.208,8.882,60.000,63.000,66.000,6.000,,29.237,15.436,135.000,74.500,-60.500,-0.156,-19.530,2.155,2.000,False,False,False,,,False
centre,91272,Gif-sur-Yvette,commune,,22544,osm_townhall,2.134,48.702,16.243,23.502,98.000,102.000,105.000,7.000,,31.633,9.555,136.000,306.500,170.500,0.438,30.145,3.224,3.000,False,False,False,,,False
centre,93001,Aubervilliers,commune,,88365,osm_townhall,2.382,48.915,16.279,6.820,63.000,66.000,68.000,5.000,,28.973,14.799,137.000,84.500,-52.500,-0.135,-15.882,2.278,2.000,False,False,False,,,False
centre,91136,Champlan,commune,,2615,osm_townhall,2.274,48.708,16.302,17.444,90.000,94.000,98.000,8.000,,29.698,10.406,138.000,264.500,126.500,0.325,19.718,3.165,3.000,False,False,False,,,False
centre,95306,Herblay-sur-Seine,commune,,31779,osm_townhall,2.165,48.990,16.362,20.217,75.000,78.000,83.000,8.000,,34.025,12.586,139.000,158.000,19.000,0.049,-0.844,2.292,2.000,False,False,False,,,False
centre,93061,Le Pré-Saint-Gervais,commune,,16993,osm_townhall,2.403,48.883,16.380,4.727,68.000,70.000,73.000,5.000,,34.068,14.040,140.000,107.000,-33.000,-0.085,-11.061,2.055,2.000,False,False,False,,,False
centre,91122,Bures-sur-Yvette,commune,,9548,osm_townhall,2.164,48.697,16.392,22.501,88.000,92.000,95.000,7.000,,29.415,10.690,141.000,254.000,113.000,0.290,16.848,3.128,3.000,False,False,False,,,False
centre,78406,Milon-la-Chapelle,commune,,295,osm_townhall,2.049,48.726,16.532,26.563,112.000,119.000,127.000,15.000,,29.602,8.336,142.000,360.000,218.000,0.560,50.495,4.020,2.000,False,False,False,,,False
centre,95210,Enghien-les-Bains,commune,,11432,osm_townhall,2.307,48.970,16.546,13.050,66.000,69.000,73.000,7.000,,30.910,14.388,143.000,99.000,-44.000,-0.113,-12.775,2.232,2.000,False,False,False,,,False
centre,93055,Pantin,commune,,61929,osm_townhall,2.401,48.897,16.749,5.754,48.000,51.000,55.000,7.000,,33.383,19.705,144.000,31.500,-112.500,-0.289,-35.924,1.528,1.000,False,False,False,,,False
centre,94018,Charenton-le-Pont,commune,,28830,osm_townhall,2.416,48.820,16.976,6.201,67.000,69.000,72.000,5.000,,34.643,14.762,145.000,99.000,-46.000,-0.118,-13.892,1.992,3.000,False,False,False,,,False
centre,94067,Saint-Mandé,commune,,21071,osm_townhall,2.419,48.843,16.984,5.105,58.000,60.000,63.000,5.000,,34.918,16.984,146.000,66.500,-79.500,-0.204,-25.141,1.718,2.000,False,False,False,,,False
centre,93006,Bagnolet,commune,,43086,osm_townhall,2.417,48.869,17.026,4.903,67.000,70.000,72.000,5.000,,37.172,14.593,147.000,107.000,-40.000,-0.103,-12.772,1.883,2.000,False,False,False,,,False
centre,93045,Les Lilas,commune,,23843,osm_townhall,2.416,48.879,17.206,5.305,61.000,64.000,66.000,5.000,,36.345,16.131,148.000,78.000,-70.000,-0.180,-20.670,1.761,3.000,False,False,False,,,False
centre,95219,Ermont,commune,,29489,osm_townhall,2.259,48.992,17.299,16.559,75.000,79.000,83.000,8.000,,31.385,13.139,149.000,165.000,16.000,0.041,-2.341,2.517,2.000,False,False,False,,,False
centre,94073,Thiais,commune,,32918,osm_townhall,2.391,48.764,17.356,10.640,83.000,86.000,89.000,6.000,,30.297,12.109,150.000,206.500,56.500,0.145,6.138,2.839,3.000,False,False,False,,,False
centre,93079,Villetaneuse,commune,,12530,osm_townhall,2.344,48.961,17.388,11.671,66.000,69.000,72.000,6.000,,30.485,15.120,151.000,99.000,-52.000,-0.134,-14.923,2.263,3.000,False,False,False,,,False
centre,93027,La Courneuve,commune,,47167,osm_townhall,2.390,48.927,17.453,8.277,61.000,64.000,66.000,5.000,,28.608,16.362,152.000,78.000,-74.000,-0.190,-21.234,2.237,2.000,False,False,False,,,False
centre,78575,Saint-Rémy-lès-Chevreuse,commune,,7747,osm_townhall,2.073,48.706,17.482,26.509,93.000,97.000,101.000,8.000,,33.285,10.814,153.000,279.500,126.500,0.325,19.278,2.914,2.000,False,False,False,,,False
centre,78672,Villennes-sur-Seine,commune,,5952,osm_townhall,1.999,48.940,17.538,27.547,63.000,71.000,79.000,16.000,,23.332,14.821,154.000,111.500,-42.500,-0.109,-12.834,3.043,2.000,False,False,False,,,False
centre,78561,Saint-Lambert,commune,,447,osm_townhall,2.020,48.731,17.550,28.121,,,,,,26.625,,,,,,,,,False,False,False,,,False
centre,94002,Alfortville,commune,,45531,osm_townhall,2.420,48.805,17.595,7.545,59.000,62.000,65.000,6.000,,35.695,17.028,155.000,72.000,-83.000,-0.213,-24.007,1.737,2.000,False,False,False,,,False
centre,78466,Orgeval,commune,,7252,osm_townhall,1.975,48.918,17.694,28.543,85.000,90.000,100.000,15.000,,23.500,11.796,156.000,235.000,79.000,0.203,10.001,3.830,2.000,False,False,False,,,False
centre,95203,Eaubonne,commune,,26211,osm_townhall,2.280,48.991,17.742,15.908,71.000,75.000,79.000,8.000,,32.232,14.194,157.000,134.500,-22.500,-0.058,-8.457,2.327,3.000,False,False,False,,,False
centre,94069,Saint-Maurice,commune,,14506,osm_townhall,2.427,48.818,17.760,6.903,76.000,78.000,81.000,5.000,,32.417,13.662,158.000,158.000,0.000,0.000,-4.843,2.406,3.000,False,False,False,,,False
centre,91587,Saulx-les-Chartreux,commune,,6733,osm_townhall,2.264,48.691,17.831,19.461,106.000,111.000,116.000,10.000,,31.380,9.638,159.000,335.000,176.000,0.452,35.146,3.537,3.000,False,False,False,,,False
centre,95491,Le Plessis-Bouchard,commune,,8518,osm_townhall,2.235,49.001,17.871,18.264,80.000,83.000,86.000,6.000,,32.643,12.919,160.000,188.500,28.500,0.073,0.940,2.543,3.000,False,False,False,,,False
centre,95197,Deuil-la-Barre,commune,,23099,osm_townhall,2.328,48.975,17.909,13.331,73.000,76.000,80.000,7.000,,35.085,14.138,161.000,143.000,-18.000,-0.046,-7.670,2.166,2.000,False,False,False,,,False
centre,78490,Plaisir,commune,,31811,osm_townhall,1.947,48.817,17.921,30.090,77.000,83.000,90.000,13.000,,22.503,12.955,162.000,188.500,26.500,0.068,0.799,3.688,2.000,False,False,False,,,False
centre,95598,Soisy-sous-Montmorency,commune,,18008,osm_townhall,2.300,48.987,17.986,15.060,74.000,77.000,81.000,7.000,,31.128,14.015,163.000,151.000,-12.000,-0.031,-6.657,2.474,3.000,False,False,False,,,False
centre,78015,Andrésy,commune,,13834,osm_townhall,2.061,48.982,18.024,25.565,72.000,77.000,84.000,12.000,,34.375,14.044,164.000,151.000,-13.000,-0.033,-6.755,2.240,3.000,False,False,False,,,False
centre,78196,Davron,commune,,295,osm_townhall,1.944,48.865,18.034,29.976,,,,,,25.692,,,,,,,,,False,False,False,,,False
centre,78172,Conflans-Sainte-Honorine,commune,,36958,osm_townhall,2.095,48.994,18.062,24.313,70.000,75.000,80.000,10.000,,34.840,14.450,165.000,134.500,-30.500,-0.078,-9.275,2.153,2.000,False,False,False,,,False
centre,91692,Les Ulis,commune,,25886,osm_townhall,2.170,48.681,18.069,23.622,85.000,92.000,100.000,15.000,,30.023,11.784,166.000,254.000,88.000,0.226,11.270,3.064,3.000,False,False,False,,,False
centre,91161,Chilly-Mazarin,commune,,20443,osm_townhall,2.313,48.703,18.168,17.360,101.000,103.000,106.000,5.000,,30.662,10.583,167.000,311.000,144.000,0.370,24.232,3.359,4.000,True,False,False,,,False
centre,91666,Villejust,commune,,2558,osm_townhall,2.237,48.682,18.279,21.142,93.000,99.000,104.000,11.000,,32.448,11.078,168.000,291.000,123.000,0.316,19.041,3.051,3.000,False,False,False,,,False
centre,91345,Longjumeau,commune,,21996,osm_townhall,2.296,48.694,18.405,18.505,94.000,97.000,101.000,7.000,,30.388,11.385,169.000,279.500,110.500,0.284,16.235,3.192,4.000,True,False,False,,,False
centre,78160,Chevreuse,commune,,5502,osm_townhall,2.044,48.707,18.445,28.061,90.000,97.000,108.000,18.000,,33.698,11.410,170.000,279.500,109.500,0.281,16.107,2.878,2.000,False,False,False,,,False
centre,94046,Maisons-Alfort,commune,,56799,osm_townhall,2.431,48.801,18.450,8.416,57.000,60.000,64.000,7.000,,36.240,18.450,171.000,66.500,-104.500,-0.269,-28.190,1.656,2.000,False,False,False,,,False
centre,94080,Vincennes,commune,,48193,osm_townhall,2.440,48.848,18.503,6.477,55.000,57.000,60.000,5.000,,37.250,19.477,172.000,59.500,-112.500,-0.289,-31.878,1.530,1.000,False,False,False,,,False
centre,78384,Médan,commune,,1289,osm_townhall,1.996,48.953,18.584,28.246,81.000,88.000,94.000,13.000,,26.288,12.671,173.000,224.000,51.000,0.131,4.940,3.347,2.000,False,False,False,,,False
centre,94022,Choisy-le-Roi,commune,,45946,osm_townhall,2.410,48.762,18.625,11.258,72.000,75.000,78.000,6.000,,30.932,14.900,174.000,134.500,-39.500,-0.102,-10.661,2.425,3.000,False,False,False,,,False
centre,95427,Montmagny,commune,,15105,osm_townhall,2.346,48.975,18.656,13.198,71.000,75.000,79.000,8.000,,32.952,14.925,175.000,134.500,-40.500,-0.104,-10.738,2.276,2.000,False,False,False,,,False
centre,91432,Morangis,commune,,14129,osm_townhall,2.332,48.706,18.670,16.842,101.000,105.000,108.000,7.000,,31.550,10.669,176.000,316.000,140.000,0.360,24.921,3.328,4.000,True,False,False,,,False
centre,93048,Montreuil,commune,,111934,osm_townhall,2.441,48.862,18.701,6.526,59.000,62.000,64.000,5.000,,40.625,18.098,177.000,72.000,-105.000,-0.270,-26.298,1.526,2.000,False,False,False,,,False
centre,95051,Beauchamp,commune,,9849,osm_townhall,2.200,49.012,18.702,20.563,79.000,81.000,84.000,5.000,,34.393,13.853,178.000,177.500,-0.500,-0.001,-3.714,2.355,2.000,False,False,False,,,False
centre,91275,Gometz-le-Châtel,commune,,2630,osm_townhall,2.138,48.678,18.730,25.307,115.000,123.000,132.000,17.000,,33.827,9.137,179.000,369.000,190.000,0.488,46.100,3.636,4.000,True,False,False,,,False
centre,93063,Romainville,commune,,37152,osm_townhall,2.435,48.885,18.733,6.864,70.000,73.000,75.000,5.000,,38.862,15.397,180.000,120.500,-59.500,-0.153,-13.298,1.878,3.000,False,False,False,,,False
centre,78138,Chanteloup-les-Vignes,commune,,10861,osm_townhall,2.030,48.978,18.929,27.242,83.000,86.000,91.000,8.000,,31.163,13.206,181.000,206.500,25.500,0.066,1.611,2.760,3.000,False,False,False,,,False
centre,95574,Saint-Prix,commune,,7612,osm_townhall,2.262,49.007,18.935,17.955,86.000,91.000,96.000,10.000,,34.175,12.485,182.000,245.000,63.000,0.162,7.502,2.663,3.000,False,False,False,,,False
centre,95428,Montmorency,commune,,21763,osm_townhall,2.321,48.989,18.935,14.985,83.000,87.000,91.000,8.000,,36.150,13.059,183.000,216.500,33.500,0.086,2.776,2.407,3.000,False,False,False,,,False
centre,93072,Stains,commune,,41388,osm_townhall,2.383,48.955,18.943,11.236,73.000,76.000,80.000,7.000,,32.557,14.955,184.000,143.000,-41.000,-0.105,-10.238,2.334,4.000,True,False,False,,,False
centre,95369,Margency,commune,,3012,osm_townhall,2.287,49.001,18.997,16.798,84.000,87.000,91.000,7.000,,34.428,13.101,185.000,216.500,31.500,0.081,2.608,2.527,3.000,False,False,False,,,False
centre,94054,Orly,commune,,24658,osm_townhall,2.401,48.743,19.217,13.083,79.000,82.000,85.000,6.000,,33.128,14.061,186.000,185.000,-1.000,-0.003,-3.846,2.475,3.000,False,False,False,,,False
centre,78382,Maurecourt,commune,,4454,osm_townhall,2.063,48.997,19.320,26.334,75.000,79.000,82.000,7.000,,36.447,14.673,187.000,165.000,-22.000,-0.057,-7.612,2.168,2.000,False,False,False,,,False
centre,91560,Saint-Jean-de-Beauregard,commune,,471,osm_townhall,2.168,48.670,19.402,24.824,106.000,111.000,117.000,11.000,,31.382,10.487,188.000,335.000,147.000,0.378,29.535,3.537,4.000,True,False,False,,,False
centre,78644,La Verrière,commune,,5994,osm_townhall,1.958,48.758,19.409,31.003,71.000,75.000,79.000,8.000,,24.775,15.527,189.000,134.500,-54.500,-0.140,-12.493,3.027,2.000,False,False,False,,,False
centre,78208,Élancourt,commune,,26365,osm_townhall,1.949,48.768,19.418,31.200,72.000,76.000,80.000,8.000,,23.917,15.330,190.000,143.000,-47.000,-0.121,-11.347,3.178,2.000,False,False,False,,,False
centre,91479,Paray-Vieille-Poste,commune,,8202,osm_townhall,2.364,48.713,19.466,15.997,96.000,99.000,102.000,6.000,,32.638,11.797,191.000,291.000,100.000,0.257,15.340,3.033,3.000,False,False,False,,,False
centre,91274,Gometz-la-Ville,commune,,1536,osm_townhall,2.125,48.672,19.652,26.476,113.000,123.000,133.000,20.000,,33.888,9.587,192.000,369.000,177.000,0.455,42.616,3.630,4.000,True,False,False,,,False
centre,95288,Groslay,commune,,8453,osm_townhall,2.346,48.987,19.712,14.521,76.000,79.000,84.000,8.000,,36.860,14.971,193.000,165.000,-28.000,-0.072,-8.539,2.143,3.000,False,False,False,,,False
centre,95426,Montlignon,commune,,3038,osm_townhall,2.285,49.009,19.712,17.652,92.000,96.000,101.000,9.000,,36.110,12.320,194.000,274.500,80.500,0.207,11.141,2.659,3.000,False,False,False,,,False
centre,95014,Andilly,commune,,2742,osm_townhall,2.301,49.005,19.812,17.003,84.000,88.000,93.000,9.000,,36.882,13.509,195.000,224.000,29.000,0.075,1.619,2.386,3.000,False,False,False,,,False
centre,78189,Crespières,commune,,1719,osm_townhall,1.924,48.882,19.819,31.570,,,,,,26.658,,,,,,,,,False,False,False,,,False
centre,78615,Thiverval-Grignon,commune,,1023,osm_townhall,1.918,48.850,19.827,31.912,90.000,112.000,145.000,55.000,,27.663,10.621,196.000,340.000,144.000,0.370,29.287,4.049,3.000,False,False,False,,,False
centre,95563,Saint-Leu-la-Forêt,commune,,16138,osm_townhall,2.244,49.019,19.943,19.756,82.000,87.000,93.000,11.000,,34.685,13.754,197.000,216.500,19.500,0.050,0.134,2.508,3.000,False,False,False,,,False
centre,78383,Maurepas,commune,,20629,osm_townhall,1.945,48.762,19.970,31.683,68.000,71.000,75.000,7.000,,23.792,16.876,198.000,111.500,-86.500,-0.222,-18.337,2.984,2.000,False,False,False,,,False
centre,93053,Noisy-le-Sec,commune,,45510,osm_townhall,2.452,48.890,20.054,8.191,62.000,66.000,70.000,8.000,,35.708,18.231,199.000,84.500,-114.500,-0.294,-24.249,1.848,1.000,False,False,False,,,False
centre,91044,Ballainvilliers,commune,,4904,osm_townhall,2.290,48.676,20.079,20.562,103.000,108.000,116.000,13.000,,34.713,11.155,200.000,319.500,119.500,0.307,23.880,3.111,4.000,True,False,False,,,False
centre,95488,Pierrelaye,commune,,10130,osm_townhall,2.156,49.023,20.101,23.464,85.000,87.000,91.000,6.000,,36.492,13.863,201.000,216.500,15.500,0.040,-0.263,2.384,2.000,False,False,False,,,False
centre,93008,Bobigny,commune,,56927,osm_townhall,2.445,48.906,20.115,8.754,71.000,73.000,76.000,5.000,,32.217,16.533,202.000,120.500,-81.500,-0.210,-16.342,2.266,2.000,False,False,False,,,False
centre,93013,Le Bourget,commune,,15925,osm_townhall,2.425,48.935,20.126,10.194,63.000,66.000,68.000,5.000,,31.370,18.296,203.000,84.500,-118.500,-0.305,-24.384,2.104,2.000,False,False,False,,,False
centre,94077,Villeneuve-le-Roi,commune,,21000,osm_townhall,2.408,48.735,20.158,14.074,86.000,89.000,92.000,6.000,,34.047,13.590,204.000,228.500,24.500,0.063,1.886,2.614,3.000,False,False,False,,,False
centre,78397,Le Mesnil-Saint-Denis,commune,,7276,osm_townhall,1.960,48.740,20.296,31.590,78.000,82.000,86.000,8.000,,27.718,14.850,205.000,185.000,-20.000,-0.051,-6.448,2.958,2.000,False,False,False,,,False
centre,78624,Triel-sur-Seine,commune,,12206,osm_townhall,2.003,48.981,20.425,29.133,79.000,86.000,93.000,14.000,,30.620,14.250,206.000,206.500,0.500,0.001,-2.197,2.809,3.000,False,False,False,,,False
centre,95607,Taverny,commune,,27593,osm_townhall,2.226,49.026,20.508,21.043,87.000,94.000,99.000,12.000,,34.520,13.090,207.000,264.500,57.500,0.148,6.683,2.723,3.000,False,False,False,,,False
centre,78548,Saint-Forget,commune,,436,osm_townhall,1.993,48.710,20.582,30.991,96.000,103.000,115.000,19.000,,30.798,11.990,208.000,311.000,103.000,0.265,16.686,3.344,2.000,False,False,False,,,False
centre,94042,Joinville-le-Pont,commune,,20525,osm_townhall,2.467,48.818,20.670,9.391,62.000,64.000,67.000,5.000,,36.213,19.378,209.000,78.000,-131.000,-0.337,-27.651,1.767,1.000,False,False,False,,,False
centre,78643,Vernouillet,commune,,9699,osm_townhall,1.983,48.973,20.745,29.979,75.000,80.000,85.000,10.000,,29.267,15.559,210.000,171.000,-39.000,-0.100,-9.729,2.733,2.000,False,False,False,,,False
centre,95218,Éragny-sur-Oise,commune,,18436,osm_townhall,2.091,49.019,20.783,26.371,74.000,77.000,80.000,6.000,,35.515,16.195,211.000,151.000,-60.000,-0.154,-13.194,2.168,2.000,False,False,False,,,False
centre,91458,Nozay,commune,,4471,osm_townhall,2.243,48.660,20.799,23.278,97.000,102.000,105.000,8.000,,34.505,12.235,212.000,306.500,94.500,0.243,14.947,2.956,3.000,False,False,False,,,False
centre,94028,Créteil,commune,,93397,osm_townhall,2.453,48.778,20.818,11.443,81.000,84.000,88.000,7.000,,37.488,14.870,213.000,192.500,-20.500,-0.053,-5.381,2.241,3.000,False,False,False,,,False
centre,93029,Drancy,commune,,72390,osm_townhall,2.445,48.923,20.854,10.075,71.000,73.000,76.000,5.000,,33.412,17.140,214.000,120.500,-93.500,-0.240,-17.844,2.185,3.000,False,False,False,,,False
centre,91411,Les Molières,commune,,1975,osm_townhall,2.069,48.673,20.863,29.133,,,,,,39.525,,,,,,,,,False,False,False,,,False
centre,93030,Dugny,commune,,11700,osm_townhall,2.417,48.955,20.934,11.990,78.000,81.000,83.000,5.000,,33.518,15.507,215.000,177.500,-37.500,-0.096,-9.015,2.417,3.000,False,False,False,,,False
centre,91093,Boullay-les-Troux,commune,,624,osm_townhall,2.050,48.678,20.996,29.793,,,,,,39.370,,,,,,,,,False,False,False,,,False
centre,78431,Morainvilliers,commune,,3120,osm_townhall,1.932,48.929,21.003,31.849,91.000,96.000,105.000,14.000,,26.418,13.127,216.000,274.500,58.500,0.150,7.654,3.634,2.000,False,False,False,,,False
centre,95450,Neuville-sur-Oise,commune,,2058,osm_townhall,2.063,49.014,21.022,27.504,70.000,73.000,76.000,6.000,,37.883,17.279,217.000,120.500,-96.500,-0.248,-18.175,1.927,3.000,False,False,False,,,False
centre,94033,Fontenay-sous-Bois,commune,,53757,osm_townhall,2.475,48.849,21.062,8.999,67.000,70.000,73.000,6.000,,42.318,18.053,218.000,107.000,-111.000,-0.285,-21.611,1.654,1.000,False,False,False,,,False
centre,95268,Garges-lès-Gonesse,commune,,41791,osm_townhall,2.401,48.972,21.139,13.304,76.000,79.000,82.000,6.000,,36.735,16.055,219.000,165.000,-54.000,-0.139,-11.694,2.151,3.000,False,False,False,,,False
centre,91665,La Ville-du-Bois,commune,,8161,osm_townhall,2.269,48.661,21.144,22.572,111.000,116.000,122.000,11.000,,33.693,10.937,220.000,354.000,134.000,0.344,29.647,3.443,4.000,True,False,False,,,False
centre,95539,Saint-Brice-sous-Forêt,commune,,15063,osm_townhall,2.357,48.998,21.160,15.706,73.000,78.000,84.000,11.000,,37.358,16.277,221.000,158.000,-63.000,-0.162,-12.856,2.088,3.000,False,False,False,,,False
centre,91027,Athis-Mons,commune,,36613,osm_townhall,2.389,48.707,21.166,16.787,91.000,95.000,99.000,8.000,,34.510,13.368,222.000,270.000,48.000,0.123,6.121,2.753,4.000,True,False,False,,,False
centre,78550,Saint-Germain-de-la-Grange,commune,,1847,osm_townhall,1.899,48.834,21.221,33.378,126.000,148.000,,,,28.563,8.603,223.000,386.000,163.000,0.419,65.112,5.181,3.000,False,False,False,,,False
centre,78010,Les Alluets-le-Roi,commune,,1390,osm_townhall,1.919,48.914,21.230,32.453,,,,,,27.595,,,,,,,,,False,False,False,,,False
centre,78193,Dampierre-en-Yvelines,commune,,1008,osm_townhall,1.986,48.705,21.383,31.768,105.000,112.000,124.000,19.000,,31.353,11.455,224.000,340.000,116.000,0.298,24.472,3.572,2.000,False,False,False,,,False
centre,78162,Choisel,commune,,540,osm_townhall,2.018,48.687,21.461,31.009,,,,,,35.707,,,,,,,,,False,False,False,,,False
centre,78442,Neauphle-le-Château,commune,,3250,osm_townhall,1.899,48.814,21.472,33.642,84.000,90.000,97.000,13.000,,23.563,14.314,225.000,235.000,10.000,0.026,-0.185,3.819,3.000,False,False,False,,,False
centre,91216,Épinay-sur-Orge,commune,,10722,osm_townhall,2.324,48.673,21.483,20.542,89.000,94.000,102.000,13.000,,34.248,13.713,226.000,264.500,38.500,0.099,4.223,2.745,3.000,False,False,False,,,False
centre,78321,Jouars-Pontchartrain,commune,,6039,osm_townhall,1.901,48.802,21.573,33.713,83.000,88.000,94.000,11.000,,22.440,14.709,227.000,224.000,-3.000,-0.008,-2.633,3.922,3.000,False,False,False,,,False
centre,91589,Savigny-sur-Orge,commune,,37601,osm_townhall,2.346,48.680,21.608,19.656,86.000,91.000,98.000,12.000,,33.337,14.247,228.000,245.000,17.000,0.044,0.602,2.730,3.000,False,False,False,,,False
centre,78642,Verneuil-sur-Seine,commune,,16280,osm_townhall,1.975,48.979,21.664,30.818,75.000,82.000,87.000,12.000,,29.197,15.852,229.000,185.000,-44.000,-0.113,-9.464,2.809,2.000,False,False,False,,,False
centre,94001,Ablon-sur-Seine,commune,,5988,osm_townhall,2.422,48.725,21.688,15.491,82.000,85.000,89.000,7.000,,36.402,15.309,230.000,198.500,-31.500,-0.081,-6.205,2.335,3.000,False,False,False,,,False
centre,95323,Jouy-le-Moutier,commune,,17854,osm_townhall,2.047,49.016,21.732,28.527,77.000,81.000,84.000,7.000,,40.910,16.098,231.000,177.500,-53.500,-0.138,-10.709,1.980,3.000,False,False,False,,,False
centre,91326,Juvisy-sur-Orge,commune,,19292,osm_townhall,2.372,48.691,21.757,18.488,81.000,85.000,88.000,7.000,,36.437,15.358,232.000,198.500,-33.500,-0.086,-6.354,2.333,3.000,False,False,False,,,False
centre,95060,Bessancourt,commune,,8869,osm_townhall,2.217,49.039,21.806,22.566,92.000,99.000,105.000,13.000,,36.688,13.216,233.000,291.000,58.000,0.149,8.948,2.698,3.000,False,False,False,,,False
centre,78683,Villiers-Saint-Frédéric,commune,,3395,osm_townhall,1.891,48.820,21.921,34.096,92.000,99.000,107.000,15.000,,26.012,13.285,234.000,291.000,57.000,0.147,8.660,3.806,3.000,False,False,False,,,False
centre,95489,Piscop,commune,,768,osm_townhall,2.343,49.012,21.937,17.337,98.000,105.000,123.000,25.000,,40.923,12.535,235.000,316.000,81.000,0.208,15.203,2.566,4.000,True,False,False,,,False
centre,91319,Janvry,commune,,654,osm_townhall,2.156,48.647,21.995,27.404,,,,,,37.427,,,,,,,,,False,False,False,,,False
centre,95585,Sarcelles,commune,,59173,osm_townhall,2.378,48.997,22.092,15.802,76.000,81.000,84.000,8.000,,39.830,16.364,236.000,177.500,-58.500,-0.150,-11.443,2.034,2.000,False,False,False,,,False
centre,78334,Lévis-Saint-Nom,commune,,1603,osm_townhall,1.949,48.721,22.213,33.260,,,,,,31.917,,,,,,,,,False,False,False,,,False
centre,93064,Rosny-sous-Bois,commune,,47180,osm_townhall,2.488,48.872,22.264,10.098,64.000,67.000,70.000,6.000,,39.057,19.938,237.000,88.000,-149.000,-0.383,-27.034,1.715,2.000,False,False,False,,,False
centre,91685,Villiers-sur-Orge,commune,,4545,osm_townhall,2.300,48.657,22.285,22.458,98.000,103.000,109.000,11.000,,36.550,12.982,238.000,311.000,73.000,0.188,12.118,2.818,3.000,False,False,False,,,False
centre,94052,Nogent-sur-Marne,commune,,32455,osm_townhall,2.492,48.839,22.304,10.381,71.000,74.000,77.000,6.000,,40.005,18.084,239.000,126.500,-112.500,-0.289,-19.483,1.850,2.000,False,False,False,,,False
centre,94068,Saint-Maur-des-Fossés,commune,,76572,osm_townhall,2.485,48.803,22.315,11.425,66.000,69.000,72.000,6.000,,40.528,19.405,240.000,99.000,-141.000,-0.362,-24.942,1.703,1.000,False,False,False,,,False
centre,93010,Bondy,commune,,50595,osm_townhall,2.481,48.902,22.493,10.717,71.000,75.000,79.000,8.000,,35.747,17.994,241.000,134.500,-106.500,-0.274,-18.740,2.098,1.000,False,False,False,,,False
centre,78168,Coignières,commune,,4321,osm_townhall,1.918,48.748,22.522,34.148,83.000,89.000,101.000,18.000,,26.233,15.183,242.000,228.500,-13.500,-0.035,-3.633,3.393,2.000,False,False,False,,,False
centre,91363,Marcoussis,commune,,8618,osm_townhall,2.231,48.643,22.550,25.379,103.000,108.000,112.000,9.000,,38.025,12.528,243.000,319.500,76.500,0.197,16.866,2.840,4.000,True,False,False,,,False
centre,78206,Ecquevilly,commune,,4279,osm_townhall,1.924,48.949,22.611,33.051,83.000,91.000,101.000,18.000,,25.248,14.908,244.000,245.000,1.000,0.003,-1.663,3.604,2.000,False,False,False,,,False
centre,91667,Villemoisson-sur-Orge,commune,,7332,osm_townhall,2.330,48.662,22.740,21.692,94.000,99.000,106.000,12.000,,35.160,13.782,245.000,291.000,46.000,0.118,6.677,2.816,3.000,False,False,False,,,False
centre,95199,Domont,commune,,16065,osm_townhall,2.327,49.027,22.836,19.106,79.000,84.000,90.000,11.000,,41.848,16.311,246.000,192.500,-53.500,-0.138,-9.677,2.007,3.000,False,False,False,,,False
centre,93007,Le Blanc-Mesnil,commune,,62376,osm_townhall,2.464,48.939,22.840,12.266,70.000,73.000,75.000,5.000,,36.218,18.772,247.000,120.500,-126.500,-0.325,-21.513,2.016,2.000,False,False,False,,,False
centre,94078,Villeneuve-Saint-Georges,commune,,36221,osm_townhall,2.448,48.731,22.846,15.623,91.000,94.000,96.000,5.000,,39.405,14.583,248.000,264.500,16.500,0.042,1.052,2.385,3.000,False,False,False,,,False
centre,78062,Beynes,commune,,7704,osm_townhall,1.876,48.856,22.932,34.976,92.000,109.000,121.000,29.000,,31.015,12.623,249.000,325.500,76.500,0.197,16.956,3.514,3.000,False,False,False,,,False
centre,78590,Senlisse,commune,,511,osm_townhall,1.982,48.687,23.092,33.143,,,,,,35.292,,,,,,,,,False,False,False,,,False
centre,95256,Frépillon,commune,,3317,osm_townhall,2.206,49.051,23.117,24.165,93.000,99.000,104.000,11.000,,38.317,14.010,250.000,291.000,41.000,0.105,5.799,2.584,3.000,False,False,False,,,False
centre,95572,Saint-Ouen-l'Aumône,commune,,25578,osm_townhall,2.106,49.044,23.122,27.613,85.000,87.000,90.000,5.000,,39.920,15.946,251.000,216.500,-34.500,-0.089,-7.035,2.179,3.000,False,False,False,,,False
centre,78305,Herbeville,commune,,228,osm_townhall,1.887,48.906,23.134,34.589,,,,,,30.180,,,,,,,,,False,False,False,,,False
centre,78140,Chapet,commune,,1331,osm_townhall,1.934,48.967,23.136,33.060,89.000,93.000,104.000,15.000,,27.255,14.926,252.000,259.000,7.000,0.018,-0.654,3.412,3.000,False,False,False,,,False
centre,91657,Vigneux-sur-Seine,commune,,31466,osm_townhall,2.417,48.700,23.200,18.008,80.000,86.000,91.000,11.000,,43.348,16.186,253.000,206.500,-46.500,-0.120,-8.260,1.984,3.000,False,False,False,,,False
centre,95088,Bonneuil-en-France,commune,,1185,osm_townhall,2.433,48.976,23.204,14.514,86.000,92.000,97.000,11.000,,38.325,15.133,254.000,254.000,0.000,0.000,-1.867,2.401,4.000,True,False,False,,,False
centre,94011,Bonneuil-sur-Marne,commune,,18270,osm_townhall,2.487,48.774,23.324,13.474,84.000,86.000,90.000,6.000,,39.870,16.273,255.000,206.500,-48.500,-0.125,-8.504,2.157,2.000,False,False,False,,,False
centre,91434,Morsang-sur-Orge,commune,,21667,osm_townhall,2.346,48.662,23.330,21.648,96.000,102.000,110.000,14.000,,34.183,13.724,256.000,306.500,50.500,0.130,8.503,2.984,3.000,False,False,False,,,False
centre,95680,Villiers-le-Bel,commune,,30053,osm_townhall,2.388,49.008,23.406,17.010,85.000,89.000,93.000,8.000,,39.473,15.780,257.000,228.500,-28.500,-0.073,-5.480,2.255,4.000,True,False,False,,,False
centre,91338,Limours,commune,,6517,osm_townhall,2.077,48.646,23.442,30.956,123.000,134.000,148.000,25.000,,40.823,10.496,258.000,382.000,124.000,0.319,42.203,3.282,4.000,True,False,False,,,False
centre,93049,Neuilly-Plaisance,commune,,21941,osm_townhall,2.506,48.861,23.461,11.301,72.000,74.000,77.000,5.000,,42.422,19.023,259.000,126.500,-132.500,-0.341,-21.503,1.744,1.000,False,False,False,,,False
centre,94074,Valenton,commune,,14406,osm_townhall,2.470,48.744,23.469,15.147,85.000,88.000,91.000,6.000,,39.863,16.002,260.000,224.000,-36.000,-0.093,-6.668,2.208,3.000,False,False,False,,,False
centre,94058,Le Perreux-sur-Marne,commune,,35260,osm_townhall,2.508,48.841,23.522,11.557,76.000,79.000,82.000,6.000,,41.610,17.864,261.000,165.000,-96.000,-0.247,-16.307,1.899,2.000,False,False,False,,,False
centre,95019,Arnouville,commune,,15023,osm_townhall,2.421,48.990,23.575,15.638,77.000,79.000,83.000,6.000,,40.420,17.905,262.000,165.000,-97.000,-0.249,-16.403,1.954,3.000,False,False,False,,,False
centre,91687,Viry-Châtillon,commune,,30838,osm_townhall,2.375,48.671,23.585,20.644,86.000,91.000,95.000,9.000,,35.597,15.551,263.000,245.000,-18.000,-0.046,-3.725,2.556,3.000,False,False,False,,,False
centre,95091,Bouffémont,commune,,6593,osm_townhall,2.299,49.043,23.655,21.133,98.000,,,,,45.285,,,,,,,,,False,False,False,,,False
centre,91347,Longpont-sur-Orge,commune,,6482,osm_townhall,2.293,48.642,23.656,24.185,104.000,109.000,113.000,9.000,,38.483,13.022,264.000,325.500,61.500,0.158,15.144,2.832,3.000,False,False,False,,,False
centre,95061,Béthemont-la-Forêt,commune,,435,osm_townhall,2.252,49.053,23.738,23.061,,,,,,42.838,,,,,,,,,False,False,False,,,False
centre,91425,Montlhéry,commune,,9772,osm_townhall,2.270,48.636,23.826,25.198,107.000,114.000,120.000,13.000,,37.487,12.540,265.000,347.000,82.000,0.211,19.995,3.041,4.000,True,False,False,,,False
centre,93077,Villemomble,commune,,29795,osm_townhall,2.508,48.882,23.876,11.751,73.000,77.000,81.000,8.000,,39.397,18.604,266.000,151.000,-115.000,-0.296,-19.036,1.954,1.000,False,False,False,,,False
centre,95500,Pontoise,commune,,31970,osm_townhall,2.101,49.051,23.924,28.421,85.000,87.000,91.000,6.000,,40.748,16.499,267.000,216.500,-50.500,-0.130,-8.613,2.135,3.000,False,False,False,,,False
centre,94044,Limeil-Brévannes,commune,,27406,osm_townhall,2.480,48.749,23.925,15.179,88.000,90.000,94.000,6.000,,39.353,15.950,268.000,235.000,-33.000,-0.085,-5.465,2.287,4.000,True,False,False,,,False
centre,94017,Champigny-sur-Marne,commune,,78072,osm_townhall,2.511,48.813,23.961,12.572,72.000,75.000,78.000,6.000,,41.348,19.169,269.000,134.500,-134.500,-0.346,-21.281,1.814,1.000,False,False,False,,,False
centre,95205,Écouen,commune,,7202,osm_townhall,2.379,49.018,23.964,18.126,80.000,85.000,92.000,12.000,,41.628,16.916,270.000,198.500,-71.500,-0.184,-10.790,2.042,3.000,False,False,False,,,False
centre,95074,Boisemont,commune,,892,osm_townhall,2.002,49.021,23.972,31.543,101.000,105.000,108.000,7.000,,40.587,13.698,271.000,316.000,45.000,0.116,10.182,2.587,2.000,False,False,False,,,False
centre,78443,Neauphle-le-Vieux,commune,,937,osm_townhall,1.864,48.815,24.002,36.177,86.000,93.000,100.000,14.000,,27.580,15.485,272.000,259.000,-13.000,-0.033,-2.472,3.372,2.000,False,False,False,,,False
centre,91201,Draveil,commune,,30098,osm_townhall,2.406,48.683,24.021,19.725,88.000,93.000,98.000,10.000,,41.962,15.498,273.000,259.000,-14.000,-0.036,-2.511,2.216,4.000,True,False,False,,,False
centre,95637,Vauréal,commune,,16079,osm_townhall,2.021,49.030,24.065,31.015,84.000,86.000,89.000,5.000,,42.352,16.790,274.000,206.500,-67.500,-0.174,-9.931,2.031,3.000,False,False,False,,,False
centre,78623,Le Tremblay-sur-Mauldre,commune,,930,osm_townhall,1.875,48.778,24.076,36.113,102.000,113.000,128.000,26.000,,27.120,12.784,275.000,343.500,68.500,0.176,18.319,4.167,2.000,False,False,False,,,False
centre,95151,Chauvry,commune,,297,osm_townhall,2.267,49.054,24.123,22.872,,,,,,42.813,,,,,,,,,False,False,False,,,False
centre,91482,Pecqueuse,commune,,580,osm_townhall,2.048,48.647,24.181,32.326,145.000,156.000,170.000,25.000,,42.843,9.301,276.000,388.500,112.500,0.289,62.986,3.641,4.000,True,False,False,,,False
centre,78368,Mareil-sur-Mauldre,commune,,1776,osm_townhall,1.866,48.894,24.297,35.963,103.000,120.000,133.000,30.000,,30.415,12.149,277.000,363.000,86.000,0.221,25.074,3.945,2.000,False,False,False,,,False
centre,91339,Linas,commune,,7987,osm_townhall,2.267,48.631,24.308,25.813,104.000,109.000,114.000,10.000,,37.445,13.381,278.000,325.500,47.500,0.122,13.583,2.911,4.000,True,False,False,,,False
centre,93057,Les Pavillons-sous-Bois,commune,,25804,osm_townhall,2.507,48.903,24.325,12.449,76.000,79.000,83.000,7.000,,38.120,18.474,279.000,165.000,-114.000,-0.293,-17.707,2.072,2.000,False,False,False,,,False
centre,91191,Crosne,commune,,9610,osm_townhall,2.458,48.716,24.376,17.385,94.000,98.000,102.000,8.000,,41.622,14.924,280.000,283.500,3.500,0.009,1.978,2.355,2.000,False,False,False,,,False
centre,94015,Bry-sur-Marne,commune,,18503,osm_townhall,2.520,48.835,24.377,12.487,76.000,79.000,82.000,6.000,,40.213,18.514,281.000,165.000,-116.000,-0.298,-17.795,1.965,1.000,False,False,False,,,False
centre,78638,Vaux-sur-Seine,commune,,5202,osm_townhall,1.963,49.006,24.443,33.018,86.000,98.000,110.000,24.000,,36.332,14.965,282.000,283.500,1.500,0.004,1.838,2.697,3.000,False,False,False,,,False
centre,78415,Montainville,commune,,589,osm_townhall,1.860,48.882,24.449,36.267,,,,,,33.765,,,,,,,,,False,False,False,,,False
centre,78576,Saint-Rémy-l'Honoré,commune,,1689,osm_townhall,1.882,48.756,24.493,36.333,106.000,117.000,132.000,26.000,,30.662,12.560,283.000,356.000,73.000,0.188,21.456,3.816,2.000,False,False,False,,,False
centre,95229,Ézanville,commune,,9858,osm_townhall,2.362,49.032,24.548,19.542,77.000,84.000,90.000,13.000,,42.963,17.535,284.000,192.500,-91.500,-0.235,-12.900,1.955,2.000,False,False,False,,,False
centre,95394,Méry-sur-Oise,commune,,9983,osm_townhall,2.185,49.064,24.569,26.195,102.000,109.000,115.000,13.000,,40.467,13.524,285.000,325.500,40.500,0.104,12.976,2.694,3.000,False,False,False,,,False
centre,78128,Cernay-la-Ville,commune,,1516,osm_townhall,1.971,48.673,24.729,34.632,,,,,,37.723,,,,,,,,,False,False,False,,,False
centre,91111,Briis-sous-Forges,commune,,3342,osm_townhall,2.124,48.625,24.776,30.752,105.000,110.000,118.000,13.000,,42.263,13.514,286.000,331.500,45.500,0.117,13.533,2.603,4.000,True,False,False,,,False
centre,91549,Sainte-Geneviève-des-Bois,commune,,35438,osm_townhall,2.327,48.641,24.783,24.073,101.000,109.000,115.000,14.000,,38.943,13.642,287.000,325.500,38.500,0.099,12.485,2.799,4.000,True,False,False,,,False
centre,95678,Villiers-Adam,commune,,858,osm_townhall,2.235,49.064,24.797,24.672,104.000,111.000,117.000,13.000,,41.385,13.404,288.000,335.000,47.000,0.121,14.517,2.682,3.000,False,False,False,,,False
centre,91249,Forges-les-Bains,commune,,4241,osm_townhall,2.100,48.628,24.818,31.462,,,,,,45.500,,,,,,,,,False,False,False,,,False
centre,93062,Le Raincy,commune,,14735,osm_townhall,2.516,48.898,24.850,12.881,71.000,75.000,79.000,8.000,,39.233,19.880,289.000,134.500,-154.500,-0.397,-22.708,1.912,2.000,False,False,False,,8.000,False
centre,95277,Gonesse,commune,,27707,osm_townhall,2.450,48.986,24.930,16.121,88.000,92.000,96.000,8.000,,40.692,16.259,290.000,254.000,-36.000,-0.093,-5.340,2.261,4.000,True,False,False,,,False
centre,93005,Aulnay-sous-Bois,commune,,87599,osm_townhall,2.500,48.934,25.030,13.861,69.000,72.000,74.000,5.000,,39.432,20.858,291.000,115.500,-175.500,-0.451,-26.067,1.826,2.000,False,False,False,,3.000,False
centre,91243,Fontenay-lès-Briis,commune,,2350,osm_townhall,2.156,48.619,25.046,30.069,119.000,,,,,38.697,,,,,,,,,False,False,False,,,False
centre,93050,Neuilly-sur-Marne,commune,,39800,osm_townhall,2.528,48.857,25.051,12.915,71.000,74.000,77.000,6.000,,43.607,20.312,292.000,126.500,-165.500,-0.425,-24.046,1.697,2.000,False,False,False,,6.000,False
centre,95388,Menucourt,commune,,6184,osm_townhall,1.984,49.025,25.086,32.872,95.000,100.000,107.000,12.000,,40.172,15.052,293.000,299.000,6.000,0.015,2.568,2.489,3.000,False,False,False,,,False
centre,78050,Bazoches-sur-Guyonne,commune,,721,osm_townhall,1.860,48.778,25.138,37.193,104.000,115.000,130.000,26.000,,26.307,13.116,294.000,351.000,57.000,0.147,17.831,4.372,2.000,False,False,False,,,False
centre,91570,Saint-Michel-sur-Orge,commune,,21776,osm_townhall,2.303,48.630,25.179,25.415,96.000,100.000,107.000,11.000,,38.437,15.108,295.000,299.000,4.000,0.010,2.377,2.602,3.000,False,False,False,,,False
centre,95039,Auvers-sur-Oise,commune,,6863,osm_townhall,2.172,49.070,25.230,27.205,103.000,106.000,111.000,8.000,,43.377,14.281,296.000,318.000,22.000,0.057,8.411,2.444,4.000,True,False,False,,,False
centre,95409,Moisselles,commune,,1261,osm_townhall,2.337,49.048,25.237,21.340,87.000,94.000,101.000,14.000,,42.410,16.109,297.000,264.500,-32.500,-0.084,-3.875,2.216,3.000,False,False,False,,,False
centre,78090,Bouafle,commune,,2234,osm_townhall,1.897,48.966,25.280,35.533,97.000,103.000,109.000,12.000,,27.303,14.726,298.000,311.000,13.000,0.033,5.239,3.772,3.000,False,False,False,,,False
centre,95183,Courdimanche,commune,,7311,osm_townhall,2.002,49.035,25.314,32.499,89.000,94.000,101.000,12.000,,41.875,16.158,299.000,264.500,-34.500,-0.089,-4.023,2.245,3.000,False,False,False,,,False
centre,91421,Montgeron,commune,,24022,osm_townhall,2.461,48.704,25.359,18.719,86.000,90.000,93.000,7.000,,43.352,16.906,300.000,235.000,-65.000,-0.167,-8.189,2.076,2.000,False,False,False,,,False
centre,91286,Grigny,commune,,26842,osm_townhall,2.385,48.656,25.382,22.385,95.000,98.000,101.000,6.000,,35.757,15.540,301.000,283.500,-17.500,-0.045,-0.073,2.741,3.000,False,False,False,,,False
centre,78049,Bazemont,commune,,1727,osm_townhall,1.865,48.928,25.445,36.599,,,,,,33.683,,,,,,,,,False,False,False,,,False
centre,78220,Les Essarts-le-Roi,commune,,6831,osm_townhall,1.895,48.718,25.691,37.012,92.000,101.000,113.000,21.000,,30.305,15.262,302.000,303.000,1.000,0.003,2.363,3.333,2.000,False,False,False,,,False
centre,78366,Mareil-le-Guyon,commune,,420,osm_townhall,1.847,48.790,25.700,37.822,121.000,132.000,148.000,27.000,,28.988,11.682,303.000,380.000,77.000,0.198,33.756,4.554,2.000,False,False,False,,,False
centre,95127,Cergy,commune,,70906,osm_townhall,2.035,49.052,25.778,31.857,69.000,72.000,75.000,6.000,,42.773,21.481,304.000,115.500,-188.500,-0.485,-27.153,1.683,2.000,False,False,False,,2.000,False
centre,78588,Saulx-Marchais,commune,,950,osm_townhall,1.836,48.838,25.796,37.932,109.000,120.000,139.000,30.000,,33.077,12.898,305.000,363.000,58.000,0.149,21.369,3.628,2.000,False,False,False,,,False
centre,94019,Chennevières-sur-Marne,commune,,18710,osm_townhall,2.533,48.796,25.863,14.818,80.000,84.000,90.000,10.000,,46.190,18.473,306.000,192.500,-113.500,-0.292,-15.152,1.819,2.000,False,False,False,,,False
centre,91333,Leuville-sur-Orge,commune,,4271,osm_townhall,2.264,48.616,25.898,27.493,106.000,112.000,117.000,11.000,,38.455,13.874,307.000,340.000,33.000,0.085,13.053,2.912,4.000,True,False,False,,,False
centre,78380,Maule,commune,,6083,osm_townhall,1.848,48.909,25.947,37.443,110.000,126.000,139.000,29.000,,34.597,12.356,308.000,373.000,65.000,0.167,27.064,3.642,2.000,False,False,False,,,False
centre,94079,Villiers-sur-Marne,commune,,33162,osm_townhall,2.541,48.826,25.991,14.227,72.000,76.000,79.000,7.000,,43.063,20.519,309.000,143.000,-166.000,-0.427,-23.423,1.765,2.000,False,False,False,,5.000,False
centre,94071,Sucy-en-Brie,commune,,27764,osm_townhall,2.524,48.771,25.991,15.789,82.000,84.000,87.000,5.000,,43.265,18.565,310.000,192.500,-117.500,-0.302,-15.363,1.942,2.000,False,False,False,,,False
centre,95042,Baillet-en-France,commune,,2021,osm_townhall,2.300,49.065,26.003,23.540,97.000,103.000,108.000,11.000,,46.785,15.148,311.000,311.000,0.000,0.000,3.757,2.202,2.000,False,False,False,,,False
centre,93032,Gagny,commune,,42313,osm_townhall,2.537,48.885,26.007,13.874,73.000,77.000,81.000,8.000,,42.575,20.265,312.000,151.000,-161.000,-0.414,-22.440,1.809,1.000,False,False,False,,7.000,False
centre,78227,Évecquemont,commune,,754,osm_townhall,1.944,49.014,26.028,34.667,109.000,123.000,130.000,21.000,,35.153,12.697,313.000,369.000,56.000,0.144,23.845,3.499,4.000,True,False,False,,,False
centre,78653,Vicq,commune,,389,osm_townhall,1.835,48.815,26.111,38.287,96.000,102.000,108.000,12.000,,28.578,15.360,314.000,306.500,-7.500,-0.019,2.536,3.569,3.000,False,False,False,,,False
centre,94004,Boissy-Saint-Léger,commune,,17325,osm_townhall,2.513,48.748,26.156,16.865,84.000,87.000,89.000,5.000,,41.208,18.039,315.000,216.500,-98.500,-0.253,-12.618,2.111,1.000,False,False,False,,,False
centre,91691,Yerres,commune,,27906,osm_townhall,2.488,48.717,26.172,18.417,96.000,99.000,106.000,10.000,,45.545,15.862,316.000,291.000,-25.000,-0.064,-0.595,2.174,3.000,False,False,False,,,False
centre,95392,Mériel,commune,,5347,osm_townhall,2.205,49.079,26.214,27.008,92.000,99.000,105.000,13.000,,42.922,15.887,317.000,291.000,-26.000,-0.067,-0.676,2.307,3.000,False,False,False,,,False
centre,78440,Les Mureaux,commune,,34632,osm_townhall,1.909,48.993,26.348,35.876,76.000,81.000,87.000,11.000,,27.715,19.517,318.000,177.500,-140.500,-0.361,-18.943,2.923,2.000,False,False,False,,,False
centre,95028,Attainville,commune,,1904,osm_townhall,2.345,49.057,26.400,22.315,91.000,98.000,108.000,17.000,,45.563,16.163,319.000,283.500,-35.500,-0.091,-2.026,2.151,3.000,False,False,False,,,False
centre,95476,Osny,commune,,17954,osm_townhall,2.062,49.066,26.429,31.597,88.000,91.000,96.000,8.000,,44.913,17.426,320.000,245.000,-75.000,-0.193,-9.076,2.026,3.000,False,False,False,,,False
centre,95211,Ennery,commune,,2243,osm_townhall,2.106,49.076,26.532,30.363,109.000,115.000,121.000,12.000,,44.195,13.843,321.000,351.000,30.000,0.077,14.681,2.602,3.000,False,False,False,,,False
centre,95094,Bouqueval,commune,,314,osm_townhall,2.424,49.024,26.558,19.419,,,,,,44.457,,,,,,,,,False,False,False,,,False
centre,95510,Puiseux-Pontoise,commune,,603,osm_townhall,2.022,49.057,26.647,32.901,82.000,86.000,89.000,7.000,,41.942,18.591,322.000,206.500,-115.500,-0.297,-14.425,2.050,2.000,False,False,False,,,False
centre,94055,Ormesson-sur-Marne,commune,,10977,osm_townhall,2.541,48.786,26.703,15.895,85.000,88.000,91.000,6.000,,45.282,18.207,323.000,224.000,-99.000,-0.254,-12.528,1.943,2.000,False,False,False,,,False
centre,95492,Le Plessis-Gassot,commune,,102,osm_townhall,2.412,49.033,26.766,20.174,,,,,,45.257,,,,,,,,,False,False,False,,,False
centre,93051,Noisy-le-Grand,commune,,72978,osm_townhall,2.553,48.849,26.780,14.700,74.000,77.000,80.000,6.000,,43.922,20.868,324.000,151.000,-173.000,-0.445,-23.572,1.753,1.000,False,False,False,,4.000,False
centre,78238,Flins-sur-Seine,commune,,2447,osm_townhall,1.870,48.963,26.801,37.293,115.000,122.000,130.000,15.000,,26.847,13.181,325.000,367.000,42.000,0.108,21.046,4.544,3.000,False,False,False,,,False
centre,95430,Montsoult,commune,,4023,osm_townhall,2.312,49.071,26.835,24.005,85.000,90.000,96.000,11.000,,47.047,17.890,326.000,235.000,-91.000,-0.234,-10.760,1.913,2.000,False,False,False,,,False
centre,93046,Livry-Gargan,commune,,47228,osm_townhall,2.537,48.919,26.931,15.196,86.000,90.000,93.000,7.000,,40.135,17.954,327.000,235.000,-92.000,-0.237,-10.920,2.242,3.000,False,False,False,,,False
centre,91235,Fleury-Mérogis,commune,,13721,osm_townhall,2.361,48.630,26.945,25.188,103.000,109.000,116.000,13.000,,40.632,14.832,328.000,325.500,-2.500,-0.006,7.857,2.683,4.000,True,False,False,,,False
centre,95120,Butry-sur-Oise,commune,,2252,osm_townhall,2.198,49.086,26.953,27.908,103.000,109.000,114.000,11.000,,44.982,14.836,329.000,325.500,-3.500,-0.009,7.841,2.423,3.000,False,False,False,,,False
centre,91521,Ris-Orangis,commune,,31189,osm_townhall,2.416,48.654,26.959,23.005,96.000,101.000,108.000,12.000,,41.285,16.015,330.000,303.000,-27.000,-0.069,-0.085,2.446,4.000,True,False,False,,,False
centre,78033,Aulnay-sur-Mauldre,commune,,1180,osm_townhall,1.844,48.929,26.963,38.172,122.000,138.000,150.000,28.000,,35.003,11.723,331.000,384.000,53.000,0.136,36.508,3.942,2.000,False,False,False,,,False
centre,93071,Sevran,commune,,52535,osm_townhall,2.526,48.940,26.992,15.717,79.000,81.000,84.000,5.000,,43.162,19.994,332.000,177.500,-154.500,-0.397,-19.920,1.877,2.000,False,False,False,,9.000,False
centre,78013,Andelu,commune,,550,osm_townhall,1.824,48.879,27.012,38.887,,,,,,38.078,,,,,,,,,False,False,False,,,False
centre,78034,Auteuil,commune,,1020,osm_townhall,1.819,48.841,27.080,39.206,113.000,124.000,144.000,31.000,,31.540,13.103,333.000,371.000,38.000,0.098,22.391,3.932,2.000,False,False,False,,,False
centre,78364,Marcq,commune,,802,osm_townhall,1.819,48.860,27.113,39.141,139.000,150.000,170.000,31.000,,33.652,10.845,334.000,387.000,53.000,0.136,47.965,4.457,2.000,False,False,False,,,False
centre,78401,Meulan-en-Yvelines,commune,,8950,osm_townhall,1.910,49.005,27.144,36.395,87.000,92.000,97.000,10.000,,29.663,17.703,335.000,254.000,-81.000,-0.208,-9.301,3.101,3.000,False,False,False,,,False
centre,95612,Le Thillay,commune,,4560,osm_townhall,2.470,49.002,27.145,18.314,95.000,99.000,103.000,8.000,,41.782,16.452,336.000,291.000,-45.000,-0.116,-2.401,2.369,4.000,True,False,False,,,False
centre,78030,Auffargis,commune,,1963,osm_townhall,1.887,48.700,27.224,38.336,108.000,116.000,125.000,17.000,,33.012,14.081,337.000,354.000,17.000,0.044,14.191,3.514,3.000,False,False,False,,,False
centre,91103,Brétigny-sur-Orge,commune,,26658,osm_townhall,2.306,48.611,27.233,27.447,94.000,99.000,106.000,12.000,,40.593,16.505,338.000,291.000,-47.000,-0.121,-2.560,2.439,3.000,False,False,False,,,False
centre,91634,Vaugrigneuse,commune,,1458,osm_townhall,2.121,48.603,27.246,32.973,,,,,,43.385,,,,,,,,,False,False,False,,,False
centre,93014,Clichy-sous-Bois,commune,,29354,osm_townhall,2.546,48.911,27.319,15.427,90.000,94.000,97.000,7.000,,41.870,17.438,339.000,264.500,-74.500,-0.192,-7.628,2.245,2.000,False,False,False,,,False
centre,95353,Maffliers,commune,,1856,osm_townhall,2.308,49.076,27.341,24.658,93.000,100.000,106.000,13.000,,48.343,16.405,340.000,299.000,-41.000,-0.105,-1.771,2.069,2.000,False,False,False,,,False
centre,78398,Les Mesnuls,commune,,910,osm_townhall,1.837,48.758,27.450,39.398,122.000,133.000,149.000,27.000,,30.680,12.383,341.000,381.000,40.000,0.103,30.384,4.335,2.000,False,False,False,,,False
centre,78029,Aubergenville,commune,,12723,osm_townhall,1.856,48.959,27.517,38.156,104.000,110.000,115.000,11.000,,28.050,15.009,342.000,331.500,-10.500,-0.027,7.704,3.922,2.000,False,False,False,,,False
centre,94053,Noiseau,commune,,4628,osm_townhall,2.549,48.775,27.592,17.032,88.000,91.000,95.000,7.000,,47.275,18.193,343.000,245.000,-98.000,-0.252,-11.021,1.925,2.000,False,False,False,,,False
centre,91494,Le Plessis-Pâté,commune,,4154,osm_townhall,2.325,48.612,27.653,27.231,105.000,109.000,115.000,10.000,,43.793,15.222,344.000,325.500,-18.500,-0.048,6.462,2.489,4.000,True,False,False,,,False
centre,78087,Bonnelles,commune,,2165,osm_townhall,2.028,48.618,27.662,35.639,,,,,,46.225,,,,,,,,,False,False,False,,,False
centre,78389,Méré,commune,,1731,osm_townhall,1.820,48.788,27.713,39.842,108.000,119.000,136.000,28.000,,28.337,13.973,345.000,360.000,15.000,0.039,16.101,4.200,2.000,False,False,False,,,False
centre,95395,Le Mesnil-Aubry,commune,,914,osm_townhall,2.400,49.051,27.796,21.898,,,,,,45.237,,,,,,,,,False,False,False,,,False
centre,91115,Bruyères-le-Châtel,commune,,3788,osm_townhall,2.192,48.593,27.815,31.521,137.000,,,,,43.837,,,,,,,,,False,False,False,,,False
centre,95633,Vaudherland,commune,,104,osm_townhall,2.487,49.001,28.039,18.837,108.000,111.000,115.000,7.000,,40.868,15.156,346.000,335.000,-11.000,-0.028,7.662,2.716,4.000,True,False,False,,,False
centre,91186,Courson-Monteloup,commune,,563,osm_townhall,2.145,48.593,28.039,33.034,,,,,,42.532,,,,,,,,,False,False,False,,,False
centre,95445,Nerville-la-Forêt,commune,,756,osm_townhall,2.277,49.089,28.102,26.480,105.000,125.000,146.000,41.000,,46.055,13.489,347.000,372.000,25.000,0.064,21.105,2.714,4.000,True,False,False,,,False
centre,78609,Tessancourt-sur-Aubette,commune,,966,osm_townhall,1.919,49.024,28.113,36.810,109.000,115.000,122.000,13.000,,33.755,14.667,348.000,351.000,3.000,0.008,11.395,3.407,3.000,False,False,False,,,False
centre,95628,Valmondois,commune,,1208,osm_townhall,2.190,49.096,28.117,29.210,109.000,114.000,121.000,12.000,,48.485,14.799,349.000,347.000,-2.000,-0.005,10.417,2.351,3.000,False,False,False,,,False
centre,91552,Saint-Germain-lès-Arpajon,commune,,11623,osm_townhall,2.256,48.595,28.138,29.978,106.000,112.000,118.000,12.000,,41.282,15.074,350.000,340.000,-10.000,-0.026,8.439,2.713,4.000,True,False,False,,,False
centre,91461,Ollainville,commune,,5455,osm_townhall,2.217,48.591,28.157,31.145,122.000,130.000,139.000,17.000,,43.205,12.996,351.000,378.000,27.000,0.069,25.824,3.009,3.000,False,False,False,,,False
centre,78036,Autouillet,commune,,665,osm_townhall,1.804,48.850,28.200,40.285,117.000,128.000,148.000,31.000,,33.403,13.219,352.000,374.000,22.000,0.057,23.794,3.832,2.000,False,False,False,,,False
centre,78451,Nézel,commune,,1139,osm_townhall,1.836,48.946,28.206,39.172,117.000,130.000,138.000,21.000,,31.263,13.018,353.000,378.000,25.000,0.064,25.715,4.158,3.000,False,False,False,,,False
centre,78299,Hardricourt,commune,,2599,osm_townhall,1.894,49.008,28.214,37.559,91.000,96.000,103.000,12.000,,31.695,17.634,354.000,274.500,-79.500,-0.204,-7.177,3.029,3.000,False,False,False,,,False
centre,95170,Condécourt,commune,,564,osm_townhall,1.941,49.040,28.340,36.386,107.000,112.000,119.000,12.000,,36.090,15.182,355.000,340.000,-15.000,-0.039,8.051,3.103,3.000,False,False,False,,,False
centre,93033,Gournay-sur-Marne,commune,,7320,osm_townhall,2.573,48.865,28.353,16.190,88.000,91.000,94.000,6.000,,48.845,18.694,356.000,245.000,-111.000,-0.285,-12.229,1.863,2.000,False,False,False,,,False
centre,91114,Brunoy,commune,,25643,osm_townhall,2.504,48.698,28.357,20.862,87.000,91.000,95.000,8.000,,49.102,18.697,357.000,245.000,-112.000,-0.288,-12.235,1.853,2.000,False,False,False,,,False
centre,78120,Bullion,commune,,1916,osm_townhall,1.999,48.621,28.389,36.905,,,,,,43.858,,,,,,,,,False,False,False,,,False
centre,78125,La Celle-les-Bordes,commune,,840,osm_townhall,1.955,48.640,28.389,37.874,,,,,,42.848,,,,,,,,,False,False,False,,,False
centre,78403,Mézy-sur-Seine,commune,,2242,osm_townhall,1.881,49.000,28.406,38.052,102.000,109.000,114.000,12.000,,32.847,15.636,358.000,325.500,-32.500,-0.084,5.035,3.318,4.000,True,False,False,,,False
centre,78230,La Falaise,commune,,609,osm_townhall,1.832,48.945,28.426,39.416,121.000,137.000,149.000,28.000,,32.078,12.449,359.000,383.000,24.000,0.062,31.968,4.271,2.000,False,False,False,,,False
centre,95078,Boissy-l'Aillerie,commune,,2120,osm_townhall,2.029,49.077,28.441,34.102,104.000,113.000,120.000,16.000,,45.192,15.101,360.000,343.500,-16.500,-0.042,8.821,2.500,4.000,True,False,False,,,False
centre,91021,Arpajon,commune,,11698,osm_townhall,2.248,48.590,28.520,30.594,111.000,114.000,119.000,8.000,,40.675,15.011,361.000,347.000,-14.000,-0.036,9.631,2.803,4.000,True,False,False,,,False
centre,94059,Le Plessis-Trévise,commune,,21112,osm_townhall,2.573,48.809,28.535,17.014,83.000,87.000,91.000,8.000,,48.627,19.679,362.000,216.500,-145.500,-0.374,-16.356,1.789,3.000,False,False,False,,,False
centre,95271,Génicourt,commune,,514,osm_townhall,2.066,49.088,28.573,33.190,110.000,114.000,119.000,9.000,,43.798,15.038,363.000,347.000,-16.000,-0.041,9.530,2.603,3.000,False,False,False,,,False
centre,95535,Sagy,commune,,1096,osm_townhall,1.952,49.050,28.721,36.390,,,,,,37.933,,,,,,,,,False,False,False,,,False
centre,93078,Villepinte,commune,,41470,osm_townhall,2.535,48.964,28.739,17.917,86.000,90.000,95.000,9.000,,42.543,19.159,364.000,235.000,-129.000,-0.332,-13.780,2.115,3.000,False,False,False,,,False
centre,95660,Villaines-sous-Bois,commune,,778,osm_townhall,2.357,49.077,28.762,24.527,92.000,104.000,120.000,28.000,,48.382,16.594,365.000,314.000,-51.000,-0.131,-0.409,2.150,3.000,False,False,False,,,False
centre,78420,Montfort-l'Amaury,commune,,2779,osm_townhall,1.809,48.778,28.766,40.863,111.000,120.000,144.000,33.000,,28.968,14.383,366.000,363.000,-3.000,-0.008,14.905,4.142,3.000,False,False,False,,,False
centre,78084,Boissy-sans-Avoir,commune,,616,osm_townhall,1.798,48.819,28.771,40.944,112.000,118.000,124.000,12.000,,28.772,14.629,367.000,357.500,-9.500,-0.024,12.979,4.101,3.000,False,False,False,,,False
centre,94075,Villecresnes,commune,,11647,osm_townhall,2.533,48.722,28.771,20.004,93.000,96.000,100.000,7.000,,44.302,17.982,368.000,274.500,-93.500,-0.240,-8.085,2.167,2.000,False,False,False,,,False
centre,95341,Livilliers,commune,,389,osm_townhall,2.095,49.095,28.810,32.580,113.000,121.000,130.000,17.000,,45.423,14.286,369.000,365.500,-3.500,-0.009,15.773,2.664,3.000,False,False,False,,,False
centre,95308,Hérouville-en-Vexin,commune,,584,osm_townhall,2.128,49.100,28.824,31.647,122.000,130.000,139.000,17.000,,46.083,13.303,370.000,378.000,8.000,0.021,24.354,2.821,3.000,False,False,False,,,False
centre,93047,Montfermeil,commune,,28703,osm_townhall,2.571,48.902,28.857,16.814,87.000,91.000,95.000,8.000,,45.347,19.027,371.000,245.000,-126.000,-0.324,-13.002,2.007,2.000,False,False,False,,,False
centre,78616,Thoiry,commune,,1434,osm_townhall,1.795,48.865,28.889,40.886,118.000,129.000,149.000,31.000,,35.380,13.437,372.000,375.500,3.500,0.009,23.258,3.646,2.000,False,False,False,,,False
centre,94060,La Queue-en-Brie,commune,,12241,osm_townhall,2.575,48.791,29.022,17.882,88.000,91.000,94.000,6.000,,50.703,19.135,373.000,245.000,-128.000,-0.329,-13.251,1.795,2.000,False,False,False,,,False
centre,91457,La Norville,commune,,4268,osm_townhall,2.259,48.587,29.045,30.769,110.000,114.000,121.000,11.000,,42.785,15.287,374.000,347.000,-27.000,-0.069,8.632,2.664,4.000,True,False,False,,,False
centre,91215,Épinay-sous-Sénart,commune,,11611,osm_townhall,2.515,48.695,29.180,21.567,97.000,101.000,105.000,8.000,,51.583,17.335,375.000,303.000,-72.000,-0.185,-3.980,1.958,2.000,False,False,False,,,False
centre,78262,Galluis,commune,,1298,osm_townhall,1.796,48.796,29.245,41.404,88.000,95.000,103.000,15.000,,28.473,18.470,376.000,270.000,-106.000,-0.272,-9.785,3.336,3.000,False,False,False,,,False
centre,91086,Bondoufle,commune,,10767,osm_townhall,2.380,48.613,29.263,27.115,114.000,121.000,126.000,12.000,,42.240,14.510,377.000,365.500,-11.500,-0.030,14.871,2.865,3.000,False,False,False,,,False
centre,95181,Courcelles-sur-Viosne,commune,,310,osm_townhall,2.003,49.077,29.280,35.445,,,,,,44.597,,,,,,,,,False,False,False,,,False
centre,94048,Marolles-en-Brie,commune,,4781,osm_townhall,2.550,48.733,29.343,20.008,106.000,109.000,113.000,7.000,,47.345,16.152,378.000,325.500,-52.500,-0.135,3.337,2.302,2.000,False,False,False,,,False
centre,91600,Soisy-sur-Seine,commune,,7418,osm_townhall,2.452,48.646,29.348,24.523,110.000,116.000,123.000,13.000,,45.053,15.180,379.000,354.000,-25.000,-0.064,9.962,2.575,4.000,True,False,False,,,False
centre,91207,Égly,commune,,7166,osm_townhall,2.222,48.580,29.427,32.219,111.000,118.000,128.000,17.000,,43.502,14.963,380.000,357.500,-22.500,-0.058,11.709,2.713,3.000,False,False,False,,,False
centre,95682,Villiers-le-Sec,commune,,205,osm_townhall,2.390,49.072,29.457,24.187,118.000,140.000,163.000,45.000,,48.338,12.624,381.000,385.000,4.000,0.010,32.467,2.896,3.000,False,False,False,,,False
centre,91017,Angervilliers,commune,,1772,osm_townhall,2.065,48.591,29.467,36.292,,,,,,47.160,,,,,,,,,False,False,False,,,False
centre,95422,Montgeroult,commune,,361,osm_townhall,2.007,49.081,29.500,35.514,119.000,129.000,139.000,20.000,,46.042,13.721,382.000,375.500,-6.500,-0.017,21.969,2.802,4.000,True,False,False,,,False
centre,93074,Vaujours,commune,,8007,osm_townhall,2.567,48.932,29.527,17.863,91.000,95.000,99.000,8.000,,42.813,18.649,383.000,270.000,-113.000,-0.290,-10.219,2.219,3.000,False,False,False,,,False
centre,91568,Saint-Maurice-Montcouronne,commune,,1543,osm_townhall,2.124,48.581,29.542,34.911,,,,,,45.557,,,,,,,,,False,False,False,,,False
centre,78261,Gaillon-sur-Montcient,commune,,689,osm_townhall,1.892,49.024,29.549,38.556,112.000,119.000,129.000,17.000,,32.625,14.899,384.000,360.000,-24.000,-0.062,12.421,3.648,3.000,False,False,False,,,False
centre,78486,Le Perray-en-Yvelines,commune,,6480,osm_townhall,1.854,48.694,29.579,40.792,91.000,100.000,108.000,17.000,,35.212,17.747,385.000,299.000,-86.000,-0.221,-5.577,2.840,2.000,False,False,False,,,False
centre,95280,Goussainville,commune,,31301,osm_townhall,2.473,49.032,29.638,21.473,83.000,90.000,98.000,15.000,,47.602,19.759,386.000,235.000,-151.000,-0.388,-15.104,1.891,3.000,False,False,False,,10.000,False
centre,93015,Coubron,commune,,5175,osm_townhall,2.577,48.916,29.651,17.733,95.000,99.000,103.000,8.000,,44.595,17.970,387.000,291.000,-96.000,-0.247,-6.634,2.220,2.000,False,False,False,,,False
centre,77108,Chelles,commune,,54620,osm_townhall,2.590,48.878,29.768,17.594,77.000,81.000,85.000,8.000,,50.303,22.050,388.000,177.500,-210.500,-0.541,-23.761,1.610,2.000,False,False,False,,1.000,False
centre,95313,L'Isle-Adam,commune,,12493,osm_townhall,2.218,49.112,29.974,30.125,105.000,111.000,118.000,13.000,,47.732,16.202,389.000,335.000,-54.000,-0.139,4.114,2.326,4.000,True,False,False,,,False
centre,78655,Vieille-Église-en-Yvelines,commune,,652,osm_townhall,1.875,48.670,29.980,40.728,,,,,,38.955,,,,,,,,,False,False,False,,,False
gare,92033,Garches,commune,,17743,osm_townhall,2.188,48.844,0.582,12.178,9.000,9.000,9.000,0.000,9.000,1.563,3.879,,,,,,5.757,0.000,False,True,False,,,True
gare,92047,Marnes-la-Coquette,commune,,1752,osm_townhall,2.177,48.830,1.127,13.171,17.000,17.000,17.000,0.000,17.000,4.345,3.977,1.000,2.500,1.500,0.004,6.826,3.913,0.000,False,True,False,,,False
gare,92077,Ville-d'Avray,commune,,11089,osm_townhall,2.190,48.828,1.129,12.361,26.000,26.000,26.000,0.000,26.000,5.622,2.606,2.000,7.000,5.000,0.013,63.184,4.625,0.000,False,True,False,,,False
gare,92076,Vaucresson,commune,,8432,osm_townhall,2.158,48.839,2.101,14.403,15.000,17.000,20.000,5.000,30.000,2.692,7.416,3.000,2.500,-0.500,-0.001,-24.199,6.316,0.000,False,False,False,,,False
gare,92072,Sèvres,commune,,22303,osm_townhall,2.213,48.825,2.445,10.853,31.000,34.000,37.000,6.000,43.000,8.847,4.314,4.000,13.000,9.000,0.023,39.475,3.843,2.000,False,False,False,,,False
gare,92064,Saint-Cloud,commune,,29855,osm_townhall,2.219,48.844,2.465,9.890,13.000,15.000,18.000,5.000,34.000,4.763,9.859,5.000,1.000,-4.000,-0.010,-38.744,3.149,0.000,False,False,False,,,False
gare,92022,Chaville,commune,,20594,osm_townhall,2.188,48.810,3.159,13.115,25.000,29.000,33.000,8.000,59.000,12.968,6.536,6.000,8.000,2.000,0.005,3.306,2.236,1.000,False,False,False,,,False
gare,78126,La Celle-Saint-Cloud,commune,,20460,osm_townhall,2.136,48.848,3.860,15.899,21.000,24.000,27.000,6.000,59.000,7.530,9.650,7.000,4.500,-2.500,-0.006,-23.436,3.187,1.000,False,False,False,,,False
gare,92012,Boulogne-Billancourt,commune,,119019,osm_townhall,2.241,48.836,3.973,8.525,34.000,37.000,40.000,6.000,60.000,8.188,6.442,8.000,16.500,8.500,0.022,16.181,4.519,1.000,False,False,False,,,False
gare,78092,Bougival,commune,,9134,osm_townhall,2.140,48.861,4.241,15.614,28.000,31.000,34.000,6.000,67.000,10.350,8.209,9.000,11.500,2.500,0.006,-6.103,2.995,1.000,False,False,False,,,False
gare,78686,Viroflay,commune,,17237,osm_townhall,2.173,48.800,4.416,14.595,32.000,38.000,44.000,12.000,73.000,15.168,6.973,10.000,18.500,8.500,0.022,12.564,2.505,2.000,False,False,False,,,False
gare,92063,Rueil-Malmaison,commune,,82874,osm_townhall,2.181,48.878,4.421,12.835,44.000,46.000,48.000,4.000,72.000,9.903,5.766,11.000,46.500,35.500,0.091,36.187,4.645,1.000,False,False,False,,,False
gare,92073,Suresnes,commune,,48956,osm_townhall,2.225,48.871,4.611,9.488,22.000,24.000,27.000,5.000,69.000,7.843,11.528,12.000,4.500,-7.500,-0.019,-30.576,3.060,1.000,False,False,False,,,False
gare,78158,Le Chesnay-Rocquencourt,commune,,30689,osm_townhall,2.125,48.826,4.680,16.998,27.000,31.000,35.000,8.000,73.000,7.475,9.057,13.000,11.500,-1.500,-0.004,-11.053,4.147,1.000,False,False,False,,,False
gare,92048,Meudon,commune,,46334,osm_townhall,2.239,48.813,4.744,9.655,41.000,43.000,46.000,5.000,77.000,13.967,6.620,14.000,32.500,18.500,0.048,22.451,3.079,1.000,False,False,False,,,False
gare,78190,Croissy-sur-Seine,commune,,11013,osm_townhall,2.148,48.881,5.488,15.264,43.000,46.000,49.000,6.000,102.000,14.798,7.158,15.000,46.500,31.500,0.081,20.898,3.108,1.000,False,False,False,,,False
gare,78646,Versailles,commune,,84095,osm_townhall,2.130,48.801,5.851,17.444,39.000,41.000,44.000,5.000,90.000,10.350,8.562,16.000,26.500,10.500,0.027,4.025,3.961,2.000,False,False,False,,,False
gare,78350,Louveciennes,commune,,7990,osm_townhall,2.112,48.862,6.032,17.621,27.000,30.000,33.000,6.000,91.000,9.678,12.063,17.000,9.500,-7.500,-0.019,-25.148,3.100,1.000,False,False,False,,,False
gare,78146,Chatou,commune,,30598,osm_townhall,2.158,48.890,6.115,14.779,41.000,44.000,47.000,6.000,104.000,14.202,8.339,18.000,37.000,19.000,0.049,8.954,3.098,1.000,False,False,False,,,False
gare,92050,Nanterre,commune,,97783,osm_townhall,2.207,48.892,6.156,11.372,40.000,43.000,46.000,6.000,97.000,14.352,8.590,19.000,32.500,13.500,0.035,6.087,2.996,1.000,False,False,False,,,False
gare,78640,Vélizy-Villacoublay,commune,,23011,osm_townhall,2.191,48.783,6.191,14.435,41.000,47.000,53.000,12.000,104.000,17.105,7.903,20.000,52.500,32.500,0.084,15.600,2.748,2.000,False,False,False,,,False
gare,92062,Puteaux,commune,,44002,osm_townhall,2.238,48.884,6.332,8.944,23.000,25.000,28.000,5.000,94.000,12.588,15.198,21.000,6.000,-15.000,-0.039,-39.273,1.986,0.000,False,False,False,,,False
gare,92040,Issy-les-Moulineaux,commune,,67669,osm_townhall,2.274,48.825,6.586,6.780,43.000,45.000,48.000,5.000,99.000,14.315,8.781,22.000,42.000,20.000,0.051,6.976,3.144,2.000,False,False,False,,,False
gare,92023,Clamart,commune,,58576,osm_townhall,2.263,48.801,6.979,9.055,55.000,58.000,62.000,7.000,112.000,18.585,7.220,23.000,86.500,63.500,0.163,33.540,3.121,2.000,False,False,False,,,False
gare,78502,Le Port-Marly,commune,,5559,osm_townhall,2.112,48.878,7.082,17.847,41.000,43.000,46.000,5.000,109.000,15.092,9.881,24.000,32.500,8.500,0.022,-1.785,2.849,0.000,False,False,False,,,False
gare,75116,Paris 16e Arrondissement,district,75056,159386,osm_townhall,2.276,48.864,7.172,5.641,38.000,40.000,42.000,4.000,108.000,15.363,10.758,25.000,24.000,-1.000,-0.003,-9.273,2.604,3.000,False,False,False,,,False
gare,78650,Le Vésinet,commune,,15554,osm_townhall,2.135,48.895,7.316,16.524,45.000,48.000,50.000,5.000,,17.220,9.145,26.000,57.000,31.000,0.080,7.691,2.787,1.000,False,False,False,,,False
gare,78372,Marly-le-Roi,commune,,16756,osm_townhall,2.097,48.868,7.357,18.782,27.000,30.000,33.000,6.000,112.000,12.268,14.714,27.000,9.500,-17.500,-0.045,-32.903,2.445,0.000,False,False,False,,,False
gare,78124,Carrières-sur-Seine,commune,,14791,osm_townhall,2.176,48.906,7.569,14.048,47.000,50.000,53.000,6.000,,21.707,9.083,28.000,61.500,33.500,0.086,10.095,2.303,2.000,False,False,False,,,False
gare,92075,Vanves,commune,,28622,osm_townhall,2.289,48.821,7.789,6.048,50.000,52.000,55.000,5.000,116.000,16.708,8.987,29.000,68.000,39.000,0.100,12.706,3.112,2.000,False,False,False,,,False
gare,78043,Bailly,commune,,3731,osm_townhall,2.079,48.840,7.905,20.168,38.000,42.000,45.000,7.000,114.000,10.588,11.292,30.000,29.000,-1.000,-0.003,-9.703,3.967,1.000,False,False,False,,,False
gare,92051,Neuilly-sur-Seine,commune,,59538,osm_townhall,2.270,48.885,7.997,6.847,35.000,37.000,40.000,5.000,,15.690,12.968,31.000,16.500,-14.500,-0.037,-20.959,2.358,1.000,False,False,False,,,False
gare,92026,Courbevoie,commune,,82902,osm_townhall,2.256,48.895,8.121,8.334,33.000,35.000,38.000,5.000,,14.440,13.921,32.000,14.500,-17.500,-0.045,-25.862,2.424,0.000,False,False,False,,,False
gare,78418,Montesson,commune,,14549,osm_townhall,2.150,48.909,8.266,15.964,52.000,54.000,58.000,6.000,,21.548,9.184,33.000,74.000,41.000,0.105,13.275,2.506,2.000,False,False,False,,,False
gare,78322,Jouy-en-Josas,commune,,7981,osm_townhall,2.168,48.765,8.291,16.930,49.000,52.000,56.000,7.000,,17.635,9.566,34.000,68.000,34.000,0.087,8.897,2.949,2.000,False,False,False,,,False
gare,75115,Paris 15e Arrondissement,district,75056,229713,osm_townhall,2.300,48.841,8.359,4.178,47.000,49.000,51.000,4.000,,19.557,10.235,35.000,59.000,24.000,0.062,2.156,2.506,2.000,False,False,False,,,False
gare,92060,Le Plessis-Robinson,commune,,28848,osm_townhall,2.262,48.782,8.367,10.587,67.000,71.000,74.000,7.000,,18.878,7.070,36.000,169.000,133.000,0.342,47.943,3.761,3.000,False,False,False,,,False
gare,78117,Buc,commune,,5816,osm_townhall,2.126,48.774,8.419,18.993,56.000,60.000,66.000,10.000,,18.283,8.419,37.000,94.500,57.500,0.148,24.597,3.282,2.000,False,False,False,,,False
gare,92046,Malakoff,commune,,30557,osm_townhall,2.302,48.821,8.669,5.440,55.000,57.000,60.000,5.000,,17.578,9.125,38.000,81.500,43.500,0.112,16.474,3.243,2.000,False,False,False,,,False
gare,92020,Châtillon,commune,,36705,osm_townhall,2.290,48.800,8.714,7.809,67.000,69.000,72.000,5.000,,21.022,7.577,39.000,155.000,116.000,0.298,40.595,3.282,4.000,True,False,False,,,False
gare,92035,La Garenne-Colombes,commune,,30197,osm_townhall,2.247,48.907,8.817,9.595,36.000,39.000,42.000,6.000,,16.973,13.565,40.000,21.000,-19.000,-0.049,-21.048,2.298,0.000,False,False,False,,,False
gare,78481,Le Pecq,commune,,16059,osm_townhall,2.106,48.897,8.822,18.627,49.000,51.000,54.000,5.000,,17.675,10.378,41.000,64.000,23.000,0.059,3.216,2.885,2.000,False,False,False,,,False
gare,78343,Les Loges-en-Josas,commune,,1645,osm_townhall,2.140,48.764,8.894,18.633,56.000,59.000,63.000,7.000,,22.515,9.045,42.000,90.000,48.000,0.123,18.869,2.620,2.000,False,False,False,,,False
gare,78455,Noisy-le-Roi,commune,,7713,osm_townhall,2.064,48.844,8.979,21.184,37.000,40.000,44.000,7.000,,13.300,13.468,43.000,24.000,-19.000,-0.049,-19.829,3.008,1.000,False,False,False,,,False
gare,92032,Fontenay-aux-Roses,commune,,24070,osm_townhall,2.286,48.791,9.024,8.729,69.000,73.000,76.000,7.000,,22.883,7.417,44.000,183.000,139.000,0.357,45.905,3.190,3.000,False,False,False,10.000,,False
gare,78224,L'Étang-la-Ville,commune,,5157,osm_townhall,2.073,48.871,9.115,20.592,33.000,35.000,38.000,5.000,,18.653,15.626,45.000,14.500,-30.500,-0.078,-30.430,1.876,0.000,False,False,False,,,False
gare,78367,Mareil-Marly,commune,,4141,osm_townhall,2.077,48.882,9.398,20.411,42.000,45.000,48.000,6.000,,20.837,12.530,46.000,42.000,-4.000,-0.010,-12.044,2.160,1.000,False,False,False,,,False
gare,78311,Houilles,commune,,33983,osm_townhall,2.187,48.923,9.434,14.259,36.000,38.000,41.000,5.000,,24.977,14.896,47.000,18.500,-28.500,-0.073,-25.883,1.521,1.000,False,False,False,,,False
gare,78551,Saint-Germain-en-Laye,commune,,45931,osm_townhall,2.094,48.899,9.576,19.556,43.000,47.000,50.000,7.000,,20.092,12.224,48.000,52.500,4.500,0.012,-9.079,2.339,1.000,False,False,False,,,False
gare,92044,Levallois-Perret,commune,,68092,osm_townhall,2.288,48.893,9.577,6.243,42.000,44.000,47.000,5.000,,18.305,13.059,49.000,37.000,-12.000,-0.031,-14.887,2.404,3.000,False,False,False,,,False
gare,91064,Bièvres,commune,,4686,osm_townhall,2.215,48.754,9.588,15.197,58.000,61.000,65.000,7.000,,18.743,9.431,50.000,103.500,53.500,0.138,17.920,3.254,2.000,False,False,False,,,False
gare,92007,Bagneux,commune,,44572,osm_townhall,2.304,48.799,9.677,7.293,61.000,64.000,67.000,6.000,,23.092,9.072,51.000,118.500,67.500,0.174,23.095,2.772,4.000,True,False,False,,,False
gare,78545,Saint-Cyr-l'École,commune,,21268,osm_townhall,2.067,48.800,9.772,21.885,43.000,47.000,51.000,8.000,,14.860,12.475,52.000,52.500,0.500,0.001,-10.091,3.163,1.000,False,False,False,,,False
gare,92071,Sceaux,commune,,20884,osm_townhall,2.289,48.779,9.972,9.783,70.000,73.000,75.000,5.000,,21.768,8.196,53.000,183.000,130.000,0.334,38.097,3.353,3.000,False,False,False,,,False
gare,75107,Paris 7e Arrondissement,district,75056,48015,osm_townhall,2.320,48.857,10.053,2.354,44.000,47.000,49.000,5.000,,24.675,12.833,54.000,52.500,-1.500,-0.004,-11.480,1.905,2.000,False,False,False,,,False
gare,92049,Montrouge,commune,,46324,osm_townhall,2.320,48.819,10.073,4.798,49.000,52.000,55.000,6.000,,19.285,11.623,55.000,68.000,13.000,0.033,-2.174,2.696,3.000,False,False,False,,,False
gare,95063,Bezons,commune,,36434,osm_townhall,2.216,48.928,10.187,12.774,43.000,45.000,48.000,5.000,,19.892,13.583,56.000,42.000,-14.000,-0.036,-15.866,2.262,1.000,False,False,False,,,False
gare,75114,Paris 14e Arrondissement,district,75056,136455,osm_townhall,2.327,48.833,10.321,3.201,48.000,50.000,53.000,5.000,,22.340,12.385,57.000,61.500,4.500,0.012,-7.186,2.238,2.000,False,False,False,,,False
gare,92009,Bois-Colombes,commune,,28909,osm_townhall,2.268,48.914,10.337,8.947,40.000,42.000,45.000,5.000,,19.448,14.768,58.000,29.000,-29.000,-0.075,-22.104,2.160,0.000,False,False,False,,,False
gare,92019,Châtenay-Malabry,commune,,35825,osm_townhall,2.278,48.767,10.350,11.318,75.000,78.000,81.000,6.000,,20.263,7.961,59.000,213.000,154.000,0.396,44.570,3.849,3.000,False,False,False,6.000,,False
gare,75108,Paris 8e Arrondissement,district,75056,35317,osm_townhall,2.317,48.877,10.534,3.478,38.000,40.000,43.000,5.000,,22.025,15.802,60.000,24.000,-36.000,-0.093,-26.581,1.816,2.000,False,False,False,,,False
gare,78518,Rennemoulin,commune,,116,osm_townhall,2.043,48.832,10.575,22.892,52.000,63.000,69.000,17.000,,14.335,10.071,61.000,113.500,52.500,0.135,15.393,4.395,2.000,False,False,False,,,False
gare,92025,Colombes,commune,,91053,osm_townhall,2.254,48.923,10.602,10.285,44.000,47.000,49.000,5.000,,20.498,13.535,62.000,52.500,-9.500,-0.024,-14.037,2.293,2.000,False,False,False,,,False
gare,78242,Fontenay-le-Fleury,commune,,13680,osm_townhall,2.046,48.811,10.783,23.085,54.000,58.000,62.000,8.000,,16.692,11.155,63.000,86.500,23.500,0.060,5.100,3.475,2.000,False,False,False,,,False
gare,75106,Paris 6e Arrondissement,district,75056,40389,osm_townhall,2.332,48.851,10.784,1.616,43.000,46.000,49.000,6.000,,26.732,14.066,64.000,46.500,-17.500,-0.045,-16.651,1.721,3.000,False,False,False,,,False
gare,92004,Asnières-sur-Seine,commune,,93941,osm_townhall,2.289,48.911,11.008,7.634,42.000,44.000,47.000,5.000,,18.075,15.010,65.000,37.000,-28.000,-0.072,-21.169,2.434,1.000,False,False,False,,,False
gare,78396,Le Mesnil-le-Roi,commune,,6332,osm_townhall,2.122,48.928,11.014,18.650,56.000,61.000,66.000,10.000,,23.627,10.834,66.000,103.500,37.500,0.096,9.252,2.582,2.000,False,False,False,,,False
gare,91312,Igny,commune,,10833,osm_townhall,2.226,48.742,11.075,15.734,65.000,68.000,72.000,7.000,,20.172,9.772,67.000,147.500,80.500,0.207,21.422,3.371,2.000,False,False,False,,,False
gare,75117,Paris 17e Arrondissement,district,75056,159212,osm_townhall,2.322,48.885,11.194,3.841,39.000,41.000,44.000,5.000,,23.683,16.381,68.000,26.500,-41.500,-0.107,-27.219,1.731,2.000,False,False,False,,,False
gare,92024,Clichy,commune,,64410,osm_townhall,2.305,48.903,11.261,6.231,44.000,47.000,49.000,5.000,,19.225,14.376,69.000,52.500,-16.500,-0.042,-16.844,2.445,2.000,False,False,False,,,False
gare,78297,Guyancourt,commune,,29778,osm_townhall,2.070,48.771,11.369,22.801,62.000,64.000,68.000,6.000,,16.745,10.658,70.000,118.500,48.500,0.125,12.642,3.822,3.000,False,False,False,,,False
gare,94003,Arcueil,commune,,22200,osm_townhall,2.335,48.804,11.528,5.922,53.000,55.000,58.000,5.000,,24.903,12.576,71.000,77.000,6.000,0.015,-3.935,2.209,2.000,False,False,False,,,False
gare,92014,Bourg-la-Reine,commune,,21019,osm_townhall,2.316,48.779,11.572,9.025,57.000,60.000,63.000,6.000,,23.827,11.572,72.000,94.500,22.500,0.058,4.580,2.518,2.000,False,False,False,,,False
gare,78620,Toussus-le-Noble,commune,,1172,osm_townhall,2.114,48.746,11.572,21.380,65.000,69.000,74.000,9.000,,22.865,10.063,73.000,155.000,82.000,0.211,20.262,3.018,2.000,False,False,False,,,False
gare,78586,Sartrouville,commune,,52763,osm_townhall,2.158,48.941,11.609,17.067,40.000,42.000,45.000,5.000,,27.357,16.585,74.000,29.000,-45.000,-0.116,-26.925,1.535,1.000,False,False,False,,,False
gare,75105,Paris 5e Arrondissement,district,75056,55252,osm_townhall,2.344,48.846,11.618,1.300,42.000,44.000,47.000,5.000,,27.875,15.842,75.000,37.000,-38.000,-0.098,-23.476,1.578,2.000,False,False,False,,,False
gare,91635,Vauhallan,commune,,1945,osm_townhall,2.207,48.734,11.689,17.275,82.000,87.000,93.000,11.000,,21.642,8.061,76.000,275.500,199.500,0.513,50.802,4.020,3.000,False,False,False,2.000,,False
gare,91645,Verrières-le-Buisson,commune,,15057,osm_townhall,2.267,48.746,11.837,13.741,79.000,82.000,85.000,6.000,,23.055,8.661,77.000,243.500,166.500,0.428,41.151,3.557,3.000,False,False,False,3.000,,False
gare,94016,Cachan,commune,,31103,osm_townhall,2.334,48.795,11.878,7.005,58.000,60.000,64.000,6.000,,25.407,11.878,78.000,94.500,16.500,0.042,3.088,2.362,3.000,False,False,False,,,False
gare,75109,Paris 9e Arrondissement,district,75056,57271,osm_townhall,2.341,48.872,11.975,1.968,36.000,39.000,41.000,5.000,,27.100,18.423,79.000,21.000,-58.000,-0.149,-33.294,1.439,2.000,False,False,False,,,False
gare,91534,Saclay,commune,,4437,osm_townhall,2.172,48.731,11.983,19.220,74.000,79.000,85.000,11.000,,22.773,9.101,80.000,221.500,141.500,0.364,35.071,3.469,3.000,False,False,False,9.000,,False
gare,94037,Gentilly,commune,,19963,osm_townhall,2.348,48.816,12.112,4.558,53.000,55.000,58.000,5.000,,22.132,13.214,81.000,77.000,-4.000,-0.010,-6.516,2.485,2.000,False,False,False,,,False
gare,78073,Bois-d'Arcy,commune,,16586,osm_townhall,2.031,48.801,12.136,24.378,57.000,61.000,66.000,9.000,,12.990,11.937,82.000,103.500,21.500,0.055,3.573,4.696,2.000,False,False,False,,,False
gare,78571,Saint-Nom-la-Bretèche,commune,,4965,osm_townhall,2.021,48.860,12.357,24.303,60.000,67.000,74.000,14.000,,16.478,11.066,83.000,138.500,55.500,0.143,12.636,4.066,2.000,False,False,False,,,False
gare,92002,Antony,commune,,64263,osm_townhall,2.296,48.754,12.362,12.157,65.000,68.000,71.000,6.000,,23.655,10.908,84.000,147.500,63.500,0.163,14.289,2.875,2.000,False,False,False,,,False
gare,78358,Maisons-Laffitte,commune,,23093,osm_townhall,2.145,48.946,12.368,18.204,36.000,39.000,42.000,6.000,,29.723,19.028,85.000,21.000,-64.000,-0.165,-34.469,1.312,1.000,False,False,False,,,False
gare,75113,Paris 13e Arrondissement,district,75056,181271,osm_townhall,2.356,48.833,12.424,2.656,50.000,53.000,55.000,5.000,,28.250,14.065,86.000,71.500,-14.500,-0.037,-11.166,1.876,2.000,False,False,False,,,False
gare,92036,Gennevilliers,commune,,50979,osm_townhall,2.293,48.926,12.473,8.827,54.000,57.000,60.000,6.000,,19.932,13.130,87.000,81.500,-5.500,-0.014,-4.671,2.860,3.000,False,False,False,,,False
gare,94043,Le Kremlin-Bicêtre,commune,,24110,osm_townhall,2.357,48.812,12.837,4.912,57.000,60.000,62.000,5.000,,23.162,12.837,88.000,94.500,6.500,0.017,-1.227,2.590,2.000,False,False,False,,,False
gare,94038,L'Haÿ-les-Roses,commune,,31188,osm_townhall,2.337,48.779,12.884,8.648,71.000,73.000,76.000,5.000,,26.408,10.589,89.000,183.000,94.000,0.242,19.933,2.764,3.000,False,False,False,,,False
gare,95018,Argenteuil,commune,,106130,osm_townhall,2.249,48.948,13.005,12.695,58.000,60.000,63.000,5.000,,24.590,13.005,90.000,94.500,4.500,0.012,-1.932,2.440,2.000,False,False,False,,,False
gare,75118,Paris 18e Arrondissement,district,75056,183127,osm_townhall,2.344,48.892,13.035,4.013,43.000,45.000,48.000,5.000,,26.495,17.380,91.000,42.000,-49.000,-0.126,-26.544,1.698,2.000,False,False,False,,,False
gare,75110,Paris 10e Arrondissement,district,75056,83873,osm_townhall,2.358,48.872,13.104,1.758,41.000,44.000,46.000,5.000,,31.112,17.869,92.000,37.000,-55.000,-0.141,-28.383,1.414,2.000,False,False,False,,,False
gare,78133,Chambourcy,commune,,5847,osm_townhall,2.040,48.906,13.132,23.586,63.000,66.000,69.000,6.000,,19.617,11.938,93.000,130.500,37.500,0.096,7.297,3.364,2.000,False,False,False,,,False
gare,75100,Paris Centre,district,75056,94472,osm_townhall,2.362,48.864,13.170,1.076,44.000,47.000,49.000,5.000,,30.533,16.812,94.000,52.500,-41.500,-0.107,-23.711,1.539,2.000,False,False,False,,,False
gare,78143,Châteaufort,commune,,1564,osm_townhall,2.092,48.737,13.223,23.281,68.000,72.000,76.000,8.000,,23.432,11.019,95.000,174.500,79.500,0.204,16.610,3.073,2.000,False,False,False,,,False
gare,78688,Voisins-le-Bretonneux,commune,,10624,osm_townhall,2.051,48.759,13.307,24.644,68.000,72.000,75.000,7.000,,19.177,11.089,96.000,174.500,78.500,0.202,16.204,3.755,3.000,False,False,False,,,False
gare,91679,Villiers-le-Bâcle,commune,,1031,osm_townhall,2.125,48.726,13.325,22.137,80.000,85.000,91.000,11.000,,24.108,9.406,97.000,262.500,165.500,0.425,37.081,3.526,2.000,False,False,False,4.000,,False
gare,78674,Villepreux,commune,,11931,osm_townhall,2.005,48.830,13.346,25.660,57.000,68.000,76.000,19.000,,19.535,11.776,98.000,147.500,49.500,0.127,9.572,3.481,2.000,False,False,False,,,False
gare,78423,Montigny-le-Bretonneux,commune,,32465,osm_townhall,2.038,48.770,13.350,25.063,62.000,66.000,71.000,9.000,,17.890,12.137,99.000,130.500,31.500,0.081,6.328,3.689,2.000,False,False,False,,,False
gare,91377,Massy,commune,,51729,osm_townhall,2.271,48.731,13.473,15.172,74.000,77.000,80.000,6.000,,26.577,10.498,100.000,204.500,104.500,0.269,23.428,2.897,2.000,False,False,False,,,False
gare,93070,Saint-Ouen-sur-Seine,commune,,53615,osm_townhall,2.334,48.912,13.570,6.288,42.000,45.000,47.000,5.000,,22.635,18.093,101.000,42.000,-59.000,-0.152,-28.152,1.988,3.000,False,False,False,,,False
gare,94034,Fresnes,commune,,29528,osm_townhall,2.322,48.755,13.595,11.487,74.000,77.000,80.000,6.000,,22.430,10.593,102.000,204.500,102.500,0.263,22.817,3.433,3.000,False,False,False,,,False
gare,94021,Chevilly-Larue,commune,,19826,osm_townhall,2.347,48.771,13.957,9.468,64.000,67.000,69.000,5.000,,27.002,12.499,103.000,138.500,35.500,0.091,5.330,2.481,2.000,False,False,False,,,False
gare,94076,Villejuif,commune,,60183,osm_townhall,2.364,48.792,13.992,7.217,65.000,68.000,70.000,5.000,,28.467,12.346,104.000,147.500,43.500,0.112,6.755,2.389,2.000,False,False,False,,,False
gare,91538,Saint-Aubin,commune,,661,osm_townhall,2.140,48.715,14.101,22.128,80.000,83.000,87.000,7.000,,24.325,10.193,105.000,250.500,145.500,0.374,29.749,3.412,4.000,True,False,False,8.000,,False
gare,78007,Aigremont,commune,,1075,osm_townhall,2.018,48.902,14.262,25.062,81.000,84.000,87.000,6.000,,18.770,10.187,106.000,256.500,150.500,0.387,30.496,4.475,2.000,False,False,False,7.000,,False
gare,75111,Paris 11e Arrondissement,district,75056,138170,osm_townhall,2.379,48.859,14.327,1.984,44.000,47.000,49.000,5.000,,34.863,18.290,107.000,52.500,-54.500,-0.140,-27.169,1.348,2.000,False,False,False,,,False
gare,91477,Palaiseau,commune,,37471,osm_townhall,2.246,48.715,14.443,17.615,74.000,78.000,82.000,8.000,,23.858,11.110,108.000,213.000,105.000,0.270,20.337,3.269,3.000,False,False,False,,,False
gare,78498,Poissy,commune,,40983,osm_townhall,2.043,48.927,14.468,24.051,56.000,61.000,64.000,8.000,,22.795,14.231,109.000,103.500,-5.500,-0.014,-5.980,2.676,2.000,False,False,False,,,False
gare,75112,Paris 12e Arrondissement,district,75056,138024,osm_townhall,2.387,48.834,14.717,3.520,44.000,46.000,49.000,5.000,,30.248,19.197,110.000,46.500,-63.500,-0.163,-29.765,1.521,2.000,False,False,False,,,False
gare,78356,Magny-les-Hameaux,commune,,9386,osm_townhall,2.084,48.724,14.779,24.615,84.000,87.000,93.000,9.000,,27.770,10.193,111.000,275.500,164.500,0.423,32.529,3.133,2.000,False,False,False,5.000,,False
gare,78152,Chavenay,commune,,1723,osm_townhall,1.986,48.854,14.790,26.866,126.000,148.000,171.000,45.000,,19.152,5.996,112.000,389.000,277.000,0.712,125.360,7.728,3.000,False,False,False,1.000,,False
gare,78165,Les Clayes-sous-Bois,commune,,16804,osm_townhall,1.987,48.821,14.803,27.143,62.000,69.000,74.000,12.000,,21.077,12.872,113.000,155.000,42.000,0.108,5.017,3.274,2.000,False,False,False,,,False
gare,94041,Ivry-sur-Seine,commune,,65064,osm_townhall,2.388,48.812,15.046,5.567,56.000,60.000,64.000,8.000,,28.427,15.046,114.000,94.500,-19.500,-0.050,-9.495,2.111,3.000,False,False,False,,,False
gare,95257,La Frette-sur-Seine,commune,,4570,osm_townhall,2.179,48.974,15.092,18.262,72.000,75.000,78.000,6.000,,29.225,12.074,115.000,193.500,78.500,0.202,12.938,2.566,2.000,False,False,False,,,False
gare,75119,Paris 19e Arrondissement,district,75056,178691,osm_townhall,2.382,48.883,15.171,3.663,47.000,49.000,52.000,5.000,,33.862,18.577,116.000,59.000,-57.000,-0.147,-26.424,1.447,2.000,False,False,False,,,False
gare,92078,Villeneuve-la-Garenne,commune,,26021,osm_townhall,2.333,48.936,15.279,8.959,56.000,58.000,61.000,5.000,,22.477,15.806,117.000,86.500,-30.500,-0.078,-13.251,2.580,3.000,False,False,False,,,False
gare,95176,Cormeilles-en-Parisis,commune,,27292,osm_townhall,2.200,48.976,15.337,17.390,69.000,72.000,76.000,7.000,,28.748,12.780,118.000,174.500,56.500,0.145,7.467,2.504,2.000,False,False,False,,,False
gare,78621,Trappes,commune,,34689,osm_townhall,1.999,48.776,15.397,27.430,57.000,60.000,64.000,7.000,,17.470,15.397,119.000,94.500,-24.500,-0.063,-10.638,3.434,1.000,False,False,False,,,False
gare,91471,Orsay,commune,,16498,osm_townhall,2.188,48.699,15.459,21.260,76.000,79.000,84.000,8.000,,24.273,11.741,120.000,221.500,101.500,0.261,17.401,3.255,4.000,True,False,False,,,False
gare,94065,Rungis,commune,,5611,osm_townhall,2.347,48.748,15.478,12.003,74.000,77.000,81.000,7.000,,26.573,12.061,121.000,204.500,83.500,0.215,14.352,2.898,3.000,False,False,False,,,False
gare,93039,L'Île-Saint-Denis,commune,,8696,osm_townhall,2.341,48.936,15.637,8.852,52.000,54.000,57.000,5.000,,23.498,17.374,122.000,74.000,-48.000,-0.123,-20.255,2.298,2.000,False,False,False,,,False
gare,91661,Villebon-sur-Yvette,commune,,10291,osm_townhall,2.228,48.700,15.646,19.630,88.000,92.000,96.000,8.000,,29.277,10.204,123.000,305.500,182.500,0.469,35.818,3.142,3.000,False,False,False,,,False
gare,93031,Épinay-sur-Seine,commune,,52833,osm_townhall,2.313,48.952,15.650,10.964,60.000,63.000,66.000,6.000,,26.967,14.905,124.000,113.500,-10.500,-0.027,-7.008,2.336,2.000,False,False,False,,,False
gare,91272,Gif-sur-Yvette,commune,,22544,osm_townhall,2.134,48.702,15.662,23.502,90.000,93.000,97.000,7.000,,29.905,10.104,125.000,309.500,184.500,0.474,37.219,3.110,3.000,False,False,False,,,False
gare,95582,Sannois,commune,,26924,osm_townhall,2.256,48.972,15.689,14.631,58.000,61.000,63.000,5.000,,28.328,15.432,126.000,103.500,-22.500,-0.058,-10.083,2.153,2.000,False,False,False,,,False
gare,91689,Wissous,commune,,7151,osm_townhall,2.327,48.732,15.692,13.963,82.000,85.000,87.000,5.000,,28.420,11.077,127.000,262.500,135.500,0.348,25.282,2.991,3.000,False,False,False,,,False
gare,91136,Champlan,commune,,2615,osm_townhall,2.274,48.708,15.808,17.444,82.000,86.000,89.000,7.000,,27.970,11.029,128.000,269.000,141.000,0.362,26.243,3.075,3.000,False,False,False,,,False
gare,91122,Bures-sur-Yvette,commune,,9548,osm_townhall,2.164,48.697,15.809,22.501,80.000,83.000,87.000,7.000,,27.687,11.428,129.000,250.500,121.500,0.312,21.834,2.998,3.000,False,False,False,,,False
gare,94081,Vitry-sur-Seine,commune,,93963,osm_townhall,2.388,48.789,15.831,7.992,75.000,77.000,80.000,5.000,,28.963,12.336,130.000,204.500,74.500,0.192,12.938,2.659,3.000,False,False,False,,,False
gare,75120,Paris 20e Arrondissement,district,75056,185140,osm_townhall,2.399,48.865,15.908,3.583,49.000,51.000,54.000,5.000,,37.177,18.715,131.000,64.000,-67.000,-0.172,-25.395,1.372,2.000,False,False,False,,,False
gare,78406,Milon-la-Chapelle,commune,,295,osm_townhall,2.049,48.726,16.026,26.563,104.000,111.000,119.000,15.000,,27.600,8.663,132.000,364.500,232.500,0.598,61.716,4.022,2.000,False,False,False,,,False
gare,78005,Achères,commune,,22241,osm_townhall,2.070,48.961,16.075,23.746,58.000,61.000,64.000,6.000,,29.955,15.811,133.000,103.500,-29.500,-0.076,-11.277,2.036,2.000,False,False,False,,,False
gare,78233,Feucherolles,commune,,3043,osm_townhall,1.974,48.874,16.116,27.854,79.000,87.000,98.000,19.000,,20.473,11.115,134.000,275.500,141.500,0.364,26.359,4.249,3.000,False,False,False,,,False
gare,78123,Carrières-sous-Poissy,commune,,20825,osm_townhall,2.034,48.944,16.195,25.280,61.000,66.000,69.000,8.000,,26.437,14.723,135.000,130.500,-4.500,-0.012,-4.398,2.497,3.000,False,False,False,,,False
gare,95555,Saint-Gratien,commune,,21336,osm_townhall,2.283,48.971,16.337,13.687,63.000,66.000,69.000,6.000,,27.097,14.852,136.000,130.500,-5.500,-0.014,-4.858,2.436,2.000,False,False,False,,,False
gare,95424,Montigny-lès-Cormeilles,commune,,22457,osm_townhall,2.188,48.988,16.598,18.941,77.000,80.000,85.000,8.000,,32.198,12.448,137.000,230.000,93.000,0.239,14.323,2.485,2.000,False,False,False,,,False
gare,93061,Le Pré-Saint-Gervais,commune,,16993,osm_townhall,2.403,48.883,16.628,4.727,59.000,62.000,64.000,5.000,,33.010,16.092,138.000,110.000,-28.000,-0.072,-11.489,1.878,2.000,False,False,False,,,False
gare,93001,Aubervilliers,commune,,88365,osm_townhall,2.382,48.915,16.643,6.820,55.000,57.000,60.000,5.000,,27.915,17.519,139.000,81.500,-57.500,-0.148,-18.666,2.042,2.000,False,False,False,,,False
gare,93066,Saint-Denis,commune,,149077,osm_townhall,2.358,48.936,16.648,8.882,52.000,54.000,57.000,5.000,,28.178,18.498,140.000,74.000,-66.000,-0.170,-22.960,1.916,3.000,False,False,False,,,False
gare,95252,Franconville,commune,,37754,osm_townhall,2.230,48.986,16.742,16.994,72.000,74.000,77.000,5.000,,29.502,13.575,141.000,188.500,47.500,0.122,5.247,2.508,3.000,False,False,False,,,False
gare,95306,Herblay-sur-Seine,commune,,31779,osm_townhall,2.165,48.990,16.928,20.217,66.000,70.000,75.000,9.000,,32.967,14.510,142.000,162.500,20.500,0.053,-1.047,2.123,2.000,False,False,False,,,False
gare,78575,Saint-Rémy-lès-Chevreuse,commune,,7747,osm_townhall,2.073,48.706,16.936,26.509,84.000,88.000,92.000,8.000,,31.283,11.547,143.000,281.000,138.000,0.355,24.368,2.813,2.000,False,False,False,,,False
gare,94018,Charenton-le-Pont,commune,,28830,osm_townhall,2.416,48.820,16.984,6.201,58.000,61.000,63.000,5.000,,32.915,16.706,144.000,103.500,-40.500,-0.104,-13.925,1.853,2.000,False,False,False,,,False
gare,93055,Pantin,commune,,61929,osm_townhall,2.401,48.897,17.045,5.754,40.000,43.000,47.000,7.000,,32.325,23.784,145.000,32.500,-112.500,-0.289,-39.444,1.330,1.000,False,False,False,,,False
gare,78561,Saint-Lambert,commune,,447,osm_townhall,2.020,48.731,17.081,28.121,,,,,,24.623,,,,,,,,,False,False,False,,,False
gare,94067,Saint-Mandé,commune,,21071,osm_townhall,2.419,48.843,17.082,5.105,49.000,52.000,54.000,5.000,,33.190,19.710,146.000,68.000,-78.000,-0.201,-26.857,1.567,2.000,False,False,False,,,False
gare,95210,Enghien-les-Bains,commune,,11432,osm_townhall,2.307,48.970,17.084,13.050,58.000,61.000,65.000,7.000,,29.852,16.804,147.000,103.500,-43.500,-0.112,-14.204,2.043,2.000,False,False,False,,,False
gare,94073,Thiais,commune,,32918,osm_townhall,2.391,48.764,17.147,10.640,74.000,77.000,80.000,6.000,,28.568,13.362,148.000,204.500,56.500,0.145,8.081,2.695,3.000,False,False,False,,,False
gare,93006,Bagnolet,commune,,43086,osm_townhall,2.417,48.869,17.218,4.903,59.000,61.000,64.000,5.000,,35.443,16.936,149.000,103.500,-45.500,-0.117,-14.572,1.721,2.000,False,False,False,,,False
gare,91587,Saulx-les-Chartreux,commune,,6733,osm_townhall,2.264,48.691,17.313,19.461,95.000,101.000,106.000,11.000,,29.652,10.285,150.000,335.000,185.000,0.476,41.019,3.406,3.000,False,False,False,,,False
gare,93045,Les Lilas,commune,,23843,osm_townhall,2.416,48.879,17.435,5.305,52.000,55.000,57.000,5.000,,35.287,19.020,151.000,77.000,-74.000,-0.190,-23.503,1.559,3.000,False,False,False,,,False
gare,91692,Les Ulis,commune,,25886,osm_townhall,2.170,48.681,17.487,23.622,79.000,86.000,92.000,13.000,,28.295,12.200,152.000,269.000,117.000,0.301,19.418,3.039,3.000,False,False,False,,,False
gare,94002,Alfortville,commune,,45531,osm_townhall,2.420,48.805,17.552,7.545,50.000,52.000,56.000,6.000,,33.967,20.253,153.000,68.000,-85.000,-0.219,-27.942,1.531,2.000,False,False,False,,,False
gare,91161,Chilly-Mazarin,commune,,20443,osm_townhall,2.313,48.703,17.718,17.360,91.000,94.000,97.000,6.000,,28.933,11.310,154.000,311.000,157.000,0.404,29.584,3.249,4.000,True,False,False,,,False
gare,91666,Villejust,commune,,2558,osm_townhall,2.237,48.682,17.732,21.142,84.000,89.000,93.000,9.000,,30.720,11.954,155.000,289.000,134.000,0.344,22.639,2.897,3.000,False,False,False,,,False
gare,78490,Plaisir,commune,,31811,osm_townhall,1.947,48.817,17.749,30.090,68.000,75.000,83.000,15.000,,20.502,14.200,156.000,193.500,37.500,0.096,3.292,3.658,2.000,False,False,False,,,False
gare,94069,Saint-Maurice,commune,,14506,osm_townhall,2.427,48.818,17.766,6.903,67.000,70.000,72.000,5.000,,30.688,15.228,157.000,162.500,5.500,0.014,-3.644,2.281,3.000,False,False,False,,,False
gare,78672,Villennes-sur-Seine,commune,,5952,osm_townhall,1.999,48.940,17.831,27.547,54.000,62.000,69.000,15.000,,21.330,17.256,158.000,110.000,-48.000,-0.123,-14.828,2.907,2.000,False,False,False,,,False
gare,93027,La Courneuve,commune,,47167,osm_townhall,2.390,48.927,17.839,8.277,53.000,56.000,58.000,5.000,,27.550,19.114,159.000,79.000,-80.000,-0.206,-23.089,2.033,2.000,False,False,False,,,False
gare,95219,Ermont,commune,,29489,osm_townhall,2.259,48.992,17.876,16.559,67.000,70.000,74.000,7.000,,30.327,15.323,160.000,162.500,2.500,0.006,-3.971,2.308,3.000,False,False,False,,,False
gare,93079,Villetaneuse,commune,,12530,osm_townhall,2.344,48.961,17.884,11.671,58.000,60.000,63.000,5.000,,29.427,17.884,161.000,94.500,-66.500,-0.171,-17.708,2.039,3.000,False,False,False,,,False
gare,78466,Orgeval,commune,,7252,osm_townhall,1.975,48.918,17.897,28.543,76.000,79.000,87.000,11.000,,21.498,13.593,162.000,221.500,59.500,0.153,8.307,3.675,2.000,False,False,False,,,False
gare,78160,Chevreuse,commune,,5502,osm_townhall,2.044,48.707,17.924,28.061,81.000,89.000,100.000,19.000,,31.697,12.083,163.000,289.000,126.000,0.324,21.916,2.808,2.000,False,False,False,,,False
gare,91345,Longjumeau,commune,,21996,osm_townhall,2.296,48.694,17.926,18.505,85.000,89.000,93.000,8.000,,28.660,12.085,164.000,289.000,125.000,0.321,21.907,3.105,4.000,True,False,False,,,False
gare,78196,Davron,commune,,295,osm_townhall,1.944,48.865,18.034,29.976,,,,,,23.690,,,,,,,,,False,False,False,,,False
gare,91275,Gometz-le-Châtel,commune,,2630,osm_townhall,2.138,48.678,18.147,25.307,103.000,112.000,120.000,17.000,,32.098,9.722,165.000,367.000,202.000,0.519,52.380,3.489,4.000,True,False,False,,,False
gare,91432,Morangis,commune,,14129,osm_townhall,2.332,48.706,18.251,16.842,92.000,95.000,99.000,7.000,,29.822,11.527,166.000,313.500,147.500,0.379,28.845,3.186,4.000,True,False,False,,,False
gare,95203,Eaubonne,commune,,26211,osm_townhall,2.280,48.991,18.310,15.908,65.000,68.000,72.000,7.000,,31.173,16.156,167.000,147.500,-19.500,-0.050,-7.939,2.181,3.000,False,False,False,,,False
gare,94046,Maisons-Alfort,commune,,56799,osm_townhall,2.431,48.801,18.398,8.416,48.000,51.000,55.000,7.000,,34.512,21.644,168.000,64.000,-104.000,-0.267,-31.135,1.478,2.000,False,False,False,,,False
gare,94022,Choisy-le-Roi,commune,,45946,osm_townhall,2.410,48.762,18.431,11.258,64.000,66.000,70.000,6.000,,29.203,16.756,169.000,130.500,-38.500,-0.099,-10.970,2.260,3.000,False,False,False,,,False
gare,95197,Deuil-la-Barre,commune,,23099,osm_townhall,2.328,48.975,18.433,13.331,64.000,67.000,72.000,8.000,,34.027,16.508,170.000,138.500,-31.500,-0.081,-9.627,1.969,2.000,False,False,False,,,False
gare,95491,Le Plessis-Bouchard,commune,,8518,osm_townhall,2.235,49.001,18.455,18.264,72.000,75.000,78.000,6.000,,31.585,14.764,171.000,193.500,22.500,0.058,1.100,2.375,3.000,False,False,False,,,False
gare,78015,Andrésy,commune,,13834,osm_townhall,2.061,48.982,18.476,25.565,63.000,67.000,72.000,9.000,,32.373,16.546,172.000,138.500,-33.500,-0.086,-9.741,2.070,3.000,False,False,False,,,False
gare,95598,Soisy-sous-Montmorency,commune,,18008,osm_townhall,2.300,48.987,18.541,15.060,66.000,70.000,73.000,7.000,,30.070,15.892,173.000,162.500,-10.500,-0.027,-5.881,2.328,3.000,False,False,False,,,False
gare,78172,Conflans-Sainte-Honorine,commune,,36958,osm_townhall,2.095,48.994,18.566,24.313,60.000,65.000,71.000,11.000,,32.838,17.138,174.000,124.000,-50.000,-0.129,-12.669,1.979,3.000,False,False,False,,,False
gare,94080,Vincennes,commune,,48193,osm_townhall,2.440,48.848,18.615,6.477,46.000,49.000,51.000,5.000,,35.522,22.794,175.000,59.000,-116.000,-0.298,-34.262,1.379,1.000,False,False,False,,,False
gare,91560,Saint-Jean-de-Beauregard,commune,,471,osm_townhall,2.168,48.670,18.819,24.824,99.000,104.000,108.000,9.000,,29.653,10.857,176.000,346.500,170.500,0.438,38.689,3.507,4.000,True,False,False,,,False
gare,93048,Montreuil,commune,,111934,osm_townhall,2.441,48.862,18.863,6.526,51.000,53.000,56.000,5.000,,38.897,21.354,177.000,71.500,-105.500,-0.271,-29.411,1.363,2.000,False,False,False,,,False
gare,78384,Médan,commune,,1289,osm_townhall,1.996,48.953,18.902,28.246,72.000,79.000,84.000,12.000,,24.287,14.356,178.000,221.500,43.500,0.112,5.097,3.253,2.000,False,False,False,,,False
gare,94054,Orly,commune,,24658,osm_townhall,2.401,48.743,18.961,13.083,71.000,73.000,76.000,5.000,,31.400,15.585,179.000,183.000,4.000,0.010,-3.052,2.325,3.000,False,False,False,,,False
gare,93063,Romainville,commune,,37152,osm_townhall,2.435,48.885,18.971,6.864,61.000,64.000,66.000,5.000,,37.803,17.785,180.000,118.500,-61.500,-0.158,-15.029,1.693,3.000,False,False,False,,,False
gare,78644,La Verrière,commune,,5994,osm_townhall,1.958,48.758,19.054,31.003,62.000,66.000,71.000,9.000,,22.773,17.322,181.000,130.500,-50.500,-0.130,-12.583,2.898,2.000,False,False,False,,,False
gare,91274,Gometz-la-Ville,commune,,1536,osm_townhall,2.125,48.672,19.071,26.476,101.000,112.000,122.000,21.000,,32.160,10.216,182.000,367.000,185.000,0.476,48.271,3.483,4.000,True,False,False,,,False
gare,78208,Élancourt,commune,,26365,osm_townhall,1.949,48.768,19.097,31.200,64.000,68.000,73.000,9.000,,21.915,16.850,183.000,147.500,-35.500,-0.091,-10.046,3.103,2.000,False,False,False,,,False
gare,91479,Paray-Vieille-Poste,commune,,8202,osm_townhall,2.364,48.713,19.099,15.997,88.000,91.000,93.000,5.000,,30.910,12.593,184.000,299.500,115.500,0.297,20.373,2.944,3.000,False,False,False,,,False
gare,95427,Montmagny,commune,,15105,osm_townhall,2.346,48.975,19.166,13.198,62.000,66.000,70.000,8.000,,31.893,17.424,185.000,130.500,-54.500,-0.140,-12.865,2.069,2.000,False,False,False,,,False
gare,95051,Beauchamp,commune,,9849,osm_townhall,2.200,49.012,19.283,20.563,70.000,73.000,76.000,6.000,,33.335,15.849,186.000,183.000,-3.000,-0.008,-3.945,2.190,2.000,False,False,False,,,False
gare,78138,Chanteloup-les-Vignes,commune,,10861,osm_townhall,2.030,48.978,19.338,27.242,74.000,77.000,81.000,7.000,,29.162,15.068,187.000,204.500,17.500,0.045,1.159,2.640,3.000,False,False,False,,,False
gare,93072,Stains,commune,,41388,osm_townhall,2.383,48.955,19.393,11.236,66.000,69.000,73.000,7.000,,31.498,16.864,188.000,155.000,-33.000,-0.085,-9.494,2.191,4.000,True,False,False,,,False
gare,95428,Montmorency,commune,,21763,osm_townhall,2.321,48.989,19.477,14.985,73.000,78.000,82.000,9.000,,35.092,14.982,189.000,213.000,24.000,0.062,2.069,2.223,3.000,False,False,False,,,False
gare,95574,Saint-Prix,commune,,7612,osm_townhall,2.262,49.007,19.513,17.955,77.000,81.000,85.000,8.000,,33.117,14.454,190.000,236.500,46.500,0.120,5.886,2.446,3.000,False,False,False,,,False
gare,95369,Margency,commune,,3012,osm_townhall,2.287,49.001,19.564,16.798,77.000,80.000,83.000,6.000,,33.370,14.673,191.000,230.000,39.000,0.100,4.429,2.397,3.000,False,False,False,,,False
gare,91044,Ballainvilliers,commune,,4904,osm_townhall,2.290,48.676,19.580,20.562,94.000,99.000,107.000,13.000,,32.985,11.867,192.000,323.000,131.000,0.337,29.174,3.001,4.000,True,False,False,,,False
gare,78383,Maurepas,commune,,20629,osm_townhall,1.945,48.762,19.636,31.683,60.000,63.000,67.000,7.000,,21.790,18.701,193.000,113.500,-79.500,-0.204,-17.929,2.891,2.000,False,False,False,,,False
gare,78615,Thiverval-Grignon,commune,,1023,osm_townhall,1.918,48.850,19.768,31.912,82.000,104.000,127.000,45.000,,25.662,11.404,194.000,346.500,152.500,0.392,34.986,4.053,3.000,False,False,False,,,False
gare,78382,Maurecourt,commune,,4454,osm_townhall,2.063,48.997,19.789,26.334,66.000,70.000,73.000,7.000,,34.445,16.962,195.000,162.500,-32.500,-0.084,-9.199,2.032,2.000,False,False,False,,,False
gare,78189,Crespières,commune,,1719,osm_townhall,1.924,48.882,19.866,31.570,,,,,,24.657,,,,,,,,,False,False,False,,,False
gare,94077,Villeneuve-le-Roi,commune,,21000,osm_townhall,2.408,48.735,19.891,14.074,78.000,80.000,83.000,5.000,,32.318,14.918,196.000,230.000,34.000,0.087,3.480,2.475,3.000,False,False,False,,,False
gare,78397,Le Mesnil-Saint-Denis,commune,,7276,osm_townhall,1.960,48.740,19.901,31.590,69.000,73.000,78.000,9.000,,25.717,16.357,197.000,183.000,-14.000,-0.036,-5.600,2.839,2.000,False,False,False,,,False
gare,78548,Saint-Forget,commune,,436,osm_townhall,1.993,48.710,20.109,30.991,87.000,95.000,106.000,19.000,,28.797,12.700,198.000,313.500,115.500,0.297,22.149,3.299,2.000,False,False,False,,,False
gare,95288,Groslay,commune,,8453,osm_townhall,2.346,48.987,20.232,14.521,67.000,70.000,75.000,8.000,,35.802,17.342,199.000,162.500,-36.500,-0.094,-10.299,1.955,3.000,False,False,False,,,False
gare,91458,Nozay,commune,,4471,osm_townhall,2.243,48.660,20.251,23.278,87.000,92.000,96.000,9.000,,32.777,13.207,200.000,305.500,105.500,0.271,17.834,2.807,3.000,False,False,False,,,False
gare,95426,Montlignon,commune,,3038,osm_townhall,2.285,49.009,20.282,17.652,83.000,87.000,93.000,10.000,,35.052,13.988,201.000,275.500,74.500,0.192,11.334,2.482,3.000,False,False,False,,,False
gare,93053,Noisy-le-Sec,commune,,45510,osm_townhall,2.452,48.890,20.296,8.191,54.000,58.000,62.000,8.000,,34.650,20.996,202.000,86.500,-115.500,-0.297,-25.805,1.674,1.000,False,False,False,,,False
gare,91411,Les Molières,commune,,1975,osm_townhall,2.069,48.673,20.302,29.133,,,,,,37.797,,,,,,,,,False,False,False,,,False
gare,95014,Andilly,commune,,2742,osm_townhall,2.301,49.005,20.374,17.003,77.000,81.000,85.000,8.000,,35.823,15.092,203.000,236.500,33.500,0.086,3.398,2.261,3.000,False,False,False,,,False
gare,93008,Bobigny,commune,,56927,osm_townhall,2.445,48.906,20.405,8.754,62.000,65.000,67.000,5.000,,31.158,18.835,204.000,124.000,-80.000,-0.206,-17.094,2.086,2.000,False,False,False,,,False
gare,91093,Boullay-les-Troux,commune,,624,osm_townhall,2.050,48.678,20.449,29.793,,,,,,37.368,,,,,,,,,False,False,False,,,False
gare,93013,Le Bourget,commune,,15925,osm_townhall,2.425,48.935,20.498,10.194,55.000,58.000,60.000,5.000,,30.312,21.205,205.000,86.500,-118.500,-0.305,-26.209,1.913,2.000,False,False,False,,,False
gare,95563,Saint-Leu-la-Forêt,commune,,16138,osm_townhall,2.244,49.019,20.526,19.756,73.000,77.000,82.000,9.000,,33.627,15.994,206.000,204.500,-1.500,-0.004,-2.108,2.290,3.000,False,False,False,,,False
gare,91665,La Ville-du-Bois,commune,,8161,osm_townhall,2.269,48.661,20.617,22.572,100.000,107.000,114.000,14.000,,31.965,11.561,207.000,356.000,149.000,0.383,35.701,3.347,4.000,True,False,False,,,False
gare,95488,Pierrelaye,commune,,10130,osm_townhall,2.156,49.023,20.665,23.464,76.000,79.000,83.000,7.000,,35.433,15.695,208.000,221.500,13.500,0.035,0.062,2.230,2.000,False,False,False,,,False
gare,94042,Joinville-le-Pont,commune,,20525,osm_townhall,2.467,48.818,20.688,9.391,54.000,57.000,59.000,5.000,,34.485,21.777,209.000,81.500,-127.500,-0.328,-27.849,1.653,1.000,False,False,False,,,False
gare,94028,Créteil,commune,,93397,osm_townhall,2.453,48.778,20.707,11.443,72.000,75.000,79.000,7.000,,35.760,16.565,210.000,193.500,-16.500,-0.042,-5.110,2.097,3.000,False,False,False,,,False
gare,78624,Triel-sur-Seine,commune,,12206,osm_townhall,2.003,48.981,20.803,29.133,71.000,76.000,81.000,10.000,,28.618,16.424,211.000,198.500,-12.500,-0.032,-4.090,2.656,3.000,False,False,False,,,False
gare,91027,Athis-Mons,commune,,36613,osm_townhall,2.389,48.707,20.821,16.787,80.000,86.000,89.000,9.000,,32.782,14.526,212.000,269.000,57.000,0.147,8.478,2.623,4.000,True,False,False,,,False
gare,78193,Dampierre-en-Yvelines,commune,,1008,osm_townhall,1.986,48.705,20.910,31.768,96.000,104.000,115.000,19.000,,29.352,12.063,213.000,346.500,133.500,0.343,30.876,3.543,2.000,False,False,False,,,False
gare,78162,Choisel,commune,,540,osm_townhall,2.018,48.687,20.942,31.009,,,,,,33.705,,,,,,,,,False,False,False,,,False
gare,91216,Épinay-sur-Orge,commune,,10722,osm_townhall,2.324,48.673,21.017,20.542,79.000,84.000,89.000,10.000,,32.520,15.012,214.000,256.500,42.500,0.109,5.411,2.583,3.000,False,False,False,,,False
gare,78643,Vernouillet,commune,,9699,osm_townhall,1.983,48.973,21.087,29.979,66.000,70.000,74.000,8.000,,27.265,18.075,215.000,162.500,-52.500,-0.135,-12.319,2.567,2.000,False,False,False,,,False
gare,95607,Taverny,commune,,27593,osm_townhall,2.226,49.026,21.092,21.043,79.000,85.000,89.000,10.000,,33.462,14.888,216.000,262.500,46.500,0.120,6.457,2.540,3.000,False,False,False,,,False
gare,78550,Saint-Germain-de-la-Grange,commune,,1847,osm_townhall,1.899,48.834,21.111,33.378,118.000,140.000,163.000,45.000,,26.562,9.048,217.000,386.500,169.500,0.436,75.251,5.271,3.000,False,False,False,,,False
gare,91589,Savigny-sur-Orge,commune,,37601,osm_townhall,2.346,48.680,21.173,19.656,76.000,81.000,85.000,9.000,,31.608,15.684,218.000,236.500,18.500,0.048,1.232,2.563,3.000,False,False,False,,,False
gare,94033,Fontenay-sous-Bois,commune,,53757,osm_townhall,2.475,48.849,21.175,8.999,60.000,62.000,65.000,5.000,,40.590,20.492,219.000,110.000,-109.000,-0.280,-22.518,1.527,1.000,False,False,False,,,False
gare,93029,Drancy,commune,,72390,osm_townhall,2.445,48.923,21.186,10.075,62.000,65.000,67.000,5.000,,32.353,19.556,220.000,124.000,-96.000,-0.247,-18.791,2.009,3.000,False,False,False,,,False
gare,78431,Morainvilliers,commune,,3120,osm_townhall,1.932,48.929,21.194,31.849,83.000,86.000,92.000,9.000,,24.417,14.787,221.000,269.000,48.000,0.123,7.422,3.522,2.000,False,False,False,,,False
gare,95218,Éragny-sur-Oise,commune,,18436,osm_townhall,2.091,49.019,21.298,26.371,65.000,68.000,71.000,6.000,,33.513,18.792,222.000,147.500,-74.500,-0.192,-15.289,2.029,2.000,False,False,False,,,False
gare,78442,Neauphle-le-Château,commune,,3250,osm_townhall,1.899,48.814,21.303,33.642,75.000,79.000,86.000,11.000,,21.562,16.180,223.000,221.500,-1.500,-0.004,-1.600,3.664,3.000,False,False,False,,,False
gare,93030,Dugny,commune,,11700,osm_townhall,2.417,48.955,21.352,11.990,70.000,73.000,75.000,5.000,,32.460,17.550,224.000,183.000,-41.000,-0.105,-9.188,2.249,3.000,False,False,False,,,False
gare,91326,Juvisy-sur-Orge,commune,,19292,osm_townhall,2.372,48.691,21.366,18.488,71.000,75.000,79.000,8.000,,34.708,17.093,225.000,193.500,-31.500,-0.081,-6.734,2.161,3.000,False,False,False,,,False
gare,78010,Les Alluets-le-Roi,commune,,1390,osm_townhall,1.919,48.914,21.369,32.453,,,,,,25.593,,,,,,,,,False,False,False,,,False
gare,78321,Jouars-Pontchartrain,commune,,6039,osm_townhall,1.901,48.802,21.371,33.713,75.000,80.000,86.000,11.000,,20.438,16.028,226.000,230.000,4.000,0.010,-0.528,3.914,3.000,False,False,False,,,False
gare,91319,Janvry,commune,,654,osm_townhall,2.156,48.647,21.412,27.404,,,,,,35.698,,,,,,,,,False,False,False,,,False
gare,94001,Ablon-sur-Seine,commune,,5988,osm_townhall,2.422,48.725,21.414,15.491,73.000,77.000,81.000,8.000,,34.673,16.686,227.000,204.500,-22.500,-0.058,-4.365,2.221,3.000,False,False,False,,,False
gare,95450,Neuville-sur-Oise,commune,,2058,osm_townhall,2.063,49.014,21.506,27.504,62.000,64.000,67.000,5.000,,35.882,20.162,228.000,118.500,-109.500,-0.281,-20.699,1.784,3.000,False,False,False,,,False
gare,95268,Garges-lès-Gonesse,commune,,41791,osm_townhall,2.401,48.972,21.597,13.304,69.000,71.000,75.000,6.000,,35.677,18.251,229.000,169.000,-60.000,-0.154,-12.228,1.990,3.000,False,False,False,,,False
gare,95539,Saint-Brice-sous-Forêt,commune,,15063,osm_townhall,2.357,48.998,21.681,15.706,64.000,68.000,75.000,11.000,,36.300,19.130,230.000,147.500,-82.500,-0.212,-16.117,1.873,3.000,False,False,False,,,False
gare,78683,Villiers-Saint-Frédéric,commune,,3395,osm_townhall,1.891,48.820,21.772,34.096,81.000,88.000,95.000,14.000,,24.010,14.844,231.000,281.000,50.000,0.129,8.305,3.665,3.000,False,False,False,,,False
gare,91685,Villiers-sur-Orge,commune,,4545,osm_townhall,2.300,48.657,21.784,22.458,87.000,93.000,99.000,12.000,,34.822,14.054,232.000,309.500,77.500,0.199,14.422,2.671,3.000,False,False,False,,,False
gare,78334,Lévis-Saint-Nom,commune,,1603,osm_townhall,1.949,48.721,21.795,33.260,,,,,,29.915,,,,,,,,,False,False,False,,,False
gare,91363,Marcoussis,commune,,8618,osm_townhall,2.231,48.643,21.992,25.379,95.000,100.000,104.000,9.000,,36.297,13.195,233.000,329.000,96.000,0.247,22.395,2.755,4.000,True,False,False,,,False
gare,78642,Verneuil-sur-Seine,commune,,16280,osm_townhall,1.975,48.979,22.008,30.818,66.000,72.000,76.000,10.000,,27.195,18.340,234.000,174.500,-59.500,-0.153,-11.912,2.648,2.000,False,False,False,,,False
gare,78168,Coignières,commune,,4321,osm_townhall,1.918,48.748,22.176,34.148,74.000,78.000,87.000,13.000,,24.232,17.058,235.000,213.000,-22.000,-0.057,-4.970,3.219,2.000,False,False,False,,,False
gare,95323,Jouy-le-Moutier,commune,,17854,osm_townhall,2.047,49.016,22.202,28.527,68.000,72.000,76.000,8.000,,38.908,18.501,236.000,174.500,-61.500,-0.158,-12.335,1.851,3.000,False,False,False,,,False
gare,91667,Villemoisson-sur-Orge,commune,,7332,osm_townhall,2.330,48.662,22.271,21.692,84.000,89.000,94.000,10.000,,33.432,15.014,237.000,289.000,52.000,0.134,8.178,2.662,3.000,False,False,False,,,False
gare,94068,Saint-Maur-des-Fossés,commune,,76572,osm_townhall,2.485,48.803,22.293,11.425,59.000,61.000,64.000,5.000,,38.800,21.928,238.000,103.500,-134.500,-0.346,-25.897,1.572,1.000,False,False,False,,,False
gare,94052,Nogent-sur-Marne,commune,,32455,osm_townhall,2.492,48.839,22.388,10.381,63.000,66.000,69.000,6.000,,38.277,20.353,239.000,130.500,-108.500,-0.279,-20.010,1.724,2.000,False,False,False,,,False
gare,95060,Bessancourt,commune,,8869,osm_townhall,2.217,49.039,22.389,22.566,84.000,91.000,97.000,13.000,,35.630,14.762,240.000,299.500,59.500,0.153,10.287,2.554,3.000,False,False,False,,,False
gare,93064,Rosny-sous-Bois,commune,,47180,osm_townhall,2.488,48.872,22.442,10.098,56.000,58.000,61.000,5.000,,37.998,23.215,241.000,86.500,-154.500,-0.397,-29.798,1.526,2.000,False,False,False,,9.000,False
gare,95489,Piscop,commune,,768,osm_townhall,2.343,49.012,22.477,17.337,88.000,95.000,106.000,18.000,,39.865,14.196,242.000,313.500,71.500,0.184,14.885,2.383,3.000,False,False,False,,,False
gare,95585,Sarcelles,commune,,59173,osm_townhall,2.378,48.997,22.597,15.802,67.000,72.000,76.000,9.000,,38.772,18.831,243.000,174.500,-68.500,-0.176,-13.184,1.857,2.000,False,False,False,,,False
gare,78590,Senlisse,commune,,511,osm_townhall,1.982,48.687,22.601,33.143,,,,,,33.290,,,,,,,,,False,False,False,,,False
gare,94078,Villeneuve-Saint-Georges,commune,,36221,osm_townhall,2.448,48.731,22.610,15.623,83.000,86.000,88.000,5.000,,37.677,15.775,244.000,269.000,25.000,0.064,3.664,2.283,3.000,False,False,False,,,False
gare,93010,Bondy,commune,,50595,osm_townhall,2.481,48.902,22.751,10.717,63.000,67.000,70.000,7.000,,34.688,20.374,245.000,138.500,-106.500,-0.274,-19.513,1.931,1.000,False,False,False,,,False
gare,78206,Ecquevilly,commune,,4279,osm_townhall,1.924,48.949,22.842,33.051,74.000,78.000,88.000,14.000,,23.247,17.571,246.000,213.000,-33.000,-0.085,-6.505,3.355,2.000,False,False,False,,,False
gare,91338,Limours,commune,,6517,osm_townhall,2.077,48.646,22.870,30.956,111.000,122.000,140.000,29.000,,39.095,11.248,247.000,379.500,132.500,0.341,46.136,3.121,4.000,True,False,False,,,False
gare,91657,Vigneux-sur-Seine,commune,,31466,osm_townhall,2.417,48.700,22.874,18.008,71.000,75.000,81.000,10.000,,41.620,18.299,248.000,193.500,-54.500,-0.140,-10.170,1.802,3.000,False,False,False,,,False
gare,91434,Morsang-sur-Orge,commune,,21667,osm_townhall,2.346,48.662,22.878,21.648,86.000,91.000,98.000,12.000,,32.455,15.084,249.000,299.500,50.500,0.130,8.983,2.804,4.000,True,False,False,,,False
gare,78062,Beynes,commune,,7704,osm_townhall,1.876,48.856,22.888,34.976,84.000,101.000,117.000,33.000,,29.013,13.597,250.000,335.000,85.000,0.219,20.929,3.481,3.000,False,False,False,,,False
gare,91347,Longpont-sur-Orge,commune,,6482,osm_townhall,2.293,48.642,23.142,24.185,95.000,99.000,103.000,8.000,,36.755,14.025,251.000,323.000,72.000,0.185,17.818,2.694,3.000,False,False,False,,,False
gare,91687,Viry-Châtillon,commune,,30838,osm_townhall,2.375,48.671,23.172,20.644,77.000,81.000,85.000,8.000,,33.868,17.165,252.000,236.500,-15.500,-0.040,-3.673,2.392,4.000,True,False,False,,,False
gare,93007,Le Blanc-Mesnil,commune,,62376,osm_townhall,2.464,48.939,23.191,12.266,62.000,64.000,67.000,5.000,,35.160,21.742,253.000,118.500,-134.500,-0.346,-23.925,1.820,3.000,False,False,False,,,False
gare,94011,Bonneuil-sur-Marne,commune,,18270,osm_townhall,2.487,48.774,23.225,13.474,74.000,77.000,81.000,7.000,,38.142,18.098,254.000,204.500,-49.500,-0.127,-8.545,2.019,2.000,False,False,False,,,False
gare,78305,Herbeville,commune,,228,osm_townhall,1.887,48.906,23.232,34.589,,,,,,28.178,,,,,,,,,False,False,False,,,False
gare,94074,Valenton,commune,,14406,osm_townhall,2.470,48.744,23.283,15.147,75.000,79.000,82.000,7.000,,38.135,17.683,255.000,221.500,-33.500,-0.086,-6.299,2.072,3.000,False,False,False,,,False
gare,91425,Montlhéry,commune,,9772,osm_townhall,2.270,48.636,23.292,25.198,95.000,104.000,111.000,16.000,,35.758,13.437,256.000,346.500,90.500,0.233,23.329,2.908,4.000,True,False,False,,,False
gare,95199,Domont,commune,,16065,osm_townhall,2.327,49.027,23.392,19.106,70.000,74.000,81.000,11.000,,40.790,18.967,257.000,188.500,-68.500,-0.176,-12.455,1.814,3.000,False,False,False,,,False
gare,78140,Chapet,commune,,1331,osm_townhall,1.934,48.967,23.415,33.060,78.000,82.000,91.000,13.000,,25.253,17.133,258.000,243.500,-14.500,-0.037,-3.042,3.247,2.000,False,False,False,,,False
gare,93049,Neuilly-Plaisance,commune,,21941,osm_townhall,2.506,48.861,23.605,11.301,63.000,65.000,68.000,5.000,,41.363,21.789,259.000,124.000,-135.000,-0.347,-23.484,1.571,2.000,False,False,False,,,False
gare,94058,Le Perreux-sur-Marne,commune,,35260,osm_townhall,2.508,48.841,23.610,11.557,68.000,70.000,73.000,5.000,,39.882,20.238,260.000,162.500,-97.500,-0.251,-17.609,1.755,2.000,False,False,False,,,False
gare,91482,Pecqueuse,commune,,580,osm_townhall,2.048,48.647,23.622,32.326,133.000,144.000,162.000,29.000,,40.878,9.843,261.000,388.000,127.000,0.326,69.443,3.523,4.000,True,False,False,,,False
gare,95088,Bonneuil-en-France,commune,,1185,osm_townhall,2.433,48.976,23.642,14.514,80.000,86.000,90.000,10.000,,37.267,16.494,262.000,269.000,7.000,0.018,1.149,2.308,4.000,True,False,False,,,False
gare,91201,Draveil,commune,,30098,osm_townhall,2.406,48.683,23.655,19.725,78.000,83.000,88.000,10.000,,40.233,17.100,263.000,250.500,-12.500,-0.032,-2.409,2.063,4.000,True,False,False,,,False
gare,95572,Saint-Ouen-l'Aumône,commune,,25578,osm_townhall,2.106,49.044,23.658,27.613,76.000,79.000,82.000,6.000,,38.862,17.968,264.000,221.500,-42.500,-0.109,-7.119,2.033,3.000,False,False,False,,,False
gare,95256,Frépillon,commune,,3317,osm_townhall,2.206,49.051,23.698,24.165,83.000,88.000,94.000,11.000,,37.258,16.158,265.000,281.000,16.000,0.041,3.366,2.362,3.000,False,False,False,,,False
gare,94044,Limeil-Brévannes,commune,,27406,osm_townhall,2.480,48.749,23.759,15.179,79.000,82.000,85.000,6.000,,37.625,17.384,266.000,243.500,-22.500,-0.058,-3.817,2.179,3.000,False,False,False,,,False
gare,91339,Linas,commune,,7987,osm_townhall,2.267,48.631,23.770,25.813,95.000,100.000,105.000,10.000,,35.717,14.262,267.000,329.000,62.000,0.159,17.266,2.800,4.000,True,False,False,,,False
gare,78623,Le Tremblay-sur-Mauldre,commune,,930,osm_townhall,1.875,48.778,23.825,36.113,90.000,100.000,112.000,22.000,,25.118,14.295,268.000,329.000,61.000,0.157,17.116,3.981,2.000,False,False,False,,,False
gare,78443,Neauphle-le-Vieux,commune,,937,osm_townhall,1.864,48.815,23.846,36.177,76.000,82.000,92.000,16.000,,25.578,17.448,269.000,243.500,-25.500,-0.066,-4.011,3.206,3.000,False,False,False,,,False
gare,95680,Villiers-le-Bel,commune,,30053,osm_townhall,2.388,49.008,23.914,17.010,77.000,81.000,85.000,8.000,,38.415,17.714,270.000,236.500,-33.500,-0.086,-5.329,2.109,4.000,True,False,False,,,False
gare,94017,Champigny-sur-Marne,commune,,78072,osm_townhall,2.511,48.813,23.976,12.572,64.000,67.000,70.000,6.000,,39.620,21.471,271.000,138.500,-132.500,-0.341,-21.805,1.691,1.000,False,False,False,,,False
gare,95019,Arnouville,commune,,15023,osm_townhall,2.421,48.990,24.040,15.638,69.000,72.000,76.000,7.000,,39.362,20.033,272.000,174.500,-97.500,-0.251,-16.092,1.829,3.000,False,False,False,,,False
gare,93077,Villemomble,commune,,29795,osm_townhall,2.508,48.882,24.074,11.751,65.000,69.000,72.000,7.000,,38.338,20.934,273.000,155.000,-118.000,-0.303,-19.650,1.800,1.000,False,False,False,,,False
gare,91191,Crosne,commune,,9610,osm_townhall,2.458,48.716,24.120,17.385,85.000,89.000,93.000,8.000,,39.893,16.261,274.000,289.000,15.000,0.039,3.530,2.231,2.000,False,False,False,,,False
gare,78576,Saint-Rémy-l'Honoré,commune,,1689,osm_townhall,1.882,48.756,24.189,36.333,94.000,104.000,116.000,22.000,,28.660,13.955,275.000,346.500,71.500,0.184,20.789,3.629,2.000,False,False,False,,,False
gare,91111,Briis-sous-Forges,commune,,3342,osm_townhall,2.124,48.625,24.192,30.752,95.000,100.000,106.000,11.000,,40.535,14.515,276.000,329.000,53.000,0.136,16.134,2.467,3.000,False,False,False,,,False
gare,95091,Bouffémont,commune,,6593,osm_townhall,2.299,49.043,24.228,21.133,81.000,,,,,44.227,,,,,,,,,False,False,False,,,False
gare,78128,Cernay-la-Ville,commune,,1516,osm_townhall,1.971,48.673,24.232,34.632,,,,,,35.722,,,,,,,,,False,False,False,,,False
gare,91249,Forges-les-Bains,commune,,4241,osm_townhall,2.100,48.628,24.238,31.462,,,,,,43.772,,,,,,,,,False,False,False,,,False
gare,91549,Sainte-Geneviève-des-Bois,commune,,35438,osm_townhall,2.327,48.641,24.296,24.073,92.000,97.000,105.000,13.000,,37.215,15.029,277.000,318.000,41.000,0.105,12.384,2.606,4.000,True,False,False,,,False
gare,95061,Béthemont-la-Forêt,commune,,435,osm_townhall,2.252,49.053,24.321,23.061,,,,,,41.780,,,,,,,,,False,False,False,,,False
gare,78368,Mareil-sur-Mauldre,commune,,1776,osm_townhall,1.866,48.894,24.353,35.963,94.000,115.000,127.000,33.000,,28.413,12.706,278.000,371.000,93.000,0.239,33.067,4.047,2.000,False,False,False,,,False
gare,95074,Boisemont,commune,,892,osm_townhall,2.002,49.021,24.400,31.543,92.000,95.000,99.000,7.000,,38.585,15.411,279.000,313.500,34.500,0.089,9.808,2.462,3.000,False,False,False,,,False
gare,94015,Bry-sur-Marne,commune,,18503,osm_townhall,2.520,48.835,24.452,12.487,68.000,70.000,74.000,6.000,,38.485,20.958,280.000,162.500,-117.500,-0.302,-19.182,1.819,1.000,False,False,False,,,False
gare,95500,Pontoise,commune,,31970,osm_townhall,2.101,49.051,24.458,28.421,75.000,78.000,82.000,7.000,,39.690,18.814,281.000,213.000,-68.000,-0.175,-9.958,1.965,3.000,False,False,False,,,False
gare,91243,Fontenay-lès-Briis,commune,,2350,osm_townhall,2.156,48.619,24.463,30.069,109.000,,,,,36.968,,,,,,,,,False,False,False,,,False
gare,78415,Montainville,commune,,589,osm_townhall,1.860,48.882,24.472,36.267,,,,,,31.763,,,,,,,,,False,False,False,,,False
gare,95205,Écouen,commune,,7202,osm_townhall,2.379,49.018,24.486,18.126,71.000,75.000,81.000,10.000,,40.570,19.589,282.000,193.500,-88.500,-0.228,-13.476,1.849,3.000,False,False,False,,,False
gare,95637,Vauréal,commune,,16079,osm_townhall,2.021,49.030,24.521,31.015,75.000,78.000,81.000,6.000,,40.350,18.862,283.000,213.000,-70.000,-0.180,-10.086,1.933,2.000,False,False,False,,,False
gare,93057,Les Pavillons-sous-Bois,commune,,25804,osm_townhall,2.507,48.903,24.573,12.449,67.000,71.000,75.000,8.000,,37.062,20.766,284.000,169.000,-115.000,-0.296,-18.250,1.916,2.000,False,False,False,,,False
gare,91570,Saint-Michel-sur-Orge,commune,,21776,osm_townhall,2.303,48.630,24.667,25.415,85.000,90.000,95.000,10.000,,36.708,16.445,285.000,295.500,10.500,0.027,3.408,2.452,3.000,False,False,False,,,False
gare,95151,Chauvry,commune,,297,osm_townhall,2.267,49.054,24.704,22.872,,,,,,41.755,,,,,,,,,False,False,False,,,False
gare,78638,Vaux-sur-Seine,commune,,5202,osm_townhall,1.963,49.006,24.815,33.018,77.000,85.000,101.000,24.000,,34.330,17.517,286.000,262.500,-23.500,-0.060,-2.658,2.476,3.000,False,False,False,,,False
gare,78050,Bazoches-sur-Guyonne,commune,,721,osm_townhall,1.860,48.778,24.894,37.193,92.000,102.000,114.000,22.000,,24.305,14.644,287.000,339.500,52.500,0.135,16.607,4.197,2.000,False,False,False,,,False
gare,91286,Grigny,commune,,26842,osm_townhall,2.385,48.656,24.963,22.385,86.000,89.000,92.000,6.000,,34.028,16.829,288.000,289.000,1.000,0.003,1.591,2.615,3.000,False,False,False,,,False
gare,91421,Montgeron,commune,,24022,osm_townhall,2.461,48.704,25.082,18.719,77.000,81.000,85.000,8.000,,41.623,18.579,289.000,236.500,-52.500,-0.135,-7.783,1.946,2.000,False,False,False,,,False
gare,93062,Le Raincy,commune,,14735,osm_townhall,2.516,48.898,25.085,12.881,63.000,67.000,71.000,8.000,,38.175,22.464,290.000,138.500,-151.500,-0.389,-23.727,1.755,2.000,False,False,False,,,False
gare,95229,Ézanville,commune,,9858,osm_townhall,2.362,49.032,25.088,19.542,68.000,73.000,80.000,12.000,,41.905,20.621,291.000,183.000,-108.000,-0.278,-16.903,1.742,3.000,False,False,False,,,False
gare,95394,Méry-sur-Oise,commune,,9983,osm_townhall,2.185,49.064,25.145,26.195,93.000,100.000,106.000,13.000,,39.408,15.087,292.000,329.000,37.000,0.095,13.689,2.538,3.000,False,False,False,,,False
gare,93050,Neuilly-sur-Marne,commune,,39800,osm_townhall,2.528,48.857,25.181,12.915,62.000,65.000,68.000,6.000,,42.540,23.244,293.000,124.000,-169.000,-0.434,-26.160,1.528,2.000,False,False,False,,6.000,False
gare,78220,Les Essarts-le-Roi,commune,,6831,osm_townhall,1.895,48.718,25.307,37.012,82.000,89.000,105.000,23.000,,28.303,17.061,294.000,289.000,-5.000,-0.013,0.828,3.145,2.000,False,False,False,,,False
gare,93005,Aulnay-sous-Bois,commune,,87599,osm_townhall,2.500,48.934,25.349,13.861,61.000,64.000,66.000,5.000,,38.373,23.765,295.000,118.500,-176.500,-0.454,-27.561,1.668,2.000,False,False,False,,3.000,False
gare,91333,Leuville-sur-Orge,commune,,4271,osm_townhall,2.264,48.616,25.355,27.493,97.000,102.000,109.000,12.000,,36.727,14.915,296.000,339.500,43.500,0.112,15.434,2.777,4.000,True,False,False,,,False
gare,95277,Gonesse,commune,,27707,osm_townhall,2.450,48.986,25.369,16.121,80.000,84.000,88.000,8.000,,39.633,18.121,297.000,256.500,-40.500,-0.104,-4.966,2.119,3.000,False,False,False,,,False
gare,95678,Villiers-Adam,commune,,858,osm_townhall,2.235,49.064,25.380,24.672,93.000,100.000,109.000,16.000,,40.327,15.228,298.000,329.000,31.000,0.080,13.109,2.480,3.000,False,False,False,,,False
gare,78366,Mareil-le-Guyon,commune,,420,osm_townhall,1.847,48.790,25.487,37.822,109.000,119.000,131.000,22.000,,26.987,12.851,299.000,377.000,78.000,0.201,34.288,4.410,2.000,False,False,False,,,False
gare,95388,Menucourt,commune,,6184,osm_townhall,1.984,49.025,25.501,32.872,84.000,89.000,96.000,12.000,,38.170,17.192,300.000,289.000,-11.000,-0.028,0.405,2.332,3.000,False,False,False,,,False
gare,78090,Bouafle,commune,,2234,osm_townhall,1.897,48.966,25.522,35.533,87.000,92.000,97.000,10.000,,25.302,16.645,301.000,305.500,4.500,0.012,3.741,3.636,3.000,False,False,False,,,False
gare,78049,Bazemont,commune,,1727,osm_townhall,1.865,48.928,25.584,36.599,,,,,,31.682,,,,,,,,,False,False,False,,,False
gare,78588,Saulx-Marchais,commune,,950,osm_townhall,1.836,48.838,25.702,37.932,96.000,107.000,121.000,25.000,,31.075,14.412,302.000,356.000,54.000,0.139,20.190,3.443,3.000,False,False,False,,,False
gare,95183,Courdimanche,commune,,7311,osm_townhall,2.002,49.035,25.757,32.499,78.000,84.000,90.000,12.000,,39.873,18.398,303.000,256.500,-46.500,-0.120,-5.755,2.107,3.000,False,False,False,,,False
gare,95409,Moisselles,commune,,1261,osm_townhall,2.337,49.048,25.796,21.340,78.000,83.000,90.000,12.000,,41.352,18.648,304.000,250.500,-53.500,-0.138,-6.955,2.007,3.000,False,False,False,,,False
gare,95039,Auvers-sur-Oise,commune,,6863,osm_townhall,2.172,49.070,25.803,27.205,94.000,97.000,101.000,7.000,,42.318,15.960,305.000,318.000,13.000,0.033,8.723,2.292,3.000,False,False,False,,,False
gare,94019,Chennevières-sur-Marne,commune,,18710,osm_townhall,2.533,48.796,25.840,14.818,71.000,75.000,82.000,11.000,,44.462,20.672,306.000,193.500,-112.500,-0.289,-16.002,1.687,2.000,False,False,False,,,False
gare,94071,Sucy-en-Brie,commune,,27764,osm_townhall,2.524,48.771,25.903,15.789,73.000,76.000,79.000,6.000,,41.537,20.450,307.000,198.500,-108.500,-0.279,-14.997,1.830,2.000,False,False,False,,,False
gare,91691,Yerres,commune,,27906,osm_townhall,2.488,48.717,25.943,18.417,88.000,91.000,97.000,9.000,,43.817,17.105,308.000,299.500,-8.500,-0.022,1.694,2.077,3.000,False,False,False,,,False
gare,78653,Vicq,commune,,389,osm_townhall,1.835,48.815,25.962,38.287,89.000,97.000,104.000,15.000,,26.577,16.059,309.000,318.000,9.000,0.023,8.356,3.650,3.000,False,False,False,,,False
gare,94004,Boissy-Saint-Léger,commune,,17325,osm_townhall,2.513,48.748,26.010,16.865,76.000,79.000,82.000,6.000,,39.480,19.754,310.000,221.500,-88.500,-0.228,-11.841,2.001,1.000,False,False,False,,,False
gare,78380,Maule,commune,,6083,osm_townhall,1.848,48.909,26.032,37.443,101.000,122.000,133.000,32.000,,32.595,12.803,311.000,379.500,68.500,0.176,36.079,3.743,2.000,False,False,False,,,False
gare,94079,Villiers-sur-Marne,commune,,33162,osm_townhall,2.541,48.826,26.044,14.227,64.000,67.000,70.000,6.000,,41.335,23.323,312.000,138.500,-173.500,-0.446,-25.286,1.621,2.000,False,False,False,,5.000,False
gare,93032,Gagny,commune,,42313,osm_townhall,2.537,48.885,26.203,13.874,65.000,68.000,72.000,7.000,,41.517,23.120,313.000,147.500,-165.500,-0.425,-24.425,1.638,2.000,False,False,False,,7.000,False
gare,95127,Cergy,commune,,70906,osm_townhall,2.035,49.052,26.262,31.857,60.000,63.000,66.000,6.000,,41.715,25.012,314.000,113.500,-200.500,-0.515,-30.069,1.510,2.000,False,False,False,,2.000,False
gare,78227,Évecquemont,commune,,754,osm_townhall,1.944,49.014,26.392,34.667,99.000,110.000,121.000,22.000,,33.152,14.396,315.000,362.000,47.000,0.121,21.770,3.318,4.000,True,False,False,,,False
gare,91235,Fleury-Mérogis,commune,,13721,osm_townhall,2.361,48.630,26.481,25.188,93.000,99.000,104.000,11.000,,38.903,16.049,316.000,323.000,7.000,0.018,9.391,2.545,4.000,True,False,False,,,False
gare,91521,Ris-Orangis,commune,,31189,osm_townhall,2.416,48.654,26.566,23.005,86.000,91.000,98.000,12.000,,39.557,17.516,317.000,299.500,-17.500,-0.045,0.373,2.300,4.000,True,False,False,,,False
gare,95042,Baillet-en-France,commune,,2021,osm_townhall,2.300,49.065,26.579,23.540,88.000,92.000,98.000,10.000,,45.727,17.334,318.000,305.500,-12.500,-0.032,1.450,2.012,2.000,False,False,False,,,False
gare,78440,Les Mureaux,commune,,34632,osm_townhall,1.909,48.993,26.651,35.876,66.000,70.000,76.000,10.000,,25.713,22.843,319.000,162.500,-156.500,-0.402,-22.924,2.722,2.000,False,False,False,,8.000,False
gare,94055,Ormesson-sur-Marne,commune,,10977,osm_townhall,2.541,48.786,26.658,15.895,77.000,80.000,83.000,6.000,,43.553,19.993,320.000,230.000,-90.000,-0.231,-11.927,1.837,2.000,False,False,False,,,False
gare,91634,Vaugrigneuse,commune,,1458,osm_townhall,2.121,48.603,26.663,32.973,,,,,,41.657,,,,,,,,,False,False,False,,,False
gare,91103,Brétigny-sur-Orge,commune,,26658,osm_townhall,2.306,48.611,26.716,27.447,84.000,89.000,94.000,10.000,,38.865,18.011,321.000,289.000,-32.000,-0.082,-2.137,2.290,3.000,False,False,False,,,False
gare,95392,Mériel,commune,,5347,osm_townhall,2.205,49.079,26.795,27.008,84.000,89.000,95.000,11.000,,41.863,18.064,322.000,289.000,-33.000,-0.085,-2.295,2.126,4.000,True,False,False,,,False
gare,78030,Auffargis,commune,,1963,osm_townhall,1.887,48.700,26.819,38.336,99.000,109.000,117.000,18.000,,31.010,14.763,323.000,359.500,36.500,0.094,19.603,3.515,3.000,False,False,False,,,False
gare,93051,Noisy-le-Grand,commune,,72978,osm_townhall,2.553,48.849,26.889,14.700,65.000,68.000,71.000,6.000,,42.193,23.726,324.000,147.500,-176.500,-0.454,-25.493,1.612,1.000,False,False,False,,4.000,False
gare,95476,Osny,commune,,17954,osm_townhall,2.062,49.066,26.941,31.597,79.000,82.000,85.000,6.000,,43.855,19.713,325.000,243.500,-81.500,-0.210,-10.248,1.870,3.000,False,False,False,,,False
gare,95028,Attainville,commune,,1904,osm_townhall,2.345,49.057,26.958,22.315,81.000,87.000,96.000,15.000,,44.505,18.592,326.000,275.500,-50.500,-0.130,-4.809,1.955,3.000,False,False,False,,,False
gare,78034,Auteuil,commune,,1020,osm_townhall,1.819,48.841,26.993,39.206,100.000,111.000,126.000,26.000,,29.538,14.591,327.000,364.500,37.500,0.096,21.364,3.758,3.000,False,False,False,,,False
gare,78238,Flins-sur-Seine,commune,,2447,osm_townhall,1.870,48.963,27.017,37.293,106.000,113.000,121.000,15.000,,24.845,14.345,328.000,369.000,41.000,0.105,23.492,4.548,3.000,False,False,False,,,False
gare,78013,Andelu,commune,,550,osm_townhall,1.824,48.879,27.017,38.887,,,,,,36.077,,,,,,,,,False,False,False,,,False
gare,95094,Bouqueval,commune,,314,osm_townhall,2.424,49.024,27.055,19.419,,,,,,43.398,,,,,,,,,False,False,False,,,False
gare,78364,Marcq,commune,,802,osm_townhall,1.819,48.860,27.070,39.141,126.000,137.000,152.000,26.000,,31.650,11.856,329.000,385.000,56.000,0.144,49.556,4.329,3.000,False,False,False,,,False
gare,95211,Ennery,commune,,2243,osm_townhall,2.106,49.076,27.075,30.363,102.000,108.000,117.000,15.000,,43.137,15.042,330.000,358.000,28.000,0.072,17.886,2.504,3.000,False,False,False,,,False
gare,78033,Aulnay-sur-Mauldre,commune,,1180,osm_townhall,1.844,48.929,27.091,38.172,113.000,133.000,145.000,32.000,,33.002,12.221,331.000,384.000,53.000,0.136,45.128,4.030,2.000,False,False,False,,,False
gare,78087,Bonnelles,commune,,2165,osm_townhall,2.028,48.618,27.103,35.639,,,,,,44.497,,,,,,,,,False,False,False,,,False
gare,95510,Puiseux-Pontoise,commune,,603,osm_townhall,2.022,49.057,27.123,32.901,73.000,77.000,80.000,7.000,,40.883,21.135,332.000,204.500,-127.500,-0.328,-16.034,1.883,2.000,False,False,False,,,False
gare,91494,Le Plessis-Pâté,commune,,4154,osm_townhall,2.325,48.612,27.150,27.231,95.000,99.000,103.000,8.000,,42.065,16.454,333.000,323.000,-10.000,-0.026,7.899,2.354,4.000,True,False,False,,,False
gare,78398,Les Mesnuls,commune,,910,osm_townhall,1.837,48.758,27.173,39.398,111.000,121.000,133.000,22.000,,28.678,13.474,334.000,378.000,44.000,0.113,31.814,4.219,2.000,False,False,False,,,False
gare,93046,Livry-Gargan,commune,,47228,osm_townhall,2.537,48.919,27.201,15.196,78.000,82.000,84.000,6.000,,39.077,19.903,335.000,243.500,-91.500,-0.235,-10.722,2.098,2.000,False,False,False,,,False
gare,91115,Bruyères-le-Châtel,commune,,3788,osm_townhall,2.192,48.593,27.239,31.521,120.000,,,,,42.108,,,,,,,,,False,False,False,,,False
gare,95492,Le Plessis-Gassot,commune,,102,osm_townhall,2.412,49.033,27.278,20.174,,,,,,44.198,,,,,,,,,False,False,False,,,False
gare,93071,Sevran,commune,,52535,osm_townhall,2.526,48.940,27.307,15.717,70.000,73.000,75.000,5.000,,42.103,22.444,336.000,183.000,-153.000,-0.393,-20.691,1.734,2.000,False,False,False,,10.000,False
gare,95430,Montsoult,commune,,4023,osm_townhall,2.312,49.071,27.408,24.005,76.000,80.000,86.000,10.000,,45.988,20.556,337.000,230.000,-107.000,-0.275,-13.262,1.740,2.000,False,False,False,,,False
gare,91186,Courson-Monteloup,commune,,563,osm_townhall,2.145,48.593,27.456,33.034,,,,,,40.803,,,,,,,,,False,False,False,,,False
gare,78401,Meulan-en-Yvelines,commune,,8950,osm_townhall,1.910,49.005,27.465,36.395,78.000,82.000,86.000,8.000,,27.662,20.096,338.000,243.500,-94.500,-0.243,-11.196,2.964,3.000,False,False,False,,,False
gare,78389,Méré,commune,,1731,osm_townhall,1.820,48.788,27.505,39.842,97.000,107.000,118.000,21.000,,26.335,15.423,339.000,356.000,17.000,0.044,15.788,4.063,2.000,False,False,False,,,False
gare,94053,Noiseau,commune,,4628,osm_townhall,2.549,48.775,27.524,17.032,80.000,84.000,87.000,7.000,,45.547,19.660,340.000,256.500,-83.500,-0.215,-9.137,1.844,2.000,False,False,False,,,False
gare,95120,Butry-sur-Oise,commune,,2252,osm_townhall,2.198,49.086,27.532,27.908,95.000,99.000,104.000,9.000,,43.923,16.686,341.000,323.000,-18.000,-0.046,7.071,2.254,3.000,False,False,False,,,False
gare,93014,Clichy-sous-Bois,commune,,29354,osm_townhall,2.546,48.911,27.569,15.427,81.000,85.000,88.000,7.000,,40.812,19.460,342.000,262.500,-79.500,-0.204,-8.137,2.083,2.000,False,False,False,,,False
gare,91552,Saint-Germain-lès-Arpajon,commune,,11623,osm_townhall,2.256,48.595,27.587,29.978,95.000,101.000,107.000,12.000,,39.553,16.388,343.000,335.000,-8.000,-0.021,9.115,2.554,4.000,True,False,False,,,False
gare,91461,Ollainville,commune,,5455,osm_townhall,2.217,48.591,27.589,31.145,110.000,118.000,126.000,16.000,,41.477,14.028,344.000,376.000,32.000,0.082,27.475,2.845,3.000,False,False,False,,,False
gare,95612,Le Thillay,commune,,4560,osm_townhall,2.470,49.002,27.590,18.314,88.000,92.000,95.000,7.000,,40.723,17.993,345.000,305.500,-39.500,-0.102,-0.614,2.259,4.000,True,False,False,,,False
gare,78029,Aubergenville,commune,,12723,osm_townhall,1.856,48.959,27.715,38.156,95.000,101.000,107.000,12.000,,26.048,16.465,346.000,335.000,-11.000,-0.028,8.836,3.877,2.000,False,False,False,,,False
gare,78120,Bullion,commune,,1916,osm_townhall,1.999,48.621,27.843,36.905,,,,,,41.857,,,,,,,,,False,False,False,,,False
gare,78125,La Celle-les-Bordes,commune,,840,osm_townhall,1.955,48.640,27.877,37.874,,,,,,40.847,,,,,,,,,False,False,False,,,False
gare,95353,Maffliers,commune,,1856,osm_townhall,2.308,49.076,27.916,24.658,84.000,89.000,96.000,12.000,,47.285,18.820,347.000,289.000,-58.000,-0.149,-4.475,1.882,3.000,False,False,False,,,False
gare,91021,Arpajon,commune,,11698,osm_townhall,2.248,48.590,27.964,30.594,101.000,105.000,109.000,8.000,,38.947,15.980,348.000,352.000,4.000,0.010,12.591,2.696,4.000,True,False,False,,,False
gare,91114,Brunoy,commune,,25643,osm_townhall,2.504,48.698,28.106,20.862,79.000,82.000,86.000,7.000,,47.373,20.565,349.000,243.500,-105.500,-0.271,-12.316,1.731,2.000,False,False,False,,,False
gare,78036,Autouillet,commune,,665,osm_townhall,1.804,48.850,28.134,40.285,104.000,115.000,130.000,26.000,,31.402,14.679,350.000,371.000,21.000,0.054,22.904,3.662,3.000,False,False,False,,,False
gare,95395,Le Mesnil-Aubry,commune,,914,osm_townhall,2.400,49.051,28.326,21.898,,,,,,44.178,,,,,,,,,False,False,False,,,False
gare,78451,Nézel,commune,,1139,osm_townhall,1.836,48.946,28.365,39.172,108.000,123.000,134.000,26.000,,29.262,13.837,351.000,381.000,30.000,0.077,30.864,4.203,3.000,False,False,False,,,False
gare,78609,Tessancourt-sur-Aubette,commune,,966,osm_townhall,1.919,49.024,28.468,36.810,99.000,104.000,111.000,12.000,,31.753,16.424,352.000,346.500,-5.500,-0.014,10.428,3.275,3.000,False,False,False,,,False
gare,95633,Vaudherland,commune,,104,osm_townhall,2.487,49.001,28.472,18.837,100.000,103.000,106.000,6.000,,39.810,16.585,353.000,342.000,-11.000,-0.028,9.358,2.587,4.000,True,False,False,,,False
gare,91457,La Norville,commune,,4268,osm_townhall,2.259,48.587,28.494,30.769,100.000,104.000,109.000,9.000,,41.057,16.439,354.000,346.500,-7.500,-0.019,10.373,2.533,4.000,True,False,False,,,False
gare,93033,Gournay-sur-Marne,commune,,7320,osm_townhall,2.573,48.865,28.496,16.190,80.000,83.000,86.000,6.000,,47.117,20.599,355.000,250.500,-104.500,-0.269,-11.917,1.762,2.000,False,False,False,,,False
gare,78299,Hardricourt,commune,,2599,osm_townhall,1.894,49.008,28.525,37.559,82.000,87.000,92.000,10.000,,29.693,19.673,356.000,275.500,-80.500,-0.207,-7.725,2.930,3.000,False,False,False,,,False
gare,78420,Montfort-l'Amaury,commune,,2779,osm_townhall,1.809,48.778,28.541,40.863,101.000,109.000,126.000,25.000,,26.967,15.711,357.000,359.500,2.500,0.006,15.575,4.042,3.000,False,False,False,,,False
gare,94059,Le Plessis-Trévise,commune,,21112,osm_townhall,2.573,48.809,28.552,17.014,75.000,79.000,83.000,8.000,,46.898,21.685,358.000,221.500,-136.500,-0.351,-16.254,1.684,3.000,False,False,False,,,False
gare,78230,La Falaise,commune,,609,osm_townhall,1.832,48.945,28.581,39.416,112.000,132.000,144.000,32.000,,30.077,12.992,359.000,383.000,24.000,0.062,39.852,4.389,2.000,False,False,False,,,False
gare,94075,Villecresnes,commune,,11647,osm_townhall,2.533,48.722,28.585,20.004,85.000,88.000,92.000,7.000,,42.573,19.489,360.000,281.000,-79.000,-0.203,-6.771,2.067,2.000,False,False,False,,,False
gare,78084,Boissy-sans-Avoir,commune,,616,osm_townhall,1.798,48.819,28.636,40.944,105.000,112.000,119.000,14.000,,26.770,15.341,361.000,367.000,6.000,0.015,18.537,4.184,3.000,False,False,False,,,False
gare,95445,Nerville-la-Forêt,commune,,756,osm_townhall,2.277,49.089,28.684,26.480,97.000,116.000,130.000,33.000,,44.997,14.836,362.000,373.500,11.500,0.030,22.659,2.578,4.000,True,False,False,,,False
gare,78403,Mézy-sur-Seine,commune,,2242,osm_townhall,1.881,49.000,28.694,38.052,94.000,98.000,104.000,10.000,,30.845,17.568,363.000,320.000,-43.000,-0.111,3.605,3.177,4.000,True,False,False,,,False
gare,95628,Valmondois,commune,,1208,osm_townhall,2.190,49.096,28.695,29.210,100.000,104.000,110.000,10.000,,47.427,16.555,364.000,346.500,-17.500,-0.045,9.946,2.193,3.000,False,False,False,,,False
gare,95170,Condécourt,commune,,564,osm_townhall,1.941,49.040,28.733,36.386,98.000,101.000,108.000,10.000,,34.088,17.069,365.000,335.000,-30.000,-0.077,6.698,2.963,3.000,False,False,False,,,False
gare,91086,Bondoufle,commune,,10767,osm_townhall,2.380,48.613,28.803,27.115,104.000,110.000,117.000,13.000,,40.512,15.711,366.000,362.000,-4.000,-0.010,16.049,2.715,3.000,False,False,False,,,False
gare,78616,Thoiry,commune,,1434,osm_townhall,1.795,48.865,28.857,40.886,106.000,116.000,131.000,25.000,,33.378,14.926,367.000,373.500,6.500,0.017,22.253,3.475,3.000,False,False,False,,,False
gare,91207,Égly,commune,,7166,osm_townhall,2.222,48.580,28.860,32.219,98.000,106.000,114.000,16.000,,41.773,16.336,368.000,354.000,-14.000,-0.036,11.708,2.538,3.000,False,False,False,,,False
gare,91017,Angervilliers,commune,,1772,osm_townhall,2.065,48.591,28.891,36.292,,,,,,45.432,,,,,,,,,False,False,False,,,False
gare,91215,Épinay-sous-Sénart,commune,,11611,osm_townhall,2.515,48.695,28.931,21.567,89.000,92.000,96.000,7.000,,49.855,18.868,369.000,305.500,-63.500,-0.163,-3.178,1.845,2.000,False,False,False,,,False
gare,95078,Boissy-l'Aillerie,commune,,2120,osm_townhall,2.029,49.077,28.934,34.102,91.000,102.000,109.000,18.000,,44.133,17.020,370.000,339.500,-30.500,-0.078,7.341,2.311,4.000,True,False,False,,,False
gare,91568,Saint-Maurice-Montcouronne,commune,,1543,osm_townhall,2.124,48.581,28.958,34.911,,,,,,43.828,,,,,,,,,False,False,False,,,False
gare,91600,Soisy-sur-Seine,commune,,7418,osm_townhall,2.452,48.646,28.979,24.523,100.000,105.000,111.000,11.000,,43.325,16.560,371.000,352.000,-19.000,-0.049,10.403,2.424,4.000,True,False,False,,,False
gare,94060,La Queue-en-Brie,commune,,12241,osm_townhall,2.575,48.791,28.999,17.882,81.000,84.000,87.000,6.000,,48.975,20.713,372.000,256.500,-115.500,-0.297,-11.711,1.715,2.000,False,False,False,,,False
gare,78262,Galluis,commune,,1298,osm_townhall,1.796,48.796,29.060,41.404,78.000,86.000,93.000,15.000,,26.472,20.274,373.000,269.000,-104.000,-0.267,-9.714,3.249,3.000,False,False,False,,,False
gare,93047,Montfermeil,commune,,28703,osm_townhall,2.571,48.902,29.080,16.814,79.000,83.000,87.000,8.000,,44.288,21.022,374.000,250.500,-123.500,-0.317,-12.896,1.874,2.000,False,False,False,,,False
gare,93078,Villepinte,commune,,41470,osm_townhall,2.535,48.964,29.090,17.917,76.000,80.000,84.000,8.000,,41.485,21.818,375.000,230.000,-145.000,-0.373,-16.060,1.928,3.000,False,False,False,,,False
gare,95271,Génicourt,commune,,514,osm_townhall,2.066,49.088,29.095,33.190,101.000,105.000,109.000,8.000,,42.740,16.626,376.000,352.000,-24.000,-0.062,10.160,2.457,3.000,False,False,False,,,False
gare,95535,Sagy,commune,,1096,osm_townhall,1.952,49.050,29.132,36.390,,,,,,35.932,,,,,,,,,False,False,False,,,False
gare,94048,Marolles-en-Brie,commune,,4781,osm_townhall,2.550,48.733,29.186,20.008,97.000,100.000,104.000,7.000,,45.617,17.512,377.000,329.000,-48.000,-0.123,4.734,2.192,2.000,False,False,False,,,False
gare,78486,Le Perray-en-Yvelines,commune,,6480,osm_townhall,1.854,48.694,29.186,40.792,80.000,90.000,100.000,20.000,,33.210,19.458,378.000,295.500,-82.500,-0.212,-5.740,2.710,2.000,False,False,False,,,False
gare,95660,Villaines-sous-Bois,commune,,778,osm_townhall,2.357,49.077,29.322,24.527,82.000,96.000,112.000,30.000,,47.323,18.326,379.000,316.000,-63.000,-0.162,0.289,2.029,2.000,False,False,False,,,False
gare,95341,Livilliers,commune,,389,osm_townhall,2.095,49.095,29.351,32.580,107.000,115.000,122.000,15.000,,44.365,15.314,380.000,371.000,-9.000,-0.023,20.070,2.592,3.000,False,False,False,,,False
gare,95308,Hérouville-en-Vexin,commune,,584,osm_townhall,2.128,49.100,29.382,31.647,116.000,124.000,131.000,15.000,,45.025,14.217,381.000,382.000,1.000,0.003,29.394,2.754,3.000,False,False,False,,,False
gare,78655,Vieille-Église-en-Yvelines,commune,,652,osm_townhall,1.875,48.670,29.545,40.728,,,,,,36.953,,,,,,,,,False,False,False,,,False
gare,95181,Courcelles-sur-Viosne,commune,,310,osm_townhall,2.003,49.077,29.754,35.445,,,,,,43.538,,,,,,,,,False,False,False,,,False
gare,93074,Vaujours,commune,,8007,osm_townhall,2.567,48.932,29.809,17.863,84.000,88.000,92.000,8.000,,41.755,20.324,382.000,281.000,-101.000,-0.260,-8.898,2.108,3.000,False,False,False,,,False
gare,78261,Gaillon-sur-Montcient,commune,,689,osm_townhall,1.892,49.024,29.881,38.556,103.000,110.000,118.000,15.000,,30.623,16.299,383.000,362.000,-21.000,-0.054,13.724,3.592,3.000,False,False,False,,,False
gare,93015,Coubron,commune,,5175,osm_townhall,2.577,48.916,29.898,17.733,88.000,91.000,94.000,6.000,,43.537,19.713,384.000,299.500,-84.500,-0.217,-5.948,2.090,2.000,False,False,False,,,False
gare,77108,Chelles,commune,,54620,osm_townhall,2.590,48.878,29.936,17.594,68.000,72.000,76.000,8.000,,49.245,24.946,385.000,174.500,-210.500,-0.541,-25.637,1.462,2.000,False,False,False,,1.000,False
gare,95422,Montgeroult,commune,,361,osm_townhall,2.007,49.081,29.979,35.514,106.000,117.000,126.000,20.000,,44.983,15.374,386.000,375.000,-11.000,-0.028,20.744,2.601,4.000,True,False,False,,,False
gare,95682,Villiers-le-Sec,commune,,205,osm_townhall,2.390,49.072,30.001,24.187,118.000,140.000,163.000,45.000,,47.280,12.858,387.000,386.500,-0.500,-0.001,44.421,2.961,3.000,False,False,False,,,False
gare,95280,Goussainville,commune,,31301,osm_townhall,2.473,49.032,30.112,21.473,78.000,85.000,91.000,13.000,,46.543,21.255,388.000,262.500,-125.500,-0.323,-12.493,1.826,3.000,False,False,False,,,False
gare,95313,L'Isle-Adam,commune,,12493,osm_townhall,2.218,49.112,30.556,30.125,96.000,102.000,109.000,13.000,,46.673,17.974,389.000,339.500,-49.500,-0.127,4.165,2.185,4.000,True,False,False,,,False
