origin_id,unit_id,name,level,parent_id,population,point_source,lon,lat,dist_km,dist_km_core,travel_time_p25,t_tc,travel_time_p75,t_tc_spread,walk_time,car_time,v_eff_kmh,rank_dist,rank_time,paradox_index,paradox_norm,time_excess_pct,ratio_tc_car,transfers,transfers_censored,walk_only,dead_zone,top_nah_fern,top_fern_nah,is_origin_commune
centre,92033,Garches,commune,,17743,ign_chef_lieu,2.188,48.844,0.000,12.175,0.000,0.000,0.000,0.000,0.000,0.000,,,,,,,,0.000,False,True,False,,,True
centre,92047,Marnes-la-Coquette,commune,,1752,ign_chef_lieu,2.178,48.830,1.666,13.169,26.000,26.000,26.000,0.000,26.000,6.340,3.845,1.000,1.000,0.000,0.000,-13.282,4.101,0.000,False,True,False,,,False
centre,92077,Ville-d'Avray,commune,,11089,ign_chef_lieu,2.190,48.828,1.690,12.361,35.000,39.000,42.000,7.000,35.000,7.352,2.601,2.000,5.500,3.500,0.010,29.173,5.305,0.000,False,True,False,,,False
centre,92076,Vaucresson,commune,,8432,ign_chef_lieu,2.158,48.839,2.233,14.401,23.000,27.000,34.000,11.000,34.000,4.690,4.963,3.000,2.500,-0.500,-0.001,-21.800,5.757,0.000,False,False,False,,,False
centre,92064,Saint-Cloud,commune,,29855,ign_chef_lieu,2.219,48.844,2.301,9.890,24.000,27.000,31.000,7.000,34.000,6.492,5.114,4.000,2.500,-1.500,-0.004,-22.918,4.159,0.000,False,False,False,,,False
centre,92072,Sèvres,commune,,22303,ign_chef_lieu,2.213,48.825,2.777,10.853,42.000,45.000,49.000,7.000,49.000,10.847,3.703,5.000,10.000,5.000,0.014,17.349,4.149,1.000,False,False,False,,,False
centre,92022,Chaville,commune,,20594,ign_chef_lieu,2.188,48.810,3.734,13.115,35.000,39.000,44.000,9.000,68.000,14.970,5.744,6.000,5.500,-0.500,-0.001,-11.802,2.605,1.000,False,False,False,,,False
centre,78126,La Celle-Saint-Cloud,commune,,20460,ign_chef_lieu,2.136,48.848,3.820,15.897,33.000,40.000,47.000,14.000,57.000,9.535,5.730,7.000,7.000,0.000,0.000,-10.530,4.195,1.000,False,False,False,,,False
centre,92063,Rueil-Malmaison,commune,,82874,ign_chef_lieu,2.181,48.878,3.857,12.835,48.000,54.000,60.000,12.000,64.000,10.962,4.285,8.000,21.000,13.000,0.037,20.225,4.926,2.000,False,False,False,,,False
centre,92012,Boulogne-Billancourt,commune,,119019,ign_chef_lieu,2.241,48.836,3.967,8.524,38.000,43.000,49.000,11.000,60.000,9.915,5.535,9.000,9.000,0.000,0.000,-5.549,4.337,1.000,False,False,False,,,False
centre,78092,Bougival,commune,,9134,ign_chef_lieu,2.140,48.861,4.006,15.612,40.000,48.000,55.000,15.000,64.000,12.343,5.008,10.000,12.000,2.000,0.006,4.927,3.889,1.000,False,False,False,,,False
centre,92073,Suresnes,commune,,48956,ign_chef_lieu,2.225,48.871,4.112,9.487,33.000,37.000,41.000,8.000,61.000,8.897,6.669,11.000,4.000,-7.000,-0.020,-20.129,4.159,1.000,False,False,False,,,False
centre,78158,Le Chesnay-Rocquencourt,commune,,30689,ign_chef_lieu,2.125,48.826,4.962,17.006,46.000,51.000,58.000,12.000,78.000,9.432,5.837,12.000,15.000,3.000,0.008,0.577,5.407,1.000,False,False,False,,,False
centre,78686,Viroflay,commune,,17237,ign_chef_lieu,2.173,48.800,4.992,14.594,45.000,49.000,54.000,9.000,82.000,17.177,6.113,13.000,13.500,0.500,0.001,-3.650,2.853,1.000,False,False,False,,,False
centre,92048,Meudon,commune,,46334,ign_chef_lieu,2.239,48.813,5.042,9.653,52.000,58.000,64.000,12.000,82.000,15.690,5.216,14.000,31.000,17.000,0.048,13.502,3.697,1.000,False,False,False,,,False
centre,78190,Croissy-sur-Seine,commune,,11013,ign_chef_lieu,2.148,48.881,5.054,15.263,51.000,57.000,64.000,13.000,100.000,16.795,5.320,15.000,29.000,14.000,0.040,11.413,3.394,1.000,False,False,False,,,False
centre,92050,Nanterre,commune,,97783,ign_chef_lieu,2.207,48.892,5.577,11.372,51.000,56.000,61.000,10.000,89.000,15.410,5.975,16.000,25.000,9.000,0.025,4.395,3.634,1.000,False,False,False,,,False
centre,78146,Chatou,commune,,30598,ign_chef_lieu,2.158,48.890,5.612,14.779,51.000,57.000,61.000,10.000,96.000,15.258,5.907,17.000,29.000,12.000,0.034,5.938,3.736,1.000,False,False,False,,,False
centre,92062,Puteaux,commune,,44002,ign_chef_lieu,2.238,48.884,5.828,8.936,38.000,42.000,46.000,8.000,86.000,13.647,8.326,18.000,8.000,-10.000,-0.028,-23.349,3.078,1.000,False,False,False,,,False
centre,78350,Louveciennes,commune,,7990,ign_chef_lieu,2.113,48.862,5.886,17.620,42.000,49.000,57.000,15.000,89.000,11.680,7.208,19.000,13.500,-5.500,-0.016,-10.999,4.195,0.000,False,False,False,,,False
centre,78646,Versailles,commune,,84095,ign_chef_lieu,2.130,48.801,6.330,17.444,49.000,56.000,59.000,10.000,99.000,12.352,6.782,20.000,25.000,5.000,0.014,-1.784,4.534,1.000,False,False,False,,,False
centre,92040,Issy-les-Moulineaux,commune,,67669,ign_chef_lieu,2.274,48.825,6.663,6.776,57.000,61.000,66.000,9.000,99.000,16.033,6.553,21.000,41.000,20.000,0.056,4.381,3.805,1.000,False,False,True,,,False
centre,78640,Vélizy-Villacoublay,commune,,23011,ign_chef_lieu,2.191,48.783,6.763,14.434,59.000,65.000,70.000,11.000,113.000,19.100,6.243,22.000,53.500,31.500,0.089,10.430,3.403,2.000,False,False,True,,,False
centre,78502,Le Port-Marly,commune,,5559,ign_chef_lieu,2.112,48.878,6.794,17.836,54.000,61.000,67.000,13.000,108.000,17.037,6.683,23.000,41.000,18.000,0.051,3.402,3.581,0.000,False,False,True,,,False
centre,78650,Le Vésinet,commune,,15554,ign_chef_lieu,2.135,48.895,6.879,16.525,54.000,61.000,65.000,11.000,,18.282,6.766,24.000,41.000,17.000,0.048,2.787,3.337,1.000,False,False,True,,,False
centre,75116,Paris 16e Arrondissement,district,75056,159386,ign_chef_lieu_arrondissement,2.277,48.864,6.889,5.633,49.000,54.000,60.000,11.000,107.000,16.780,7.654,25.000,21.000,-4.000,-0.011,-9.070,3.218,2.000,False,False,False,,,False
centre,78124,Carrières-sur-Seine,commune,,14791,ign_chef_lieu,2.176,48.906,7.004,14.048,65.000,72.000,80.000,15.000,,22.765,5.837,26.000,71.000,45.000,0.127,20.276,3.163,2.000,False,False,True,,,False
centre,78372,Marly-le-Roi,commune,,16756,ign_chef_lieu,2.097,48.868,7.199,18.789,40.000,47.000,55.000,15.000,110.000,14.270,9.190,27.000,11.000,-16.000,-0.045,-22.519,3.294,0.000,False,False,False,,,False
centre,92023,Clamart,commune,,58576,ign_chef_lieu,2.263,48.801,7.287,9.044,69.000,73.000,78.000,9.000,117.000,21.622,5.990,28.000,75.000,47.000,0.133,19.639,3.376,2.000,False,False,True,,,False
centre,92051,Neuilly-sur-Seine,commune,,59538,ign_chef_lieu,2.270,48.885,7.566,6.847,48.000,54.000,58.000,10.000,116.000,16.155,8.407,29.000,21.000,-8.000,-0.023,-13.084,3.343,1.000,False,False,False,,,False
centre,92026,Courbevoie,commune,,82902,ign_chef_lieu,2.256,48.895,7.620,8.332,47.000,52.000,56.000,9.000,113.000,15.502,8.792,30.000,16.000,-14.000,-0.040,-16.587,3.354,1.000,False,False,False,,,False
centre,78418,Montesson,commune,,14549,ign_chef_lieu,2.150,48.909,7.757,15.966,63.000,70.000,76.000,13.000,,22.607,6.649,31.000,67.500,36.500,0.103,11.326,3.096,2.000,False,False,True,,,False
centre,92075,Vanves,commune,,28622,ign_chef_lieu,2.289,48.821,7.864,6.048,62.000,67.000,71.000,9.000,116.000,18.437,7.043,32.000,59.000,27.000,0.076,5.849,3.634,1.000,False,False,True,,,False
centre,78043,Bailly,commune,,3731,ign_chef_lieu,2.079,48.840,8.004,20.169,79.000,86.000,94.000,15.000,,12.590,5.584,33.000,135.500,102.500,0.290,34.721,6.831,2.000,False,False,False,,,False
centre,75115,Paris 15e Arrondissement,district,75056,229713,ign_chef_lieu_arrondissement,2.300,48.841,8.268,4.177,57.000,62.000,67.000,10.000,,21.285,8.001,34.000,45.000,11.000,0.031,-4.381,2.913,2.000,False,False,False,,,False
centre,92035,La Garenne-Colombes,commune,,30197,ign_chef_lieu,2.247,48.907,8.269,9.590,48.000,53.000,56.000,8.000,,17.825,9.361,35.000,18.000,-17.000,-0.048,-18.267,2.973,1.000,False,False,False,,,False
centre,78481,Le Pecq,commune,,16059,ign_chef_lieu,2.106,48.897,8.463,18.628,60.000,66.000,73.000,13.000,,19.680,7.694,36.000,55.500,19.500,0.055,0.648,3.354,1.000,False,False,False,,,False
centre,92046,Malakoff,commune,,30557,ign_chef_lieu,2.302,48.821,8.732,5.440,70.000,75.000,78.000,8.000,,19.307,6.985,37.000,83.500,46.500,0.131,12.668,3.885,1.000,False,False,False,,,False
centre,92060,Le Plessis-Robinson,commune,,28848,ign_chef_lieu,2.262,48.782,8.751,10.588,72.000,77.000,81.000,9.000,,20.603,6.819,38.000,93.000,55.000,0.155,15.551,3.737,3.000,False,False,False,,,False
centre,78311,Houilles,commune,,33983,ign_chef_lieu,2.187,48.923,8.857,14.259,50.000,56.000,60.000,10.000,,26.035,9.490,39.000,25.000,-14.000,-0.040,-16.451,2.151,1.000,False,False,False,,,False
centre,78322,Jouy-en-Josas,commune,,7981,ign_chef_lieu,2.169,48.765,8.875,16.922,62.000,72.000,84.000,22.000,,19.678,7.396,40.000,71.000,31.000,0.088,7.315,3.659,2.000,False,False,False,,,False
centre,92020,Châtillon,commune,,36705,ign_chef_lieu,2.290,48.800,8.945,7.810,83.000,88.000,93.000,10.000,,22.637,6.099,41.000,151.000,110.000,0.311,30.673,3.887,2.000,False,False,False,,,False
centre,78117,Buc,commune,,5816,ign_chef_lieu,2.126,48.774,8.957,18.992,85.000,90.000,95.000,10.000,,20.285,5.972,42.000,164.500,122.500,0.346,33.551,4.437,2.000,False,False,False,,,False
centre,78224,L'Étang-la-Ville,commune,,5157,ign_chef_lieu,2.073,48.871,8.991,20.599,46.000,53.000,61.000,15.000,,20.692,10.179,43.000,18.000,-25.000,-0.071,-21.497,2.561,0.000,False,False,False,,,False
centre,78455,Noisy-le-Roi,commune,,7713,ign_chef_lieu,2.064,48.844,9.047,21.184,76.000,81.000,89.000,13.000,,15.310,6.701,44.000,107.000,63.000,0.178,19.621,5.291,2.000,False,False,False,,,False
centre,92044,Levallois-Perret,commune,,68092,ign_chef_lieu,2.288,48.893,9.151,6.243,56.000,60.000,64.000,8.000,,19.363,9.151,45.000,36.000,-9.000,-0.025,-11.877,3.099,1.000,False,False,False,,,False
centre,78367,Mareil-Marly,commune,,4141,ign_chef_lieu,2.077,48.882,9.187,20.408,64.000,71.000,79.000,15.000,,22.832,7.763,46.000,69.000,23.000,0.065,4.082,3.110,1.000,False,False,False,,,False
centre,78551,Saint-Germain-en-Laye,commune,,45931,ign_chef_lieu,2.094,48.899,9.244,19.555,52.000,59.000,63.000,11.000,,22.088,9.401,47.000,32.500,-14.500,-0.041,-13.768,2.671,1.000,False,False,False,,,False
centre,92032,Fontenay-aux-Roses,commune,,24070,ign_chef_lieu,2.287,48.791,9.299,8.717,81.000,86.000,91.000,10.000,,24.925,6.488,48.000,135.500,87.500,0.247,25.337,3.450,3.000,False,False,False,,,False
centre,78343,Les Loges-en-Josas,commune,,1645,ign_chef_lieu,2.140,48.764,9.475,18.643,79.000,85.000,94.000,15.000,,21.607,6.688,49.000,127.500,78.500,0.222,22.763,3.934,2.000,False,False,False,,,False
centre,95063,Bezons,commune,,36434,ign_chef_lieu,2.216,48.928,9.606,12.772,56.000,60.000,65.000,9.000,,20.948,9.606,50.000,36.000,-14.000,-0.040,-13.915,2.864,1.000,False,False,False,,,False
centre,92009,Bois-Colombes,commune,,28909,ign_chef_lieu,2.268,48.914,9.818,8.946,56.000,60.000,64.000,8.000,,20.505,9.818,51.000,36.000,-15.000,-0.042,-14.814,2.926,1.000,False,False,False,,,False
centre,92007,Bagneux,commune,,44572,ign_chef_lieu,2.304,48.799,9.850,7.267,79.000,84.000,88.000,9.000,,25.098,7.035,52.000,121.000,69.000,0.195,19.076,3.347,3.000,False,False,False,,,False
centre,75107,Paris 7e Arrondissement,district,75056,48015,ign_chef_lieu_arrondissement,2.320,48.857,9.860,2.354,57.000,62.000,68.000,11.000,,26.068,9.542,53.000,45.000,-8.000,-0.023,-12.154,2.378,2.000,False,False,False,,,False
centre,92025,Colombes,commune,,91053,ign_chef_lieu,2.254,48.923,10.052,10.285,60.000,64.000,68.000,8.000,,21.555,9.424,54.000,51.000,-3.000,-0.008,-10.161,2.969,2.000,False,False,False,,,False
centre,78545,Saint-Cyr-l'École,commune,,21268,ign_chef_lieu,2.067,48.800,10.116,21.884,57.000,64.000,72.000,15.000,,16.862,9.484,55.000,51.000,-4.000,-0.011,-10.434,3.796,1.000,False,False,False,,,False
centre,92049,Montrouge,commune,,46324,ign_chef_lieu,2.320,48.819,10.128,4.797,64.000,69.000,73.000,9.000,,21.012,8.807,56.000,65.000,9.000,0.025,-3.493,3.284,3.000,False,False,False,,,False
centre,91064,Bièvres,commune,,4686,ign_chef_lieu,2.215,48.754,10.136,15.191,90.000,97.000,108.000,18.000,,20.482,6.269,57.000,195.000,138.000,0.390,35.623,4.736,3.000,False,False,False,,,False
centre,75108,Paris 8e Arrondissement,district,75056,35317,ign_chef_lieu_arrondissement,2.318,48.878,10.251,3.475,46.000,53.000,59.000,13.000,,23.205,11.605,58.000,18.000,-40.000,-0.113,-26.299,2.284,0.000,False,False,False,,,False
centre,92071,Sceaux,commune,,20884,ign_chef_lieu,2.288,48.780,10.258,9.750,83.000,87.000,92.000,9.000,,24.737,7.074,59.000,143.500,84.500,0.239,20.943,3.517,3.000,False,False,False,,,False
centre,75114,Paris 14e Arrondissement,district,75056,136455,ign_chef_lieu_arrondissement,2.327,48.833,10.282,3.201,61.000,67.000,70.000,9.000,,24.068,9.207,60.000,59.000,-1.000,-0.003,-6.966,2.784,2.000,False,False,False,,,False
centre,92004,Asnières-sur-Seine,commune,,93941,ign_chef_lieu,2.289,48.911,10.531,7.635,56.000,60.000,65.000,9.000,,19.130,10.531,61.000,36.000,-25.000,-0.071,-17.641,3.136,1.000,False,False,False,,,False
centre,78396,Le Mesnil-le-Roi,commune,,6332,ign_chef_lieu,2.122,48.928,10.539,18.651,85.000,104.000,115.000,30.000,,25.793,6.080,62.000,229.000,167.000,0.472,42.705,4.032,2.000,False,False,False,5.000,,False
centre,75106,Paris 6e Arrondissement,district,75056,40389,ign_chef_lieu_arrondissement,2.332,48.851,10.638,1.616,58.000,63.000,68.000,10.000,,28.293,10.132,63.000,48.000,-15.000,-0.042,-13.945,2.227,2.000,False,False,False,,,False
centre,78518,Rennemoulin,commune,,116,ign_chef_lieu,2.043,48.832,10.737,22.913,124.000,146.000,169.000,45.000,,16.383,4.413,64.000,342.500,278.500,0.787,98.542,8.911,1.000,False,False,False,1.000,,False
centre,92019,Châtenay-Malabry,commune,,35825,ign_chef_lieu,2.278,48.767,10.742,11.320,88.000,92.000,97.000,9.000,,21.985,7.006,65.000,175.000,110.000,0.311,25.083,4.185,3.000,False,False,False,,,False
centre,92024,Clichy,commune,,64410,ign_chef_lieu,2.305,48.903,10.832,6.232,58.000,63.000,67.000,9.000,,20.282,10.317,66.000,48.000,-18.000,-0.051,-14.691,3.106,1.000,False,False,False,,,False
centre,75117,Paris 17e Arrondissement,district,75056,159212,ign_chef_lieu_arrondissement,2.322,48.885,10.864,3.852,50.000,56.000,62.000,12.000,,24.748,11.640,67.000,25.000,-42.000,-0.119,-24.277,2.263,1.000,False,False,False,,,False
centre,78242,Fontenay-le-Fleury,commune,,13680,ign_chef_lieu,2.046,48.811,11.045,23.086,73.000,79.000,87.000,14.000,,18.693,8.388,68.000,98.500,30.500,0.086,5.981,4.226,2.000,False,False,False,,,False
centre,78586,Sartrouville,commune,,52763,ign_chef_lieu,2.158,48.941,11.064,17.073,54.000,60.000,64.000,10.000,,28.423,11.064,69.000,36.000,-33.000,-0.093,-19.575,2.111,1.000,False,False,False,,,False
centre,75105,Paris 5e Arrondissement,district,75056,55252,ign_chef_lieu_arrondissement,2.344,48.846,11.500,1.300,57.000,62.000,65.000,8.000,,29.603,11.129,70.000,45.000,-25.000,-0.071,-18.429,2.094,2.000,False,False,False,,,False
centre,91312,Igny,commune,,10833,ign_chef_lieu,2.226,48.742,11.618,15.746,92.000,99.000,109.000,17.000,,20.963,7.041,71.000,206.500,135.500,0.383,29.612,4.723,3.000,False,False,False,,,False
centre,94003,Arcueil,commune,,22200,ign_chef_lieu,2.335,48.804,11.648,5.922,70.000,75.000,79.000,9.000,,26.632,9.318,72.000,83.500,11.500,0.032,-1.928,2.816,3.000,False,False,False,,,False
centre,75109,Paris 9e Arrondissement,district,75056,57271,ign_chef_lieu_arrondissement,2.341,48.872,11.723,1.965,51.000,57.000,61.000,10.000,,28.158,12.340,73.000,29.000,-44.000,-0.124,-25.696,2.024,2.000,False,False,False,,,False
centre,78297,Guyancourt,commune,,29778,ign_chef_lieu,2.070,48.771,11.827,22.806,81.000,87.000,94.000,13.000,,18.740,8.156,74.000,143.500,69.500,0.196,12.932,4.642,3.000,False,False,False,,,False
centre,78358,Maisons-Laffitte,commune,,23093,ign_chef_lieu,2.145,48.946,11.833,18.204,50.000,56.000,60.000,10.000,,31.487,12.678,75.000,25.000,-50.000,-0.141,-27.327,1.779,1.000,False,False,False,,,False
centre,92014,Bourg-la-Reine,commune,,21019,ign_chef_lieu,2.316,48.779,11.840,9.025,67.000,73.000,79.000,12.000,,25.667,9.731,76.000,75.000,-1.000,-0.003,-5.293,2.844,2.000,False,False,False,,,False
centre,92036,Gennevilliers,commune,,50979,ign_chef_lieu,2.293,48.925,11.959,8.823,71.000,74.000,80.000,9.000,,21.908,9.696,77.000,79.000,2.000,0.006,-4.456,3.378,2.000,False,False,False,,,False
centre,94016,Cachan,commune,,31103,ign_chef_lieu,2.334,48.795,12.047,7.005,75.000,80.000,84.000,9.000,,27.133,9.035,78.000,103.000,25.000,0.071,2.925,2.948,3.000,False,False,False,,,False
centre,78620,Toussus-le-Noble,commune,,1172,ign_chef_lieu,2.114,48.746,12.125,21.378,93.000,104.000,117.000,24.000,,24.867,6.995,79.000,229.000,150.000,0.424,33.390,4.182,2.000,False,False,False,8.000,,False
centre,94037,Gentilly,commune,,19963,ign_chef_lieu,2.348,48.816,12.174,4.547,70.000,75.000,79.000,9.000,,23.648,9.739,80.000,83.500,3.500,0.010,-3.993,3.171,3.000,False,False,False,,,False
centre,91635,Vauhallan,commune,,1945,ign_chef_lieu,2.207,48.734,12.250,17.276,114.000,121.000,128.000,14.000,,23.373,6.075,81.000,286.500,205.500,0.581,54.426,5.177,4.000,True,False,False,3.000,,False
centre,91645,Verrières-le-Buisson,commune,,15057,ign_chef_lieu,2.267,48.746,12.292,13.745,97.000,101.000,107.000,10.000,,24.780,7.302,82.000,217.500,135.500,0.383,28.689,4.076,4.000,True,False,False,,,False
centre,78571,Saint-Nom-la-Bretèche,commune,,4965,ign_chef_lieu,2.021,48.860,12.345,24.303,110.000,132.000,155.000,45.000,,18.480,5.611,83.000,323.500,240.500,0.679,67.841,7.143,1.000,False,False,False,2.000,,False
centre,75113,Paris 13e Arrondissement,district,75056,181271,ign_chef_lieu_arrondissement,2.356,48.833,12.378,2.656,64.000,69.000,74.000,10.000,,29.978,10.764,84.000,65.000,-19.000,-0.054,-12.378,2.302,2.000,False,False,False,,,False
centre,78073,Bois-d'Arcy,commune,,16586,ign_chef_lieu,2.031,48.801,12.429,24.381,79.000,86.000,93.000,14.000,,14.977,8.671,85.000,135.500,50.500,0.143,8.995,5.742,2.000,False,False,False,,,False
centre,95018,Argenteuil,commune,,106130,ign_chef_lieu,2.249,48.948,12.434,12.694,70.000,75.000,80.000,10.000,,25.648,9.947,86.000,83.500,-2.500,-0.007,-4.966,2.924,2.000,False,False,False,,,False
centre,91534,Saclay,commune,,4437,ign_chef_lieu,2.172,48.731,12.566,19.220,115.000,122.000,130.000,15.000,,24.502,6.180,87.000,290.000,203.000,0.573,53.806,4.979,3.000,False,False,False,4.000,,False
centre,75118,Paris 18e Arrondissement,district,75056,183127,ign_chef_lieu_arrondissement,2.344,48.892,12.699,4.011,57.000,63.000,67.000,10.000,,27.548,12.094,88.000,48.000,-40.000,-0.113,-20.977,2.287,3.000,False,False,False,,,False
centre,92002,Antony,commune,,64263,ign_chef_lieu,2.296,48.754,12.752,12.157,73.000,80.000,85.000,12.000,,25.382,9.564,89.000,103.000,14.000,0.040,0.146,3.152,2.000,False,False,False,,,False
centre,75110,Paris 10e Arrondissement,district,75056,83873,ign_chef_lieu_arrondissement,2.358,48.872,12.865,1.758,54.000,61.000,65.000,11.000,,32.170,12.655,90.000,41.000,-49.000,-0.138,-23.964,1.896,2.000,False,False,False,,,False
centre,78133,Chambourcy,commune,,5847,ign_chef_lieu,2.040,48.906,12.885,23.586,86.000,93.000,101.000,15.000,,21.605,8.313,91.000,179.000,88.000,0.249,15.839,4.305,3.000,False,False,False,,,False
centre,94043,Le Kremlin-Bicêtre,commune,,24110,ign_chef_lieu,2.357,48.812,12.894,4.911,71.000,77.000,82.000,11.000,,24.892,10.047,92.000,93.000,1.000,0.003,-4.123,3.093,2.000,False,False,False,,,False
centre,75100,Paris Centre,district,75056,94472,ign_chef_lieu_arrondissement,2.362,48.864,12.964,1.072,57.000,64.000,67.000,10.000,,31.575,12.154,93.000,51.000,-42.000,-0.119,-20.517,2.027,2.000,False,False,False,,,False
centre,94038,L'Haÿ-les-Roses,commune,,31188,ign_chef_lieu,2.337,48.779,13.113,8.651,81.000,87.000,91.000,10.000,,28.135,9.044,94.000,143.500,49.500,0.140,7.454,3.092,3.000,False,False,False,,,False
centre,93070,Saint-Ouen-sur-Seine,commune,,53615,ign_chef_lieu,2.334,48.912,13.159,6.288,54.000,61.000,66.000,12.000,,23.693,12.943,95.000,41.000,-54.000,-0.153,-24.785,2.575,1.000,False,False,False,,,False
centre,78674,Villepreux,commune,,11931,ign_chef_lieu,2.005,48.830,13.486,25.662,89.000,96.000,103.000,14.000,,21.540,8.429,96.000,192.000,96.000,0.271,16.978,4.457,2.000,False,False,False,,,False
centre,78143,Châteaufort,commune,,1564,ign_chef_lieu,2.092,48.737,13.744,23.265,96.000,107.000,120.000,24.000,,25.450,7.707,97.000,242.000,145.000,0.410,29.198,4.204,2.000,False,False,False,10.000,,False
centre,78423,Montigny-le-Bretonneux,commune,,32465,ign_chef_lieu,2.038,48.770,13.760,25.063,81.000,88.000,96.000,15.000,,19.892,9.382,98.000,151.000,53.000,0.150,6.198,4.424,2.000,False,False,False,,,False
centre,78688,Voisins-le-Bretonneux,commune,,10624,ign_chef_lieu,2.051,48.759,13.762,24.645,99.000,107.000,114.000,15.000,,21.183,7.717,99.000,242.000,143.000,0.404,29.116,5.051,3.000,False,False,False,,,False
centre,91679,Villiers-le-Bâcle,commune,,1031,ign_chef_lieu,2.126,48.726,13.897,22.132,101.000,112.000,119.000,18.000,,26.018,7.445,100.000,264.500,164.500,0.465,34.520,4.305,2.000,False,False,False,6.000,,False
centre,94034,Fresnes,commune,,29528,ign_chef_lieu,2.322,48.755,13.931,11.487,84.000,91.000,96.000,12.000,,24.158,9.185,101.000,170.000,69.000,0.195,9.166,3.767,3.000,False,False,False,,,False
centre,91377,Massy,commune,,51729,ign_chef_lieu,2.271,48.731,13.947,15.173,86.000,93.000,96.000,10.000,,28.305,8.998,102.000,179.000,77.000,0.218,11.506,3.286,3.000,False,False,False,,,False
centre,78007,Aigremont,commune,,1075,ign_chef_lieu,2.018,48.902,14.066,25.067,102.000,108.000,116.000,14.000,,20.967,7.815,103.000,249.500,146.500,0.414,28.959,5.151,3.000,False,False,False,9.000,,False
centre,94076,Villejuif,commune,,60183,ign_chef_lieu,2.363,48.792,14.104,7.213,79.000,85.000,90.000,11.000,,30.127,9.956,104.000,127.500,23.500,0.066,1.366,2.821,2.000,False,False,False,,,False
centre,78498,Poissy,commune,,40983,ign_chef_lieu,2.043,48.927,14.143,24.049,75.000,80.000,87.000,12.000,,24.697,10.608,105.000,103.000,-2.000,-0.006,-4.726,3.239,2.000,False,False,False,,,False
centre,75111,Paris 11e Arrondissement,district,75056,138170,ign_chef_lieu_arrondissement,2.379,48.859,14.159,1.984,59.000,65.000,69.000,10.000,,35.920,13.070,106.000,53.500,-52.500,-0.148,-22.631,1.810,2.000,False,False,False,,,False
centre,94021,Chevilly-Larue,commune,,19826,ign_chef_lieu,2.347,48.771,14.200,9.467,79.000,85.000,89.000,10.000,,28.730,10.023,107.000,127.500,20.500,0.058,1.035,2.959,2.000,False,False,False,,,False
centre,95257,La Frette-sur-Seine,commune,,4570,ign_chef_lieu,2.178,48.974,14.515,18.267,83.000,89.000,96.000,13.000,,30.285,9.785,108.000,158.500,50.500,0.143,4.679,2.939,1.000,False,False,False,,,False
centre,91538,Saint-Aubin,commune,,661,ign_chef_lieu,2.140,48.715,14.692,22.132,106.000,114.000,121.000,15.000,,26.030,7.733,109.000,272.500,163.500,0.462,33.301,4.380,3.000,False,False,False,7.000,,False
centre,75112,Paris 12e Arrondissement,district,75056,138024,ign_chef_lieu_arrondissement,2.388,48.841,14.721,3.142,61.000,67.000,71.000,10.000,,34.650,13.183,110.000,59.000,-51.000,-0.144,-21.730,1.934,2.000,False,False,False,,,False
centre,95176,Cormeilles-en-Parisis,commune,,27292,ign_chef_lieu,2.199,48.976,14.762,17.405,82.000,88.000,95.000,13.000,,30.167,10.065,111.000,151.000,40.000,0.113,2.663,2.917,1.000,False,False,False,,,False
centre,92078,Villeneuve-la-Garenne,commune,,26021,ign_chef_lieu,2.333,48.936,14.809,8.957,68.000,75.000,80.000,12.000,,23.537,11.847,112.000,83.500,-28.500,-0.081,-12.636,3.187,2.000,False,False,False,,,False
centre,78152,Chavenay,commune,,1723,ign_chef_lieu,1.986,48.854,14.821,26.866,136.000,,,,,21.153,,,,,,,,,False,False,False,,,False
centre,75119,Paris 19e Arrondissement,district,75056,178691,ign_chef_lieu_arrondissement,2.382,48.883,14.908,3.660,62.000,67.000,71.000,9.000,,34.905,13.350,113.000,59.000,-54.000,-0.153,-22.204,1.919,3.000,False,False,False,,,False
centre,91477,Palaiseau,commune,,37471,ign_chef_lieu,2.246,48.715,14.969,17.616,81.000,88.000,95.000,14.000,,25.592,10.206,114.000,151.000,37.000,0.105,1.979,3.439,2.000,False,False,False,,,False
centre,78165,Les Clayes-sous-Bois,commune,,16804,ign_chef_lieu,1.986,48.821,14.992,27.160,77.000,84.000,90.000,13.000,,23.290,10.709,115.000,121.000,6.000,0.017,-2.730,3.607,2.000,False,False,False,,,False
centre,94041,Ivry-sur-Seine,commune,,65064,ign_chef_lieu,2.388,48.812,15.082,5.567,77.000,81.000,89.000,12.000,,30.155,11.172,116.000,107.000,-9.000,-0.025,-6.474,2.686,2.000,False,False,False,,,False
centre,95582,Sannois,commune,,26924,ign_chef_lieu,2.256,48.972,15.114,14.631,72.000,76.000,81.000,9.000,,29.387,11.932,117.000,88.500,-28.500,-0.081,-12.337,2.586,2.000,False,False,False,,,False
centre,93031,Épinay-sur-Seine,commune,,52833,ign_chef_lieu,2.313,48.952,15.135,10.964,79.000,85.000,89.000,10.000,,28.025,10.684,118.000,127.500,9.500,0.027,-2.022,3.033,2.000,False,False,False,,,False
centre,93039,L'Île-Saint-Denis,commune,,8696,ign_chef_lieu,2.341,48.936,15.178,8.853,62.000,69.000,74.000,12.000,,24.555,13.199,119.000,65.000,-54.000,-0.153,-20.573,2.810,2.000,False,False,False,,,False
centre,78356,Magny-les-Hameaux,commune,,9386,ign_chef_lieu,2.084,48.724,15.322,24.615,111.000,122.000,135.000,24.000,,29.773,7.536,120.000,290.000,170.000,0.480,39.799,4.098,2.000,False,False,False,,,False
centre,78005,Achères,commune,,22241,ign_chef_lieu,2.070,48.961,15.636,23.743,77.000,82.000,86.000,9.000,,31.952,11.441,121.000,110.500,-10.500,-0.030,-6.950,2.566,2.000,False,False,False,,,False
centre,75120,Paris 20e Arrondissement,district,75056,185140,ign_chef_lieu_arrondissement,2.399,48.865,15.721,3.582,66.000,70.000,74.000,8.000,,38.787,13.475,122.000,67.500,-54.500,-0.154,-20.774,1.805,3.000,False,False,False,,,False
centre,78621,Trappes,commune,,34689,ign_chef_lieu,1.999,48.776,15.740,27.429,70.000,77.000,85.000,15.000,,19.472,12.265,123.000,93.000,-30.000,-0.085,-12.902,3.954,1.000,False,False,False,,,False
centre,95555,Saint-Gratien,commune,,21336,ign_chef_lieu,2.283,48.971,15.781,13.687,79.000,85.000,90.000,11.000,,28.155,11.139,124.000,127.500,3.500,0.010,-3.971,3.019,3.000,False,False,False,,,False
centre,94065,Rungis,commune,,5611,ign_chef_lieu,2.347,48.748,15.790,12.003,96.000,101.000,106.000,10.000,,28.302,9.380,125.000,217.500,92.500,0.261,14.071,3.569,4.000,True,False,False,,,False
centre,78123,Carrières-sous-Poissy,commune,,20825,ign_chef_lieu,2.034,48.944,15.842,25.277,85.000,89.000,97.000,12.000,,28.438,10.680,126.000,158.500,32.500,0.092,0.361,3.130,2.000,False,False,False,,,False
centre,94081,Vitry-sur-Seine,commune,,93963,ign_chef_lieu,2.388,48.789,15.960,7.992,89.000,94.000,98.000,9.000,,30.692,10.187,127.000,183.500,56.500,0.160,5.621,3.063,3.000,False,False,False,,,False
centre,95424,Montigny-lès-Cormeilles,commune,,22457,ign_chef_lieu,2.188,48.988,16.022,18.943,88.000,94.000,102.000,14.000,,33.258,10.227,128.000,183.500,55.500,0.157,5.424,2.826,1.000,False,False,False,,,False
centre,91471,Orsay,commune,,16498,ign_chef_lieu,2.187,48.699,16.032,21.260,92.000,99.000,106.000,14.000,,25.998,9.717,129.000,206.500,77.500,0.219,10.996,3.808,2.000,False,False,False,,,False
centre,78233,Feucherolles,commune,,3043,ign_chef_lieu,1.974,48.874,16.065,27.851,,,,,,22.495,,,,,,,,,False,False,False,,,False
centre,91689,Wissous,commune,,7151,ign_chef_lieu,2.327,48.732,16.097,13.968,89.000,95.000,102.000,13.000,,30.275,10.166,130.000,188.000,58.000,0.164,6.306,3.138,3.000,False,False,False,,,False
centre,95252,Franconville,commune,,37754,ign_chef_lieu,2.230,48.986,16.150,16.991,88.000,93.000,97.000,9.000,,30.583,10.420,131.000,179.000,48.000,0.136,3.901,3.041,3.000,False,False,False,,,False
centre,91661,Villebon-sur-Yvette,commune,,10291,ign_chef_lieu,2.228,48.700,16.203,19.636,97.000,104.000,111.000,14.000,,31.020,9.348,132.000,229.000,97.000,0.274,16.008,3.353,3.000,False,False,False,,,False
centre,93066,Saint-Denis,commune,,149077,ign_chef_lieu,2.358,48.936,16.209,8.883,70.000,77.000,82.000,12.000,,29.242,12.630,133.000,93.000,-40.000,-0.113,-14.124,2.633,2.000,False,False,False,,,False
centre,91272,Gif-sur-Yvette,commune,,22544,ign_chef_lieu,2.134,48.702,16.247,23.524,100.000,107.000,114.000,14.000,,30.332,9.111,134.000,242.000,108.000,0.305,19.198,3.528,2.000,False,False,False,,,False
centre,93001,Aubervilliers,commune,,88365,ign_chef_lieu,2.382,48.915,16.279,6.820,70.000,76.000,79.000,9.000,,28.973,12.852,135.000,88.500,-46.500,-0.131,-15.415,2.623,3.000,False,False,False,,,False
centre,91136,Champlan,commune,,2615,ign_chef_lieu,2.274,48.708,16.302,17.443,100.000,107.000,113.000,13.000,,29.698,9.141,136.000,242.000,106.000,0.299,19.006,3.603,3.000,False,False,False,,,False
centre,95306,Herblay-sur-Seine,commune,,31779,ign_chef_lieu,2.165,48.990,16.360,20.210,77.000,83.000,91.000,14.000,,34.042,11.826,137.000,115.500,-21.500,-0.061,-7.845,2.438,1.000,False,False,False,,,False
centre,93061,Le Pré-Saint-Gervais,commune,,16993,ign_chef_lieu,2.403,48.883,16.380,4.727,74.000,79.000,82.000,8.000,,34.068,12.440,138.000,98.500,-39.500,-0.112,-12.337,2.319,3.000,False,False,False,,,False
centre,91122,Bures-sur-Yvette,commune,,9548,ign_chef_lieu,2.164,48.697,16.399,22.505,90.000,97.000,104.000,14.000,,29.418,10.144,139.000,195.000,56.000,0.158,7.576,3.297,2.000,False,False,False,,,False
centre,78406,Milon-la-Chapelle,commune,,295,ign_chef_lieu,2.049,48.726,16.528,26.558,,,,,,29.612,,,,,,,,,False,False,False,,,False
centre,95210,Enghien-les-Bains,commune,,11432,ign_chef_lieu,2.307,48.970,16.545,13.049,70.000,77.000,82.000,12.000,,30.910,12.892,140.000,93.000,-47.000,-0.133,-14.967,2.491,2.000,False,False,False,,,False
centre,93055,Pantin,commune,,61929,ign_chef_lieu,2.401,48.897,16.749,5.754,53.000,59.000,63.000,10.000,,33.383,17.033,141.000,32.500,-108.500,-0.306,-35.230,1.767,1.000,False,False,False,,,False
centre,94018,Charenton-le-Pont,commune,,28830,ign_chef_lieu,2.416,48.820,16.976,6.201,72.000,79.000,83.000,11.000,,34.643,12.893,142.000,98.500,-43.500,-0.123,-13.833,2.280,3.000,False,False,False,,,False
centre,94067,Saint-Mandé,commune,,21071,ign_chef_lieu,2.419,48.843,16.985,5.106,62.000,68.000,72.000,10.000,,34.918,14.987,143.000,62.500,-80.500,-0.227,-25.851,1.947,2.000,False,False,False,,,False
centre,93006,Bagnolet,commune,,43086,ign_chef_lieu,2.417,48.869,17.025,4.902,76.000,80.000,84.000,8.000,,37.172,12.769,144.000,103.000,-41.000,-0.116,-12.863,2.152,3.000,False,False,False,,,False
centre,93045,Les Lilas,commune,,23843,ign_chef_lieu,2.416,48.879,17.205,5.305,66.000,73.000,77.000,11.000,,36.345,14.141,145.000,75.000,-70.000,-0.198,-20.891,2.009,3.000,False,False,False,,,False
centre,95219,Ermont,commune,,29489,ign_chef_lieu,2.259,48.992,17.299,16.558,84.000,87.000,94.000,10.000,,31.385,11.930,146.000,143.500,-2.500,-0.007,-5.965,2.772,3.000,False,False,False,,,False
centre,94073,Thiais,commune,,32918,ign_chef_lieu,2.391,48.764,17.339,10.629,84.000,91.000,97.000,13.000,,30.260,11.433,147.000,170.000,23.000,0.065,-1.752,3.007,4.000,True,False,False,,,False
centre,93079,Villetaneuse,commune,,12530,ign_chef_lieu,2.344,48.961,17.387,11.671,75.000,81.000,86.000,11.000,,30.482,12.879,148.000,107.000,-41.000,-0.116,-12.664,2.657,3.000,False,False,False,,,False
centre,93027,La Courneuve,commune,,47167,ign_chef_lieu,2.390,48.927,17.453,8.277,69.000,74.000,79.000,10.000,,28.607,14.151,149.000,79.000,-70.000,-0.198,-20.356,2.587,3.000,False,False,False,,,False
centre,78575,Saint-Rémy-lès-Chevreuse,commune,,7747,ign_chef_lieu,2.073,48.706,17.479,26.507,103.000,110.000,118.000,15.000,,33.288,9.534,150.000,257.500,107.500,0.304,18.303,3.304,2.000,False,False,False,,,False
centre,78672,Villennes-sur-Seine,commune,,5952,ign_chef_lieu,1.999,48.940,17.537,27.546,86.000,99.000,110.000,24.000,,23.340,10.629,151.000,206.500,55.500,0.157,6.303,4.242,3.000,False,False,False,,,False
centre,78561,Saint-Lambert,commune,,447,ign_chef_lieu,2.020,48.731,17.545,28.117,,,,,,26.620,,,,,,,,,False,False,False,,,False
centre,94002,Alfortville,commune,,45531,ign_chef_lieu,2.420,48.805,17.595,7.545,61.000,68.000,72.000,11.000,,35.695,15.525,152.000,62.500,-89.500,-0.253,-27.099,1.905,2.000,False,False,False,,,False
centre,78466,Orgeval,commune,,7252,ign_chef_lieu,1.975,48.918,17.694,28.542,116.000,124.000,131.000,15.000,,23.498,8.561,153.000,296.000,143.000,0.404,32.580,5.277,3.000,False,False,False,,,False
centre,95203,Eaubonne,commune,,26211,ign_chef_lieu,2.280,48.991,17.742,15.908,77.000,84.000,89.000,12.000,,32.232,12.673,154.000,121.000,-33.000,-0.093,-10.306,2.606,2.000,False,False,False,,,False
centre,94069,Saint-Maurice,commune,,14506,ign_chef_lieu,2.427,48.818,17.757,6.894,79.000,85.000,89.000,10.000,,32.472,12.534,155.000,127.500,-27.500,-0.078,-9.275,2.618,3.000,False,False,False,,,False
centre,91587,Saulx-les-Chartreux,commune,,6733,ign_chef_lieu,2.264,48.691,17.831,19.461,121.000,132.000,143.000,22.000,,31.380,8.105,156.000,323.500,167.500,0.473,40.609,4.207,4.000,True,False,False,,,False
centre,95491,Le Plessis-Bouchard,commune,,8518,ign_chef_lieu,2.235,49.001,17.864,18.256,91.000,98.000,103.000,12.000,,32.675,10.937,157.000,199.500,42.500,0.120,4.298,2.999,2.000,False,False,False,,,False
centre,95197,Deuil-la-Barre,commune,,23099,ign_chef_lieu,2.328,48.975,17.909,13.331,81.000,86.000,90.000,9.000,,35.085,12.494,158.000,135.500,-22.500,-0.064,-8.583,2.451,3.000,False,False,False,,,False
centre,78490,Plaisir,commune,,31811,ign_chef_lieu,1.947,48.817,17.916,30.085,98.000,108.000,115.000,17.000,,22.508,9.954,159.000,249.500,90.500,0.256,14.778,4.798,3.000,False,False,False,,,False
centre,95598,Soisy-sous-Montmorency,commune,,18008,ign_chef_lieu,2.300,48.987,17.986,15.060,82.000,87.000,94.000,12.000,,31.128,12.404,160.000,143.500,-16.500,-0.047,-7.712,2.795,4.000,True,False,False,,,False
centre,78015,Andrésy,commune,,13834,ign_chef_lieu,2.061,48.982,18.024,25.565,77.000,88.000,94.000,17.000,,34.375,12.289,161.000,151.000,-10.000,-0.028,-6.745,2.560,2.000,False,False,False,,,False
centre,78196,Davron,commune,,295,ign_chef_lieu,1.944,48.865,18.035,29.977,,,,,,25.690,,,,,,,,,False,False,False,,,False
centre,78172,Conflans-Sainte-Honorine,commune,,36958,ign_chef_lieu,2.095,48.994,18.043,24.293,83.000,89.000,95.000,12.000,,34.843,12.164,162.000,158.500,-3.500,-0.010,-5.735,2.554,1.000,False,False,False,,,False
centre,91692,Les Ulis,commune,,25886,ign_chef_lieu,2.170,48.681,18.074,23.626,106.000,113.000,121.000,15.000,,30.018,9.597,163.000,268.500,105.500,0.298,19.588,3.764,3.000,False,False,False,,,False
centre,91161,Chilly-Mazarin,commune,,20443,ign_chef_lieu,2.313,48.703,18.167,17.360,98.000,105.000,111.000,13.000,,30.853,10.381,164.000,235.500,71.500,0.202,10.848,3.403,4.000,True,False,False,,,False
centre,91666,Villejust,commune,,2558,ign_chef_lieu,2.237,48.682,18.283,21.145,119.000,150.000,162.000,43.000,,32.448,7.313,165.000,347.000,182.000,0.514,57.868,4.623,4.000,True,False,False,,,False
centre,91345,Longjumeau,commune,,21996,ign_chef_lieu,2.296,48.694,18.406,18.504,104.000,111.000,118.000,14.000,,30.390,9.949,166.000,260.500,94.500,0.267,16.447,3.653,3.000,False,False,False,,,False
centre,78160,Chevreuse,commune,,5502,ign_chef_lieu,2.044,48.707,18.445,28.061,,,,,,33.698,,,,,,,,,False,False,False,,,False
centre,94046,Maisons-Alfort,commune,,56799,ign_chef_lieu,2.431,48.801,18.449,8.415,60.000,67.000,71.000,11.000,,36.238,16.522,167.000,59.000,-108.000,-0.305,-29.792,1.849,2.000,False,False,False,,,False
centre,94080,Vincennes,commune,,48193,ign_chef_lieu,2.440,48.848,18.503,6.477,60.000,66.000,70.000,10.000,,37.245,16.821,168.000,55.500,-112.500,-0.318,-30.937,1.772,1.000,False,False,False,,,False
centre,78384,Médan,commune,,1289,ign_chef_lieu,1.996,48.953,18.586,28.247,98.000,109.000,125.000,27.000,,26.293,10.231,169.000,255.000,86.000,0.243,13.813,4.146,3.000,False,False,False,,,False
centre,94022,Choisy-le-Roi,commune,,45946,ign_chef_lieu,2.410,48.762,18.624,11.258,79.000,86.000,90.000,11.000,,30.933,12.994,170.000,135.500,-34.500,-0.097,-10.291,2.780,3.000,False,False,False,,,False
centre,95427,Montmagny,commune,,15105,ign_chef_lieu,2.346,48.975,18.656,13.199,82.000,86.000,93.000,11.000,,32.957,13.016,171.000,135.500,-35.500,-0.100,-10.366,2.609,4.000,True,False,False,,,False
centre,91432,Morangis,commune,,14129,ign_chef_lieu,2.332,48.706,18.672,16.844,101.000,108.000,115.000,14.000,,31.548,10.373,172.000,249.500,77.500,0.219,12.519,3.423,4.000,True,False,False,,,False
centre,93048,Montreuil,commune,,111934,ign_chef_lieu,2.441,48.862,18.701,6.526,67.000,73.000,77.000,10.000,,40.625,15.371,173.000,75.000,-98.000,-0.277,-24.003,1.797,2.000,False,False,False,,,False
centre,95051,Beauchamp,commune,,9849,ign_chef_lieu,2.200,49.012,18.702,20.563,86.000,93.000,99.000,13.000,,34.393,12.066,174.000,179.000,5.000,0.014,-3.184,2.704,2.000,False,False,False,,,False
centre,91275,Gometz-le-Châtel,commune,,2630,ign_chef_lieu,2.138,48.678,18.717,25.295,118.000,132.000,144.000,26.000,,33.857,8.508,175.000,323.500,148.500,0.419,37.362,3.899,3.000,False,False,False,,,False
centre,93063,Romainville,commune,,37152,ign_chef_lieu,2.435,48.886,18.723,6.858,76.000,83.000,86.000,10.000,,38.933,13.535,176.000,115.500,-60.500,-0.171,-13.641,2.132,3.000,False,False,False,,,False
centre,78138,Chanteloup-les-Vignes,commune,,10861,ign_chef_lieu,2.030,48.978,18.928,27.240,87.000,94.000,102.000,15.000,,31.163,12.082,177.000,183.500,6.500,0.018,-2.708,3.016,2.000,False,False,False,,,False
centre,95574,Saint-Prix,commune,,7612,ign_chef_lieu,2.262,49.007,18.935,17.955,96.000,102.000,111.000,15.000,,34.173,11.138,178.000,222.000,44.000,0.124,5.555,2.985,3.000,False,False,False,,,False
centre,95428,Montmorency,commune,,21763,ign_chef_lieu,2.321,48.989,18.935,14.985,91.000,97.000,104.000,13.000,,36.150,11.713,179.000,195.000,16.000,0.045,0.379,2.683,4.000,True,False,False,,,False
centre,93072,Stains,commune,,41388,ign_chef_lieu,2.382,48.955,18.943,11.236,84.000,90.000,95.000,11.000,,32.562,12.628,180.000,164.500,-15.500,-0.044,-6.882,2.764,4.000,True,False,False,,,False
centre,95369,Margency,commune,,3012,ign_chef_lieu,2.287,49.001,18.997,16.798,88.000,95.000,102.000,14.000,,34.428,11.998,181.000,188.000,7.000,0.020,-1.844,2.759,2.000,False,False,False,,,False
centre,94054,Orly,commune,,24658,ign_chef_lieu,2.401,48.743,19.217,13.085,86.000,93.000,99.000,13.000,,33.337,12.398,182.000,179.000,-3.000,-0.008,-4.443,2.790,2.000,False,False,False,,,False
centre,78382,Maurecourt,commune,,4454,ign_chef_lieu,2.063,48.997,19.320,26.334,83.000,91.000,96.000,13.000,,36.447,12.738,183.000,170.000,-13.000,-0.037,-6.737,2.497,2.000,False,False,False,,,False
centre,91560,Saint-Jean-de-Beauregard,commune,,471,ign_chef_lieu,2.168,48.670,19.398,24.824,117.000,125.000,132.000,15.000,,31.367,9.311,184.000,300.000,116.000,0.328,27.860,3.985,3.000,False,False,False,,,False
centre,78208,Élancourt,commune,,26365,ign_chef_lieu,1.949,48.768,19.406,31.186,84.000,92.000,100.000,16.000,,23.290,12.656,185.000,175.000,-10.000,-0.028,-5.915,3.950,2.000,False,False,False,,,False
centre,78644,La Verrière,commune,,5994,ign_chef_lieu,1.958,48.758,19.408,31.001,79.000,86.000,94.000,15.000,,24.758,13.540,186.000,135.500,-50.500,-0.143,-12.055,3.474,1.000,False,False,False,,,False
centre,91479,Paray-Vieille-Poste,commune,,8202,ign_chef_lieu,2.364,48.713,19.467,15.999,97.000,104.000,111.000,14.000,,32.638,11.231,187.000,229.000,42.000,0.119,6.197,3.186,4.000,True,False,False,,,False
centre,91274,Gometz-la-Ville,commune,,1536,ign_chef_lieu,2.125,48.672,19.652,26.475,117.000,131.000,143.000,26.000,,33.888,9.001,188.000,320.000,132.000,0.373,33.159,3.866,3.000,False,False,False,,,False
centre,95426,Montlignon,commune,,3038,ign_chef_lieu,2.285,49.009,19.713,17.653,104.000,112.000,122.000,18.000,,36.113,10.560,189.000,264.500,75.500,0.213,13.677,3.101,4.000,True,False,False,,,False
centre,95288,Groslay,commune,,8453,ign_chef_lieu,2.346,48.987,19.713,14.521,90.000,95.000,103.000,13.000,,36.855,12.451,190.000,188.000,-2.000,-0.006,-3.578,2.578,3.000,False,False,False,,,False
centre,95014,Andilly,commune,,2742,ign_chef_lieu,2.301,49.005,19.813,17.002,101.000,108.000,116.000,15.000,,36.912,11.007,191.000,249.500,58.500,0.165,9.350,2.926,4.000,True,False,False,,,False
centre,78189,Crespières,commune,,1719,ign_chef_lieu,1.924,48.882,19.819,31.570,,,,,,26.710,,,,,,,,,False,False,False,,,False
centre,78615,Thiverval-Grignon,commune,,1023,ign_chef_lieu,1.918,48.850,19.830,31.915,,,,,,27.657,,,,,,,,,False,False,False,,,False
centre,95563,Saint-Leu-la-Forêt,commune,,16138,ign_chef_lieu,2.244,49.019,19.943,19.756,93.000,100.000,108.000,15.000,,34.685,11.966,192.000,212.500,20.500,0.058,0.932,2.883,3.000,False,False,False,,,False
centre,78383,Maurepas,commune,,20629,ign_chef_lieu,1.945,48.762,19.970,31.683,75.000,82.000,90.000,15.000,,23.788,14.613,193.000,110.500,-82.500,-0.233,-17.291,3.447,1.000,False,False,False,,,False
centre,93053,Noisy-le-Sec,commune,,45510,ign_chef_lieu,2.452,48.890,20.054,8.191,69.000,74.000,79.000,10.000,,35.708,16.260,194.000,79.000,-115.000,-0.325,-25.510,2.072,2.000,False,False,False,,,False
centre,91044,Ballainvilliers,commune,,4904,ign_chef_lieu,2.290,48.676,20.080,20.562,110.000,118.000,125.000,15.000,,34.715,10.210,195.000,280.500,85.500,0.242,18.709,3.399,3.000,False,False,False,,,False
centre,95488,Pierrelaye,commune,,10130,ign_chef_lieu,2.156,49.023,20.102,23.464,91.000,98.000,106.000,15.000,,36.492,12.307,196.000,199.500,3.500,0.010,-1.464,2.686,2.000,False,False,False,,,False
centre,93008,Bobigny,commune,,56927,ign_chef_lieu,2.445,48.906,20.121,8.759,77.000,82.000,86.000,9.000,,32.890,14.723,197.000,110.500,-86.500,-0.244,-17.589,2.493,3.000,False,False,False,,,False
centre,93013,Le Bourget,commune,,15925,ign_chef_lieu,2.425,48.935,20.128,10.195,71.000,76.000,81.000,10.000,,31.370,15.890,198.000,88.500,-109.500,-0.309,-23.631,2.423,3.000,False,False,False,,,False
centre,94077,Villeneuve-le-Roi,commune,,21000,ign_chef_lieu,2.408,48.735,20.161,14.074,93.000,100.000,106.000,13.000,,34.045,12.096,199.000,212.500,13.500,0.038,0.406,2.937,2.000,False,False,False,,,False
centre,78397,Le Mesnil-Saint-Denis,commune,,7276,ign_chef_lieu,1.960,48.740,20.302,31.594,89.000,100.000,114.000,25.000,,27.718,12.181,200.000,212.500,12.500,0.035,0.068,3.608,2.000,False,False,False,,,False
centre,78624,Triel-sur-Seine,commune,,12206,ign_chef_lieu,2.003,48.981,20.425,29.133,81.000,91.000,99.000,18.000,,30.620,13.467,201.000,170.000,-31.000,-0.088,-9.202,2.972,2.000,False,False,False,,,False
centre,95607,Taverny,commune,,27593,ign_chef_lieu,2.226,49.026,20.507,21.044,98.000,105.000,113.000,15.000,,34.523,11.718,202.000,235.500,33.500,0.095,4.565,3.041,3.000,False,False,False,,,False
centre,78548,Saint-Forget,commune,,436,ign_chef_lieu,1.993,48.710,20.577,30.986,,,,,,30.798,,,,,,,,,False,False,False,,,False
centre,94042,Joinville-le-Pont,commune,,20525,ign_chef_lieu,2.467,48.818,20.685,9.400,66.000,72.000,76.000,10.000,,36.265,17.237,203.000,71.000,-132.000,-0.373,-28.596,1.985,1.000,False,False,False,,,False
centre,78643,Vernouillet,commune,,9699,ign_chef_lieu,1.983,48.973,20.745,29.979,102.000,113.000,125.000,23.000,,29.270,11.015,204.000,268.500,64.500,0.182,11.909,3.861,3.000,False,False,False,,,False
centre,95218,Éragny-sur-Oise,commune,,18436,ign_chef_lieu,2.091,49.019,20.782,26.369,80.000,87.000,93.000,13.000,,35.520,14.332,205.000,143.500,-61.500,-0.174,-13.914,2.449,1.000,False,False,False,,,False
centre,91458,Nozay,commune,,4471,ign_chef_lieu,2.243,48.660,20.798,23.277,130.000,154.000,177.000,47.000,,34.502,8.103,206.000,349.000,143.000,0.404,52.327,4.464,4.000,True,False,False,,,False
centre,94028,Créteil,commune,,93397,ign_chef_lieu,2.453,48.778,20.817,11.442,85.000,90.000,95.000,10.000,,37.500,13.878,207.000,164.500,-42.500,-0.120,-11.019,2.400,3.000,False,False,False,,,False
centre,93029,Drancy,commune,,72390,ign_chef_lieu,2.445,48.923,20.853,10.075,78.000,84.000,89.000,11.000,,33.412,14.895,208.000,121.000,-87.000,-0.246,-17.019,2.514,3.000,False,False,False,,,False
centre,91411,Les Molières,commune,,1975,ign_chef_lieu,2.070,48.673,20.860,29.129,,,,,,39.525,,,,,,,,,False,False,False,,,False
centre,93030,Dugny,commune,,11700,ign_chef_lieu,2.418,48.955,20.945,12.001,87.000,92.000,97.000,10.000,,33.492,13.660,209.000,175.000,-34.000,-0.096,-9.308,2.747,4.000,True,False,False,,,False
centre,91093,Boullay-les-Troux,commune,,624,ign_chef_lieu,2.050,48.678,20.993,29.791,,,,,,39.365,,,,,,,,,False,False,False,,,False
centre,78431,Morainvilliers,commune,,3120,ign_chef_lieu,1.932,48.929,21.003,31.849,122.000,129.000,136.000,14.000,,26.418,9.769,210.000,315.000,105.000,0.297,26.995,4.883,4.000,True,False,False,,,False
centre,95450,Neuville-sur-Oise,commune,,2058,ign_chef_lieu,2.063,49.014,21.022,27.508,81.000,88.000,94.000,13.000,,37.848,14.333,211.000,151.000,-60.000,-0.169,-13.405,2.325,2.000,False,False,False,,,False
centre,94033,Fontenay-sous-Bois,commune,,53757,ign_chef_lieu,2.475,48.849,21.077,9.014,70.000,75.000,79.000,9.000,,42.303,16.862,212.000,83.500,-128.500,-0.363,-26.291,1.773,2.000,False,False,False,,,False
centre,95268,Garges-lès-Gonesse,commune,,41791,ign_chef_lieu,2.401,48.972,21.137,13.303,96.000,101.000,106.000,10.000,,36.732,12.556,213.000,217.500,4.500,0.013,-0.872,2.750,4.000,True,False,False,,,False
centre,91665,La Ville-du-Bois,commune,,8161,ign_chef_lieu,2.269,48.661,21.144,22.572,122.000,130.000,137.000,15.000,,33.693,9.759,214.000,317.500,103.500,0.292,27.569,3.858,3.000,False,False,False,,,False
centre,95539,Saint-Brice-sous-Forêt,commune,,15063,ign_chef_lieu,2.357,48.998,21.160,15.706,96.000,101.000,109.000,13.000,,37.358,12.570,215.000,217.500,2.500,0.007,-0.925,2.704,4.000,True,False,False,,,False
centre,91027,Athis-Mons,commune,,36613,ign_chef_lieu,2.389,48.708,21.170,16.768,106.000,113.000,120.000,14.000,,34.510,11.241,216.000,268.500,52.500,0.148,10.822,3.274,4.000,True,False,False,,,False
centre,78550,Saint-Germain-de-la-Grange,commune,,1847,ign_chef_lieu,1.899,48.834,21.221,33.378,,,,,,28.563,,,,,,,,,False,False,False,,,False
centre,78010,Les Alluets-le-Roi,commune,,1390,ign_chef_lieu,1.919,48.914,21.229,32.452,,,,,,27.597,,,,,,,,,False,False,False,,,False
centre,78193,Dampierre-en-Yvelines,commune,,1008,ign_chef_lieu,1.986,48.705,21.382,31.766,,,,,,31.347,,,,,,,,,False,False,False,,,False
centre,78162,Choisel,commune,,540,ign_chef_lieu,2.018,48.687,21.461,31.009,,,,,,35.705,,,,,,,,,False,False,False,,,False
centre,78442,Neauphle-le-Château,commune,,3250,ign_chef_lieu,1.899,48.814,21.473,33.643,126.000,178.000,,,,23.563,7.238,217.000,354.000,137.000,0.387,73.378,7.554,4.000,True,False,False,,,False
centre,91216,Épinay-sur-Orge,commune,,10722,ign_chef_lieu,2.324,48.673,21.483,20.542,112.000,118.000,126.000,14.000,,34.248,10.924,218.000,280.500,62.500,0.177,14.910,3.445,4.000,True,False,False,,,False
centre,78321,Jouars-Pontchartrain,commune,,6039,ign_chef_lieu,1.901,48.802,21.573,33.713,128.000,,,,,22.440,,,,,,,,,False,False,False,,,False
centre,91589,Savigny-sur-Orge,commune,,37601,ign_chef_lieu,2.346,48.680,21.609,19.657,109.000,115.000,123.000,14.000,,33.338,11.274,219.000,275.000,56.000,0.158,11.674,3.449,4.000,True,False,False,,,False
centre,78642,Verneuil-sur-Seine,commune,,16280,ign_chef_lieu,1.975,48.979,21.664,30.817,98.000,111.000,122.000,24.000,,29.197,11.710,220.000,260.500,40.500,0.114,7.658,3.802,3.000,False,False,False,,,False
centre,94001,Ablon-sur-Seine,commune,,5988,ign_chef_lieu,2.422,48.725,21.701,15.492,100.000,107.000,115.000,15.000,,36.612,12.169,221.000,242.000,21.000,0.059,3.694,2.923,4.000,True,False,False,,,False
centre,95323,Jouy-le-Moutier,commune,,17854,ign_chef_lieu,2.047,49.016,21.732,28.527,97.000,105.000,114.000,17.000,,40.910,12.418,222.000,235.500,13.500,0.038,1.684,2.567,2.000,False,False,False,,,False
centre,91326,Juvisy-sur-Orge,commune,,19292,ign_chef_lieu,2.372,48.691,21.757,18.487,102.000,109.000,117.000,15.000,,36.430,11.976,223.000,255.000,32.000,0.090,5.500,2.992,4.000,True,False,False,,,False
centre,95060,Bessancourt,commune,,8869,ign_chef_lieu,2.217,49.039,21.806,22.566,103.000,111.000,118.000,15.000,,36.688,11.787,224.000,260.500,36.500,0.103,7.319,3.025,3.000,False,False,False,,,False
centre,78683,Villiers-Saint-Frédéric,commune,,3395,ign_chef_lieu,1.891,48.820,21.921,34.096,120.000,131.000,144.000,24.000,,26.013,10.040,225.000,320.000,95.000,0.268,26.335,5.036,3.000,False,False,False,,,False
centre,95489,Piscop,commune,,768,ign_chef_lieu,2.343,49.012,21.936,17.337,,,,,,40.923,,,,,,,,,False,False,False,,,False
centre,91319,Janvry,commune,,654,ign_chef_lieu,2.156,48.647,21.996,27.402,,,,,,37.407,,,,,,,,,False,False,False,,,False
centre,95585,Sarcelles,commune,,59173,ign_chef_lieu,2.378,48.997,22.091,15.801,98.000,105.000,114.000,16.000,,39.833,12.623,226.000,235.500,9.500,0.027,0.886,2.636,3.000,False,False,False,,,False
centre,78334,Lévis-Saint-Nom,commune,,1603,ign_chef_lieu,1.949,48.721,22.214,33.260,,,,,,31.918,,,,,,,,,False,False,False,,,False
centre,93064,Rosny-sous-Bois,commune,,47180,ign_chef_lieu,2.488,48.872,22.264,10.098,69.000,73.000,78.000,9.000,,39.057,18.299,227.000,75.000,-152.000,-0.429,-30.124,1.869,2.000,False,False,False,,9.000,False
centre,91685,Villiers-sur-Orge,commune,,4545,ign_chef_lieu,2.300,48.657,22.286,22.458,125.000,132.000,140.000,15.000,,36.545,10.130,228.000,323.500,95.500,0.270,26.291,3.612,4.000,True,False,False,,,False
centre,94052,Nogent-sur-Marne,commune,,32455,ign_chef_lieu,2.492,48.839,22.304,10.381,73.000,79.000,85.000,12.000,,40.005,16.940,229.000,98.500,-130.500,-0.369,-24.445,1.975,2.000,False,False,False,,,False
centre,94068,Saint-Maur-des-Fossés,commune,,76572,ign_chef_lieu,2.485,48.803,22.315,11.426,70.000,76.000,80.000,10.000,,40.528,17.617,230.000,88.500,-141.500,-0.400,-27.333,1.875,1.000,False,False,False,,,False
centre,93010,Bondy,commune,,50595,ign_chef_lieu,2.481,48.902,22.493,10.718,75.000,82.000,86.000,11.000,,35.747,16.459,231.000,110.500,-120.500,-0.340,-21.895,2.294,1.000,False,False,False,,,False
centre,78168,Coignières,commune,,4321,ign_chef_lieu,1.918,48.748,22.519,34.145,75.000,83.000,90.000,15.000,,26.233,16.279,232.000,115.500,-116.500,-0.329,-20.986,3.164,1.000,False,False,False,,,False
centre,91363,Marcoussis,commune,,8618,ign_chef_lieu,2.231,48.643,22.543,25.376,116.000,125.000,140.000,24.000,,38.037,10.821,233.000,300.000,67.000,0.189,18.936,3.286,4.000,True,False,False,,,False
centre,78206,Ecquevilly,commune,,4279,ign_chef_lieu,1.924,48.949,22.609,33.050,110.000,116.000,123.000,13.000,,25.252,11.694,234.000,276.000,42.000,0.119,10.217,4.594,4.000,True,False,False,,,False
centre,91667,Villemoisson-sur-Orge,commune,,7332,ign_chef_lieu,2.330,48.662,22.741,21.694,118.000,125.000,133.000,15.000,,35.160,10.916,235.000,300.000,65.000,0.184,18.436,3.555,4.000,True,False,False,,,False
centre,95199,Domont,commune,,16065,ign_chef_lieu,2.327,49.027,22.835,19.106,106.000,114.000,121.000,15.000,,41.848,12.019,236.000,272.500,36.500,0.103,7.799,2.724,3.000,False,False,False,,,False
centre,93007,Le Blanc-Mesnil,commune,,62376,ign_chef_lieu,2.464,48.939,22.840,12.266,79.000,84.000,89.000,10.000,,36.218,16.314,237.000,121.000,-116.000,-0.328,-20.578,2.319,3.000,False,False,False,,,False
centre,94078,Villeneuve-Saint-Georges,commune,,36221,ign_chef_lieu,2.448,48.731,22.845,15.622,100.000,105.000,111.000,11.000,,39.403,13.055,238.000,235.500,-2.500,-0.007,-0.733,2.665,4.000,True,False,False,,,False
centre,78062,Beynes,commune,,7704,ign_chef_lieu,1.876,48.856,22.932,34.976,119.000,126.000,134.000,15.000,,31.015,10.920,239.000,304.500,65.500,0.185,18.903,4.063,3.000,False,False,False,,,False
centre,78590,Senlisse,commune,,511,ign_chef_lieu,1.982,48.687,23.092,33.144,,,,,,35.295,,,,,,,,,False,False,False,,,False
centre,95256,Frépillon,commune,,3317,ign_chef_lieu,2.206,49.051,23.107,24.152,109.000,117.000,124.000,15.000,,38.777,11.850,240.000,277.500,37.500,0.106,10.008,3.017,3.000,False,False,False,,,False
centre,95572,Saint-Ouen-l'Aumône,commune,,25578,ign_chef_lieu,2.106,49.044,23.122,27.613,93.000,100.000,106.000,13.000,,39.922,13.873,241.000,212.500,-28.500,-0.081,-6.005,2.505,2.000,False,False,False,,,False
centre,78305,Herbeville,commune,,228,ign_chef_lieu,1.887,48.906,23.137,34.591,,,,,,30.185,,,,,,,,,False,False,False,,,False
centre,78140,Chapet,commune,,1331,ign_chef_lieu,1.934,48.967,23.140,33.062,115.000,121.000,129.000,14.000,,27.243,11.474,242.000,286.500,44.500,0.126,13.690,4.441,4.000,True,False,False,,,False
centre,91657,Vigneux-sur-Seine,commune,,31466,ign_chef_lieu,2.417,48.700,23.200,18.008,96.000,103.000,111.000,15.000,,43.348,13.515,243.000,224.500,-18.500,-0.052,-3.344,2.376,3.000,False,False,False,,,False
centre,95088,Bonneuil-en-France,commune,,1185,ign_chef_lieu,2.433,48.976,23.204,14.514,106.000,112.000,119.000,13.000,,38.323,12.431,244.000,264.500,20.500,0.058,5.094,2.923,4.000,True,False,False,,,False
centre,91434,Morsang-sur-Orge,commune,,21667,ign_chef_lieu,2.346,48.662,23.313,21.631,119.000,126.000,134.000,15.000,,34.417,11.102,245.000,304.500,59.500,0.168,17.964,3.661,4.000,True,False,False,,,False
centre,94011,Bonneuil-sur-Marne,commune,,18270,ign_chef_lieu,2.487,48.774,23.324,13.474,85.000,91.000,97.000,12.000,,39.870,15.378,246.000,170.000,-76.000,-0.215,-14.823,2.282,4.000,True,False,False,,,False
centre,95680,Villiers-le-Bel,commune,,30053,ign_chef_lieu,2.388,49.008,23.398,17.006,111.000,117.000,123.000,12.000,,39.393,11.999,247.000,277.500,30.500,0.086,9.348,2.970,4.000,True,False,False,,,False
centre,91338,Limours,commune,,6517,ign_chef_lieu,2.077,48.646,23.441,30.955,127.000,141.000,153.000,26.000,,40.823,9.975,248.000,337.000,89.000,0.251,31.659,3.454,3.000,False,False,False,,,False
centre,93049,Neuilly-Plaisance,commune,,21941,ign_chef_lieu,2.506,48.861,23.461,11.301,82.000,87.000,91.000,9.000,,42.423,16.180,249.000,143.500,-105.500,-0.298,-18.797,2.051,2.000,False,False,False,,,False
centre,94074,Valenton,commune,,14406,ign_chef_lieu,2.470,48.744,23.470,15.148,98.000,104.000,110.000,12.000,,40.098,13.540,250.000,229.000,-21.000,-0.059,-2.946,2.594,4.000,True,False,False,,,False
centre,94058,Le Perreux-sur-Marne,commune,,35260,ign_chef_lieu,2.508,48.841,23.522,11.557,81.000,88.000,93.000,12.000,,41.610,16.037,251.000,151.000,-100.000,-0.282,-17.965,2.115,2.000,False,False,False,,,False
centre,91687,Viry-Châtillon,commune,,30838,ign_chef_lieu,2.375,48.671,23.585,20.644,112.000,119.000,127.000,15.000,,35.597,11.892,252.000,284.000,32.000,0.090,10.790,3.343,3.000,False,False,False,,,False
centre,95019,Arnouville,commune,,15023,ign_chef_lieu,2.421,48.990,23.586,15.646,110.000,114.000,119.000,9.000,,40.415,12.414,253.000,272.500,19.500,0.055,6.132,2.821,4.000,True,False,False,,,False
centre,95091,Bouffémont,commune,,6593,ign_chef_lieu,2.299,49.043,23.655,21.132,,,,,,45.287,,,,,,,,,False,False,False,,,False
centre,91347,Longpont-sur-Orge,commune,,6482,ign_chef_lieu,2.293,48.642,23.657,24.185,131.000,138.000,146.000,15.000,,38.483,10.285,254.000,331.500,77.500,0.219,28.292,3.586,4.000,True,False,False,,,False
centre,95061,Béthemont-la-Forêt,commune,,435,ign_chef_lieu,2.252,49.053,23.738,23.061,,,,,,42.838,,,,,,,,,False,False,False,,,False
centre,91425,Montlhéry,commune,,9772,ign_chef_lieu,2.270,48.637,23.782,25.168,126.000,133.000,141.000,15.000,,37.405,10.729,255.000,326.000,71.000,0.201,23.329,3.556,3.000,False,False,False,,,False
centre,93077,Villemomble,commune,,29795,ign_chef_lieu,2.508,48.882,23.876,11.751,77.000,83.000,88.000,11.000,,39.397,17.260,256.000,115.500,-140.500,-0.397,-23.181,2.107,1.000,False,False,False,,,False
centre,95500,Pontoise,commune,,31970,ign_chef_lieu,2.101,49.051,23.925,28.422,95.000,101.000,108.000,13.000,,40.745,14.213,257.000,217.500,-39.500,-0.112,-6.614,2.479,3.000,False,False,False,,,False
centre,94044,Limeil-Brévannes,commune,,27406,ign_chef_lieu,2.480,48.749,23.926,15.180,95.000,101.000,108.000,13.000,,39.350,14.213,258.000,217.500,-40.500,-0.114,-6.616,2.567,3.000,False,False,False,,,False
centre,94017,Champigny-sur-Marne,commune,,78072,ign_chef_lieu,2.511,48.813,23.952,12.570,76.000,83.000,87.000,11.000,,41.852,17.315,259.000,115.500,-143.500,-0.405,-23.299,1.983,2.000,False,False,False,,,False
centre,95205,Écouen,commune,,7202,ign_chef_lieu,2.379,49.018,23.964,18.124,110.000,118.000,125.000,15.000,,41.628,12.185,260.000,280.500,20.500,0.058,9.020,2.835,3.000,False,False,False,,,False
centre,95074,Boisemont,commune,,892,ign_chef_lieu,2.002,49.021,23.972,31.543,112.000,119.000,127.000,15.000,,40.587,12.087,261.000,284.000,23.000,0.065,9.925,2.932,2.000,False,False,False,,,False
centre,78443,Neauphle-le-Vieux,commune,,937,ign_chef_lieu,1.864,48.815,24.005,36.180,118.000,129.000,142.000,24.000,,27.620,11.165,262.000,315.000,53.000,0.150,19.084,4.671,3.000,False,False,False,,,False
centre,91201,Draveil,commune,,30098,ign_chef_lieu,2.405,48.682,24.022,19.735,117.000,124.000,132.000,15.000,,42.002,11.624,263.000,296.000,33.000,0.093,14.429,2.952,4.000,True,False,False,,,False
centre,95637,Vauréal,commune,,16079,ign_chef_lieu,2.021,49.030,24.056,31.004,94.000,103.000,112.000,18.000,,42.137,14.013,264.000,224.500,-39.500,-0.112,-5.015,2.444,2.000,False,False,False,,,False
centre,78623,Le Tremblay-sur-Mauldre,commune,,930,ign_chef_lieu,1.875,48.778,24.078,36.115,,,,,,27.192,,,,,,,,,False,False,False,,,False
centre,95151,Chauvry,commune,,297,ign_chef_lieu,2.267,49.054,24.122,22.876,,,,,,42.983,,,,,,,,,False,False,False,,,False
centre,91482,Pecqueuse,commune,,580,ign_chef_lieu,2.049,48.647,24.165,32.295,148.000,162.000,174.000,26.000,,42.713,8.950,265.000,352.000,87.000,0.246,49.071,3.793,3.000,False,False,False,,,False
centre,78368,Mareil-sur-Mauldre,commune,,1776,ign_chef_lieu,1.866,48.894,24.298,35.964,120.000,127.000,135.000,15.000,,30.418,11.480,266.000,308.000,42.000,0.119,16.554,4.175,3.000,False,False,False,,,False
centre,91339,Linas,commune,,7987,ign_chef_lieu,2.267,48.631,24.310,25.816,131.000,138.000,146.000,15.000,,37.457,10.569,267.000,331.500,64.500,0.182,26.620,3.684,3.000,False,False,False,,,False
centre,93057,Les Pavillons-sous-Bois,commune,,25804,ign_chef_lieu,2.507,48.903,24.328,12.448,79.000,86.000,92.000,13.000,,38.175,16.973,268.000,135.500,-132.500,-0.374,-21.121,2.253,2.000,False,False,False,,,False
centre,91191,Crosne,commune,,9610,ign_chef_lieu,2.458,48.716,24.372,17.388,89.000,96.000,104.000,15.000,,41.628,15.232,269.000,192.000,-77.000,-0.218,-12.024,2.306,2.000,False,False,False,,,False
centre,94015,Bry-sur-Marne,commune,,18503,ign_chef_lieu,2.520,48.835,24.377,12.487,84.000,90.000,94.000,10.000,,40.217,16.252,270.000,164.500,-105.500,-0.298,-17.532,2.238,2.000,False,False,False,,,False
centre,78638,Vaux-sur-Seine,commune,,5202,ign_chef_lieu,1.963,49.006,24.443,33.018,87.000,98.000,107.000,20.000,,36.333,14.965,271.000,199.500,-71.500,-0.202,-10.317,2.697,2.000,False,False,False,,,False
centre,78415,Montainville,commune,,589,ign_chef_lieu,1.860,48.882,24.454,36.271,,,,,,33.765,,,,,,,,,False,False,False,,,False
centre,78576,Saint-Rémy-l'Honoré,commune,,1689,ign_chef_lieu,1.882,48.756,24.490,36.330,,,,,,30.662,,,,,,,,,False,False,False,,,False
centre,95229,Ézanville,commune,,9858,ign_chef_lieu,2.362,49.032,24.547,19.541,105.000,113.000,120.000,15.000,,42.388,13.034,272.000,268.500,-3.500,-0.010,3.198,2.666,3.000,False,False,False,,,False
centre,95394,Méry-sur-Oise,commune,,9983,ign_chef_lieu,2.185,49.064,24.571,26.196,111.000,118.000,125.000,14.000,,40.475,12.494,273.000,280.500,7.500,0.021,7.715,2.915,3.000,False,False,False,,,False
centre,78128,Cernay-la-Ville,commune,,1516,ign_chef_lieu,1.971,48.673,24.729,34.633,,,,,,37.723,,,,,,,,,False,False,False,,,False
centre,91111,Briis-sous-Forges,commune,,3342,ign_chef_lieu,2.124,48.625,24.774,30.750,,,,,,42.258,,,,,,,,,False,False,False,,,False
centre,91549,Sainte-Geneviève-des-Bois,commune,,35438,ign_chef_lieu,2.327,48.641,24.783,24.073,127.000,134.000,142.000,15.000,,38.945,11.097,274.000,327.500,53.500,0.151,21.814,3.441,4.000,True,False,False,,,False
centre,95678,Villiers-Adam,commune,,858,ign_chef_lieu,2.235,49.064,24.808,24.691,142.000,153.000,165.000,23.000,,41.335,9.729,275.000,348.000,73.000,0.206,39.018,3.701,3.000,False,False,False,,,False
centre,91249,Forges-les-Bains,commune,,4241,ign_chef_lieu,2.100,48.628,24.817,31.461,,,,,,45.620,,,,,,,,,False,False,False,,,False
centre,93062,Le Raincy,commune,,14735,ign_chef_lieu,2.516,48.899,24.851,12.881,73.000,80.000,87.000,14.000,,39.230,18.638,276.000,103.000,-173.000,-0.489,-27.371,2.039,2.000,False,False,False,,5.000,False
centre,95277,Gonesse,commune,,27707,ign_chef_lieu,2.450,48.986,24.930,16.121,104.000,109.000,114.000,10.000,,40.692,13.723,277.000,255.000,-22.000,-0.062,-1.194,2.679,4.000,True,False,False,,,False
centre,93005,Aulnay-sous-Bois,commune,,87599,ign_chef_lieu,2.500,48.934,25.030,13.861,72.000,78.000,83.000,11.000,,39.432,19.254,278.000,96.000,-182.000,-0.514,-29.431,1.978,2.000,False,False,False,,3.000,False
centre,91243,Fontenay-lès-Briis,commune,,2350,ign_chef_lieu,2.156,48.619,25.044,30.068,,,,,,38.697,,,,,,,,,False,False,False,,,False
centre,93050,Neuilly-sur-Marne,commune,,39800,ign_chef_lieu,2.528,48.857,25.052,12.915,82.000,89.000,93.000,11.000,,43.605,16.889,279.000,158.500,-120.500,-0.340,-19.513,2.041,2.000,False,False,False,,,False
centre,95388,Menucourt,commune,,6184,ign_chef_lieu,1.984,49.025,25.086,32.872,107.000,129.000,151.000,44.000,,40.177,11.668,280.000,315.000,35.000,0.099,16.584,3.211,2.000,False,False,False,,,False
centre,78050,Bazoches-sur-Guyonne,commune,,721,ign_chef_lieu,1.860,48.778,25.142,37.196,,,,,,26.307,,,,,,,,,False,False,False,,,False
centre,91570,Saint-Michel-sur-Orge,commune,,21776,ign_chef_lieu,2.303,48.630,25.179,25.414,121.000,128.000,136.000,15.000,,38.440,11.802,281.000,311.500,30.500,0.086,15.476,3.330,4.000,True,False,False,,,False
centre,95039,Auvers-sur-Oise,commune,,6863,ign_chef_lieu,2.172,49.070,25.232,27.207,113.000,126.000,143.000,30.000,,43.370,12.015,282.000,304.500,22.500,0.064,13.556,2.905,2.000,False,False,False,,,False
centre,95409,Moisselles,commune,,1261,ign_chef_lieu,2.337,49.048,25.239,21.344,116.000,124.000,131.000,15.000,,42.433,12.213,283.000,296.000,13.000,0.037,11.737,2.922,3.000,False,False,False,,,False
centre,78090,Bouafle,commune,,2234,ign_chef_lieu,1.897,48.966,25.279,35.533,132.000,143.000,157.000,25.000,,27.303,10.607,284.000,339.500,55.500,0.157,28.761,5.237,2.000,False,False,False,,,False
centre,95183,Courdimanche,commune,,7311,ign_chef_lieu,2.002,49.035,25.315,32.500,98.000,107.000,117.000,19.000,,41.875,14.196,285.000,242.000,-43.000,-0.121,-3.721,2.555,2.000,False,False,False,,,False
centre,91421,Montgeron,commune,,24022,ign_chef_lieu,2.460,48.704,25.360,18.725,82.000,89.000,97.000,15.000,,43.795,17.097,286.000,158.500,-127.500,-0.360,-19.985,2.032,2.000,False,False,False,,,False
centre,91286,Grigny,commune,,26842,ign_chef_lieu,2.385,48.656,25.378,22.380,115.000,122.000,130.000,15.000,,36.062,12.481,287.000,290.000,3.000,0.008,9.645,3.383,3.000,False,False,False,,,False
centre,78049,Bazemont,commune,,1727,ign_chef_lieu,1.865,48.928,25.444,36.598,,,,,,33.683,,,,,,,,,False,False,False,,,False
centre,78220,Les Essarts-le-Roi,commune,,6831,ign_chef_lieu,1.895,48.718,25.691,37.012,81.000,89.000,96.000,15.000,,30.303,17.320,288.000,158.500,-129.500,-0.366,-20.484,2.937,1.000,False,False,False,,,False
centre,78366,Mareil-le-Guyon,commune,,420,ign_chef_lieu,1.847,48.790,25.707,37.830,,,,,,28.993,,,,,,,,,False,False,False,,,False
centre,95127,Cergy,commune,,70906,ign_chef_lieu,2.035,49.053,25.783,31.864,77.000,83.000,90.000,13.000,,42.780,18.638,289.000,115.500,-173.500,-0.490,-25.971,1.940,1.000,False,False,False,,4.000,False
centre,78588,Saulx-Marchais,commune,,950,ign_chef_lieu,1.836,48.838,25.793,37.929,,,,,,33.085,,,,,,,,,False,False,False,,,False
centre,94019,Chennevières-sur-Marne,commune,,18710,ign_chef_lieu,2.533,48.796,25.863,14.818,93.000,98.000,105.000,12.000,,46.190,15.834,290.000,199.500,-90.500,-0.256,-12.723,2.122,3.000,False,False,False,,,False
centre,91333,Leuville-sur-Orge,commune,,4271,ign_chef_lieu,2.264,48.616,25.896,27.494,136.000,143.000,150.000,14.000,,38.137,10.865,291.000,339.500,48.500,0.137,27.276,3.750,3.000,False,False,False,,,False
centre,78380,Maule,commune,,6083,ign_chef_lieu,1.848,48.909,25.947,37.443,123.000,131.000,139.000,16.000,,34.597,11.884,292.000,320.000,28.000,0.079,16.484,3.786,3.000,False,False,False,,,False
centre,94071,Sucy-en-Brie,commune,,27764,ign_chef_lieu,2.524,48.771,25.991,15.789,90.000,95.000,99.000,9.000,,43.265,16.416,293.000,188.000,-105.000,-0.297,-15.596,2.196,2.000,False,False,False,,,False
centre,94079,Villiers-sur-Marne,commune,,33162,ign_chef_lieu,2.541,48.826,25.992,14.228,83.000,89.000,96.000,13.000,,43.065,17.523,294.000,158.500,-135.500,-0.383,-20.928,2.067,2.000,False,False,False,,,False
centre,95042,Baillet-en-France,commune,,2021,ign_chef_lieu,2.300,49.065,26.003,23.539,123.000,130.000,138.000,15.000,,46.785,12.001,295.000,317.500,22.500,0.064,15.475,2.779,3.000,False,False,False,,,False
centre,93032,Gagny,commune,,42313,ign_chef_lieu,2.537,48.885,26.008,13.876,78.000,85.000,92.000,14.000,,42.575,18.359,296.000,127.500,-168.500,-0.476,-24.505,1.996,1.000,False,False,False,,7.000,False
centre,78227,Évecquemont,commune,,754,ign_chef_lieu,1.944,49.014,26.031,34.671,136.000,147.000,161.000,25.000,,35.163,10.625,297.000,344.000,47.000,0.133,30.507,4.180,4.000,True,False,False,,,False
centre,78653,Vicq,commune,,389,ign_chef_lieu,1.835,48.815,26.117,38.292,,,,,,28.568,,,,,,,,,False,False,False,,,False
centre,94004,Boissy-Saint-Léger,commune,,17325,ign_chef_lieu,2.513,48.748,26.157,16.866,87.000,94.000,98.000,11.000,,41.212,16.696,298.000,183.500,-114.500,-0.323,-16.740,2.281,1.000,False,False,False,,,False
centre,91691,Yerres,commune,,27906,ign_chef_lieu,2.488,48.717,26.172,18.417,92.000,99.000,107.000,15.000,,45.548,15.862,299.000,206.500,-92.500,-0.261,-12.336,2.174,3.000,False,False,False,,,False
centre,95392,Mériel,commune,,5347,ign_chef_lieu,2.205,49.079,26.219,27.012,104.000,112.000,119.000,15.000,,42.903,14.046,300.000,264.500,-35.500,-0.100,-0.909,2.611,3.000,False,False,False,,,False
centre,78440,Les Mureaux,commune,,34632,ign_chef_lieu,1.909,48.993,26.349,35.876,92.000,102.000,110.000,18.000,,27.720,15.499,301.000,222.000,-79.000,-0.223,-9.971,3.680,3.000,False,False,False,,,False
centre,95028,Attainville,commune,,1904,ign_chef_lieu,2.346,49.057,26.407,22.317,128.000,135.000,143.000,15.000,,45.552,11.736,302.000,329.000,27.000,0.076,19.030,2.964,4.000,True,False,False,,,False
centre,95476,Osny,commune,,17954,ign_chef_lieu,2.062,49.066,26.430,31.598,100.000,107.000,115.000,15.000,,44.917,14.821,303.000,242.000,-61.000,-0.172,-5.698,2.382,1.000,False,False,False,,,False
centre,95211,Ennery,commune,,2243,ign_chef_lieu,2.106,49.076,26.536,30.368,,,,,,44.195,,,,,,,,,False,False,False,,,False
centre,95094,Bouqueval,commune,,314,ign_chef_lieu,2.424,49.024,26.559,19.420,,,,,,44.458,,,,,,,,,False,False,False,,,False
centre,95510,Puiseux-Pontoise,commune,,603,ign_chef_lieu,2.022,49.057,26.651,32.908,92.000,99.000,105.000,13.000,,41.967,16.152,304.000,206.500,-97.500,-0.275,-13.097,2.359,1.000,False,False,False,,,False
centre,94055,Ormesson-sur-Marne,commune,,10977,ign_chef_lieu,2.540,48.786,26.695,15.889,99.000,104.000,111.000,12.000,,45.338,15.401,305.000,229.000,-76.000,-0.215,-8.780,2.294,3.000,False,False,False,,,False
centre,95492,Le Plessis-Gassot,commune,,102,ign_chef_lieu,2.412,49.033,26.765,20.173,,,,,,45.257,,,,,,,,,False,False,False,,,False
centre,93051,Noisy-le-Grand,commune,,72978,ign_chef_lieu,2.552,48.850,26.773,14.690,85.000,91.000,95.000,10.000,,43.877,17.653,306.000,170.000,-136.000,-0.384,-20.296,2.074,2.000,False,False,False,,,False
centre,78238,Flins-sur-Seine,commune,,2447,ign_chef_lieu,1.870,48.963,26.803,37.295,142.000,148.000,156.000,14.000,,26.850,10.866,307.000,345.000,38.000,0.107,29.561,5.512,4.000,True,False,False,,,False
centre,95430,Montsoult,commune,,4023,ign_chef_lieu,2.312,49.071,26.836,24.007,111.000,119.000,126.000,15.000,,47.048,13.531,308.000,284.000,-24.000,-0.068,4.112,2.529,3.000,False,False,False,,,False
centre,93046,Livry-Gargan,commune,,47228,ign_chef_lieu,2.536,48.919,26.927,15.193,93.000,98.000,103.000,10.000,,40.438,16.486,309.000,199.500,-109.500,-0.309,-14.401,2.423,4.000,True,False,False,,,False
centre,91235,Fleury-Mérogis,commune,,13721,ign_chef_lieu,2.361,48.630,26.945,25.188,136.000,143.000,151.000,15.000,,40.633,11.306,310.000,339.500,29.500,0.083,24.865,3.519,4.000,True,False,False,,,False
centre,95120,Butry-sur-Oise,commune,,2252,ign_chef_lieu,2.198,49.086,26.957,27.909,116.000,123.000,131.000,15.000,,44.995,13.150,311.000,293.500,-17.500,-0.049,7.378,2.734,3.000,False,False,False,,,False
centre,78033,Aulnay-sur-Mauldre,commune,,1180,ign_chef_lieu,1.844,48.929,26.968,38.176,132.000,139.000,150.000,18.000,,35.023,11.641,312.000,334.000,22.000,0.062,21.322,3.969,3.000,False,False,False,,,False
centre,91521,Ris-Orangis,commune,,31189,ign_chef_lieu,2.416,48.654,26.971,23.016,115.000,122.000,130.000,15.000,,41.100,13.265,313.000,290.000,-23.000,-0.065,6.478,2.968,4.000,True,False,False,,,False
centre,93071,Sevran,commune,,52535,ign_chef_lieu,2.526,48.940,26.992,15.716,86.000,91.000,96.000,10.000,,43.163,17.797,314.000,170.000,-144.000,-0.407,-20.607,2.108,3.000,False,False,False,,,False
centre,78013,Andelu,commune,,550,ign_chef_lieu,1.824,48.879,27.014,38.888,,,,,,38.080,,,,,,,,,False,False,False,,,False
centre,78034,Auteuil,commune,,1020,ign_chef_lieu,1.819,48.841,27.094,39.220,,,,,,31.553,,,,,,,,,False,False,False,,,False
centre,78364,Marcq,commune,,802,ign_chef_lieu,1.819,48.860,27.117,39.145,,,,,,33.660,,,,,,,,,False,False,False,,,False
centre,95612,Le Thillay,commune,,4560,ign_chef_lieu,2.470,49.002,27.145,18.314,104.000,110.000,115.000,11.000,,41.782,14.806,315.000,257.500,-57.500,-0.162,-4.292,2.633,3.000,False,False,False,,,False
centre,78401,Meulan-en-Yvelines,commune,,8950,ign_chef_lieu,1.910,49.005,27.154,36.404,96.000,105.000,114.000,18.000,,29.683,15.517,316.000,235.500,-80.500,-0.227,-8.657,3.537,2.000,False,False,False,,,False
centre,78030,Auffargis,commune,,1963,ign_chef_lieu,1.887,48.700,27.224,38.336,,,,,,33.015,,,,,,,,,False,False,False,,,False
centre,91634,Vaugrigneuse,commune,,1458,ign_chef_lieu,2.121,48.603,27.240,32.966,,,,,,43.377,,,,,,,,,False,False,False,,,False
centre,91103,Brétigny-sur-Orge,commune,,26658,ign_chef_lieu,2.306,48.611,27.241,27.452,120.000,127.000,135.000,15.000,,40.732,12.870,317.000,308.000,-9.000,-0.025,10.312,3.118,4.000,True,False,False,,,False
centre,93014,Clichy-sous-Bois,commune,,29354,ign_chef_lieu,2.546,48.911,27.318,15.426,89.000,96.000,101.000,12.000,,41.870,17.074,318.000,192.000,-126.000,-0.356,-16.728,2.293,2.000,False,False,False,,,False
centre,95353,Maffliers,commune,,1856,ign_chef_lieu,2.308,49.076,27.336,24.650,120.000,128.000,135.000,15.000,,48.332,12.814,319.000,311.500,-7.500,-0.021,10.994,2.648,3.000,False,False,False,,,False
centre,78398,Les Mesnuls,commune,,910,ign_chef_lieu,1.837,48.758,27.452,39.400,,,,,,30.680,,,,,,,,,False,False,False,,,False
centre,78029,Aubergenville,commune,,12723,ign_chef_lieu,1.856,48.959,27.515,38.154,121.000,128.000,136.000,15.000,,28.052,12.898,320.000,311.500,-8.500,-0.024,10.645,4.563,3.000,False,False,False,,,False
centre,94053,Noiseau,commune,,4628,ign_chef_lieu,2.549,48.775,27.592,17.032,108.000,114.000,119.000,11.000,,47.275,14.522,321.000,272.500,-48.500,-0.137,-1.589,2.411,3.000,False,False,False,,,False
centre,91494,Le Plessis-Pâté,commune,,4154,ign_chef_lieu,2.325,48.612,27.653,27.230,149.000,156.000,164.000,15.000,,43.788,10.636,322.000,350.000,28.000,0.079,34.526,3.563,4.000,True,False,False,,,False
centre,78087,Bonnelles,commune,,2165,ign_chef_lieu,2.028,48.618,27.662,35.639,,,,,,46.225,,,,,,,,,False,False,False,,,False
centre,78389,Méré,commune,,1731,ign_chef_lieu,1.820,48.788,27.713,39.841,,,,,,28.337,,,,,,,,,False,False,False,,,False
centre,95395,Le Mesnil-Aubry,commune,,914,ign_chef_lieu,2.400,49.051,27.797,21.898,,,,,,45.397,,,,,,,,,False,False,False,,,False
centre,91115,Bruyères-le-Châtel,commune,,3788,ign_chef_lieu,2.193,48.593,27.818,31.522,,,,,,43.857,,,,,,,,,False,False,False,,,False
centre,91186,Courson-Monteloup,commune,,563,ign_chef_lieu,2.145,48.593,28.039,33.033,,,,,,42.532,,,,,,,,,False,False,False,,,False
centre,95633,Vaudherland,commune,,104,ign_chef_lieu,2.487,49.001,28.040,18.838,118.000,125.000,129.000,11.000,,40.870,13.459,323.000,300.000,-23.000,-0.065,7.073,3.058,3.000,False,False,False,,,False
centre,95445,Nerville-la-Forêt,commune,,756,ign_chef_lieu,2.277,49.089,28.111,26.490,,,,,,46.117,,,,,,,,,False,False,False,,,False
centre,95628,Valmondois,commune,,1208,ign_chef_lieu,2.190,49.096,28.115,29.206,119.000,125.000,133.000,14.000,,48.473,13.495,324.000,300.000,-24.000,-0.068,6.937,2.579,3.000,False,False,False,,,False
centre,78609,Tessancourt-sur-Aubette,commune,,966,ign_chef_lieu,1.919,49.024,28.119,36.817,,,,,,33.753,,,,,,,,,False,False,False,,,False
centre,91552,Saint-Germain-lès-Arpajon,commune,,11623,ign_chef_lieu,2.256,48.595,28.130,29.966,135.000,143.000,151.000,16.000,,40.612,11.803,325.000,339.500,14.500,0.041,22.304,3.521,4.000,True,False,False,,,False
centre,91461,Ollainville,commune,,5455,ign_chef_lieu,2.217,48.591,28.157,31.145,148.000,168.000,,,,43.205,10.056,326.000,353.000,27.000,0.076,43.618,3.888,4.000,True,False,False,,,False
centre,78036,Autouillet,commune,,665,ign_chef_lieu,1.804,48.850,28.202,40.287,,,,,,33.405,,,,,,,,,False,False,False,,,False
centre,78451,Nézel,commune,,1139,ign_chef_lieu,1.836,48.946,28.204,39.171,127.000,134.000,145.000,18.000,,31.277,12.629,327.000,327.500,0.500,0.001,14.461,4.284,3.000,False,False,False,,,False
centre,78299,Hardricourt,commune,,2599,ign_chef_lieu,1.894,49.008,28.217,37.562,97.000,108.000,115.000,18.000,,31.695,15.676,328.000,249.500,-78.500,-0.222,-7.768,3.407,2.000,False,False,False,,,False
centre,95170,Condécourt,commune,,564,ign_chef_lieu,1.941,49.040,28.335,36.382,,,,,,36.100,,,,,,,,,False,False,False,,,False
centre,93033,Gournay-sur-Marne,commune,,7320,ign_chef_lieu,2.573,48.865,28.355,16.191,91.000,98.000,105.000,14.000,,48.845,17.360,329.000,199.500,-129.500,-0.366,-16.504,2.006,2.000,False,False,False,,,False
centre,91114,Brunoy,commune,,25643,ign_chef_lieu,2.504,48.698,28.358,20.863,82.000,89.000,97.000,15.000,,49.095,19.117,330.000,158.500,-171.500,-0.484,-24.176,1.813,2.000,False,False,False,,6.000,False
centre,78120,Bullion,commune,,1916,ign_chef_lieu,1.999,48.621,28.369,36.885,,,,,,43.852,,,,,,,,,False,False,False,,,False
centre,78125,La Celle-les-Bordes,commune,,840,ign_chef_lieu,1.955,48.640,28.378,37.866,,,,,,42.842,,,,,,,,,False,False,False,,,False
centre,78403,Mézy-sur-Seine,commune,,2242,ign_chef_lieu,1.881,49.000,28.407,38.054,112.000,123.000,130.000,18.000,,32.848,13.857,331.000,293.500,-37.500,-0.106,4.703,3.744,2.000,False,False,False,,,False
centre,78230,La Falaise,commune,,609,ign_chef_lieu,1.832,48.945,28.426,39.417,131.000,138.000,149.000,18.000,,32.093,12.359,332.000,331.500,-0.500,-0.001,17.434,4.300,3.000,False,False,False,,,False
centre,95078,Boissy-l'Aillerie,commune,,2120,ign_chef_lieu,2.029,49.077,28.442,34.103,104.000,111.000,119.000,15.000,,45.192,15.374,333.000,260.500,-72.500,-0.205,-5.567,2.456,1.000,False,False,False,,,False
centre,91021,Arpajon,commune,,11698,ign_chef_lieu,2.248,48.590,28.520,30.594,131.000,138.000,146.000,15.000,,40.675,12.400,334.000,331.500,-2.500,-0.007,17.247,3.393,4.000,True,False,False,,,False
centre,94059,Le Plessis-Trévise,commune,,21112,ign_chef_lieu,2.573,48.809,28.536,17.014,96.000,102.000,110.000,14.000,,48.813,16.786,335.000,222.000,-113.000,-0.319,-13.362,2.090,2.000,False,False,False,,,False
centre,95271,Génicourt,commune,,514,ign_chef_lieu,2.066,49.088,28.574,33.190,129.000,140.000,154.000,25.000,,43.798,12.246,336.000,335.500,-0.500,-0.001,18.838,3.196,3.000,False,False,False,,,False
centre,95535,Sagy,commune,,1096,ign_chef_lieu,1.952,49.050,28.720,36.391,,,,,,37.937,,,,,,,,,False,False,False,,,False
centre,93078,Villepinte,commune,,41470,ign_chef_lieu,2.535,48.964,28.738,17.917,99.000,104.000,108.000,9.000,,42.545,16.580,337.000,229.000,-108.000,-0.305,-11.964,2.444,4.000,True,False,False,,,False
centre,78420,Montfort-l'Amaury,commune,,2779,ign_chef_lieu,1.809,48.778,28.767,40.864,,,,,,28.973,,,,,,,,,False,False,False,,,False
centre,94075,Villecresnes,commune,,11647,ign_chef_lieu,2.533,48.722,28.769,20.000,101.000,108.000,119.000,18.000,,45.422,15.983,338.000,249.500,-88.500,-0.250,-8.624,2.378,3.000,False,False,False,,,False
centre,95660,Villaines-sous-Bois,commune,,778,ign_chef_lieu,2.357,49.077,28.769,24.532,117.000,128.000,140.000,23.000,,48.397,13.486,339.000,311.500,-27.500,-0.078,8.296,2.645,3.000,False,False,False,,,False
centre,78084,Boissy-sans-Avoir,commune,,616,ign_chef_lieu,1.798,48.819,28.772,40.944,,,,,,28.773,,,,,,,,,False,False,False,,,False
centre,95341,Livilliers,commune,,389,ign_chef_lieu,2.095,49.095,28.808,32.576,,,,,,45.413,,,,,,,,,False,False,False,,,False
centre,93047,Montfermeil,commune,,28703,ign_chef_lieu,2.571,48.902,28.844,16.801,88.000,95.000,102.000,14.000,,45.892,18.217,340.000,188.000,-152.000,-0.429,-19.724,2.070,2.000,False,False,False,,8.000,False
centre,78616,Thoiry,commune,,1434,ign_chef_lieu,1.795,48.865,28.889,40.886,,,,,,35.378,,,,,,,,,False,False,False,,,False
centre,95308,Hérouville-en-Vexin,commune,,584,ign_chef_lieu,2.131,49.101,28.945,31.683,,,,,,46.510,,,,,,,,,False,False,False,,,False
centre,94060,La Queue-en-Brie,commune,,12241,ign_chef_lieu,2.575,48.791,29.026,17.886,92.000,99.000,107.000,15.000,,50.700,17.591,341.000,206.500,-134.500,-0.380,-16.597,1.953,2.000,False,False,False,,,False
centre,91457,La Norville,commune,,4268,ign_chef_lieu,2.259,48.587,29.049,30.770,139.000,149.000,157.000,18.000,,42.797,11.698,342.000,346.000,4.000,0.011,25.478,3.482,4.000,True,False,False,,,False
centre,91215,Épinay-sous-Sénart,commune,,11611,ign_chef_lieu,2.515,48.695,29.177,21.565,92.000,99.000,107.000,15.000,,50.390,17.683,343.000,206.500,-136.500,-0.386,-16.805,1.965,2.000,False,False,False,,,False
centre,78262,Galluis,commune,,1298,ign_chef_lieu,1.796,48.796,29.252,41.412,,,,,,28.433,,,,,,,,,False,False,False,,,False
centre,91086,Bondoufle,commune,,10767,ign_chef_lieu,2.380,48.613,29.260,27.114,139.000,146.000,154.000,15.000,,42.235,12.025,344.000,342.500,-1.500,-0.004,22.523,3.457,4.000,True,False,False,,,False
centre,95181,Courcelles-sur-Viosne,commune,,310,ign_chef_lieu,2.003,49.077,29.288,35.449,,,,,,44.625,,,,,,,,,False,False,False,,,False
centre,94048,Marolles-en-Brie,commune,,4781,ign_chef_lieu,2.550,48.733,29.336,20.000,114.000,122.000,134.000,20.000,,47.345,14.428,345.000,290.000,-55.000,-0.155,2.255,2.577,3.000,False,False,False,,,False
centre,91600,Soisy-sur-Seine,commune,,7418,ign_chef_lieu,2.452,48.646,29.353,24.527,133.000,140.000,148.000,15.000,,45.057,12.580,346.000,335.500,-10.500,-0.030,17.309,3.107,4.000,True,False,False,,,False
centre,91207,Égly,commune,,7166,ign_chef_lieu,2.222,48.580,29.430,32.222,137.000,157.000,169.000,32.000,,43.500,11.247,347.000,351.000,4.000,0.011,31.388,3.609,4.000,True,False,False,,,False
centre,91017,Angervilliers,commune,,1772,ign_chef_lieu,2.065,48.592,29.456,36.281,,,,,,47.132,,,,,,,,,False,False,False,,,False
centre,95682,Villiers-le-Sec,commune,,205,ign_chef_lieu,2.390,49.072,29.458,24.189,,,,,,48.338,,,,,,,,,False,False,False,,,False
centre,95422,Montgeroult,commune,,361,ign_chef_lieu,2.007,49.081,29.501,35.515,119.000,126.000,134.000,15.000,,46.042,14.048,348.000,304.500,-43.500,-0.123,5.322,2.737,1.000,False,False,False,,,False
centre,93074,Vaujours,commune,,8007,ign_chef_lieu,2.567,48.932,29.525,17.861,103.000,108.000,113.000,10.000,,42.810,16.403,349.000,249.500,-99.500,-0.281,-9.759,2.523,2.000,False,False,False,,,False
centre,91568,Saint-Maurice-Montcouronne,commune,,1543,ign_chef_lieu,2.124,48.581,29.535,34.900,,,,,,45.577,,,,,,,,,False,False,False,,,False
centre,78261,Gaillon-sur-Montcient,commune,,689,ign_chef_lieu,1.892,49.024,29.542,38.550,162.000,,,,,32.617,,,,,,,,,False,False,False,,,False
centre,78486,Le Perray-en-Yvelines,commune,,6480,ign_chef_lieu,1.855,48.695,29.573,40.787,77.000,85.000,92.000,15.000,,35.238,20.875,350.000,127.500,-222.500,-0.629,-29.032,2.412,1.000,False,False,False,,1.000,False
centre,95280,Goussainville,commune,,31301,ign_chef_lieu,2.473,49.032,29.638,21.474,101.000,108.000,116.000,15.000,,47.597,16.466,351.000,249.500,-101.500,-0.287,-9.924,2.269,2.000,False,False,False,,,False
centre,93015,Coubron,commune,,5175,ign_chef_lieu,2.577,48.916,29.651,17.733,91.000,99.000,106.000,15.000,,44.595,17.970,352.000,206.500,-145.500,-0.411,-17.447,2.220,2.000,False,False,False,,10.000,False
centre,77108,Chelles,commune,,54620,ign_chef_lieu,2.590,48.878,29.767,17.593,80.000,87.000,94.000,14.000,,50.303,20.529,353.000,143.500,-209.500,-0.592,-27.590,1.730,2.000,False,False,False,,2.000,False
centre,95313,L'Isle-Adam,commune,,12493,ign_chef_lieu,2.218,49.112,29.975,30.126,121.000,127.000,135.000,14.000,,47.298,14.161,354.000,308.000,-46.000,-0.130,5.347,2.685,4.000,True,False,False,,,False
centre,78655,Vieille-Église-en-Yvelines,commune,,652,ign_chef_lieu,1.875,48.670,29.984,40.732,,,,,,38.690,,,,,,,,,False,False,False,,,False
gare,92033,Garches,commune,,17743,ign_chef_lieu,2.188,48.844,0.584,12.175,9.000,9.000,9.000,0.000,9.000,1.572,3.892,,,,,,5.726,0.000,False,True,False,,,True
gare,92047,Marnes-la-Coquette,commune,,1752,ign_chef_lieu,2.178,48.830,1.125,13.169,17.000,17.000,17.000,0.000,17.000,4.338,3.972,1.000,1.000,0.000,0.000,-19.206,3.919,0.000,False,True,False,,,False
gare,92077,Ville-d'Avray,commune,,11089,ign_chef_lieu,2.190,48.828,1.130,12.361,26.000,26.000,26.000,0.000,26.000,5.623,2.607,2.000,4.000,2.000,0.006,23.331,4.624,0.000,False,True,False,,,False
gare,92076,Vaucresson,commune,,8432,ign_chef_lieu,2.158,48.839,2.100,14.401,17.000,21.000,26.000,9.000,30.000,2.688,6.000,3.000,2.000,-1.000,-0.003,-27.736,7.812,0.000,False,False,False,,,False
gare,92072,Sèvres,commune,,22303,ign_chef_lieu,2.213,48.825,2.442,10.853,34.000,41.000,47.000,13.000,43.000,8.845,3.574,4.000,12.500,8.500,0.024,30.479,4.635,1.000,False,False,False,,,False
gare,92064,Saint-Cloud,commune,,29855,ign_chef_lieu,2.219,48.844,2.465,9.890,18.000,24.000,31.000,13.000,34.000,4.763,6.163,5.000,3.000,-2.000,-0.006,-23.996,5.038,0.000,False,False,False,,,False
gare,92022,Chaville,commune,,20594,ign_chef_lieu,2.188,48.810,3.159,13.115,27.000,34.000,42.000,15.000,59.000,12.968,5.575,6.000,7.000,1.000,0.003,-5.299,2.622,1.000,False,False,False,,,False
gare,78126,La Celle-Saint-Cloud,commune,,20460,ign_chef_lieu,2.136,48.848,3.859,15.897,26.000,32.000,39.000,13.000,59.000,7.533,7.235,7.000,5.000,-2.000,-0.006,-19.639,4.248,1.000,False,False,False,,,False
gare,92012,Boulogne-Billancourt,commune,,119019,ign_chef_lieu,2.241,48.836,3.974,8.524,34.000,38.000,46.000,12.000,60.000,8.187,6.274,8.000,8.500,0.500,0.001,-6.012,4.642,1.000,False,False,False,,,False
gare,78092,Bougival,commune,,9134,ign_chef_lieu,2.140,48.861,4.242,15.612,32.000,40.000,47.000,15.000,66.000,10.342,6.362,9.000,11.000,2.000,0.006,-4.351,3.868,1.000,False,False,False,,,False
gare,78686,Viroflay,commune,,17237,ign_chef_lieu,2.173,48.800,4.410,14.594,37.000,44.000,52.000,15.000,73.000,15.175,6.013,10.000,14.500,4.500,0.013,3.118,2.900,1.000,False,False,False,,,False
gare,92063,Rueil-Malmaison,commune,,82874,ign_chef_lieu,2.181,48.878,4.420,12.835,46.000,52.000,59.000,13.000,72.000,9.903,5.100,11.000,32.000,21.000,0.059,21.720,5.251,2.000,False,False,False,,,False
gare,92073,Suresnes,commune,,48956,ign_chef_lieu,2.225,48.871,4.612,9.487,26.000,33.000,40.000,14.000,69.000,7.838,8.386,12.000,6.000,-6.000,-0.017,-24.442,4.210,1.000,False,False,False,,,False
gare,78158,Le Chesnay-Rocquencourt,commune,,30689,ign_chef_lieu,2.125,48.826,4.687,17.006,40.000,44.000,51.000,11.000,72.000,7.430,6.391,13.000,14.500,1.500,0.004,-0.086,5.922,1.000,False,False,False,,,False
gare,92048,Meudon,commune,,46334,ign_chef_lieu,2.239,48.813,4.744,9.653,49.000,56.000,63.000,14.000,77.000,13.962,5.083,14.000,42.000,28.000,0.079,26.362,4.011,1.000,False,False,False,,,False
gare,78190,Croissy-sur-Seine,commune,,11013,ign_chef_lieu,2.148,48.881,5.488,15.263,43.000,49.000,57.000,14.000,102.000,14.793,6.720,15.000,22.500,7.500,0.021,2.540,3.312,1.000,False,False,False,,,False
gare,78646,Versailles,commune,,84095,ign_chef_lieu,2.130,48.801,5.851,17.444,41.000,50.000,55.000,14.000,90.000,10.350,7.021,16.000,26.500,10.500,0.030,1.217,4.831,1.000,False,False,False,,,False
gare,78350,Louveciennes,commune,,7990,ign_chef_lieu,2.113,48.862,6.031,17.620,34.000,41.000,49.000,15.000,91.000,9.678,8.826,17.000,12.500,-4.500,-0.013,-18.295,4.236,0.000,False,False,False,,,False
gare,78146,Chatou,commune,,30598,ign_chef_lieu,2.158,48.890,6.115,14.779,43.000,50.000,58.000,15.000,104.000,14.200,7.338,18.000,26.500,8.500,0.024,-1.071,3.521,1.000,False,False,False,,,False
gare,92050,Nanterre,commune,,97783,ign_chef_lieu,2.207,48.892,6.158,11.372,44.000,51.000,59.000,15.000,97.000,14.352,7.244,19.000,29.500,10.500,0.030,0.548,3.554,1.000,False,False,False,,,False
gare,78640,Vélizy-Villacoublay,commune,,23011,ign_chef_lieu,2.191,48.783,6.190,14.434,53.000,61.000,68.000,15.000,104.000,17.098,6.088,20.000,60.500,40.500,0.114,19.941,3.568,2.000,False,False,True,,,False
gare,92062,Puteaux,commune,,44002,ign_chef_lieu,2.238,48.884,6.338,8.936,31.000,38.000,44.000,13.000,94.000,12.588,10.007,21.000,8.500,-12.500,-0.035,-26.191,3.019,1.000,False,False,False,,,False
gare,92040,Issy-les-Moulineaux,commune,,67669,ign_chef_lieu,2.274,48.825,6.589,6.776,54.000,59.000,65.000,11.000,99.000,14.305,6.700,22.000,53.000,31.000,0.087,12.314,4.124,1.000,False,False,False,,,False
gare,92023,Clamart,commune,,58576,ign_chef_lieu,2.263,48.801,6.994,9.044,64.000,70.000,77.000,13.000,112.000,19.893,5.995,23.000,86.500,63.500,0.179,29.199,3.519,4.000,True,False,True,,,False
gare,78502,Le Port-Marly,commune,,5559,ign_chef_lieu,2.112,48.878,7.071,17.836,46.000,52.000,59.000,13.000,109.000,15.035,8.158,24.000,32.000,8.000,0.023,-4.563,3.459,0.000,False,False,False,,,False
gare,75116,Paris 16e Arrondissement,district,75056,159386,ign_chef_lieu_arrondissement,2.277,48.864,7.179,5.633,43.000,50.000,56.000,13.000,109.000,15.722,8.614,25.000,26.500,1.500,0.004,-8.951,3.180,2.000,False,False,False,,,False
gare,78650,Le Vésinet,commune,,15554,ign_chef_lieu,2.135,48.895,7.316,16.525,46.000,53.000,61.000,15.000,,17.223,8.283,26.000,34.000,8.000,0.023,-4.434,3.077,1.000,False,False,False,,,False
gare,78372,Marly-le-Roi,commune,,16756,ign_chef_lieu,2.097,48.868,7.360,18.789,32.000,39.000,47.000,15.000,112.000,12.268,11.323,27.000,10.000,-17.000,-0.048,-29.893,3.179,0.000,False,False,False,,,False
gare,78124,Carrières-sur-Seine,commune,,14791,ign_chef_lieu,2.176,48.906,7.568,14.048,58.000,65.000,73.000,15.000,,21.707,6.986,28.000,70.500,42.500,0.120,15.170,2.994,2.000,False,False,True,,,False
gare,92075,Vanves,commune,,28622,ign_chef_lieu,2.289,48.821,7.789,6.048,59.000,64.000,70.000,11.000,116.000,16.708,7.302,29.000,67.500,38.500,0.108,11.721,3.830,1.000,False,False,True,,,False
gare,78043,Bailly,commune,,3731,ign_chef_lieu,2.079,48.840,7.905,20.169,72.000,79.000,87.000,15.000,114.000,10.588,6.004,30.000,131.500,101.500,0.286,36.851,7.461,2.000,False,False,True,,,False
gare,92051,Neuilly-sur-Seine,commune,,59538,ign_chef_lieu,2.270,48.885,7.997,6.847,41.000,48.000,55.000,14.000,,15.097,9.996,31.000,19.500,-11.500,-0.032,-17.343,3.180,1.000,False,False,False,,,False
gare,92026,Courbevoie,commune,,82902,ign_chef_lieu,2.256,48.895,8.120,8.332,40.000,47.000,55.000,15.000,,14.443,10.366,32.000,18.000,-14.000,-0.039,-19.705,3.254,0.000,False,False,False,,,False
gare,78418,Montesson,commune,,14549,ign_chef_lieu,2.150,48.909,8.269,15.966,55.000,62.000,70.000,15.000,,21.548,8.002,33.000,63.500,30.500,0.086,4.933,2.877,2.000,False,False,False,,,False
gare,78322,Jouy-en-Josas,commune,,7981,ign_chef_lieu,2.169,48.765,8.291,16.922,54.000,64.000,80.000,26.000,,17.677,7.773,34.000,67.500,33.500,0.094,8.163,3.621,2.000,False,False,False,,,False
gare,75115,Paris 15e Arrondissement,district,75056,229713,ign_chef_lieu_arrondissement,2.300,48.841,8.360,4.177,51.000,59.000,65.000,14.000,,19.557,8.501,35.000,53.000,18.000,0.051,-0.709,3.017,2.000,False,False,False,,,False
gare,92060,Le Plessis-Robinson,commune,,28848,ign_chef_lieu,2.262,48.782,8.367,10.588,66.000,72.000,79.000,13.000,,18.875,6.972,36.000,96.000,60.000,0.169,21.114,3.815,3.000,False,False,False,,,False
gare,78117,Buc,commune,,5816,ign_chef_lieu,2.126,48.774,8.418,18.992,79.000,85.000,90.000,11.000,,18.283,5.942,37.000,170.000,133.000,0.375,42.532,4.649,2.000,False,False,False,,,False
gare,92046,Malakoff,commune,,30557,ign_chef_lieu,2.302,48.821,8.669,5.440,67.000,72.000,77.000,10.000,,17.578,7.224,38.000,96.000,58.000,0.163,18.910,4.096,1.000,False,False,False,,,False
gare,92020,Châtillon,commune,,36705,ign_chef_lieu,2.290,48.800,8.720,7.810,80.000,87.000,92.000,12.000,,20.908,6.014,39.000,180.000,141.000,0.397,43.247,4.161,3.000,False,False,False,,,False
gare,92035,La Garenne-Colombes,commune,,30197,ign_chef_lieu,2.247,48.907,8.810,9.590,40.000,48.000,54.000,14.000,,16.767,11.013,40.000,19.500,-20.500,-0.058,-21.387,2.863,1.000,False,False,False,,,False
gare,78481,Le Pecq,commune,,16059,ign_chef_lieu,2.106,48.897,8.823,18.628,52.000,58.000,65.000,13.000,,17.678,9.127,41.000,49.500,8.500,0.024,-5.078,3.281,1.000,False,False,False,,,False
gare,78343,Les Loges-en-Josas,commune,,1645,ign_chef_lieu,2.140,48.764,8.907,18.643,68.000,79.000,89.000,21.000,,19.605,6.765,42.000,131.500,89.500,0.252,28.655,4.030,2.000,False,False,False,,,False
gare,78455,Noisy-le-Roi,commune,,7713,ign_chef_lieu,2.064,48.844,8.978,21.184,69.000,74.000,82.000,13.000,,13.308,7.280,43.000,103.500,60.500,0.170,20.015,5.560,2.000,False,False,False,,,False
gare,92032,Fontenay-aux-Roses,commune,,24070,ign_chef_lieu,2.287,48.791,9.021,8.717,75.000,81.000,88.000,13.000,,23.197,6.682,44.000,145.000,101.000,0.285,31.046,3.492,3.000,False,False,False,,,False
gare,78224,L'Étang-la-Ville,commune,,5157,ign_chef_lieu,2.073,48.871,9.125,20.599,38.000,45.000,53.000,15.000,,18.690,12.166,45.000,16.500,-28.500,-0.080,-27.627,2.408,0.000,False,False,False,,,False
gare,78367,Mareil-Marly,commune,,4141,ign_chef_lieu,2.077,48.882,9.395,20.408,56.000,63.000,70.000,14.000,,20.830,8.948,46.000,65.000,19.000,0.054,-0.198,3.024,1.000,False,False,False,,,False
gare,78311,Houilles,commune,,33983,ign_chef_lieu,2.187,48.923,9.434,14.259,42.000,49.000,57.000,15.000,,24.977,11.552,47.000,22.500,-24.500,-0.069,-22.541,1.962,1.000,False,False,False,,,False
gare,92044,Levallois-Perret,commune,,68092,ign_chef_lieu,2.288,48.893,9.576,6.243,48.000,55.000,63.000,15.000,,18.305,10.446,48.000,39.500,-8.500,-0.024,-13.725,3.005,1.000,False,False,False,,,False
gare,78551,Saint-Germain-en-Laye,commune,,45931,ign_chef_lieu,2.094,48.899,9.576,19.555,44.000,51.000,59.000,15.000,,20.087,11.266,49.000,29.500,-19.500,-0.055,-20.000,2.539,1.000,False,False,False,,,False
gare,91064,Bièvres,commune,,4686,ign_chef_lieu,2.215,48.754,9.590,15.191,75.000,89.000,100.000,25.000,,18.753,6.465,50.000,191.500,141.500,0.399,39.502,4.746,3.000,False,False,False,,,False
gare,92007,Bagneux,commune,,44572,ign_chef_lieu,2.304,48.799,9.654,7.267,74.000,80.000,87.000,13.000,,23.370,7.241,51.000,138.500,87.500,0.246,24.960,3.423,3.000,False,False,False,,,False
gare,78545,Saint-Cyr-l'École,commune,,21268,ign_chef_lieu,2.067,48.800,9.771,21.884,50.000,57.000,65.000,15.000,,14.860,10.286,52.000,45.500,-6.500,-0.018,-11.519,3.836,1.000,False,False,False,,,False
gare,92071,Sceaux,commune,,20884,ign_chef_lieu,2.288,48.780,9.933,9.750,77.000,83.000,90.000,13.000,,23.008,7.180,53.000,159.000,106.000,0.299,27.751,3.607,2.000,False,False,False,,,False
gare,75107,Paris 7e Arrondissement,district,75056,48015,ign_chef_lieu_arrondissement,2.320,48.857,10.053,2.354,50.000,57.000,64.000,14.000,,24.675,10.582,54.000,45.500,-8.500,-0.024,-12.810,2.310,2.000,False,False,False,,,False
gare,92049,Montrouge,commune,,46324,ign_chef_lieu,2.320,48.819,10.074,4.797,57.000,64.000,70.000,13.000,,19.283,9.444,55.000,67.500,12.500,0.035,-2.208,3.319,3.000,False,False,False,,,False
gare,95063,Bezons,commune,,36434,ign_chef_lieu,2.216,48.928,10.189,12.772,49.000,55.000,61.000,12.000,,19.890,11.115,56.000,39.500,-16.500,-0.046,-16.454,2.765,1.000,False,False,False,,,False
gare,75114,Paris 14e Arrondissement,district,75056,136455,ign_chef_lieu_arrondissement,2.327,48.833,10.321,3.201,55.000,62.000,68.000,13.000,,22.340,9.988,57.000,63.500,6.500,0.018,-6.447,2.775,2.000,False,False,False,,,False
gare,92009,Bois-Colombes,commune,,28909,ign_chef_lieu,2.268,48.914,10.337,8.946,48.000,55.000,63.000,15.000,,19.447,11.277,58.000,39.500,-18.500,-0.052,-17.076,2.828,1.000,False,False,False,,,False
gare,92019,Châtenay-Malabry,commune,,35825,ign_chef_lieu,2.278,48.767,10.350,11.320,83.000,89.000,97.000,14.000,,20.257,6.978,59.000,191.500,132.500,0.373,34.099,4.394,3.000,False,False,False,,,False
gare,75108,Paris 8e Arrondissement,district,75056,35317,ign_chef_lieu_arrondissement,2.318,48.878,10.558,3.475,38.000,45.000,53.000,15.000,,22.147,14.077,60.000,16.500,-43.500,-0.123,-32.892,2.032,0.000,False,False,False,,,False
gare,78518,Rennemoulin,commune,,116,ign_chef_lieu,2.043,48.832,10.595,22.913,124.000,146.000,169.000,45.000,,14.382,4.354,61.000,346.500,285.500,0.804,117.332,10.152,1.000,False,False,False,1.000,,False
gare,92025,Colombes,commune,,91053,ign_chef_lieu,2.254,48.923,10.601,10.285,52.000,60.000,67.000,15.000,,20.497,10.601,62.000,57.000,-5.000,-0.014,-10.712,2.927,1.000,False,False,False,,,False
gare,78242,Fontenay-le-Fleury,commune,,13680,ign_chef_lieu,2.046,48.811,10.785,23.086,65.000,73.000,81.000,16.000,,16.692,8.864,63.000,101.000,38.000,0.107,7.674,4.373,2.000,False,False,False,,,False
gare,75106,Paris 6e Arrondissement,district,75056,40389,ign_chef_lieu_arrondissement,2.332,48.851,10.785,1.616,53.000,59.000,65.000,12.000,,26.732,10.967,64.000,53.000,-11.000,-0.031,-12.976,2.207,2.000,False,False,False,,,False
gare,92004,Asnières-sur-Seine,commune,,93941,ign_chef_lieu,2.289,48.911,11.008,7.635,48.000,55.000,63.000,15.000,,18.072,12.009,65.000,39.500,-25.500,-0.072,-19.733,3.043,1.000,False,False,False,,,False
gare,78396,Le Mesnil-le-Roi,commune,,6332,ign_chef_lieu,2.122,48.928,11.018,18.651,77.000,99.000,111.000,34.000,,23.792,6.678,66.000,232.000,166.000,0.468,44.413,4.161,2.000,False,False,False,7.000,,False
gare,91312,Igny,commune,,10833,ign_chef_lieu,2.226,48.742,11.082,15.746,80.000,91.000,101.000,21.000,,19.235,7.307,67.000,200.000,133.000,0.375,32.348,4.731,3.000,False,False,False,,,False
gare,75117,Paris 17e Arrondissement,district,75056,159212,ign_chef_lieu_arrondissement,2.322,48.885,11.198,3.852,42.000,49.000,57.000,15.000,,23.690,13.712,68.000,22.500,-45.500,-0.128,-29.120,2.068,0.000,False,False,False,,,False
gare,92024,Clichy,commune,,64410,ign_chef_lieu,2.305,48.903,11.261,6.232,50.000,57.000,65.000,15.000,,19.223,11.854,69.000,45.500,-23.500,-0.066,-17.787,2.965,2.000,False,False,False,,,False
gare,78297,Guyancourt,commune,,29778,ign_chef_lieu,2.070,48.771,11.373,22.806,75.000,83.000,91.000,16.000,,16.738,8.222,70.000,159.000,89.000,0.251,19.101,4.959,2.000,False,False,False,,,False
gare,94003,Arcueil,commune,,22200,ign_chef_lieu,2.335,48.804,11.529,5.922,63.000,70.000,78.000,15.000,,24.903,9.882,71.000,86.500,15.500,0.044,-0.256,2.811,2.000,False,False,False,,,False
gare,78620,Toussus-le-Noble,commune,,1172,ign_chef_lieu,2.114,48.746,11.570,21.378,91.000,102.000,114.000,23.000,,22.865,6.806,72.000,243.000,171.000,0.482,45.072,4.461,2.000,False,False,False,6.000,,False
gare,92014,Bourg-la-Reine,commune,,21019,ign_chef_lieu,2.316,48.779,11.572,9.025,59.000,66.000,74.000,15.000,,23.938,10.520,73.000,73.000,0.000,0.000,-6.137,2.757,2.000,False,False,False,,,False
gare,78586,Sartrouville,commune,,52763,ign_chef_lieu,2.158,48.941,11.614,17.073,46.000,54.000,61.000,15.000,,27.365,12.905,74.000,36.000,-38.000,-0.107,-23.348,1.973,1.000,False,False,False,,,False
gare,75105,Paris 5e Arrondissement,district,75056,55252,ign_chef_lieu_arrondissement,2.344,48.846,11.617,1.300,50.000,57.000,63.000,13.000,,27.875,12.229,75.000,45.500,-29.500,-0.083,-19.101,2.045,2.000,False,False,False,,,False
gare,91635,Vauhallan,commune,,1945,ign_chef_lieu,2.207,48.734,11.689,17.276,103.000,114.000,123.000,20.000,,21.645,6.152,76.000,279.500,203.500,0.573,61.285,5.267,4.000,True,False,False,3.000,,False
gare,91645,Verrières-le-Buisson,commune,,15057,ign_chef_lieu,2.267,48.746,11.832,13.745,87.000,96.000,104.000,17.000,,23.052,7.395,77.000,217.500,140.500,0.396,34.963,4.165,3.000,False,False,False,,,False
gare,94016,Cachan,commune,,31103,ign_chef_lieu,2.334,48.795,11.879,7.005,67.000,75.000,82.000,15.000,,25.405,9.503,78.000,106.000,28.000,0.079,5.227,2.952,3.000,False,False,False,,,False
gare,75109,Paris 9e Arrondissement,district,75056,57271,ign_chef_lieu_arrondissement,2.341,48.872,11.978,1.965,43.000,50.000,57.000,14.000,,27.100,14.374,79.000,26.500,-52.500,-0.148,-30.152,1.845,2.000,False,False,False,,,False
gare,91534,Saclay,commune,,4437,ign_chef_lieu,2.172,48.731,11.983,19.220,109.000,115.000,123.000,14.000,,22.773,6.252,80.000,281.500,201.500,0.568,60.615,5.050,3.000,False,False,False,4.000,,False
gare,94037,Gentilly,commune,,19963,ign_chef_lieu,2.348,48.816,12.127,4.547,63.000,71.000,78.000,15.000,,21.920,10.248,81.000,91.000,10.000,0.028,-1.446,3.239,2.000,False,False,False,,,False
gare,78073,Bois-d'Arcy,commune,,16586,ign_chef_lieu,2.031,48.801,12.139,24.381,72.000,79.000,88.000,16.000,,12.975,9.220,82.000,131.500,49.500,0.139,9.601,6.089,2.000,False,False,False,,,False
gare,78571,Saint-Nom-la-Bretèche,commune,,4965,ign_chef_lieu,2.021,48.860,12.357,24.303,110.000,132.000,155.000,45.000,,16.478,5.617,83.000,330.500,247.500,0.697,81.454,8.011,1.000,False,False,False,2.000,,False
gare,92002,Antony,commune,,64263,ign_chef_lieu,2.296,48.754,12.363,12.157,65.000,72.000,80.000,15.000,,23.653,10.302,84.000,96.000,12.000,0.034,-1.050,3.044,2.000,False,False,False,,,False
gare,78358,Maisons-Laffitte,commune,,23093,ign_chef_lieu,2.145,48.946,12.368,18.204,42.000,49.000,57.000,15.000,,29.725,15.145,85.000,22.500,-62.500,-0.176,-32.674,1.648,1.000,False,False,False,,,False
gare,75113,Paris 13e Arrondissement,district,75056,181271,ign_chef_lieu_arrondissement,2.356,48.833,12.424,2.656,58.000,64.000,71.000,13.000,,28.250,11.647,86.000,67.500,-18.500,-0.052,-12.268,2.265,2.000,False,False,False,,,False
gare,92036,Gennevilliers,commune,,50979,ign_chef_lieu,2.293,48.925,12.460,8.823,66.000,72.000,79.000,13.000,,20.850,10.383,87.000,96.000,9.000,0.025,-1.450,3.453,2.000,False,False,False,,,False
gare,94043,Le Kremlin-Bicêtre,commune,,24110,ign_chef_lieu,2.357,48.812,12.837,4.911,63.000,70.000,78.000,15.000,,23.163,11.004,88.000,86.500,-1.500,-0.004,-5.658,3.022,1.000,False,False,False,,,False
gare,94038,L'Haÿ-les-Roses,commune,,31188,ign_chef_lieu,2.337,48.779,12.884,8.651,74.000,80.000,88.000,14.000,,26.407,9.663,89.000,138.500,49.500,0.139,7.618,3.030,3.000,False,False,False,,,False
gare,95018,Argenteuil,commune,,106130,ign_chef_lieu,2.249,48.948,13.005,12.694,62.000,70.000,77.000,15.000,,24.590,11.147,90.000,86.500,-3.500,-0.010,-6.289,2.847,1.000,False,False,False,,,False
gare,75118,Paris 18e Arrondissement,district,75056,183127,ign_chef_lieu_arrondissement,2.344,48.892,13.034,4.011,49.000,57.000,64.000,15.000,,26.490,13.720,91.000,45.500,-45.500,-0.128,-23.779,2.152,1.000,False,False,False,,,False
gare,75110,Paris 10e Arrondissement,district,75056,83873,ign_chef_lieu_arrondissement,2.358,48.872,13.104,1.758,46.000,54.000,61.000,15.000,,31.112,14.560,92.000,36.000,-56.000,-0.158,-27.991,1.736,2.000,False,False,False,,,False
gare,78133,Chambourcy,commune,,5847,ign_chef_lieu,2.040,48.906,13.133,23.586,80.000,88.000,96.000,16.000,,19.603,8.955,93.000,186.000,93.000,0.262,17.210,4.489,2.000,False,False,False,,,False
gare,75100,Paris Centre,district,75056,94472,ign_chef_lieu_arrondissement,2.362,48.864,13.164,1.072,50.000,57.000,65.000,15.000,,30.517,13.857,94.000,45.500,-48.500,-0.137,-24.170,1.868,2.000,False,False,False,,,False
gare,78143,Châteaufort,commune,,1564,ign_chef_lieu,2.092,48.737,13.205,23.265,94.000,105.000,117.000,23.000,,23.448,7.546,95.000,258.000,163.000,0.459,39.460,4.478,2.000,False,False,False,9.000,,False
gare,78688,Voisins-le-Bretonneux,commune,,10624,ign_chef_lieu,2.051,48.759,13.308,24.645,95.000,102.000,110.000,15.000,,19.182,7.828,96.000,243.000,147.000,0.414,34.933,5.318,2.000,False,False,False,,,False
gare,91679,Villiers-le-Bâcle,commune,,1031,ign_chef_lieu,2.126,48.726,13.323,22.132,98.000,106.000,112.000,14.000,,24.118,7.541,97.000,261.500,164.500,0.463,40.142,4.395,3.000,False,False,False,8.000,,False
gare,78674,Villepreux,commune,,11931,ign_chef_lieu,2.005,48.830,13.347,25.662,82.000,89.000,97.000,15.000,,19.538,8.998,98.000,191.500,93.500,0.263,17.557,4.555,2.000,False,False,False,,,False
gare,78423,Montigny-le-Bretonneux,commune,,32465,ign_chef_lieu,2.038,48.770,13.351,25.063,76.000,82.000,89.000,13.000,,17.890,9.769,99.000,153.000,54.000,0.152,8.294,4.584,2.000,False,False,False,,,False
gare,91377,Massy,commune,,51729,ign_chef_lieu,2.271,48.731,13.472,15.173,78.000,85.000,93.000,15.000,,26.577,9.509,100.000,170.000,70.000,0.197,11.734,3.198,3.000,False,False,False,,,False
gare,93070,Saint-Ouen-sur-Seine,commune,,53615,ign_chef_lieu,2.334,48.912,13.570,6.288,46.000,54.000,61.000,15.000,,22.635,15.078,101.000,36.000,-65.000,-0.183,-29.283,2.386,1.000,False,False,False,,,False
gare,94034,Fresnes,commune,,29528,ign_chef_lieu,2.322,48.755,13.595,11.487,76.000,84.000,91.000,15.000,,22.430,9.711,102.000,164.000,62.000,0.175,9.901,3.745,3.000,False,False,False,,,False
gare,94021,Chevilly-Larue,commune,,19826,ign_chef_lieu,2.347,48.771,13.957,9.467,70.000,78.000,86.000,16.000,,27.002,10.736,103.000,124.000,21.000,0.059,0.672,2.889,1.000,False,False,False,,,False
gare,94076,Villejuif,commune,,60183,ign_chef_lieu,2.363,48.792,13.961,7.213,71.000,79.000,86.000,15.000,,28.398,10.604,104.000,131.500,27.500,0.077,1.945,2.782,1.000,False,False,False,,,False
gare,91538,Saint-Aubin,commune,,661,ign_chef_lieu,2.140,48.715,14.110,22.132,100.000,107.000,114.000,14.000,,24.302,7.912,105.000,264.000,159.000,0.448,37.320,4.403,3.000,False,False,False,10.000,,False
gare,78007,Aigremont,commune,,1075,ign_chef_lieu,2.018,48.902,14.267,25.067,96.000,104.000,111.000,15.000,,18.965,8.231,106.000,253.500,147.500,0.415,32.708,5.484,2.000,False,False,False,,,False
gare,75111,Paris 11e Arrondissement,district,75056,138170,ign_chef_lieu_arrondissement,2.379,48.859,14.327,1.984,51.000,58.000,65.000,14.000,,34.862,14.821,107.000,49.500,-57.500,-0.162,-26.150,1.664,2.000,False,False,False,,,False
gare,91477,Palaiseau,commune,,37471,ign_chef_lieu,2.246,48.715,14.443,17.616,73.000,80.000,88.000,15.000,,23.863,10.832,108.000,138.500,30.500,0.086,1.439,3.352,2.000,False,False,False,,,False
gare,78498,Poissy,commune,,40983,ign_chef_lieu,2.043,48.927,14.466,24.049,68.000,77.000,84.000,16.000,,22.695,11.272,109.000,120.000,11.000,0.031,-2.447,3.393,1.000,False,False,False,,,False
gare,78356,Magny-les-Hameaux,commune,,9386,ign_chef_lieu,2.084,48.724,14.779,24.615,109.000,120.000,132.000,23.000,,27.772,7.390,110.000,296.000,186.000,0.524,50.355,4.321,2.000,False,False,False,5.000,,False
gare,78152,Chavenay,commune,,1723,ign_chef_lieu,1.986,48.854,14.790,26.866,134.000,,,,,19.152,,,,,,,,,False,False,False,,,False
gare,75112,Paris 12e Arrondissement,district,75056,138024,ign_chef_lieu_arrondissement,2.388,48.841,14.809,3.142,53.000,60.000,68.000,15.000,,32.922,14.809,111.000,57.000,-54.000,-0.152,-24.901,1.823,2.000,False,False,False,,,False
gare,78165,Les Clayes-sous-Bois,commune,,16804,ign_chef_lieu,1.986,48.821,14.820,27.160,69.000,77.000,85.000,16.000,,21.288,11.548,112.000,120.000,8.000,0.023,-3.659,3.617,2.000,False,False,False,,,False
gare,94041,Ivry-sur-Seine,commune,,65064,ign_chef_lieu,2.388,48.812,15.046,5.567,68.000,76.000,82.000,14.000,,28.427,11.878,113.000,113.000,0.000,0.000,-5.652,2.674,2.000,False,False,False,,,False
gare,95257,La Frette-sur-Seine,commune,,4570,ign_chef_lieu,2.178,48.974,15.087,18.267,75.000,82.000,90.000,15.000,,29.227,11.040,114.000,153.000,39.000,0.110,1.651,2.806,1.000,False,False,False,,,False
gare,75119,Paris 19e Arrondissement,district,75056,178691,ign_chef_lieu_arrondissement,2.382,48.883,15.171,3.660,54.000,61.000,69.000,15.000,,33.847,14.923,115.000,60.500,-54.500,-0.154,-24.599,1.802,2.000,False,False,False,,,False
gare,92078,Villeneuve-la-Garenne,commune,,26021,ign_chef_lieu,2.333,48.936,15.277,8.957,60.000,67.000,75.000,15.000,,22.478,13.681,116.000,75.500,-40.500,-0.114,-17.480,2.981,2.000,False,False,False,,,False
gare,95176,Cormeilles-en-Parisis,commune,,27292,ign_chef_lieu,2.199,48.976,15.344,17.405,74.000,81.000,89.000,15.000,,29.108,11.366,117.000,145.000,28.000,0.079,-0.460,2.783,1.000,False,False,False,,,False
gare,78621,Trappes,commune,,34689,ign_chef_lieu,1.999,48.776,15.395,27.429,63.000,70.000,78.000,15.000,,17.470,13.196,118.000,86.500,-31.500,-0.089,-14.127,4.007,1.000,False,False,False,,,False
gare,91471,Orsay,commune,,16498,ign_chef_lieu,2.187,48.699,15.455,21.260,84.000,91.000,99.000,15.000,,24.270,10.190,119.000,200.000,81.000,0.228,11.409,3.749,2.000,False,False,False,,,False
gare,94065,Rungis,commune,,5611,ign_chef_lieu,2.347,48.748,15.478,12.003,88.000,96.000,103.000,15.000,,26.573,9.674,120.000,217.500,97.500,0.275,17.442,3.613,3.000,False,False,False,,,False
gare,93039,L'Île-Saint-Denis,commune,,8696,ign_chef_lieu,2.341,48.936,15.638,8.853,54.000,61.000,69.000,15.000,,23.497,15.381,121.000,60.500,-60.500,-0.170,-25.771,2.596,2.000,False,False,False,,,False
gare,93031,Épinay-sur-Seine,commune,,52833,ign_chef_lieu,2.313,48.952,15.650,10.964,71.000,78.000,86.000,15.000,,26.967,12.038,122.000,124.000,2.000,0.006,-5.122,2.892,2.000,False,False,False,,,False
gare,91661,Villebon-sur-Yvette,commune,,10291,ign_chef_lieu,2.228,48.700,15.653,19.636,89.000,96.000,104.000,15.000,,29.292,9.783,123.000,217.500,94.500,0.266,16.760,3.277,3.000,False,False,False,,,False
gare,91272,Gif-sur-Yvette,commune,,22544,ign_chef_lieu,2.134,48.702,15.666,23.524,92.000,99.000,107.000,15.000,,28.603,9.495,124.000,232.000,108.000,0.304,20.356,3.461,2.000,False,False,False,,,False
gare,95582,Sannois,commune,,26924,ign_chef_lieu,2.256,48.972,15.688,14.631,64.000,72.000,79.000,15.000,,28.328,13.074,125.000,96.000,-29.000,-0.082,-12.532,2.542,1.000,False,False,False,,,False
gare,91689,Wissous,commune,,7151,ign_chef_lieu,2.327,48.732,15.714,13.968,82.000,88.000,96.000,14.000,,28.547,10.714,126.000,186.000,60.000,0.169,6.814,3.083,3.000,False,False,False,,,False
gare,91136,Champlan,commune,,2615,ign_chef_lieu,2.274,48.708,15.807,17.443,92.000,99.000,107.000,15.000,,27.970,9.580,127.000,232.000,105.000,0.296,19.799,3.540,3.000,False,False,False,,,False
gare,91122,Bures-sur-Yvette,commune,,9548,ign_chef_lieu,2.164,48.697,15.816,22.505,82.000,89.000,97.000,15.000,,27.690,10.662,128.000,191.500,63.500,0.179,7.668,3.214,2.000,False,False,False,,,False
gare,94081,Vitry-sur-Seine,commune,,93963,ign_chef_lieu,2.388,48.789,15.831,7.992,81.000,89.000,95.000,14.000,,28.963,10.673,129.000,191.500,62.500,0.176,7.614,3.073,3.000,False,False,False,,,False
gare,75120,Paris 20e Arrondissement,district,75056,185140,ign_chef_lieu_arrondissement,2.399,48.865,15.907,3.582,59.000,66.000,72.000,13.000,,37.178,14.461,130.000,73.000,-57.000,-0.161,-20.395,1.775,1.000,False,False,False,,,False
gare,78406,Milon-la-Chapelle,commune,,295,ign_chef_lieu,2.049,48.726,16.022,26.558,,,,,,27.610,,,,,,,,,False,False,False,,,False
gare,78005,Achères,commune,,22241,ign_chef_lieu,2.070,48.961,16.073,23.743,70.000,76.000,84.000,14.000,,29.950,12.690,131.000,113.000,-18.000,-0.051,-8.825,2.538,1.000,False,False,False,,,False
gare,78233,Feucherolles,commune,,3043,ign_chef_lieu,1.974,48.874,16.114,27.851,,,,,,20.493,,,,,,,,,False,False,False,,,False
gare,78123,Carrières-sous-Poissy,commune,,20825,ign_chef_lieu,2.034,48.944,16.192,25.277,75.000,86.000,95.000,20.000,,26.437,11.297,132.000,175.000,43.000,0.121,2.779,3.253,2.000,False,False,False,,,False
gare,95555,Saint-Gratien,commune,,21336,ign_chef_lieu,2.283,48.971,16.338,13.687,73.000,79.000,87.000,14.000,,27.097,12.409,133.000,131.500,-1.500,-0.004,-6.023,2.915,3.000,False,False,False,,,False
gare,95424,Montigny-lès-Cormeilles,commune,,22457,ign_chef_lieu,2.188,48.988,16.599,18.943,80.000,87.000,95.000,15.000,,32.200,11.448,134.000,180.000,46.000,0.130,2.647,2.702,1.000,False,False,False,,,False
gare,93061,Le Pré-Saint-Gervais,commune,,16993,ign_chef_lieu,2.403,48.883,16.628,4.727,66.000,73.000,80.000,14.000,,33.010,13.667,135.000,101.000,-34.000,-0.096,-13.949,2.211,2.000,False,False,False,,,False
gare,93001,Aubervilliers,commune,,88365,ign_chef_lieu,2.382,48.915,16.643,6.820,62.000,70.000,77.000,15.000,,27.915,14.266,136.000,86.500,-49.500,-0.139,-17.524,2.508,1.000,False,False,False,,,False
gare,93066,Saint-Denis,commune,,149077,ign_chef_lieu,2.358,48.936,16.649,8.883,62.000,69.000,77.000,15.000,,28.183,14.477,137.000,81.000,-56.000,-0.158,-18.716,2.448,2.000,False,False,False,,,False
gare,95252,Franconville,commune,,37754,ign_chef_lieu,2.230,48.986,16.734,16.991,80.000,87.000,95.000,15.000,,29.525,11.541,138.000,180.000,42.000,0.118,2.218,2.947,2.000,False,False,False,,,False
gare,95306,Herblay-sur-Seine,commune,,31779,ign_chef_lieu,2.165,48.990,16.926,20.210,69.000,76.000,84.000,15.000,,32.983,13.363,139.000,113.000,-26.000,-0.073,-11.232,2.304,1.000,False,False,False,,,False
gare,78575,Saint-Rémy-lès-Chevreuse,commune,,7747,ign_chef_lieu,2.073,48.706,16.933,26.507,97.000,104.000,112.000,15.000,,31.287,9.769,140.000,253.500,113.500,0.320,21.446,3.324,2.000,False,False,False,,,False
gare,94018,Charenton-le-Pont,commune,,28830,ign_chef_lieu,2.416,48.820,16.984,6.201,65.000,72.000,79.000,14.000,,32.915,14.153,141.000,96.000,-45.000,-0.127,-16.053,2.187,3.000,False,False,False,,,False
gare,93055,Pantin,commune,,61929,ign_chef_lieu,2.401,48.897,17.045,5.754,45.000,52.000,60.000,15.000,,32.325,19.667,142.000,32.000,-110.000,-0.310,-39.484,1.609,1.000,False,False,False,,,False
gare,78561,Saint-Lambert,commune,,447,ign_chef_lieu,2.020,48.731,17.076,28.117,,,,,,24.618,,,,,,,,,False,False,False,,,False
gare,95210,Enghien-les-Bains,commune,,11432,ign_chef_lieu,2.307,48.970,17.083,13.049,62.000,69.000,77.000,15.000,,29.852,14.855,143.000,81.000,-62.000,-0.175,-19.792,2.311,2.000,False,False,False,,,False
gare,94067,Saint-Mandé,commune,,21071,ign_chef_lieu,2.419,48.843,17.083,5.106,54.000,61.000,69.000,15.000,,33.190,16.803,144.000,60.500,-83.500,-0.235,-29.092,1.838,2.000,False,False,False,,,False
gare,94073,Thiais,commune,,32918,ign_chef_lieu,2.391,48.764,17.131,10.629,74.000,84.000,91.000,17.000,,28.532,12.237,145.000,164.000,19.000,0.054,-2.499,2.944,4.000,True,False,False,,,False
gare,93006,Bagnolet,commune,,43086,ign_chef_lieu,2.417,48.869,17.217,4.902,69.000,76.000,82.000,13.000,,35.443,13.593,146.000,113.000,-33.000,-0.093,-12.013,2.144,1.000,False,False,False,,,False
gare,91587,Saulx-les-Chartreux,commune,,6733,ign_chef_lieu,2.264,48.691,17.313,19.461,114.000,125.000,137.000,23.000,,29.652,8.310,147.000,313.000,166.000,0.468,44.300,4.216,4.000,True,False,False,,,False
gare,93045,Les Lilas,commune,,23843,ign_chef_lieu,2.416,48.879,17.434,5.305,60.000,67.000,74.000,14.000,,35.287,15.613,148.000,75.500,-72.500,-0.204,-22.933,1.899,2.000,False,False,False,,,False
gare,91692,Les Ulis,commune,,25886,ign_chef_lieu,2.170,48.681,17.492,23.626,99.000,105.000,113.000,14.000,,28.290,9.995,149.000,258.000,109.000,0.307,20.570,3.712,3.000,False,False,False,,,False
gare,94002,Alfortville,commune,,45531,ign_chef_lieu,2.420,48.805,17.552,7.545,53.000,60.000,68.000,15.000,,33.967,17.552,150.000,57.000,-93.000,-0.262,-31.226,1.766,2.000,False,False,False,,,False
gare,91161,Chilly-Mazarin,commune,,20443,ign_chef_lieu,2.313,48.703,17.717,17.360,90.000,97.000,105.000,15.000,,29.125,10.959,151.000,223.000,72.000,0.203,10.648,3.330,4.000,True,False,False,,,False
gare,91666,Villejust,commune,,2558,ign_chef_lieu,2.237,48.682,17.736,21.145,114.000,141.000,155.000,41.000,,30.720,7.547,152.000,340.500,188.500,0.531,60.751,4.590,4.000,True,False,False,,,False
gare,78490,Plaisir,commune,,31811,ign_chef_lieu,1.947,48.817,17.745,30.085,95.000,103.000,110.000,15.000,,20.507,10.337,153.000,248.000,95.000,0.268,17.397,5.023,2.000,False,False,False,,,False
gare,94069,Saint-Maurice,commune,,14506,ign_chef_lieu,2.427,48.818,17.763,6.894,70.000,78.000,86.000,16.000,,30.743,13.664,154.000,124.000,-30.000,-0.085,-11.145,2.537,3.000,False,False,False,,,False
gare,78672,Villennes-sur-Seine,commune,,5952,ign_chef_lieu,1.999,48.940,17.830,27.546,83.000,97.000,109.000,26.000,,21.338,11.029,155.000,223.000,68.000,0.192,10.283,4.546,2.000,False,False,False,,,False
gare,93027,La Courneuve,commune,,47167,ign_chef_lieu,2.390,48.927,17.839,8.277,62.000,69.000,77.000,15.000,,27.548,15.512,156.000,81.000,-75.000,-0.211,-21.572,2.505,2.000,False,False,False,,,False
gare,95219,Ermont,commune,,29489,ign_chef_lieu,2.259,48.992,17.876,16.558,78.000,85.000,93.000,15.000,,30.327,12.618,157.000,170.000,13.000,0.037,-3.488,2.803,2.000,False,False,False,,,False
gare,93079,Villetaneuse,commune,,12530,ign_chef_lieu,2.344,48.961,17.883,11.671,68.000,74.000,82.000,14.000,,29.423,14.499,158.000,103.500,-54.500,-0.154,-15.994,2.515,3.000,False,False,False,,,False
gare,78466,Orgeval,commune,,7252,ign_chef_lieu,1.975,48.918,17.896,28.542,115.000,123.000,130.000,15.000,,21.497,8.730,159.000,304.500,145.500,0.410,39.578,5.722,2.000,False,False,False,,,False
gare,78160,Chevreuse,commune,,5502,ign_chef_lieu,2.044,48.707,17.924,28.061,,,,,,31.697,,,,,,,,,False,False,False,,,False
gare,91345,Longjumeau,commune,,21996,ign_chef_lieu,2.296,48.694,17.926,18.504,97.000,104.000,112.000,15.000,,28.662,10.342,160.000,253.500,93.500,0.263,17.913,3.629,3.000,False,False,False,,,False
gare,78196,Davron,commune,,295,ign_chef_lieu,1.944,48.865,18.035,29.977,,,,,,23.688,,,,,,,,,False,False,False,,,False
gare,91275,Gometz-le-Châtel,commune,,2630,ign_chef_lieu,2.138,48.678,18.134,25.295,103.000,125.000,136.000,33.000,,32.128,8.704,161.000,313.000,152.000,0.428,40.880,3.891,3.000,False,False,False,,,False
gare,91432,Morangis,commune,,14129,ign_chef_lieu,2.332,48.706,18.252,16.844,93.000,100.000,108.000,15.000,,29.820,10.951,162.000,237.500,75.500,0.213,12.326,3.353,4.000,True,False,False,,,False
gare,95203,Eaubonne,commune,,26211,ign_chef_lieu,2.280,48.991,18.310,15.908,69.000,76.000,84.000,15.000,,31.173,14.455,163.000,113.000,-50.000,-0.141,-14.772,2.438,2.000,False,False,False,,,False
gare,94046,Maisons-Alfort,commune,,56799,ign_chef_lieu,2.431,48.801,18.397,8.415,52.000,59.000,67.000,15.000,,34.510,18.708,164.000,53.000,-111.000,-0.313,-33.998,1.710,2.000,False,False,False,,,False
gare,94022,Choisy-le-Roi,commune,,45946,ign_chef_lieu,2.410,48.762,18.431,11.258,70.000,78.000,86.000,16.000,,29.205,14.178,165.000,124.000,-41.000,-0.115,-12.826,2.671,3.000,False,False,False,,,False
gare,95197,Deuil-la-Barre,commune,,23099,ign_chef_lieu,2.328,48.975,18.433,13.331,74.000,81.000,88.000,14.000,,34.027,13.654,166.000,145.000,-21.000,-0.059,-9.480,2.380,3.000,False,False,False,,,False
gare,95491,Le Plessis-Bouchard,commune,,8518,ign_chef_lieu,2.235,49.001,18.447,18.256,83.000,90.000,98.000,15.000,,31.617,12.298,167.000,195.500,28.500,0.080,0.538,2.847,2.000,False,False,False,,,False
gare,78015,Andrésy,commune,,13834,ign_chef_lieu,2.061,48.982,18.476,25.565,72.000,81.000,87.000,15.000,,32.373,13.686,168.000,145.000,-23.000,-0.065,-9.588,2.502,2.000,False,False,False,,,False
gare,95598,Soisy-sous-Montmorency,commune,,18008,ign_chef_lieu,2.300,48.987,18.541,15.060,74.000,81.000,89.000,15.000,,30.070,13.734,169.000,145.000,-24.000,-0.068,-9.751,2.694,3.000,False,False,False,,,False
gare,78172,Conflans-Sainte-Honorine,commune,,36958,ign_chef_lieu,2.095,48.994,18.547,24.293,75.000,82.000,90.000,15.000,,32.842,13.571,170.000,153.000,-17.000,-0.048,-8.654,2.497,1.000,False,False,False,,,False
gare,94080,Vincennes,commune,,48193,ign_chef_lieu,2.440,48.848,18.615,6.477,52.000,59.000,67.000,15.000,,35.517,18.931,171.000,53.000,-118.000,-0.332,-34.400,1.661,1.000,False,False,False,,,False
gare,91560,Saint-Jean-de-Beauregard,commune,,471,ign_chef_lieu,2.168,48.670,18.816,24.824,111.000,117.000,124.000,13.000,,29.638,9.649,172.000,287.500,115.500,0.325,29.369,3.948,3.000,False,False,False,,,False
gare,93048,Montreuil,commune,,111934,ign_chef_lieu,2.441,48.862,18.863,6.526,59.000,66.000,74.000,15.000,,38.897,17.148,173.000,73.000,-100.000,-0.282,-27.117,1.697,2.000,False,False,False,,,False
gare,78384,Médan,commune,,1289,ign_chef_lieu,1.996,48.953,18.904,28.247,96.000,107.000,123.000,27.000,,24.292,10.600,174.000,264.000,90.000,0.254,18.025,4.405,2.000,False,False,False,,,False
gare,93063,Romainville,commune,,37152,ign_chef_lieu,2.435,48.886,18.961,6.858,69.000,76.000,84.000,15.000,,37.875,14.969,175.000,113.000,-62.000,-0.175,-16.300,2.007,3.000,False,False,False,,,False
gare,94054,Orly,commune,,24658,ign_chef_lieu,2.401,48.743,18.962,13.085,78.000,85.000,93.000,15.000,,31.608,13.385,176.000,170.000,-6.000,-0.017,-6.389,2.689,2.000,False,False,False,,,False
gare,78644,La Verrière,commune,,5994,ign_chef_lieu,1.958,48.758,19.053,31.001,71.000,79.000,87.000,16.000,,22.757,14.471,177.000,131.500,-45.500,-0.128,-13.213,3.472,1.000,False,False,False,,,False
gare,91274,Gometz-la-Ville,commune,,1536,ign_chef_lieu,2.125,48.672,19.071,26.475,102.000,124.000,135.000,33.000,,32.160,9.228,178.000,309.000,131.000,0.369,36.157,3.856,3.000,False,False,False,,,False
gare,78208,Élancourt,commune,,26365,ign_chef_lieu,1.949,48.768,19.085,31.186,77.000,85.000,92.000,15.000,,21.288,13.472,179.000,170.000,-9.000,-0.025,-6.702,3.993,2.000,False,False,False,,,False
gare,91479,Paray-Vieille-Poste,commune,,8202,ign_chef_lieu,2.364,48.713,19.100,15.999,89.000,96.000,104.000,15.000,,30.910,11.938,180.000,217.500,37.500,0.106,5.327,3.106,4.000,True,False,False,,,False
gare,95427,Montmagny,commune,,15105,ign_chef_lieu,2.346,48.975,19.166,13.199,77.000,83.000,91.000,14.000,,31.898,13.855,181.000,159.000,-22.000,-0.062,-9.097,2.602,4.000,True,False,False,,,False
gare,95051,Beauchamp,commune,,9849,ign_chef_lieu,2.200,49.012,19.283,20.563,78.000,85.000,93.000,15.000,,33.335,13.611,182.000,170.000,-12.000,-0.034,-7.199,2.550,2.000,False,False,False,,,False
gare,78138,Chanteloup-les-Vignes,commune,,10861,ign_chef_lieu,2.030,48.978,19.337,27.240,80.000,86.000,94.000,14.000,,29.162,13.491,183.000,175.000,-8.000,-0.023,-6.244,2.949,2.000,False,False,False,,,False
gare,93072,Stains,commune,,41388,ign_chef_lieu,2.382,48.955,19.393,11.236,78.000,84.000,92.000,14.000,,31.503,13.852,184.000,164.000,-20.000,-0.056,-8.561,2.666,3.000,False,False,False,,,False
gare,95428,Montmorency,commune,,21763,ign_chef_lieu,2.321,48.989,19.477,14.985,82.000,93.000,102.000,20.000,,35.092,12.566,185.000,210.000,25.000,0.070,1.009,2.650,3.000,False,False,False,,,False
gare,95574,Saint-Prix,commune,,7612,ign_chef_lieu,2.262,49.007,19.513,17.955,91.000,101.000,109.000,18.000,,33.115,11.592,186.000,240.500,54.500,0.154,9.593,3.050,2.000,False,False,False,,,False
gare,95369,Margency,commune,,3012,ign_chef_lieu,2.287,49.001,19.564,16.798,80.000,88.000,95.000,15.000,,33.370,13.339,187.000,186.000,-1.000,-0.003,-4.642,2.637,2.000,False,False,False,,,False
gare,91044,Ballainvilliers,commune,,4904,ign_chef_lieu,2.290,48.676,19.580,20.562,103.000,111.000,118.000,15.000,,32.987,10.584,188.000,272.500,84.500,0.238,20.230,3.365,3.000,False,False,False,,,False
gare,78383,Maurepas,commune,,20629,ign_chef_lieu,1.945,48.762,19.637,31.683,68.000,75.000,83.000,15.000,,21.787,15.709,189.000,106.000,-83.000,-0.234,-18.885,3.442,1.000,False,False,False,,,False
gare,78615,Thiverval-Grignon,commune,,1023,ign_chef_lieu,1.918,48.850,19.771,31.915,,,,,,25.655,,,,,,,,,False,False,False,,,False
gare,78382,Maurecourt,commune,,4454,ign_chef_lieu,2.063,48.997,19.789,26.334,78.000,83.000,91.000,13.000,,34.445,14.306,190.000,159.000,-31.000,-0.087,-10.592,2.410,2.000,False,False,False,,,False
gare,78189,Crespières,commune,,1719,ign_chef_lieu,1.924,48.882,19.865,31.570,,,,,,24.708,,,,,,,,,False,False,False,,,False
gare,94077,Villeneuve-le-Roi,commune,,21000,ign_chef_lieu,2.408,48.735,19.894,14.074,85.000,92.000,100.000,15.000,,32.317,12.974,191.000,206.000,15.000,0.042,-1.167,2.847,2.000,False,False,False,,,False
gare,78397,Le Mesnil-Saint-Denis,commune,,7276,ign_chef_lieu,1.960,48.740,19.907,31.594,86.000,97.000,108.000,22.000,,25.717,12.314,192.000,223.000,31.000,0.087,4.168,3.772,2.000,False,False,False,,,False
gare,78548,Saint-Forget,commune,,436,ign_chef_lieu,1.993,48.710,20.104,30.986,,,,,,28.797,,,,,,,,,False,False,False,,,False
gare,95288,Groslay,commune,,8453,ign_chef_lieu,2.346,48.987,20.234,14.521,88.000,93.000,101.000,13.000,,35.797,13.054,193.000,210.000,17.000,0.048,-0.966,2.598,4.000,True,False,False,,,False
gare,91458,Nozay,commune,,4471,ign_chef_lieu,2.243,48.660,20.250,23.277,125.000,148.000,171.000,46.000,,32.773,8.209,194.000,349.000,155.000,0.437,57.540,4.516,4.000,True,False,False,,,False
gare,95426,Montlignon,commune,,3038,ign_chef_lieu,2.285,49.009,20.283,17.653,90.000,106.000,118.000,28.000,,35.055,11.481,195.000,261.500,66.500,0.187,12.736,3.024,4.000,True,False,False,,,False
gare,93053,Noisy-le-Sec,commune,,45510,ign_chef_lieu,2.452,48.890,20.296,8.191,61.000,68.000,76.000,15.000,,34.650,17.908,196.000,77.500,-118.500,-0.334,-27.703,1.962,1.000,False,False,False,,,False
gare,91411,Les Molières,commune,,1975,ign_chef_lieu,2.070,48.673,20.300,29.129,,,,,,37.797,,,,,,,,,False,False,False,,,False
gare,95014,Andilly,commune,,2742,ign_chef_lieu,2.301,49.005,20.375,17.002,95.000,104.000,111.000,16.000,,35.853,11.755,197.000,253.500,56.500,0.159,10.350,2.901,3.000,False,False,False,,,False
gare,93008,Bobigny,commune,,56927,ign_chef_lieu,2.445,48.906,20.410,8.759,69.000,76.000,84.000,15.000,,31.832,16.114,198.000,113.000,-85.000,-0.239,-19.432,2.388,2.000,False,False,False,,,False
gare,91093,Boullay-les-Troux,commune,,624,ign_chef_lieu,2.050,48.678,20.446,29.791,,,,,,37.363,,,,,,,,,False,False,False,,,False
gare,93013,Le Bourget,commune,,15925,ign_chef_lieu,2.425,48.935,20.500,10.195,64.000,71.000,79.000,15.000,,30.312,17.324,199.000,91.000,-108.000,-0.304,-24.903,2.342,2.000,False,False,False,,,False
gare,95563,Saint-Leu-la-Forêt,commune,,16138,ign_chef_lieu,2.244,49.019,20.526,19.756,91.000,98.000,106.000,15.000,,33.627,12.567,200.000,227.000,27.000,0.076,3.588,2.914,2.000,False,False,False,,,False
gare,91665,La Ville-du-Bois,commune,,8161,ign_chef_lieu,2.269,48.661,20.617,22.572,115.000,123.000,130.000,15.000,,31.965,10.057,201.000,304.500,103.500,0.292,29.717,3.848,3.000,False,False,False,,,False
gare,95488,Pierrelaye,commune,,10130,ign_chef_lieu,2.156,49.023,20.666,23.464,83.000,90.000,98.000,15.000,,35.433,13.777,202.000,195.500,-6.500,-0.018,-5.202,2.540,2.000,False,False,False,,,False
gare,94042,Joinville-le-Pont,commune,,20525,ign_chef_lieu,2.467,48.818,20.704,9.400,58.000,65.000,73.000,15.000,,34.537,19.111,203.000,70.500,-132.500,-0.373,-31.600,1.882,1.000,False,False,False,,,False
gare,94028,Créteil,commune,,93397,ign_chef_lieu,2.453,48.778,20.706,11.442,77.000,84.000,92.000,15.000,,35.772,14.790,204.000,164.000,-40.000,-0.113,-11.612,2.348,3.000,False,False,False,,,False
gare,78624,Triel-sur-Seine,commune,,12206,ign_chef_lieu,2.003,48.981,20.803,29.133,76.000,87.000,97.000,21.000,,28.618,14.347,205.000,180.000,-25.000,-0.070,-8.676,3.040,2.000,False,False,False,,,False
gare,91027,Athis-Mons,commune,,36613,ign_chef_lieu,2.389,48.708,20.825,16.768,98.000,105.000,113.000,15.000,,32.782,11.900,206.000,258.000,52.000,0.146,10.158,3.203,4.000,True,False,False,,,False
gare,78193,Dampierre-en-Yvelines,commune,,1008,ign_chef_lieu,1.986,48.705,20.908,31.766,,,,,,29.345,,,,,,,,,False,False,False,,,False
gare,78162,Choisel,commune,,540,ign_chef_lieu,2.018,48.687,20.942,31.009,,,,,,33.703,,,,,,,,,False,False,False,,,False
gare,91216,Épinay-sur-Orge,commune,,10722,ign_chef_lieu,2.324,48.673,21.017,20.542,110.000,116.000,124.000,14.000,,32.520,10.871,207.000,284.000,77.000,0.217,21.123,3.567,3.000,False,False,False,,,False
gare,78643,Vernouillet,commune,,9699,ign_chef_lieu,1.983,48.973,21.087,29.979,100.000,111.000,123.000,23.000,,27.268,11.398,208.000,272.500,64.500,0.182,15.703,4.071,2.000,False,False,False,,,False
gare,95607,Taverny,commune,,27593,ign_chef_lieu,2.226,49.026,21.091,21.044,96.000,103.000,111.000,15.000,,33.465,12.286,209.000,248.000,39.000,0.110,7.353,3.078,2.000,False,False,False,,,False
gare,78550,Saint-Germain-de-la-Grange,commune,,1847,ign_chef_lieu,1.899,48.834,21.112,33.378,,,,,,26.562,,,,,,,,,False,False,False,,,False
gare,91589,Savigny-sur-Orge,commune,,37601,ign_chef_lieu,2.346,48.680,21.174,19.657,106.000,113.000,121.000,15.000,,31.610,11.243,210.000,277.000,67.000,0.189,17.537,3.575,4.000,True,False,False,,,False
gare,93029,Drancy,commune,,72390,ign_chef_lieu,2.445,48.923,21.185,10.075,72.000,79.000,86.000,14.000,,32.353,16.090,211.000,131.500,-79.500,-0.224,-17.851,2.442,3.000,False,False,False,,,False
gare,94033,Fontenay-sous-Bois,commune,,53757,ign_chef_lieu,2.475,48.849,21.191,9.014,62.000,69.000,77.000,15.000,,40.575,18.427,212.000,81.000,-131.000,-0.369,-28.260,1.701,1.000,False,False,False,,,False
gare,78431,Morainvilliers,commune,,3120,ign_chef_lieu,1.932,48.929,21.194,31.849,121.000,128.000,134.000,13.000,,24.417,9.935,213.000,322.000,109.000,0.307,33.074,5.242,2.000,False,False,False,,,False
gare,95218,Éragny-sur-Oise,commune,,18436,ign_chef_lieu,2.091,49.019,21.296,26.369,72.000,80.000,87.000,15.000,,33.518,15.972,214.000,138.500,-75.500,-0.213,-17.035,2.387,1.000,False,False,False,,,False
gare,78442,Neauphle-le-Château,commune,,3250,ign_chef_lieu,1.899,48.814,21.305,33.643,124.000,176.000,,,,21.562,7.263,215.000,354.000,139.000,0.392,82.483,8.163,3.000,False,False,False,,,False
gare,93030,Dugny,commune,,11700,ign_chef_lieu,2.418,48.955,21.363,12.001,80.000,87.000,95.000,15.000,,32.433,14.733,216.000,180.000,-36.000,-0.101,-9.923,2.682,3.000,False,False,False,,,False
gare,91326,Juvisy-sur-Orge,commune,,19292,ign_chef_lieu,2.372,48.691,21.366,18.487,100.000,107.000,115.000,15.000,,34.702,11.981,217.000,264.000,47.000,0.132,10.776,3.083,4.000,True,False,False,,,False
gare,78010,Les Alluets-le-Roi,commune,,1390,ign_chef_lieu,1.919,48.914,21.368,32.452,,,,,,25.595,,,,,,,,,False,False,False,,,False
gare,78321,Jouars-Pontchartrain,commune,,6039,ign_chef_lieu,1.901,48.802,21.371,33.713,126.000,178.000,,,,20.438,7.204,218.000,355.000,137.000,0.386,84.261,8.709,3.000,False,False,False,,,False
gare,91319,Janvry,commune,,654,ign_chef_lieu,2.156,48.647,21.413,27.402,,,,,,35.678,,,,,,,,,False,False,False,,,False
gare,94001,Ablon-sur-Seine,commune,,5988,ign_chef_lieu,2.422,48.725,21.427,15.492,93.000,99.000,107.000,14.000,,34.883,12.986,219.000,232.000,13.000,0.037,2.343,2.838,4.000,True,False,False,,,False
gare,95450,Neuville-sur-Oise,commune,,2058,ign_chef_lieu,2.063,49.014,21.506,27.508,75.000,81.000,88.000,13.000,,35.847,15.930,220.000,145.000,-75.000,-0.211,-16.424,2.260,1.000,False,False,False,,,False
gare,95268,Garges-lès-Gonesse,commune,,41791,ign_chef_lieu,2.401,48.972,21.595,13.303,89.000,96.000,104.000,15.000,,35.673,13.497,221.000,217.500,-3.500,-0.010,-1.158,2.691,3.000,False,False,False,,,False
gare,95539,Saint-Brice-sous-Forêt,commune,,15063,ign_chef_lieu,2.357,48.998,21.681,15.706,94.000,99.000,107.000,13.000,,36.300,13.140,222.000,232.000,10.000,0.028,1.720,2.727,4.000,True,False,False,,,False
gare,78683,Villiers-Saint-Frédéric,commune,,3395,ign_chef_lieu,1.891,48.820,21.772,34.096,119.000,130.000,142.000,23.000,,24.012,10.049,223.000,324.500,101.500,0.286,33.282,5.414,2.000,False,False,False,,,False
gare,91685,Villiers-sur-Orge,commune,,4545,ign_chef_lieu,2.300,48.657,21.785,22.458,123.000,130.000,138.000,15.000,,34.817,10.055,224.000,324.500,100.500,0.283,33.241,3.734,3.000,False,False,False,,,False
gare,78334,Lévis-Saint-Nom,commune,,1603,ign_chef_lieu,1.949,48.721,21.796,33.260,,,,,,29.917,,,,,,,,,False,False,False,,,False
gare,91363,Marcoussis,commune,,8618,ign_chef_lieu,2.231,48.643,21.985,25.376,111.000,122.000,134.000,23.000,,36.308,10.812,225.000,301.000,76.000,0.214,24.453,3.360,3.000,False,False,False,,,False
gare,78642,Verneuil-sur-Seine,commune,,16280,ign_chef_lieu,1.975,48.979,22.008,30.817,95.000,109.000,120.000,25.000,,27.195,12.114,226.000,268.500,42.500,0.120,11.131,4.008,2.000,False,False,False,,,False
gare,78168,Coignières,commune,,4321,ign_chef_lieu,1.918,48.748,22.173,34.145,68.000,76.000,83.000,15.000,,24.232,17.505,227.000,113.000,-114.000,-0.321,-22.814,3.136,1.000,False,False,False,,,False
gare,95323,Jouy-le-Moutier,commune,,17854,ign_chef_lieu,2.047,49.016,22.202,28.527,88.000,96.000,106.000,18.000,,38.908,13.876,228.000,217.500,-10.500,-0.030,-2.567,2.467,2.000,False,False,False,,,False
gare,91667,Villemoisson-sur-Orge,commune,,7332,ign_chef_lieu,2.330,48.662,22.272,21.694,116.000,123.000,131.000,15.000,,33.432,10.864,229.000,304.500,75.500,0.213,24.632,3.679,3.000,False,False,False,,,False
gare,94068,Saint-Maur-des-Fossés,commune,,76572,ign_chef_lieu,2.485,48.803,22.294,11.426,62.000,69.000,77.000,15.000,,38.800,19.386,230.000,81.000,-149.000,-0.420,-30.119,1.778,1.000,False,False,False,,,False
gare,94052,Nogent-sur-Marne,commune,,32455,ign_chef_lieu,2.492,48.839,22.388,10.381,65.000,73.000,80.000,15.000,,38.277,18.401,231.000,101.000,-130.000,-0.366,-26.230,1.907,2.000,False,False,False,,,False
gare,95060,Bessancourt,commune,,8869,ign_chef_lieu,2.217,49.039,22.389,22.566,102.000,109.000,117.000,15.000,,35.630,12.324,232.000,268.500,36.500,0.103,10.147,3.059,2.000,False,False,False,,,False
gare,93064,Rosny-sous-Bois,commune,,47180,ign_chef_lieu,2.488,48.872,22.442,10.098,61.000,68.000,76.000,15.000,,37.998,19.801,233.000,77.500,-155.500,-0.438,-31.368,1.790,1.000,False,False,False,,9.000,False
gare,95489,Piscop,commune,,768,ign_chef_lieu,2.343,49.012,22.477,17.337,,,,,,39.865,,,,,,,,,False,False,False,,,False
gare,95585,Sarcelles,commune,,59173,ign_chef_lieu,2.378,48.997,22.596,15.801,97.000,103.000,112.000,15.000,,38.775,13.163,234.000,248.000,14.000,0.039,3.590,2.656,2.000,False,False,False,,,False
gare,78590,Senlisse,commune,,511,ign_chef_lieu,1.982,48.687,22.601,33.144,,,,,,33.293,,,,,,,,,False,False,False,,,False
gare,94078,Villeneuve-Saint-Georges,commune,,36221,ign_chef_lieu,2.448,48.731,22.609,15.622,90.000,100.000,108.000,18.000,,37.675,13.566,235.000,237.500,2.500,0.007,0.541,2.654,3.000,False,False,False,,,False
gare,93010,Bondy,commune,,50595,ign_chef_lieu,2.481,48.902,22.751,10.718,67.000,75.000,82.000,15.000,,34.688,18.201,236.000,106.000,-130.000,-0.366,-24.838,2.162,1.000,False,False,False,,,False
gare,78206,Ecquevilly,commune,,4279,ign_chef_lieu,1.924,48.949,22.841,33.050,109.000,114.000,122.000,13.000,,23.250,12.021,237.000,279.500,42.500,0.120,14.015,4.903,2.000,False,False,False,,,False
gare,91434,Morsang-sur-Orge,commune,,21667,ign_chef_lieu,2.346,48.662,22.861,21.631,117.000,124.000,132.000,15.000,,32.688,11.062,238.000,309.000,71.000,0.200,23.960,3.793,4.000,True,False,False,,,False
gare,91338,Limours,commune,,6517,ign_chef_lieu,2.077,48.646,22.870,30.955,112.000,134.000,145.000,33.000,,39.095,10.240,239.000,332.000,93.000,0.262,33.929,3.428,3.000,False,False,False,,,False
gare,91657,Vigneux-sur-Seine,commune,,31466,ign_chef_lieu,2.417,48.700,22.874,18.008,94.000,101.000,109.000,15.000,,41.620,13.588,240.000,240.500,0.500,0.001,0.937,2.427,3.000,False,False,False,,,False
gare,78062,Beynes,commune,,7704,ign_chef_lieu,1.876,48.856,22.888,34.976,115.000,123.000,130.000,15.000,,29.013,11.165,241.000,304.500,63.500,0.179,22.883,4.239,3.000,False,False,False,,,False
gare,91347,Longpont-sur-Orge,commune,,6482,ign_chef_lieu,2.293,48.642,23.142,24.185,129.000,136.000,144.000,15.000,,36.755,10.210,242.000,336.000,94.000,0.265,35.098,3.700,3.000,False,False,False,,,False
gare,91687,Viry-Châtillon,commune,,30838,ign_chef_lieu,2.375,48.671,23.172,20.644,110.000,117.000,125.000,15.000,,33.868,11.883,243.000,287.500,44.500,0.125,16.145,3.455,2.000,False,False,False,,,False
gare,93007,Le Blanc-Mesnil,commune,,62376,ign_chef_lieu,2.464,48.939,23.192,12.266,72.000,79.000,87.000,15.000,,35.160,17.614,244.000,131.500,-112.500,-0.317,-21.611,2.247,2.000,False,False,False,,,False
gare,94011,Bonneuil-sur-Marne,commune,,18270,ign_chef_lieu,2.487,48.774,23.225,13.474,77.000,84.000,92.000,15.000,,38.142,16.589,245.000,164.000,-81.000,-0.228,-16.712,2.202,4.000,True,False,False,,,False
gare,78305,Herbeville,commune,,228,ign_chef_lieu,1.887,48.906,23.234,34.591,,,,,,28.183,,,,,,,,,False,False,False,,,False
gare,91425,Montlhéry,commune,,9772,ign_chef_lieu,2.270,48.637,23.248,25.168,118.000,126.000,134.000,16.000,,35.677,11.070,246.000,316.500,70.500,0.199,24.869,3.532,3.000,False,False,False,,,False
gare,94074,Valenton,commune,,14406,ign_chef_lieu,2.470,48.744,23.284,15.148,90.000,97.000,105.000,15.000,,38.370,14.402,247.000,223.000,-24.000,-0.068,-3.947,2.528,4.000,True,False,False,,,False
gare,95199,Domont,commune,,16065,ign_chef_lieu,2.327,49.027,23.392,19.106,105.000,112.000,120.000,15.000,,40.790,12.531,248.000,275.000,27.000,0.076,10.640,2.746,2.000,False,False,False,,,False
gare,78140,Chapet,commune,,1331,ign_chef_lieu,1.934,48.967,23.419,33.062,113.000,119.000,127.000,14.000,,25.242,11.808,249.000,294.000,45.000,0.127,17.484,4.714,2.000,False,False,False,,,False
gare,93049,Neuilly-Plaisance,commune,,21941,ign_chef_lieu,2.506,48.861,23.605,11.301,74.000,81.000,89.000,15.000,,41.365,17.485,250.000,145.000,-105.000,-0.296,-20.358,1.958,1.000,False,False,False,,,False
gare,91482,Pecqueuse,commune,,580,ign_chef_lieu,2.049,48.647,23.605,32.295,133.000,155.000,166.000,33.000,,40.748,9.137,251.000,351.000,100.000,0.282,52.401,3.804,3.000,False,False,False,,,False
gare,94058,Le Perreux-sur-Marne,commune,,35260,ign_chef_lieu,2.508,48.841,23.610,11.557,74.000,82.000,89.000,15.000,,39.882,17.276,252.000,153.000,-99.000,-0.279,-19.385,2.056,2.000,False,False,False,,,False
gare,95088,Bonneuil-en-France,commune,,1185,ign_chef_lieu,2.433,48.976,23.642,14.514,101.000,108.000,116.000,15.000,,37.265,13.134,253.000,266.500,13.500,0.038,6.103,2.898,4.000,True,False,False,,,False
gare,91201,Draveil,commune,,30098,ign_chef_lieu,2.405,48.682,23.655,19.735,115.000,122.000,130.000,15.000,,40.273,11.634,254.000,301.000,47.000,0.132,19.822,3.029,3.000,False,False,False,,,False
gare,95572,Saint-Ouen-l'Aumône,commune,,25578,ign_chef_lieu,2.106,49.044,23.658,27.613,85.000,92.000,100.000,15.000,,38.863,15.429,255.000,206.000,-49.000,-0.138,-9.647,2.367,2.000,False,False,False,,,False
gare,95256,Frépillon,commune,,3317,ign_chef_lieu,2.206,49.051,23.688,24.152,108.000,115.000,123.000,15.000,,37.718,12.359,256.000,281.500,25.500,0.072,12.866,3.049,2.000,False,False,False,,,False
gare,94044,Limeil-Brévannes,commune,,27406,ign_chef_lieu,2.480,48.749,23.760,15.180,86.000,94.000,102.000,16.000,,37.622,15.166,257.000,212.000,-45.000,-0.127,-7.889,2.499,2.000,False,False,False,,,False
gare,91339,Linas,commune,,7987,ign_chef_lieu,2.267,48.631,23.772,25.816,123.000,131.000,139.000,16.000,,35.728,10.888,258.000,327.500,69.500,0.196,28.335,3.667,3.000,False,False,False,,,False
gare,78623,Le Tremblay-sur-Mauldre,commune,,930,ign_chef_lieu,1.875,48.778,23.827,36.115,,,,,,25.190,,,,,,,,,False,False,False,,,False
gare,78443,Neauphle-le-Vieux,commune,,937,ign_chef_lieu,1.864,48.815,23.849,36.180,117.000,128.000,140.000,23.000,,25.618,11.179,259.000,322.000,63.000,0.177,25.186,4.996,2.000,False,False,False,,,False
gare,95680,Villiers-le-Bel,commune,,30053,ign_chef_lieu,2.388,49.008,23.905,17.006,108.000,113.000,120.000,12.000,,38.335,12.693,260.000,277.000,17.000,0.048,10.381,2.948,4.000,True,False,False,,,False
gare,94017,Champigny-sur-Marne,commune,,78072,ign_chef_lieu,2.511,48.813,23.967,12.570,69.000,76.000,84.000,15.000,,40.123,18.921,261.000,113.000,-148.000,-0.417,-25.861,1.894,1.000,False,False,False,,,False
gare,95019,Arnouville,commune,,15023,ign_chef_lieu,2.421,48.990,24.051,15.646,105.000,111.000,117.000,12.000,,39.357,13.001,262.000,272.500,10.500,0.030,8.086,2.820,3.000,False,False,False,,,False
gare,93077,Villemomble,commune,,29795,ign_chef_lieu,2.508,48.882,24.074,11.751,69.000,76.000,84.000,15.000,,38.338,19.005,263.000,113.000,-150.000,-0.423,-26.031,1.982,1.000,False,False,False,,,False
gare,91191,Crosne,commune,,9610,ign_chef_lieu,2.458,48.716,24.115,17.388,81.000,88.000,96.000,15.000,,39.900,16.442,264.000,186.000,-78.000,-0.220,-14.429,2.206,2.000,False,False,False,,,False
gare,78576,Saint-Rémy-l'Honoré,commune,,1689,ign_chef_lieu,1.882,48.756,24.186,36.330,,,,,,28.660,,,,,,,,,False,False,False,,,False
gare,91111,Briis-sous-Forges,commune,,3342,ign_chef_lieu,2.124,48.625,24.191,30.750,,,,,,40.530,,,,,,,,,False,False,False,,,False
gare,95091,Bouffémont,commune,,6593,ign_chef_lieu,2.299,49.043,24.228,21.132,,,,,,44.228,,,,,,,,,False,False,False,,,False
gare,78128,Cernay-la-Ville,commune,,1516,ign_chef_lieu,1.971,48.673,24.233,34.633,,,,,,35.722,,,,,,,,,False,False,False,,,False
gare,91249,Forges-les-Bains,commune,,4241,ign_chef_lieu,2.100,48.628,24.237,31.461,,,,,,43.892,,,,,,,,,False,False,False,,,False
gare,91549,Sainte-Geneviève-des-Bois,commune,,35438,ign_chef_lieu,2.327,48.641,24.297,24.073,125.000,132.000,140.000,15.000,,37.217,11.044,265.000,330.500,65.500,0.185,27.860,3.547,4.000,True,False,False,,,False
gare,95061,Béthemont-la-Forêt,commune,,435,ign_chef_lieu,2.252,49.053,24.321,23.061,,,,,,41.780,,,,,,,,,False,False,False,,,False
gare,78368,Mareil-sur-Mauldre,commune,,1776,ign_chef_lieu,1.866,48.894,24.355,35.964,117.000,124.000,132.000,15.000,,28.417,11.784,266.000,309.000,43.000,0.121,19.963,4.364,3.000,False,False,False,,,False
gare,95074,Boisemont,commune,,892,ign_chef_lieu,2.002,49.021,24.400,31.543,106.000,113.000,119.000,13.000,,38.585,12.956,267.000,277.000,10.000,0.028,9.215,2.929,2.000,False,False,False,,,False
gare,94015,Bry-sur-Marne,commune,,18503,ign_chef_lieu,2.520,48.835,24.452,12.487,76.000,83.000,91.000,15.000,,38.488,17.676,268.000,159.000,-109.000,-0.307,-19.868,2.156,1.000,False,False,False,,,False
gare,95500,Pontoise,commune,,31970,ign_chef_lieu,2.101,49.051,24.459,28.422,86.000,95.000,102.000,16.000,,39.687,15.448,269.000,213.500,-55.500,-0.156,-8.296,2.394,2.000,False,False,False,,,False
gare,91243,Fontenay-lès-Briis,commune,,2350,ign_chef_lieu,2.156,48.619,24.462,30.068,,,,,,36.968,,,,,,,,,False,False,False,,,False
gare,78415,Montainville,commune,,589,ign_chef_lieu,1.860,48.882,24.476,36.271,,,,,,31.763,,,,,,,,,False,False,False,,,False
gare,95205,Écouen,commune,,7202,ign_chef_lieu,2.379,49.018,24.486,18.124,109.000,116.000,124.000,15.000,,40.570,12.665,270.000,284.000,14.000,0.039,11.912,2.859,2.000,False,False,False,,,False
gare,95637,Vauréal,commune,,16079,ign_chef_lieu,2.021,49.030,24.512,31.004,86.000,97.000,105.000,19.000,,40.135,15.162,271.000,223.000,-48.000,-0.135,-6.471,2.417,2.000,False,False,False,,,False
gare,93057,Les Pavillons-sous-Bois,commune,,25804,ign_chef_lieu,2.507,48.903,24.576,12.448,71.000,79.000,86.000,15.000,,37.117,18.665,272.000,131.500,-140.500,-0.396,-23.929,2.128,2.000,False,False,False,,,False
gare,91570,Saint-Michel-sur-Orge,commune,,21776,ign_chef_lieu,2.303,48.630,24.666,25.414,119.000,126.000,134.000,15.000,,36.712,11.746,273.000,316.500,43.500,0.123,21.098,3.432,3.000,False,False,False,,,False
gare,95151,Chauvry,commune,,297,ign_chef_lieu,2.267,49.054,24.703,22.876,,,,,,41.925,,,,,,,,,False,False,False,,,False
gare,78638,Vaux-sur-Seine,commune,,5202,ign_chef_lieu,1.963,49.006,24.815,33.018,82.000,93.000,105.000,23.000,,34.332,16.010,274.000,210.000,-64.000,-0.180,-10.896,2.709,2.000,False,False,False,,,False
gare,78050,Bazoches-sur-Guyonne,commune,,721,ign_chef_lieu,1.860,48.778,24.898,37.196,,,,,,24.305,,,,,,,,,False,False,False,,,False
gare,91286,Grigny,commune,,26842,ign_chef_lieu,2.385,48.656,24.959,22.380,113.000,120.000,128.000,15.000,,34.333,12.479,275.000,296.000,21.000,0.059,14.629,3.495,2.000,False,False,False,,,False
gare,91421,Montgeron,commune,,24022,ign_chef_lieu,2.460,48.704,25.083,18.725,74.000,81.000,89.000,15.000,,42.067,18.580,276.000,145.000,-131.000,-0.369,-22.823,1.926,2.000,False,False,False,,,False
gare,93062,Le Raincy,commune,,14735,ign_chef_lieu,2.516,48.899,25.085,12.881,65.000,72.000,80.000,15.000,,38.172,20.904,277.000,96.000,-181.000,-0.510,-31.402,1.886,2.000,False,False,False,,6.000,False
gare,95229,Ézanville,commune,,9858,ign_chef_lieu,2.362,49.032,25.087,19.541,104.000,111.000,119.000,15.000,,41.330,13.561,278.000,272.500,-5.500,-0.015,5.751,2.686,2.000,False,False,False,,,False
gare,95394,Méry-sur-Oise,commune,,9983,ign_chef_lieu,2.185,49.064,25.147,26.196,109.000,116.000,124.000,15.000,,39.417,13.007,279.000,284.000,5.000,0.014,10.378,2.943,2.000,False,False,False,,,False
gare,93050,Neuilly-sur-Marne,commune,,39800,ign_chef_lieu,2.528,48.857,25.182,12.915,75.000,82.000,90.000,15.000,,42.538,18.426,280.000,153.000,-127.000,-0.358,-22.030,1.928,1.000,False,False,False,,,False
gare,78220,Les Essarts-le-Roi,commune,,6831,ign_chef_lieu,1.895,48.718,25.307,37.012,74.000,82.000,89.000,15.000,,28.302,18.517,281.000,153.000,-128.000,-0.361,-22.230,2.897,1.000,False,False,False,,,False
gare,93005,Aulnay-sous-Bois,commune,,87599,ign_chef_lieu,2.500,48.934,25.349,13.861,64.000,71.000,79.000,15.000,,38.373,21.422,282.000,91.000,-191.000,-0.538,-32.720,1.850,2.000,False,False,False,,3.000,False
gare,91333,Leuville-sur-Orge,commune,,4271,ign_chef_lieu,2.264,48.616,25.352,27.494,128.000,136.000,144.000,16.000,,36.408,11.185,283.000,336.000,53.000,0.149,28.866,3.735,3.000,False,False,False,,,False
gare,95277,Gonesse,commune,,27707,ign_chef_lieu,2.450,48.986,25.369,16.121,99.000,105.000,112.000,13.000,,39.633,14.497,284.000,258.000,-26.000,-0.073,-0.542,2.649,4.000,True,False,False,,,False
gare,95678,Villiers-Adam,commune,,858,ign_chef_lieu,2.235,49.064,25.392,24.691,129.000,146.000,157.000,28.000,,40.277,10.435,285.000,346.500,61.500,0.173,38.228,3.625,3.000,False,False,False,,,False
gare,78366,Mareil-le-Guyon,commune,,420,ign_chef_lieu,1.847,48.790,25.494,37.830,,,,,,26.992,,,,,,,,,False,False,False,,,False
gare,95388,Menucourt,commune,,6184,ign_chef_lieu,1.984,49.025,25.501,32.872,100.000,121.000,144.000,44.000,,38.175,12.645,286.000,298.500,12.500,0.035,14.306,3.170,2.000,False,False,False,,,False
gare,78090,Bouafle,commune,,2234,ign_chef_lieu,1.897,48.966,25.522,35.533,131.000,142.000,155.000,24.000,,25.302,10.784,287.000,342.000,55.000,0.155,34.088,5.612,2.000,False,False,False,,,False
gare,78049,Bazemont,commune,,1727,ign_chef_lieu,1.865,48.928,25.583,36.598,,,,,,31.682,,,,,,,,,False,False,False,,,False
gare,78588,Saulx-Marchais,commune,,950,ign_chef_lieu,1.836,48.838,25.699,37.929,,,,,,31.083,,,,,,,,,False,False,False,,,False
gare,95183,Courdimanche,commune,,7311,ign_chef_lieu,2.002,49.035,25.758,32.500,92.000,99.000,110.000,18.000,,39.873,15.611,288.000,232.000,-56.000,-0.158,-6.961,2.483,2.000,False,False,False,,,False
gare,95409,Moisselles,commune,,1261,ign_chef_lieu,2.337,49.048,25.799,21.344,115.000,122.000,130.000,15.000,,41.375,12.688,289.000,301.000,12.000,0.034,14.560,2.949,2.000,False,False,False,,,False
gare,95039,Auvers-sur-Oise,commune,,6863,ign_chef_lieu,2.172,49.070,25.805,27.207,107.000,118.000,141.000,34.000,,42.312,13.121,290.000,291.500,1.500,0.004,10.791,2.789,2.000,False,False,False,,,False
gare,94019,Chennevières-sur-Marne,commune,,18710,ign_chef_lieu,2.533,48.796,25.840,14.818,85.000,92.000,100.000,15.000,,44.462,16.852,291.000,206.000,-85.000,-0.239,-13.681,2.069,2.000,False,False,False,,,False
gare,94071,Sucy-en-Brie,commune,,27764,ign_chef_lieu,2.524,48.771,25.903,15.789,81.000,89.000,97.000,16.000,,41.537,17.463,292.000,191.500,-100.500,-0.283,-16.602,2.143,1.000,False,False,False,,,False
gare,91691,Yerres,commune,,27906,ign_chef_lieu,2.488,48.717,25.943,18.417,84.000,91.000,99.000,15.000,,43.820,17.105,293.000,200.000,-93.000,-0.262,-14.796,2.077,3.000,False,False,False,,,False
gare,78653,Vicq,commune,,389,ign_chef_lieu,1.835,48.815,25.967,38.292,,,,,,26.567,,,,,,,,,False,False,False,,,False
gare,94004,Boissy-Saint-Léger,commune,,17325,ign_chef_lieu,2.513,48.748,26.011,16.866,80.000,87.000,95.000,15.000,,39.483,17.938,294.000,180.000,-114.000,-0.321,-18.651,2.203,1.000,False,False,False,,,False
gare,78380,Maule,commune,,6083,ign_chef_lieu,1.848,48.909,26.032,37.443,120.000,127.000,135.000,15.000,,32.595,12.299,295.000,319.500,24.500,0.069,18.700,3.896,3.000,False,False,False,,,False
gare,94079,Villiers-sur-Marne,commune,,33162,ign_chef_lieu,2.541,48.826,26.045,14.228,75.000,82.000,90.000,15.000,,41.337,19.057,296.000,153.000,-143.000,-0.403,-23.378,1.984,2.000,False,False,False,,,False
gare,93032,Gagny,commune,,42313,ign_chef_lieu,2.537,48.885,26.204,13.876,70.000,77.000,85.000,15.000,,41.517,20.419,297.000,120.000,-177.000,-0.499,-28.277,1.855,1.000,False,False,False,,7.000,False
gare,95127,Cergy,commune,,70906,ign_chef_lieu,2.035,49.053,26.267,31.864,70.000,76.000,84.000,14.000,,41.722,20.737,298.000,113.000,-185.000,-0.521,-29.296,1.822,1.000,False,False,False,,4.000,False
gare,78227,Évecquemont,commune,,754,ign_chef_lieu,1.944,49.014,26.395,34.671,135.000,146.000,159.000,24.000,,33.162,10.847,299.000,346.500,47.500,0.134,35.483,4.403,2.000,False,False,False,,,False
gare,91235,Fleury-Mérogis,commune,,13721,ign_chef_lieu,2.361,48.630,26.481,25.188,134.000,141.000,149.000,15.000,,38.905,11.268,300.000,340.500,40.500,0.114,30.625,3.624,3.000,False,False,False,,,False
gare,95042,Baillet-en-France,commune,,2021,ign_chef_lieu,2.300,49.065,26.578,23.539,121.000,128.000,136.000,15.000,,45.727,12.459,301.000,322.000,21.000,0.059,18.355,2.799,2.000,False,False,False,,,False
gare,91521,Ris-Orangis,commune,,31189,ign_chef_lieu,2.416,48.654,26.579,23.016,113.000,120.000,128.000,15.000,,39.372,13.289,302.000,296.000,-6.000,-0.017,10.957,3.048,3.000,False,False,False,,,False
gare,94055,Ormesson-sur-Marne,commune,,10977,ign_chef_lieu,2.540,48.786,26.649,15.889,92.000,100.000,107.000,15.000,,43.610,15.989,303.000,237.500,-65.500,-0.185,-7.661,2.293,2.000,False,False,False,,,False
gare,78440,Les Mureaux,commune,,34632,ign_chef_lieu,1.909,48.993,26.651,35.876,90.000,98.000,107.000,17.000,,25.718,16.317,304.000,227.000,-77.000,-0.217,-9.512,3.811,2.000,False,False,False,,,False
gare,91634,Vaugrigneuse,commune,,1458,ign_chef_lieu,2.121,48.603,26.657,32.966,,,,,,41.648,,,,,,,,,False,False,False,,,False
gare,91103,Brétigny-sur-Orge,commune,,26658,ign_chef_lieu,2.306,48.611,26.724,27.452,118.000,125.000,133.000,15.000,,39.003,12.828,305.000,313.000,8.000,0.023,15.255,3.205,3.000,False,False,False,,,False
gare,95392,Mériel,commune,,5347,ign_chef_lieu,2.205,49.079,26.800,27.012,103.000,110.000,118.000,15.000,,41.845,14.618,306.000,270.000,-36.000,-0.101,1.276,2.629,2.000,False,False,False,,,False
gare,78030,Auffargis,commune,,1963,ign_chef_lieu,1.887,48.700,26.819,38.336,,,,,,31.013,,,,,,,,,False,False,False,,,False
gare,93051,Noisy-le-Grand,commune,,72978,ign_chef_lieu,2.552,48.850,26.884,14.690,77.000,85.000,92.000,15.000,,42.148,18.977,307.000,170.000,-137.000,-0.386,-21.868,2.017,1.000,False,False,False,,,False
gare,95476,Osny,commune,,17954,ign_chef_lieu,2.062,49.066,26.942,31.598,92.000,99.000,107.000,15.000,,43.858,16.328,308.000,232.000,-76.000,-0.214,-9.101,2.257,1.000,False,False,False,,,False
gare,95028,Attainville,commune,,1904,ign_chef_lieu,2.346,49.057,26.965,22.317,125.000,131.000,139.000,14.000,,44.493,12.350,309.000,327.500,18.500,0.052,20.227,2.944,3.000,False,False,False,,,False
gare,78034,Auteuil,commune,,1020,ign_chef_lieu,1.819,48.841,27.007,39.220,,,,,,29.552,,,,,,,,,False,False,False,,,False
gare,78238,Flins-sur-Seine,commune,,2447,ign_chef_lieu,1.870,48.963,27.018,37.295,139.000,145.000,152.000,13.000,,24.848,11.180,310.000,344.000,34.000,0.096,32.941,5.835,3.000,False,False,False,,,False
gare,78013,Andelu,commune,,550,ign_chef_lieu,1.824,48.879,27.019,38.888,,,,,,36.078,,,,,,,,,False,False,False,,,False
gare,95094,Bouqueval,commune,,314,ign_chef_lieu,2.424,49.024,27.056,19.420,,,,,,43.400,,,,,,,,,False,False,False,,,False
gare,78364,Marcq,commune,,802,ign_chef_lieu,1.819,48.860,27.075,39.145,,,,,,31.658,,,,,,,,,False,False,False,,,False
gare,95211,Ennery,commune,,2243,ign_chef_lieu,2.106,49.076,27.080,30.368,,,,,,43.137,,,,,,,,,False,False,False,,,False
gare,78033,Aulnay-sur-Mauldre,commune,,1180,ign_chef_lieu,1.844,48.929,27.096,38.176,127.000,136.000,146.000,19.000,,33.022,11.954,311.000,336.000,25.000,0.070,24.502,4.119,3.000,False,False,False,,,False
gare,78087,Bonnelles,commune,,2165,ign_chef_lieu,2.028,48.618,27.103,35.639,,,,,,44.497,,,,,,,,,False,False,False,,,False
gare,95510,Puiseux-Pontoise,commune,,603,ign_chef_lieu,2.022,49.057,27.127,32.908,86.000,92.000,99.000,13.000,,40.908,17.691,312.000,206.000,-106.000,-0.299,-15.827,2.249,1.000,False,False,False,,,False
gare,91494,Le Plessis-Pâté,commune,,4154,ign_chef_lieu,2.325,48.612,27.150,27.230,147.000,154.000,162.000,15.000,,42.060,10.578,313.000,350.000,37.000,0.104,40.837,3.661,4.000,True,False,False,,,False
gare,78398,Les Mesnuls,commune,,910,ign_chef_lieu,1.837,48.758,27.176,39.400,,,,,,28.678,,,,,,,,,False,False,False,,,False
gare,93046,Livry-Gargan,commune,,47228,ign_chef_lieu,2.536,48.919,27.197,15.193,83.000,92.000,100.000,17.000,,39.380,17.737,314.000,206.000,-108.000,-0.304,-15.939,2.336,3.000,False,False,False,,,False
gare,91115,Bruyères-le-Châtel,commune,,3788,ign_chef_lieu,2.193,48.593,27.242,31.522,,,,,,42.128,,,,,,,,,False,False,False,,,False
gare,95492,Le Plessis-Gassot,commune,,102,ign_chef_lieu,2.412,49.033,27.276,20.173,,,,,,44.198,,,,,,,,,False,False,False,,,False
gare,93071,Sevran,commune,,52535,ign_chef_lieu,2.526,48.940,27.307,15.716,79.000,86.000,94.000,15.000,,42.105,19.051,315.000,175.000,-140.000,-0.394,-21.585,2.043,2.000,False,False,False,,,False
gare,95430,Montsoult,commune,,4023,ign_chef_lieu,2.312,49.071,27.409,24.007,110.000,117.000,125.000,15.000,,45.990,14.056,316.000,287.500,-28.500,-0.080,6.475,2.544,2.000,False,False,False,,,False
gare,91186,Courson-Monteloup,commune,,563,ign_chef_lieu,2.145,48.593,27.456,33.033,,,,,,40.803,,,,,,,,,False,False,False,,,False
gare,78401,Meulan-en-Yvelines,commune,,8950,ign_chef_lieu,1.910,49.005,27.475,36.404,91.000,102.000,110.000,19.000,,27.682,16.162,317.000,243.000,-74.000,-0.208,-7.292,3.685,2.000,False,False,False,,,False
gare,78389,Méré,commune,,1731,ign_chef_lieu,1.820,48.788,27.504,39.841,,,,,,26.335,,,,,,,,,False,False,False,,,False
gare,94053,Noiseau,commune,,4628,ign_chef_lieu,2.549,48.775,27.524,17.032,100.000,108.000,116.000,16.000,,45.547,15.291,318.000,266.500,-51.500,-0.145,-1.929,2.371,2.000,False,False,False,,,False
gare,95120,Butry-sur-Oise,commune,,2252,ign_chef_lieu,2.198,49.086,27.537,27.909,115.000,121.000,129.000,14.000,,43.937,13.655,319.000,298.500,-20.500,-0.058,9.850,2.754,2.000,False,False,False,,,False
gare,93014,Clichy-sous-Bois,commune,,29354,ign_chef_lieu,2.546,48.911,27.568,15.426,81.000,88.000,96.000,15.000,,40.812,18.796,320.000,186.000,-134.000,-0.377,-20.156,2.156,2.000,False,False,False,,,False
gare,91552,Saint-Germain-lès-Arpajon,commune,,11623,ign_chef_lieu,2.256,48.595,27.579,29.966,131.000,140.000,148.000,17.000,,38.883,11.819,321.000,339.000,18.000,0.051,26.999,3.601,3.000,False,False,False,,,False
gare,91461,Ollainville,commune,,5455,ign_chef_lieu,2.217,48.591,27.589,31.145,145.000,167.000,178.000,33.000,,41.477,9.912,322.000,353.000,31.000,0.087,51.462,4.026,3.000,False,False,False,,,False
gare,95612,Le Thillay,commune,,4560,ign_chef_lieu,2.470,49.002,27.590,18.314,96.000,103.000,111.000,15.000,,40.723,16.072,323.000,248.000,-75.000,-0.211,-6.585,2.529,3.000,False,False,False,,,False
gare,78029,Aubergenville,commune,,12723,ign_chef_lieu,1.856,48.959,27.714,38.154,117.000,124.000,132.000,15.000,,26.050,13.410,324.000,309.000,-15.000,-0.042,12.201,4.760,2.000,False,False,False,,,False
gare,78120,Bullion,commune,,1916,ign_chef_lieu,1.999,48.621,27.824,36.885,,,,,,41.850,,,,,,,,,False,False,False,,,False
gare,78125,La Celle-les-Bordes,commune,,840,ign_chef_lieu,1.955,48.640,27.867,37.866,,,,,,40.840,,,,,,,,,False,False,False,,,False
gare,95353,Maffliers,commune,,1856,ign_chef_lieu,2.308,49.076,27.911,24.650,119.000,126.000,134.000,15.000,,47.273,13.291,325.000,316.500,-8.500,-0.024,13.592,2.665,2.000,False,False,False,,,False
gare,91021,Arpajon,commune,,11698,ign_chef_lieu,2.248,48.590,27.964,30.594,127.000,135.000,143.000,16.000,,38.947,12.429,326.000,333.500,7.500,0.021,21.586,3.466,3.000,False,False,False,,,False
gare,91114,Brunoy,commune,,25643,ign_chef_lieu,2.504,48.698,28.107,20.863,74.000,81.000,89.000,15.000,,47.367,20.820,327.000,145.000,-182.000,-0.513,-27.240,1.710,2.000,False,False,False,,5.000,False
gare,78036,Autouillet,commune,,665,ign_chef_lieu,1.804,48.850,28.136,40.287,,,,,,31.403,,,,,,,,,False,False,False,,,False
gare,95395,Le Mesnil-Aubry,commune,,914,ign_chef_lieu,2.400,49.051,28.326,21.898,,,,,,44.338,,,,,,,,,False,False,False,,,False
gare,78451,Nézel,commune,,1139,ign_chef_lieu,1.836,48.946,28.363,39.171,122.000,131.000,141.000,19.000,,29.275,12.991,328.000,327.500,-0.500,-0.001,17.123,4.475,3.000,False,False,False,,,False
gare,95633,Vaudherland,commune,,104,ign_chef_lieu,2.487,49.001,28.473,18.838,110.000,117.000,125.000,15.000,,39.812,14.601,329.000,287.500,-41.500,-0.117,4.396,2.939,3.000,False,False,False,,,False
gare,78609,Tessancourt-sur-Aubette,commune,,966,ign_chef_lieu,1.919,49.024,28.474,36.817,,,,,,31.752,,,,,,,,,False,False,False,,,False
gare,93033,Gournay-sur-Marne,commune,,7320,ign_chef_lieu,2.573,48.865,28.497,16.191,83.000,91.000,98.000,15.000,,47.117,18.789,330.000,200.000,-130.000,-0.366,-18.840,1.931,2.000,False,False,False,,,False
gare,91457,La Norville,commune,,4268,ign_chef_lieu,2.259,48.587,28.498,30.770,135.000,146.000,155.000,20.000,,41.068,11.712,331.000,346.500,15.500,0.044,30.211,3.555,3.000,False,False,False,,,False
gare,78299,Hardricourt,commune,,2599,ign_chef_lieu,1.894,49.008,28.528,37.562,92.000,103.000,112.000,20.000,,29.693,16.618,332.000,248.000,-84.000,-0.237,-8.188,3.469,2.000,False,False,False,,,False
gare,78420,Montfort-l'Amaury,commune,,2779,ign_chef_lieu,1.809,48.778,28.542,40.864,,,,,,26.972,,,,,,,,,False,False,False,,,False
gare,94059,Le Plessis-Trévise,commune,,21112,ign_chef_lieu,2.573,48.809,28.553,17.014,88.000,95.000,103.000,15.000,,47.085,18.033,333.000,213.500,-119.500,-0.337,-15.357,2.018,2.000,False,False,False,,,False
gare,78230,La Falaise,commune,,609,ign_chef_lieu,1.832,48.945,28.581,39.417,126.000,135.000,145.000,19.000,,30.092,12.703,334.000,333.500,-0.500,-0.001,20.220,4.486,3.000,False,False,False,,,False
gare,94075,Villecresnes,commune,,11647,ign_chef_lieu,2.533,48.722,28.582,20.000,97.000,105.000,112.000,15.000,,43.693,16.333,335.000,258.000,-77.000,-0.217,-6.497,2.403,3.000,False,False,False,,,False
gare,78084,Boissy-sans-Avoir,commune,,616,ign_chef_lieu,1.798,48.819,28.637,40.944,,,,,,26.772,,,,,,,,,False,False,False,,,False
gare,95628,Valmondois,commune,,1208,ign_chef_lieu,2.190,49.096,28.692,29.206,117.000,124.000,131.000,14.000,,47.415,13.883,336.000,309.000,-27.000,-0.076,10.202,2.615,2.000,False,False,False,,,False
gare,95445,Nerville-la-Forêt,commune,,756,ign_chef_lieu,2.277,49.089,28.693,26.490,,,,,,45.058,,,,,,,,,False,False,False,,,False
gare,78403,Mézy-sur-Seine,commune,,2242,ign_chef_lieu,1.881,49.000,28.695,38.054,107.000,118.000,126.000,19.000,,30.847,14.591,337.000,291.500,-45.500,-0.128,4.865,3.825,2.000,False,False,False,,,False
gare,95170,Condécourt,commune,,564,ign_chef_lieu,1.941,49.040,28.728,36.382,,,,,,34.098,,,,,,,,,False,False,False,,,False
gare,91086,Bondoufle,commune,,10767,ign_chef_lieu,2.380,48.613,28.801,27.114,137.000,144.000,152.000,15.000,,40.507,12.000,338.000,343.000,5.000,0.014,27.728,3.555,3.000,False,False,False,,,False
gare,78616,Thoiry,commune,,1434,ign_chef_lieu,1.795,48.865,28.857,40.886,,,,,,33.377,,,,,,,,,False,False,False,,,False
gare,91207,Égly,commune,,7166,ign_chef_lieu,2.222,48.580,28.863,32.222,134.000,156.000,167.000,33.000,,41.772,11.101,339.000,352.000,13.000,0.037,38.218,3.735,3.000,False,False,False,,,False
gare,91017,Angervilliers,commune,,1772,ign_chef_lieu,2.065,48.592,28.880,36.281,,,,,,45.403,,,,,,,,,False,False,False,,,False
gare,91215,Épinay-sous-Sénart,commune,,11611,ign_chef_lieu,2.515,48.695,28.928,21.565,84.000,91.000,99.000,15.000,,48.662,19.073,340.000,200.000,-140.000,-0.394,-19.467,1.870,2.000,False,False,False,,,False
gare,95078,Boissy-l'Aillerie,commune,,2120,ign_chef_lieu,2.029,49.077,28.934,34.103,96.000,103.000,111.000,15.000,,44.133,16.855,341.000,248.000,-93.000,-0.262,-8.858,2.334,1.000,False,False,False,,,False
gare,91568,Saint-Maurice-Montcouronne,commune,,1543,ign_chef_lieu,2.124,48.581,28.951,34.900,,,,,,43.848,,,,,,,,,False,False,False,,,False
gare,91600,Soisy-sur-Seine,commune,,7418,ign_chef_lieu,2.452,48.646,28.984,24.527,131.000,138.000,146.000,15.000,,43.328,12.602,342.000,338.000,-4.000,-0.011,22.005,3.185,3.000,False,False,False,,,False
gare,94060,La Queue-en-Brie,commune,,12241,ign_chef_lieu,2.575,48.791,29.002,17.886,84.000,91.000,99.000,15.000,,48.972,19.122,343.000,200.000,-143.000,-0.403,-19.574,1.858,2.000,False,False,False,,,False
gare,93047,Montfermeil,commune,,28703,ign_chef_lieu,2.571,48.902,29.067,16.801,80.000,87.000,95.000,15.000,,44.833,20.046,344.000,180.000,-164.000,-0.462,-23.198,1.941,2.000,False,False,False,,8.000,False
gare,78262,Galluis,commune,,1298,ign_chef_lieu,1.796,48.796,29.068,41.412,,,,,,26.432,,,,,,,,,False,False,False,,,False
gare,93078,Villepinte,commune,,41470,ign_chef_lieu,2.535,48.964,29.090,17.917,91.000,98.000,106.000,15.000,,41.487,17.810,345.000,227.000,-118.000,-0.332,-13.522,2.362,3.000,False,False,False,,,False
gare,95271,Génicourt,commune,,514,ign_chef_lieu,2.066,49.088,29.096,33.190,120.000,131.000,146.000,26.000,,42.740,13.327,346.000,327.500,-18.500,-0.052,15.584,3.065,2.000,False,False,False,,,False
gare,95535,Sagy,commune,,1096,ign_chef_lieu,1.952,49.050,29.131,36.391,,,,,,35.935,,,,,,,,,False,False,False,,,False
gare,94048,Marolles-en-Brie,commune,,4781,ign_chef_lieu,2.550,48.733,29.180,20.000,112.000,118.000,128.000,16.000,,45.617,14.837,347.000,291.500,-55.500,-0.156,3.959,2.587,3.000,False,False,False,,,False
gare,78486,Le Perray-en-Yvelines,commune,,6480,ign_chef_lieu,1.855,48.695,29.180,40.787,70.000,78.000,85.000,15.000,,33.237,22.447,348.000,124.000,-224.000,-0.631,-31.282,2.347,1.000,False,False,False,,1.000,False
gare,95660,Villaines-sous-Bois,commune,,778,ign_chef_lieu,2.357,49.077,29.329,24.532,116.000,127.000,138.000,22.000,,47.338,13.856,349.000,319.500,-29.500,-0.083,11.594,2.683,2.000,False,False,False,,,False
gare,95341,Livilliers,commune,,389,ign_chef_lieu,2.095,49.095,29.349,32.576,,,,,,44.355,,,,,,,,,False,False,False,,,False
gare,95308,Hérouville-en-Vexin,commune,,584,ign_chef_lieu,2.131,49.101,29.504,31.683,,,,,,45.452,,,,,,,,,False,False,False,,,False
gare,78655,Vieille-Église-en-Yvelines,commune,,652,ign_chef_lieu,1.875,48.670,29.549,40.732,,,,,,36.688,,,,,,,,,False,False,False,,,False
gare,95181,Courcelles-sur-Viosne,commune,,310,ign_chef_lieu,2.003,49.077,29.761,35.449,,,,,,43.567,,,,,,,,,False,False,False,,,False
gare,93074,Vaujours,commune,,8007,ign_chef_lieu,2.567,48.932,29.807,17.861,96.000,103.000,111.000,15.000,,41.752,17.363,350.000,248.000,-102.000,-0.287,-10.249,2.467,2.000,False,False,False,,,False
gare,78261,Gaillon-sur-Montcient,commune,,689,ign_chef_lieu,1.892,49.024,29.875,38.550,160.000,,,,,30.615,,,,,,,,,False,False,False,,,False
gare,93015,Coubron,commune,,5175,ign_chef_lieu,2.577,48.916,29.898,17.733,83.000,91.000,98.000,15.000,,43.537,19.713,351.000,200.000,-151.000,-0.425,-20.831,2.090,2.000,False,False,False,,10.000,False
gare,77108,Chelles,commune,,54620,ign_chef_lieu,2.590,48.878,29.935,17.593,72.000,79.000,87.000,15.000,,49.245,22.735,352.000,131.500,-220.500,-0.621,-31.315,1.604,2.000,False,False,False,,2.000,False
gare,95422,Montgeroult,commune,,361,ign_chef_lieu,2.007,49.081,29.980,35.515,111.000,118.000,126.000,15.000,,44.983,15.244,353.000,291.500,-61.500,-0.173,2.513,2.623,1.000,False,False,False,,,False
gare,95682,Villiers-le-Sec,commune,,205,ign_chef_lieu,2.390,49.072,30.002,24.189,,,,,,47.280,,,,,,,,,False,False,False,,,False
gare,95280,Goussainville,commune,,31301,ign_chef_lieu,2.473,49.032,30.112,21.474,93.000,100.000,108.000,15.000,,46.538,18.067,354.000,237.500,-116.500,-0.328,-13.321,2.149,2.000,False,False,False,,,False
gare,95313,L'Isle-Adam,commune,,12493,ign_chef_lieu,2.218,49.112,30.557,30.126,119.000,126.000,133.000,14.000,,46.240,14.551,355.000,316.500,-38.500,-0.108,8.388,2.725,2.000,False,False,False,,,False
