origin_id,unit_id,name,level,parent_id,population,point_source,lon,lat,dist_km,dist_km_core,travel_time_p25,t_tc,travel_time_p75,t_tc_spread,walk_time,car_time,v_eff_kmh,rank_dist,rank_time,paradox_index,paradox_norm,time_excess_pct,ratio_tc_car,transfers,transfers_censored,walk_only,dead_zone,top_nah_fern,top_fern_nah,is_origin_commune
centre,92033,Garches,commune,,17743,ign_chef_lieu,2.188,48.844,0.000,12.175,0.000,0.000,0.000,0.000,0.000,0.000,,,,,,,,0.000,False,True,False,,,True
centre,92047,Marnes-la-Coquette,commune,,1752,ign_chef_lieu,2.178,48.830,1.666,13.169,24.000,26.000,26.000,2.000,26.000,6.340,3.845,1.000,3.000,2.000,0.005,2.299,4.101,0.000,False,True,False,,,False
centre,92077,Ville-d'Avray,commune,,11089,ign_chef_lieu,2.190,48.828,1.690,12.361,33.000,35.000,39.000,6.000,35.000,7.352,2.898,2.000,7.000,5.000,0.013,36.733,4.761,0.000,False,True,False,,,False
centre,92076,Vaucresson,commune,,8432,ign_chef_lieu,2.158,48.839,2.233,14.401,22.000,24.000,28.000,6.000,34.000,4.690,5.584,3.000,2.000,-1.000,-0.003,-18.238,5.117,0.000,False,False,False,,,False
centre,92064,Saint-Cloud,commune,,29855,ign_chef_lieu,2.219,48.844,2.301,9.890,21.000,23.000,25.000,4.000,34.000,6.492,6.003,4.000,1.000,-3.000,-0.008,-22.788,3.543,0.000,False,False,False,,,False
centre,92072,Sèvres,commune,,22303,ign_chef_lieu,2.213,48.825,2.777,10.853,39.000,41.000,44.000,5.000,49.000,10.847,4.064,5.000,13.000,8.000,0.022,25.490,3.780,2.000,False,False,False,,,False
centre,92022,Chaville,commune,,20594,ign_chef_lieu,2.188,48.810,3.734,13.115,33.000,38.000,41.000,8.000,68.000,14.970,5.895,6.000,8.000,2.000,0.005,0.568,2.538,1.000,False,False,False,,,False
centre,78126,La Celle-Saint-Cloud,commune,,20460,ign_chef_lieu,2.136,48.848,3.820,15.897,30.000,33.000,36.000,6.000,57.000,9.535,6.945,7.000,5.500,-1.500,-0.004,-13.640,3.461,0.000,False,False,False,,,False
centre,92063,Rueil-Malmaison,commune,,82874,ign_chef_lieu,2.181,48.878,3.857,12.835,50.000,52.000,54.000,4.000,64.000,10.962,4.450,8.000,36.000,28.000,0.075,35.440,4.744,1.000,False,False,False,,,False
centre,92012,Boulogne-Billancourt,commune,,119019,ign_chef_lieu,2.241,48.836,3.967,8.524,42.000,44.000,48.000,6.000,60.000,9.915,5.409,9.000,15.000,6.000,0.016,13.034,4.438,1.000,False,False,False,,,False
centre,78092,Bougival,commune,,9134,ign_chef_lieu,2.140,48.861,4.006,15.612,37.000,40.000,43.000,6.000,64.000,12.343,6.010,10.000,12.000,2.000,0.005,2.255,3.241,0.000,False,False,False,,,False
centre,92073,Suresnes,commune,,48956,ign_chef_lieu,2.225,48.871,4.112,9.487,30.000,32.000,36.000,6.000,61.000,8.897,7.711,11.000,4.000,-7.000,-0.019,-19.239,3.597,1.000,False,False,False,,,False
centre,78158,Le Chesnay-Rocquencourt,commune,,30689,ign_chef_lieu,2.125,48.826,4.962,17.006,35.000,39.000,42.000,7.000,78.000,9.432,7.633,12.000,10.000,-2.000,-0.005,-10.247,4.135,1.000,False,False,False,,,False
centre,78686,Viroflay,commune,,17237,ign_chef_lieu,2.173,48.800,4.992,14.594,41.000,46.000,53.000,12.000,82.000,17.177,6.511,13.000,18.500,5.500,0.015,5.546,2.678,2.000,False,False,False,,,False
centre,92048,Meudon,commune,,46334,ign_chef_lieu,2.239,48.813,5.042,9.653,48.000,50.000,52.000,4.000,82.000,15.690,6.050,14.000,27.500,13.500,0.036,14.165,3.187,1.000,False,False,False,,,False
centre,78190,Croissy-sur-Seine,commune,,11013,ign_chef_lieu,2.148,48.881,5.054,15.263,52.000,54.000,57.000,5.000,100.000,16.795,5.616,15.000,45.500,30.500,0.082,23.150,3.215,1.000,False,False,False,,,False
centre,92050,Nanterre,commune,,97783,ign_chef_lieu,2.207,48.892,5.577,11.372,49.000,51.000,54.000,5.000,89.000,15.410,6.561,16.000,31.500,15.500,0.042,10.820,3.310,1.000,False,False,False,,,False
centre,78146,Chatou,commune,,30598,ign_chef_lieu,2.158,48.890,5.612,14.779,49.000,52.000,54.000,5.000,96.000,15.258,6.475,17.000,36.000,19.000,0.051,12.643,3.408,1.000,False,False,False,,,False
centre,92062,Puteaux,commune,,44002,ign_chef_lieu,2.238,48.884,5.828,8.936,31.000,33.000,36.000,5.000,86.000,13.647,10.597,18.000,5.500,-12.500,-0.034,-29.831,2.418,0.000,False,False,False,,,False
centre,78350,Louveciennes,commune,,7990,ign_chef_lieu,2.113,48.862,5.886,17.620,36.000,39.000,42.000,6.000,89.000,11.680,9.056,19.000,10.000,-9.000,-0.024,-17.476,3.339,1.000,False,False,False,,,False
centre,78646,Versailles,commune,,84095,ign_chef_lieu,2.130,48.801,6.330,17.444,48.000,50.000,52.000,4.000,99.000,12.352,7.596,20.000,27.500,7.500,0.020,2.088,4.048,2.000,False,False,False,,,False
centre,92040,Issy-les-Moulineaux,commune,,67669,ign_chef_lieu,2.274,48.825,6.663,6.776,50.000,52.000,55.000,5.000,99.000,16.033,7.688,21.000,36.000,15.000,0.040,3.533,3.243,2.000,False,False,False,,,False
centre,78640,Vélizy-Villacoublay,commune,,23011,ign_chef_lieu,2.191,48.783,6.763,14.434,50.000,55.000,61.000,11.000,113.000,19.100,7.378,22.000,51.500,29.500,0.080,8.707,2.880,2.000,False,False,False,,,False
centre,78502,Le Port-Marly,commune,,5559,ign_chef_lieu,2.112,48.878,6.794,17.836,49.000,52.000,54.000,5.000,108.000,17.037,7.840,23.000,36.000,13.000,0.035,2.542,3.052,0.000,False,False,False,,,False
centre,78650,Le Vésinet,commune,,15554,ign_chef_lieu,2.135,48.895,6.879,16.525,53.000,56.000,58.000,5.000,,18.282,7.370,24.000,56.000,32.000,0.086,9.760,3.063,1.000,False,False,False,,,False
centre,75116,Paris 16e Arrondissement,district,75056,159386,ign_chef_lieu_arrondissement,2.277,48.864,6.889,5.633,45.000,47.000,50.000,5.000,107.000,16.780,8.794,25.000,21.500,-3.500,-0.009,-7.944,2.801,3.000,False,False,False,,,False
centre,78124,Carrières-sur-Seine,commune,,14791,ign_chef_lieu,2.176,48.906,7.004,14.048,56.000,59.000,64.000,8.000,,22.765,7.123,26.000,62.000,36.000,0.097,14.622,2.592,2.000,False,False,False,,,False
centre,78372,Marly-le-Roi,commune,,16756,ign_chef_lieu,2.097,48.868,7.199,18.789,36.000,39.000,41.000,5.000,110.000,14.270,11.076,27.000,10.000,-17.000,-0.046,-25.250,2.733,0.000,False,False,False,,,False
centre,92023,Clamart,commune,,58576,ign_chef_lieu,2.263,48.801,7.287,9.044,62.000,65.000,67.000,5.000,117.000,21.622,6.727,28.000,81.500,53.500,0.144,23.841,3.006,2.000,False,False,True,,,False
centre,92051,Neuilly-sur-Seine,commune,,59538,ign_chef_lieu,2.270,48.885,7.566,6.847,43.000,45.000,48.000,5.000,116.000,16.155,10.088,29.000,16.500,-12.500,-0.034,-15.831,2.786,1.000,False,False,False,,,False
centre,92026,Courbevoie,commune,,82902,ign_chef_lieu,2.256,48.895,7.620,8.332,40.000,43.000,45.000,5.000,113.000,15.502,10.632,30.000,14.000,-16.000,-0.043,-19.850,2.774,0.000,False,False,False,,,False
centre,78418,Montesson,commune,,14549,ign_chef_lieu,2.150,48.909,7.757,15.966,61.000,63.000,67.000,6.000,,22.607,7.387,31.000,74.500,43.500,0.117,16.404,2.787,2.000,False,False,True,,,False
centre,92075,Vanves,commune,,28622,ign_chef_lieu,2.289,48.821,7.864,6.048,57.000,59.000,62.000,5.000,116.000,18.437,7.998,32.000,62.000,30.000,0.081,8.277,3.200,2.000,False,False,False,,,False
centre,78043,Bailly,commune,,3731,ign_chef_lieu,2.079,48.840,8.004,20.169,47.000,51.000,53.000,6.000,,12.590,9.416,33.000,31.500,-1.500,-0.004,-7.210,4.051,1.000,False,False,False,,,False
centre,75115,Paris 15e Arrondissement,district,75056,229713,ign_chef_lieu_arrondissement,2.300,48.841,8.268,4.177,54.000,56.000,59.000,5.000,,21.285,8.858,34.000,56.000,22.000,0.059,0.276,2.631,2.000,False,False,False,,,False
centre,92035,La Garenne-Colombes,commune,,30197,ign_chef_lieu,2.247,48.907,8.269,9.590,45.000,47.000,50.000,5.000,,17.825,10.556,35.000,21.500,-13.500,-0.036,-15.846,2.637,0.000,False,False,False,,,False
centre,78481,Le Pecq,commune,,16059,ign_chef_lieu,2.106,48.897,8.463,18.628,58.000,60.000,62.000,4.000,,19.680,8.463,36.000,66.500,30.500,0.082,6.211,3.049,2.000,False,False,False,,,False
centre,92046,Malakoff,commune,,30557,ign_chef_lieu,2.302,48.821,8.732,5.440,63.000,65.000,68.000,5.000,,19.307,8.060,37.000,81.500,44.500,0.120,13.311,3.367,2.000,False,False,False,,,False
centre,92060,Le Plessis-Robinson,commune,,28848,ign_chef_lieu,2.262,48.782,8.751,10.588,75.000,78.000,81.000,6.000,,20.603,6.731,38.000,157.500,119.500,0.322,35.827,3.786,2.000,False,False,False,10.000,,False
centre,78311,Houilles,commune,,33983,ign_chef_lieu,2.187,48.923,8.857,14.259,44.000,46.000,50.000,6.000,,26.035,11.553,39.000,18.500,-20.500,-0.055,-20.371,1.767,1.000,False,False,False,,,False
centre,78322,Jouy-en-Josas,commune,,7981,ign_chef_lieu,2.169,48.765,8.875,16.922,57.000,60.000,64.000,7.000,,19.678,8.875,40.000,66.500,26.500,0.071,3.760,3.049,2.000,False,False,False,,,False
centre,92020,Châtillon,commune,,36705,ign_chef_lieu,2.290,48.800,8.945,7.810,75.000,77.000,80.000,5.000,,22.637,6.970,41.000,151.000,110.000,0.296,32.651,3.402,4.000,True,False,False,,,False
centre,78117,Buc,commune,,5816,ign_chef_lieu,2.126,48.774,8.957,18.992,66.000,71.000,75.000,9.000,,20.285,7.570,42.000,111.500,69.500,0.187,22.229,3.500,2.000,False,False,False,,,False
centre,78224,L'Étang-la-Ville,commune,,5157,ign_chef_lieu,2.073,48.871,8.991,20.599,42.000,45.000,48.000,6.000,,20.692,11.989,43.000,16.500,-26.500,-0.071,-22.676,2.175,0.000,False,False,False,,,False
centre,78455,Noisy-le-Roi,commune,,7713,ign_chef_lieu,2.064,48.844,9.047,21.184,45.000,49.000,52.000,7.000,,15.310,11.078,44.000,24.500,-19.500,-0.053,-16.056,3.201,1.000,False,False,False,,,False
centre,92044,Levallois-Perret,commune,,68092,ign_chef_lieu,2.288,48.893,9.151,6.243,50.000,53.000,56.000,6.000,,19.363,10.359,45.000,40.500,-4.500,-0.012,-9.711,2.737,1.000,False,False,False,,,False
centre,78367,Mareil-Marly,commune,,4141,ign_chef_lieu,2.077,48.882,9.187,20.408,51.000,54.000,56.000,5.000,,22.832,10.207,46.000,45.500,-0.500,-0.001,-8.185,2.365,1.000,False,False,False,,,False
centre,78551,Saint-Germain-en-Laye,commune,,45931,ign_chef_lieu,2.094,48.899,9.244,19.555,51.000,54.000,58.000,7.000,,22.088,10.271,47.000,45.500,-1.500,-0.004,-8.466,2.445,1.000,False,False,False,,,False
centre,92032,Fontenay-aux-Roses,commune,,24070,ign_chef_lieu,2.287,48.791,9.299,8.717,78.000,81.000,84.000,6.000,,24.925,6.888,48.000,178.000,130.000,0.350,36.903,3.250,3.000,False,False,False,8.000,,False
centre,78343,Les Loges-en-Josas,commune,,1645,ign_chef_lieu,2.140,48.764,9.475,18.643,64.000,68.000,72.000,8.000,,21.607,8.360,49.000,91.500,42.500,0.115,13.874,3.147,2.000,False,False,False,,,False
centre,95063,Bezons,commune,,36434,ign_chef_lieu,2.216,48.928,9.606,12.772,52.000,54.000,57.000,5.000,,20.948,10.674,50.000,45.500,-4.500,-0.012,-10.179,2.578,1.000,False,False,False,,,False
centre,92009,Bois-Colombes,commune,,28909,ign_chef_lieu,2.268,48.914,9.818,8.946,48.000,51.000,53.000,5.000,,20.505,11.551,51.000,31.500,-19.500,-0.053,-16.073,2.487,0.000,False,False,False,,,False
centre,92007,Bagneux,commune,,44572,ign_chef_lieu,2.304,48.799,9.850,7.267,71.000,74.000,78.000,7.000,,25.098,7.986,52.000,125.000,73.000,0.197,21.585,2.948,4.000,True,False,False,,,False
centre,75107,Paris 7e Arrondissement,district,75056,48015,ign_chef_lieu_arrondissement,2.320,48.857,9.860,2.354,52.000,55.000,58.000,6.000,,26.068,10.756,53.000,51.500,-1.500,-0.004,-9.679,2.110,2.000,False,False,False,,,False
centre,92025,Colombes,commune,,91053,ign_chef_lieu,2.254,48.923,10.052,10.285,52.000,55.000,58.000,6.000,,21.555,10.966,54.000,51.500,-2.500,-0.007,-10.533,2.552,2.000,False,False,False,,,False
centre,78545,Saint-Cyr-l'École,commune,,21268,ign_chef_lieu,2.067,48.800,10.116,21.884,52.000,56.000,60.000,8.000,,16.862,10.839,55.000,56.000,1.000,0.003,-9.189,3.321,1.000,False,False,False,,,False
centre,92049,Montrouge,commune,,46324,ign_chef_lieu,2.320,48.819,10.128,4.797,58.000,60.000,63.000,5.000,,21.012,10.128,56.000,66.500,10.500,0.028,-2.761,2.856,3.000,False,False,False,,,False
centre,91064,Bièvres,commune,,4686,ign_chef_lieu,2.215,48.754,10.136,15.191,66.000,69.000,73.000,7.000,,20.482,8.814,57.000,99.500,42.500,0.115,11.786,3.369,2.000,False,False,False,,,False
centre,75108,Paris 8e Arrondissement,district,75056,35317,ign_chef_lieu_arrondissement,2.318,48.878,10.251,3.475,47.000,49.000,52.000,5.000,,23.205,12.552,58.000,24.500,-33.500,-0.090,-21.056,2.112,0.000,False,False,False,,,False
centre,92071,Sceaux,commune,,20884,ign_chef_lieu,2.288,48.780,10.258,9.750,78.000,81.000,84.000,6.000,,24.737,7.598,59.000,178.000,119.000,0.321,30.458,3.274,3.000,False,False,False,,,False
centre,75114,Paris 14e Arrondissement,district,75056,136455,ign_chef_lieu_arrondissement,2.327,48.833,10.282,3.201,56.000,59.000,62.000,6.000,,24.068,10.456,60.000,62.000,2.000,0.005,-5.085,2.451,2.000,False,False,False,,,False
centre,92004,Asnières-sur-Seine,commune,,93941,ign_chef_lieu,2.289,48.911,10.531,7.635,50.000,53.000,55.000,5.000,,19.130,11.922,61.000,40.500,-20.500,-0.055,-15.735,2.771,1.000,False,False,False,,,False
centre,78396,Le Mesnil-le-Roi,commune,,6332,ign_chef_lieu,2.122,48.928,10.539,18.651,64.000,68.000,74.000,10.000,,25.793,9.299,62.000,91.500,29.500,0.080,8.075,2.636,2.000,False,False,False,,,False
centre,75106,Paris 6e Arrondissement,district,75056,40389,ign_chef_lieu_arrondissement,2.332,48.851,10.638,1.616,52.000,54.000,57.000,5.000,,28.293,11.820,63.000,45.500,-17.500,-0.047,-14.572,1.909,3.000,False,False,False,,,False
centre,78518,Rennemoulin,commune,,116,ign_chef_lieu,2.043,48.832,10.737,22.913,64.000,72.000,79.000,15.000,,16.383,8.948,64.000,116.000,52.000,0.140,13.386,4.395,2.000,False,False,False,,,False
centre,92019,Châtenay-Malabry,commune,,35825,ign_chef_lieu,2.278,48.767,10.742,11.320,83.000,86.000,89.000,6.000,,21.985,7.494,65.000,206.000,141.000,0.380,35.406,3.912,3.000,False,False,False,6.000,,False
centre,92024,Clichy,commune,,64410,ign_chef_lieu,2.305,48.903,10.832,6.232,53.000,55.000,58.000,5.000,,20.282,11.817,66.000,51.500,-14.500,-0.039,-13.760,2.712,2.000,False,False,False,,,False
centre,75117,Paris 17e Arrondissement,district,75056,159212,ign_chef_lieu_arrondissement,2.322,48.885,10.864,3.852,48.000,50.000,52.000,4.000,,24.748,13.037,67.000,27.500,-39.500,-0.106,-21.713,2.020,2.000,False,False,False,,,False
centre,78242,Fontenay-le-Fleury,commune,,13680,ign_chef_lieu,2.046,48.811,11.045,23.086,63.000,67.000,71.000,8.000,,18.693,9.891,68.000,88.000,20.000,0.054,4.060,3.584,2.000,False,False,False,,,False
centre,78586,Sartrouville,commune,,52763,ign_chef_lieu,2.158,48.941,11.064,17.073,48.000,50.000,53.000,5.000,,28.423,13.276,69.000,27.500,-41.500,-0.112,-22.409,1.759,1.000,False,False,False,,,False
centre,75105,Paris 5e Arrondissement,district,75056,55252,ign_chef_lieu_arrondissement,2.344,48.846,11.500,1.300,50.000,53.000,56.000,6.000,,29.603,13.019,70.000,40.500,-29.500,-0.080,-19.304,1.790,2.000,False,False,False,,,False
centre,91312,Igny,commune,,10833,ign_chef_lieu,2.226,48.742,11.618,15.746,73.000,77.000,81.000,8.000,,20.963,9.053,71.000,151.000,80.000,0.216,16.652,3.673,2.000,False,False,False,,,False
centre,94003,Arcueil,commune,,22200,ign_chef_lieu,2.335,48.804,11.648,5.922,62.000,64.000,67.000,5.000,,26.632,10.920,72.000,77.500,5.500,0.015,-3.163,2.403,2.000,False,False,False,,,False
centre,75109,Paris 9e Arrondissement,district,75056,57271,ign_chef_lieu_arrondissement,2.341,48.872,11.723,1.965,45.000,47.000,50.000,5.000,,28.158,14.965,73.000,21.500,-51.500,-0.139,-29.110,1.669,2.000,False,False,False,,,False
centre,78297,Guyancourt,commune,,29778,ign_chef_lieu,2.070,48.771,11.827,22.806,69.000,72.000,76.000,7.000,,18.740,9.855,74.000,116.000,42.000,0.113,8.129,3.842,3.000,False,False,False,,,False
centre,78358,Maisons-Laffitte,commune,,23093,ign_chef_lieu,2.145,48.946,11.833,18.204,45.000,47.000,50.000,5.000,,31.487,15.106,75.000,21.500,-53.500,-0.144,-29.434,1.493,1.000,False,False,False,,,False
centre,92014,Bourg-la-Reine,commune,,21019,ign_chef_lieu,2.316,48.779,11.840,9.025,65.000,68.000,71.000,6.000,,25.667,10.447,76.000,91.500,15.500,0.042,2.065,2.649,2.000,False,False,False,,,False
centre,92036,Gennevilliers,commune,,50979,ign_chef_lieu,2.293,48.925,11.959,8.823,63.000,65.000,68.000,5.000,,21.908,11.039,77.000,81.500,4.500,0.012,-2.916,2.967,3.000,False,False,False,,,False
centre,94016,Cachan,commune,,31103,ign_chef_lieu,2.334,48.795,12.047,7.005,66.000,69.000,73.000,7.000,,27.133,10.476,78.000,99.500,21.500,0.058,2.687,2.543,3.000,False,False,False,,,False
centre,78620,Toussus-le-Noble,commune,,1172,ign_chef_lieu,2.114,48.746,12.125,21.378,75.000,79.000,85.000,10.000,,24.867,9.209,79.000,164.000,85.000,0.229,17.198,3.177,2.000,False,False,False,,,False
centre,94037,Gentilly,commune,,19963,ign_chef_lieu,2.348,48.816,12.174,4.547,62.000,64.000,67.000,5.000,,23.648,11.413,80.000,77.500,-2.500,-0.007,-5.244,2.706,2.000,False,False,False,,,False
centre,91635,Vauhallan,commune,,1945,ign_chef_lieu,2.207,48.734,12.250,17.276,91.000,96.000,101.000,10.000,,23.373,7.656,81.000,270.500,189.500,0.511,41.699,4.107,3.000,False,False,False,2.000,,False
centre,91645,Verrières-le-Buisson,commune,,15057,ign_chef_lieu,2.267,48.746,12.292,13.745,87.000,90.000,94.000,7.000,,24.780,8.195,82.000,231.500,149.500,0.403,32.619,3.632,3.000,False,False,False,4.000,,False
centre,78571,Saint-Nom-la-Bretèche,commune,,4965,ign_chef_lieu,2.021,48.860,12.345,24.303,70.000,76.000,82.000,12.000,,18.480,9.746,83.000,143.000,60.000,0.162,11.754,4.113,2.000,False,False,False,,,False
centre,75113,Paris 13e Arrondissement,district,75056,181271,ign_chef_lieu_arrondissement,2.356,48.833,12.378,2.656,59.000,61.000,64.000,5.000,,29.978,12.175,84.000,70.000,-14.000,-0.038,-10.420,2.035,2.000,False,False,False,,,False
centre,78073,Bois-d'Arcy,commune,,16586,ign_chef_lieu,2.031,48.801,12.429,24.381,65.000,70.000,74.000,9.000,,14.977,10.653,85.000,107.500,22.500,0.061,2.590,4.674,2.000,False,False,False,,,False
centre,95018,Argenteuil,commune,,106130,ign_chef_lieu,2.249,48.948,12.434,12.694,66.000,69.000,72.000,6.000,,25.648,10.812,86.000,99.500,13.500,0.036,1.103,2.690,2.000,False,False,False,,,False
centre,91534,Saclay,commune,,4437,ign_chef_lieu,2.172,48.731,12.566,19.220,82.000,87.000,92.000,10.000,,24.502,8.666,87.000,216.000,129.000,0.348,26.819,3.551,3.000,False,False,False,9.000,,False
centre,75118,Paris 18e Arrondissement,district,75056,183127,ign_chef_lieu_arrondissement,2.344,48.892,12.699,4.011,51.000,54.000,56.000,5.000,,27.548,14.110,88.000,45.500,-42.500,-0.115,-21.691,1.960,2.000,False,False,False,,,False
centre,92002,Antony,commune,,64263,ign_chef_lieu,2.296,48.754,12.752,12.157,73.000,76.000,79.000,6.000,,25.382,10.067,89.000,143.000,54.000,0.146,9.987,2.994,2.000,False,False,False,,,False
centre,75110,Paris 10e Arrondissement,district,75056,83873,ign_chef_lieu_arrondissement,2.358,48.872,12.865,1.758,50.000,52.000,55.000,5.000,,32.170,14.845,90.000,36.000,-54.000,-0.146,-25.072,1.616,2.000,False,False,False,,,False
centre,78133,Chambourcy,commune,,5847,ign_chef_lieu,2.040,48.906,12.885,23.586,72.000,74.000,77.000,5.000,,21.605,10.447,91.000,125.000,34.000,0.092,6.548,3.425,2.000,False,False,False,,,False
centre,94043,Le Kremlin-Bicêtre,commune,,24110,ign_chef_lieu,2.357,48.812,12.894,4.911,66.000,68.000,70.000,4.000,,24.892,11.377,92.000,91.500,-0.500,-0.001,-2.125,2.732,2.000,False,False,False,,,False
centre,75100,Paris Centre,district,75056,94472,ign_chef_lieu_arrondissement,2.362,48.864,12.964,1.072,53.000,55.000,58.000,5.000,,31.575,14.143,93.000,51.500,-41.500,-0.112,-21.046,1.742,2.000,False,False,False,,,False
centre,94038,L'Haÿ-les-Roses,commune,,31188,ign_chef_lieu,2.337,48.779,13.113,8.651,78.000,81.000,84.000,6.000,,28.135,9.713,94.000,178.000,84.000,0.226,15.626,2.879,2.000,False,False,False,,,False
centre,93070,Saint-Ouen-sur-Seine,commune,,53615,ign_chef_lieu,2.334,48.912,13.159,6.288,50.000,53.000,56.000,6.000,,23.693,14.897,95.000,40.500,-54.500,-0.147,-24.473,2.237,3.000,False,False,False,,,False
centre,78674,Villepreux,commune,,11931,ign_chef_lieu,2.005,48.830,13.486,25.662,68.000,79.000,89.000,21.000,,21.540,10.243,96.000,164.000,68.000,0.183,11.226,3.668,2.000,False,False,False,,,False
centre,78143,Châteaufort,commune,,1564,ign_chef_lieu,2.092,48.737,13.744,23.265,78.000,82.000,88.000,10.000,,25.450,10.057,97.000,184.500,87.500,0.236,14.380,3.222,2.000,False,False,False,,,False
centre,78423,Montigny-le-Bretonneux,commune,,32465,ign_chef_lieu,2.038,48.770,13.760,25.063,72.000,75.000,79.000,7.000,,19.892,11.008,98.000,133.500,35.500,0.096,4.557,3.770,2.000,False,False,False,,,False
centre,78688,Voisins-le-Bretonneux,commune,,10624,ign_chef_lieu,2.051,48.759,13.762,24.645,77.000,80.000,84.000,7.000,,21.183,10.322,99.000,171.000,72.000,0.194,11.518,3.777,3.000,False,False,False,,,False
centre,91679,Villiers-le-Bâcle,commune,,1031,ign_chef_lieu,2.126,48.726,13.897,22.132,89.000,94.000,99.000,10.000,,26.018,8.870,100.000,261.500,161.500,0.435,30.411,3.613,2.000,False,False,False,3.000,,False
centre,94034,Fresnes,commune,,29528,ign_chef_lieu,2.322,48.755,13.931,11.487,83.000,85.000,89.000,6.000,,24.158,9.834,101.000,198.000,97.000,0.261,17.780,3.518,3.000,False,False,False,,,False
centre,91377,Massy,commune,,51729,ign_chef_lieu,2.271,48.731,13.947,15.173,82.000,85.000,88.000,6.000,,28.305,9.845,102.000,198.000,96.000,0.259,17.716,3.003,2.000,False,False,False,,,False
centre,78007,Aigremont,commune,,1075,ign_chef_lieu,2.018,48.902,14.066,25.067,90.000,92.000,95.000,5.000,,20.967,9.174,103.000,251.500,148.500,0.400,26.876,4.388,2.000,False,False,False,5.000,,False
centre,94076,Villejuif,commune,,60183,ign_chef_lieu,2.363,48.792,14.104,7.213,74.000,77.000,79.000,5.000,,30.127,10.990,104.000,151.000,47.000,0.127,6.051,2.556,2.000,False,False,False,,,False
centre,78498,Poissy,commune,,40983,ign_chef_lieu,2.043,48.927,14.143,24.049,65.000,69.000,72.000,7.000,,24.697,12.299,105.000,99.500,-5.500,-0.015,-5.098,2.794,2.000,False,False,False,,,False
centre,75111,Paris 11e Arrondissement,district,75056,138170,ign_chef_lieu_arrondissement,2.379,48.859,14.159,1.984,53.000,55.000,58.000,5.000,,35.920,15.446,106.000,51.500,-54.500,-0.147,-24.394,1.531,2.000,False,False,False,,,False
centre,94021,Chevilly-Larue,commune,,19826,ign_chef_lieu,2.347,48.771,14.200,9.467,73.000,75.000,78.000,5.000,,28.730,11.360,107.000,133.500,26.500,0.071,2.953,2.611,2.000,False,False,False,,,False
centre,95257,La Frette-sur-Seine,commune,,4570,ign_chef_lieu,2.178,48.974,14.515,18.267,80.000,83.000,86.000,6.000,,30.285,10.493,108.000,188.000,80.000,0.216,12.713,2.741,2.000,False,False,False,,,False
centre,91538,Saint-Aubin,commune,,661,ign_chef_lieu,2.140,48.715,14.692,22.132,87.000,91.000,96.000,9.000,,26.030,9.687,109.000,241.000,132.000,0.356,22.842,3.496,4.000,True,False,False,7.000,,False
centre,75112,Paris 12e Arrondissement,district,75056,138024,ign_chef_lieu_arrondissement,2.388,48.841,14.721,3.142,56.000,58.000,61.000,5.000,,34.650,15.228,110.000,59.500,-50.500,-0.136,-21.780,1.674,2.000,False,False,False,,,False
centre,95176,Cormeilles-en-Parisis,commune,,27292,ign_chef_lieu,2.199,48.976,14.762,17.405,77.000,80.000,84.000,7.000,,30.167,11.072,111.000,171.000,60.000,0.162,7.740,2.652,2.000,False,False,False,,,False
centre,92078,Villeneuve-la-Garenne,commune,,26021,ign_chef_lieu,2.333,48.936,14.809,8.957,64.000,67.000,69.000,5.000,,23.537,13.262,112.000,88.000,-24.000,-0.065,-9.908,2.847,3.000,False,False,False,,,False
centre,78152,Chavenay,commune,,1723,ign_chef_lieu,1.986,48.854,14.821,26.866,134.000,156.000,179.000,45.000,,21.153,5.700,113.000,371.000,258.000,0.695,109.682,7.375,3.000,False,False,False,1.000,,False
centre,75119,Paris 19e Arrondissement,district,75056,178691,ign_chef_lieu_arrondissement,2.382,48.883,14.908,3.660,55.000,57.000,60.000,5.000,,34.905,15.692,114.000,58.000,-56.000,-0.151,-23.604,1.633,2.000,False,False,False,,,False
centre,91477,Palaiseau,commune,,37471,ign_chef_lieu,2.246,48.715,14.969,17.616,81.000,86.000,90.000,9.000,,25.592,10.443,115.000,206.000,91.000,0.245,15.033,3.360,3.000,False,False,False,,,False
centre,78165,Les Clayes-sous-Bois,commune,,16804,ign_chef_lieu,1.986,48.821,14.992,27.160,71.000,76.000,82.000,11.000,,23.290,11.836,116.000,143.000,27.000,0.073,1.579,3.263,2.000,False,False,False,,,False
centre,94041,Ivry-sur-Seine,commune,,65064,ign_chef_lieu,2.388,48.812,15.082,5.567,65.000,69.000,73.000,8.000,,30.155,13.115,117.000,99.500,-17.500,-0.047,-8.048,2.288,3.000,False,False,False,,,False
centre,95582,Sannois,commune,,26924,ign_chef_lieu,2.256,48.972,15.114,14.631,66.000,69.000,71.000,5.000,,29.387,13.143,118.000,99.500,-18.500,-0.050,-8.144,2.348,2.000,False,False,False,,,False
centre,93031,Épinay-sur-Seine,commune,,52833,ign_chef_lieu,2.313,48.952,15.135,10.964,68.000,71.000,74.000,6.000,,28.025,12.790,119.000,111.500,-7.500,-0.020,-5.546,2.533,2.000,False,False,False,,,False
centre,93039,L'Île-Saint-Denis,commune,,8696,ign_chef_lieu,2.341,48.936,15.178,8.853,60.000,62.000,65.000,5.000,,24.555,14.689,120.000,72.000,-48.000,-0.129,-17.635,2.525,2.000,False,False,False,,,False
centre,78356,Magny-les-Hameaux,commune,,9386,ign_chef_lieu,2.084,48.724,15.322,24.615,92.000,96.000,101.000,9.000,,29.773,9.576,121.000,270.500,149.500,0.403,26.944,3.224,2.000,False,False,False,,,False
centre,78005,Achères,commune,,22241,ign_chef_lieu,2.070,48.961,15.636,23.743,67.000,70.000,74.000,7.000,,31.952,13.402,122.000,107.500,-14.500,-0.039,-8.354,2.191,2.000,False,False,False,,,False
centre,75120,Paris 20e Arrondissement,district,75056,185140,ign_chef_lieu_arrondissement,2.399,48.865,15.721,3.582,57.000,60.000,62.000,5.000,,38.787,15.721,123.000,66.500,-56.500,-0.152,-21.656,1.547,2.000,False,False,False,,,False
centre,78621,Trappes,commune,,34689,ign_chef_lieu,1.999,48.776,15.740,27.429,65.000,69.000,72.000,7.000,,19.472,13.687,124.000,99.500,-24.500,-0.066,-9.958,3.544,1.000,False,False,False,,,False
centre,95555,Saint-Gratien,commune,,21336,ign_chef_lieu,2.283,48.971,15.781,13.687,71.000,74.000,76.000,5.000,,28.155,12.795,125.000,125.000,0.000,0.000,-3.554,2.628,2.000,False,False,False,,,False
centre,94065,Rungis,commune,,5611,ign_chef_lieu,2.347,48.748,15.790,12.003,83.000,86.000,90.000,7.000,,28.302,11.016,126.000,206.000,80.000,0.216,12.052,3.039,3.000,False,False,False,,,False
centre,78123,Carrières-sous-Poissy,commune,,20825,ign_chef_lieu,2.034,48.944,15.842,25.277,70.000,74.000,78.000,8.000,,28.438,12.845,127.000,125.000,-2.000,-0.005,-3.737,2.602,2.000,False,False,False,,,False
centre,94081,Vitry-sur-Seine,commune,,93963,ign_chef_lieu,2.388,48.789,15.960,7.992,83.000,86.000,89.000,6.000,,30.692,11.135,128.000,206.000,78.000,0.210,11.466,2.802,3.000,False,False,False,,,False
centre,95424,Montigny-lès-Cormeilles,commune,,22457,ign_chef_lieu,2.188,48.988,16.022,18.943,85.000,88.000,92.000,7.000,,33.258,10.924,129.000,224.000,95.000,0.256,13.841,2.646,2.000,False,False,False,,,False
centre,91471,Orsay,commune,,16498,ign_chef_lieu,2.187,48.699,16.032,21.260,83.000,87.000,92.000,9.000,,25.998,11.057,130.000,216.000,86.000,0.232,12.510,3.346,4.000,True,False,False,,,False
centre,78233,Feucherolles,commune,,3043,ign_chef_lieu,1.974,48.874,16.065,27.851,86.000,97.000,105.000,19.000,,22.495,9.937,131.000,274.500,143.500,0.387,25.317,4.312,3.000,False,False,False,,,False
centre,91689,Wissous,commune,,7151,ign_chef_lieu,2.327,48.732,16.097,13.968,90.000,92.000,95.000,5.000,,30.275,10.498,132.000,251.500,119.500,0.322,18.742,3.039,3.000,False,False,False,,,False
centre,95252,Franconville,commune,,37754,ign_chef_lieu,2.230,48.986,16.150,16.991,79.000,82.000,85.000,6.000,,30.583,11.817,133.000,184.500,51.500,0.139,5.662,2.681,3.000,False,False,False,,,False
centre,91661,Villebon-sur-Yvette,commune,,10291,ign_chef_lieu,2.228,48.700,16.203,19.636,95.000,100.000,104.000,9.000,,31.020,9.722,134.000,292.500,158.500,0.427,28.650,3.224,3.000,False,False,False,,,False
centre,93066,Saint-Denis,commune,,149077,ign_chef_lieu,2.358,48.936,16.209,8.883,60.000,63.000,66.000,6.000,,29.242,15.437,135.000,74.500,-60.500,-0.163,-18.964,2.154,2.000,False,False,False,,,False
centre,91272,Gif-sur-Yvette,commune,,22544,ign_chef_lieu,2.134,48.702,16.247,23.524,98.000,102.000,106.000,8.000,,30.332,9.557,136.000,301.000,165.000,0.445,31.048,3.363,3.000,False,False,False,,,False
centre,93001,Aubervilliers,commune,,88365,ign_chef_lieu,2.382,48.915,16.279,6.820,63.000,66.000,68.000,5.000,,28.973,14.799,137.000,85.000,-52.000,-0.140,-15.285,2.278,2.000,False,False,False,,,False
centre,91136,Champlan,commune,,2615,ign_chef_lieu,2.274,48.708,16.302,17.443,90.000,94.000,98.000,8.000,,29.698,10.405,138.000,261.500,123.500,0.333,20.571,3.165,3.000,False,False,False,,,False
centre,95306,Herblay-sur-Seine,commune,,31779,ign_chef_lieu,2.165,48.990,16.360,20.210,73.000,77.000,81.000,8.000,,34.042,12.748,139.000,151.000,12.000,0.032,-1.407,2.262,1.000,False,False,False,,,False
centre,93061,Le Pré-Saint-Gervais,commune,,16993,ign_chef_lieu,2.403,48.883,16.380,4.727,68.000,70.000,73.000,5.000,,34.068,14.040,140.000,107.500,-32.500,-0.088,-10.423,2.055,2.000,False,False,False,,,False
centre,91122,Bures-sur-Yvette,commune,,9548,ign_chef_lieu,2.164,48.697,16.399,22.505,88.000,92.000,95.000,7.000,,29.418,10.695,141.000,251.500,110.500,0.298,17.662,3.127,3.000,False,False,False,,,False
centre,78406,Milon-la-Chapelle,commune,,295,ign_chef_lieu,2.049,48.726,16.528,26.558,112.000,119.000,127.000,15.000,,29.612,8.333,142.000,348.500,206.500,0.557,51.607,4.019,2.000,False,False,False,,,False
centre,95210,Enghien-les-Bains,commune,,11432,ign_chef_lieu,2.307,48.970,16.545,13.049,66.000,69.000,72.000,6.000,,30.910,14.387,143.000,99.500,-43.500,-0.117,-12.137,2.232,2.000,False,False,False,,,False
centre,93055,Pantin,commune,,61929,ign_chef_lieu,2.401,48.897,16.749,5.754,48.000,51.000,55.000,7.000,,33.383,19.705,144.000,31.500,-112.500,-0.303,-35.449,1.528,1.000,False,False,False,,,False
centre,94018,Charenton-le-Pont,commune,,28830,ign_chef_lieu,2.416,48.820,16.976,6.201,67.000,69.000,72.000,5.000,,34.643,14.762,145.000,99.500,-45.500,-0.123,-13.241,1.992,3.000,False,False,False,,,False
centre,94067,Saint-Mandé,commune,,21071,ign_chef_lieu,2.419,48.843,16.985,5.106,58.000,60.000,63.000,5.000,,34.918,16.985,146.000,66.500,-79.500,-0.214,-24.578,1.718,2.000,False,False,False,,,False
centre,93006,Bagnolet,commune,,43086,ign_chef_lieu,2.417,48.869,17.025,4.902,67.000,70.000,72.000,5.000,,37.172,14.593,147.000,107.500,-39.500,-0.106,-12.108,1.883,2.000,False,False,False,,,False
centre,93045,Les Lilas,commune,,23843,ign_chef_lieu,2.416,48.879,17.205,5.305,61.000,64.000,66.000,5.000,,36.345,16.130,148.000,77.500,-70.500,-0.190,-20.057,1.761,3.000,False,False,False,,,False
centre,95219,Ermont,commune,,29489,ign_chef_lieu,2.259,48.992,17.299,16.558,75.000,79.000,83.000,8.000,,31.385,13.138,149.000,164.000,15.000,0.040,-1.583,2.517,2.000,False,False,False,,,False
centre,94073,Thiais,commune,,32918,ign_chef_lieu,2.391,48.764,17.339,10.629,83.000,86.000,89.000,6.000,,30.260,12.097,150.000,206.000,56.000,0.151,7.015,2.842,3.000,False,False,False,,,False
centre,93079,Villetaneuse,commune,,12530,ign_chef_lieu,2.344,48.961,17.387,11.671,66.000,69.000,72.000,6.000,,30.482,15.119,151.000,99.500,-51.500,-0.139,-14.255,2.264,3.000,False,False,False,,,False
centre,93027,La Courneuve,commune,,47167,ign_chef_lieu,2.390,48.927,17.453,8.277,61.000,64.000,66.000,5.000,,28.607,16.362,152.000,77.500,-74.500,-0.201,-20.615,2.237,2.000,False,False,False,,,False
centre,78575,Saint-Rémy-lès-Chevreuse,commune,,7747,ign_chef_lieu,2.073,48.706,17.479,26.507,95.000,99.000,104.000,9.000,,33.288,10.593,153.000,284.500,131.500,0.354,22.706,2.974,2.000,False,False,False,,,False
centre,78672,Villennes-sur-Seine,commune,,5952,ign_chef_lieu,1.999,48.940,17.537,27.546,63.000,71.000,79.000,16.000,,23.340,14.820,154.000,111.500,-42.500,-0.115,-12.142,3.042,2.000,False,False,False,,,False
centre,78561,Saint-Lambert,commune,,447,ign_chef_lieu,2.020,48.731,17.545,28.117,,,,,,26.620,,,,,,,,,False,False,False,,,False
centre,94002,Alfortville,commune,,45531,ign_chef_lieu,2.420,48.805,17.595,7.545,59.000,62.000,65.000,6.000,,35.695,17.028,155.000,72.000,-83.000,-0.224,-23.403,1.737,2.000,False,False,False,,,False
centre,78466,Orgeval,commune,,7252,ign_chef_lieu,1.975,48.918,17.694,28.542,85.000,90.000,100.000,15.000,,23.498,11.796,156.000,231.500,75.500,0.204,10.885,3.830,2.000,False,False,False,,,False
centre,95203,Eaubonne,commune,,26211,ign_chef_lieu,2.280,48.991,17.742,15.908,71.000,75.000,79.000,8.000,,32.232,14.194,157.000,133.500,-23.500,-0.063,-7.720,2.327,3.000,False,False,False,,,False
centre,94069,Saint-Maurice,commune,,14506,ign_chef_lieu,2.427,48.818,17.757,6.894,76.000,79.000,81.000,5.000,,32.472,13.486,158.000,164.000,6.000,0.016,-2.838,2.433,2.000,False,False,False,,,False
centre,91587,Saulx-les-Chartreux,commune,,6733,ign_chef_lieu,2.264,48.691,17.831,19.461,106.000,111.000,116.000,10.000,,31.380,9.638,159.000,332.000,173.000,0.466,36.240,3.537,3.000,False,False,False,,,False
centre,95491,Le Plessis-Bouchard,commune,,8518,ign_chef_lieu,2.235,49.001,17.864,18.256,80.000,83.000,86.000,6.000,,32.675,12.914,160.000,188.000,28.000,0.075,1.780,2.540,3.000,False,False,False,,,False
centre,95197,Deuil-la-Barre,commune,,23099,ign_chef_lieu,2.328,48.975,17.909,13.331,73.000,76.000,80.000,7.000,,35.085,14.138,161.000,143.000,-18.000,-0.049,-6.918,2.166,2.000,False,False,False,,,False
centre,78490,Plaisir,commune,,31811,ign_chef_lieu,1.947,48.817,17.916,30.085,77.000,83.000,90.000,13.000,,22.508,12.952,162.000,188.000,26.000,0.070,1.633,3.688,2.000,False,False,False,,,False
centre,95598,Soisy-sous-Montmorency,commune,,18008,ign_chef_lieu,2.300,48.987,17.986,15.060,74.000,77.000,81.000,7.000,,31.128,14.015,163.000,151.000,-12.000,-0.032,-5.893,2.474,3.000,False,False,False,,,False
centre,78015,Andrésy,commune,,13834,ign_chef_lieu,2.061,48.982,18.024,25.565,72.000,77.000,84.000,12.000,,34.375,14.044,164.000,151.000,-13.000,-0.035,-5.989,2.240,3.000,False,False,False,,,False
centre,78196,Davron,commune,,295,ign_chef_lieu,1.944,48.865,18.035,29.977,,,,,,25.690,,,,,,,,,False,False,False,,,False
centre,78172,Conflans-Sainte-Honorine,commune,,36958,ign_chef_lieu,2.095,48.994,18.043,24.293,70.000,75.000,79.000,9.000,,34.843,14.435,165.000,133.500,-31.500,-0.085,-8.481,2.152,2.000,False,False,False,,,False
centre,91692,Les Ulis,commune,,25886,ign_chef_lieu,2.170,48.681,18.074,23.626,85.000,92.000,100.000,15.000,,30.018,11.787,166.000,251.500,85.500,0.230,12.171,3.065,3.000,False,False,False,,,False
centre,91161,Chilly-Mazarin,commune,,20443,ign_chef_lieu,2.313,48.703,18.167,17.360,101.000,103.000,106.000,5.000,,30.853,10.582,167.000,305.500,138.500,0.373,25.267,3.338,4.000,True,False,False,,,False
centre,91666,Villejust,commune,,2558,ign_chef_lieu,2.237,48.682,18.283,21.145,93.000,99.000,104.000,11.000,,32.448,11.081,168.000,284.500,116.500,0.314,20.025,3.051,3.000,False,False,False,,,False
centre,91345,Longjumeau,commune,,21996,ign_chef_lieu,2.296,48.694,18.406,18.504,94.000,97.000,101.000,7.000,,30.390,11.385,169.000,274.500,105.500,0.284,17.214,3.192,4.000,True,False,False,,,False
centre,78160,Chevreuse,commune,,5502,ign_chef_lieu,2.044,48.707,18.445,28.061,,,,,,33.698,,,,,,,,,False,False,False,,,False
centre,94046,Maisons-Alfort,commune,,56799,ign_chef_lieu,2.431,48.801,18.449,8.415,57.000,60.000,64.000,7.000,,36.238,18.449,170.000,66.500,-103.500,-0.279,-27.580,1.656,2.000,False,False,False,,,False
centre,94080,Vincennes,commune,,48193,ign_chef_lieu,2.440,48.848,18.503,6.477,56.000,58.000,61.000,5.000,,37.245,19.141,171.000,59.500,-111.500,-0.301,-30.094,1.557,1.000,False,False,False,,,False
centre,78384,Médan,commune,,1289,ign_chef_lieu,1.996,48.953,18.586,28.247,81.000,88.000,94.000,13.000,,26.293,12.672,172.000,224.000,52.000,0.140,5.831,3.347,2.000,False,False,False,,,False
centre,94022,Choisy-le-Roi,commune,,45946,ign_chef_lieu,2.410,48.762,18.624,11.258,72.000,75.000,78.000,6.000,,30.933,14.899,173.000,133.500,-39.500,-0.106,-9.894,2.425,3.000,False,False,False,,,False
centre,95427,Montmagny,commune,,15105,ign_chef_lieu,2.346,48.975,18.656,13.199,71.000,75.000,78.000,7.000,,32.957,14.925,174.000,133.500,-40.500,-0.109,-9.971,2.276,2.000,False,False,False,,,False
centre,91432,Morangis,commune,,14129,ign_chef_lieu,2.332,48.706,18.672,16.844,101.000,105.000,108.000,7.000,,31.548,10.670,175.000,310.500,135.500,0.365,25.990,3.328,4.000,True,False,False,,,False
centre,93048,Montreuil,commune,,111934,ign_chef_lieu,2.441,48.862,18.701,6.526,59.000,62.000,64.000,5.000,,40.625,18.098,176.000,72.000,-104.000,-0.280,-25.664,1.526,2.000,False,False,False,,,False
centre,95051,Beauchamp,commune,,9849,ign_chef_lieu,2.200,49.012,18.702,20.563,79.000,81.000,84.000,5.000,,34.393,13.853,177.000,178.000,1.000,0.003,-2.885,2.355,2.000,False,False,False,,,False
centre,91275,Gometz-le-Châtel,commune,,2630,ign_chef_lieu,2.138,48.678,18.717,25.295,124.000,132.000,143.000,19.000,,33.857,8.508,178.000,365.500,187.500,0.505,58.197,3.899,4.000,True,False,False,,,False
centre,93063,Romainville,commune,,37152,ign_chef_lieu,2.435,48.886,18.723,6.858,71.000,74.000,76.000,5.000,,38.933,15.181,179.000,125.000,-54.000,-0.146,-11.327,1.901,3.000,False,False,False,,,False
centre,78138,Chanteloup-les-Vignes,commune,,10861,ign_chef_lieu,2.030,48.978,18.928,27.240,82.000,86.000,91.000,9.000,,31.163,13.206,180.000,206.000,26.000,0.070,2.502,2.760,3.000,False,False,False,,,False
centre,95574,Saint-Prix,commune,,7612,ign_chef_lieu,2.262,49.007,18.935,17.955,86.000,91.000,96.000,10.000,,34.173,12.484,181.000,241.000,60.000,0.162,8.443,2.663,3.000,False,False,False,,,False
centre,95428,Montmorency,commune,,21763,ign_chef_lieu,2.321,48.989,18.935,14.985,83.000,87.000,91.000,8.000,,36.150,13.059,182.000,216.000,34.000,0.092,3.675,2.407,3.000,False,False,False,,,False
centre,93072,Stains,commune,,41388,ign_chef_lieu,2.382,48.955,18.943,11.236,73.000,76.000,80.000,7.000,,32.562,14.955,183.000,143.000,-40.000,-0.108,-9.451,2.334,4.000,True,False,False,,,False
centre,95369,Margency,commune,,3012,ign_chef_lieu,2.287,49.001,18.997,16.798,84.000,87.000,91.000,7.000,,34.428,13.101,184.000,216.000,32.000,0.086,3.510,2.527,3.000,False,False,False,,,False
centre,94054,Orly,commune,,24658,ign_chef_lieu,2.401,48.743,19.217,13.085,79.000,82.000,85.000,6.000,,33.337,14.061,185.000,184.500,-0.500,-0.001,-2.991,2.460,3.000,False,False,False,,,False
centre,78382,Maurecourt,commune,,4454,ign_chef_lieu,2.063,48.997,19.320,26.334,75.000,79.000,82.000,7.000,,36.447,14.673,186.000,164.000,-22.000,-0.059,-6.784,2.168,2.000,False,False,False,,,False
centre,91560,Saint-Jean-de-Beauregard,commune,,471,ign_chef_lieu,2.168,48.670,19.398,24.824,105.000,110.000,116.000,11.000,,31.367,10.581,187.000,327.000,140.000,0.377,29.538,3.507,4.000,True,False,False,,,False
centre,78208,Élancourt,commune,,26365,ign_chef_lieu,1.949,48.768,19.406,31.186,71.000,75.000,79.000,8.000,,23.290,15.525,188.000,133.500,-54.500,-0.147,-11.698,3.220,2.000,False,False,False,,,False
centre,78644,La Verrière,commune,,5994,ign_chef_lieu,1.958,48.758,19.408,31.001,72.000,76.000,81.000,9.000,,24.758,15.322,189.000,143.000,-46.000,-0.124,-10.524,3.070,2.000,False,False,False,,,False
centre,91479,Paray-Vieille-Poste,commune,,8202,ign_chef_lieu,2.364,48.713,19.467,15.999,96.000,99.000,102.000,6.000,,32.638,11.798,190.000,284.500,94.500,0.255,16.380,3.033,3.000,False,False,False,,,False
centre,91274,Gometz-la-Ville,commune,,1536,ign_chef_lieu,2.125,48.672,19.652,26.475,128.000,132.000,139.000,11.000,,33.888,8.933,191.000,365.500,174.500,0.470,54.453,3.895,4.000,True,False,False,,,False
centre,95426,Montlignon,commune,,3038,ign_chef_lieu,2.285,49.009,19.713,17.653,92.000,96.000,101.000,9.000,,36.113,12.321,192.000,270.500,78.500,0.212,12.160,2.658,3.000,False,False,False,,,False
centre,95288,Groslay,commune,,8453,ign_chef_lieu,2.346,48.987,19.713,14.521,76.000,79.000,84.000,8.000,,36.855,14.972,193.000,164.000,-29.000,-0.078,-7.703,2.144,3.000,False,False,False,,,False
centre,95014,Andilly,commune,,2742,ign_chef_lieu,2.301,49.005,19.813,17.002,84.000,88.000,93.000,9.000,,36.912,13.509,194.000,224.000,30.000,0.081,2.557,2.384,3.000,False,False,False,,,False
centre,78189,Crespières,commune,,1719,ign_chef_lieu,1.924,48.882,19.819,31.570,,,,,,26.710,,,,,,,,,False,False,False,,,False
centre,78615,Thiverval-Grignon,commune,,1023,ign_chef_lieu,1.918,48.850,19.830,31.915,,,,,,27.657,,,,,,,,,False,False,False,,,False
centre,95563,Saint-Leu-la-Forêt,commune,,16138,ign_chef_lieu,2.244,49.019,19.943,19.756,82.000,87.000,93.000,11.000,,34.685,13.754,195.000,216.000,21.000,0.057,1.067,2.508,3.000,False,False,False,,,False
centre,78383,Maurepas,commune,,20629,ign_chef_lieu,1.945,48.762,19.970,31.683,68.000,71.000,75.000,7.000,,23.788,16.876,196.000,111.500,-84.500,-0.228,-17.576,2.985,2.000,False,False,False,,,False
centre,93053,Noisy-le-Sec,commune,,45510,ign_chef_lieu,2.452,48.890,20.054,8.191,63.000,67.000,71.000,8.000,,35.708,17.959,197.000,88.000,-109.000,-0.294,-22.380,1.876,1.000,False,False,False,,,False
centre,91044,Ballainvilliers,commune,,4904,ign_chef_lieu,2.290,48.676,20.080,20.562,103.000,108.000,116.000,13.000,,34.715,11.155,198.000,317.500,119.500,0.322,25.042,3.111,4.000,True,False,False,,,False
centre,95488,Pierrelaye,commune,,10130,ign_chef_lieu,2.156,49.023,20.102,23.464,85.000,87.000,91.000,6.000,,36.492,13.863,199.000,216.000,17.000,0.046,0.673,2.384,2.000,False,False,False,,,False
centre,93008,Bobigny,commune,,56927,ign_chef_lieu,2.445,48.906,20.121,8.759,71.000,73.000,76.000,5.000,,32.890,16.538,200.000,120.500,-79.500,-0.214,-15.566,2.220,2.000,False,False,False,,,False
centre,93013,Le Bourget,commune,,15925,ign_chef_lieu,2.425,48.935,20.128,10.195,63.000,66.000,68.000,5.000,,31.370,18.298,201.000,85.000,-116.000,-0.313,-23.675,2.104,2.000,False,False,False,,,False
centre,94077,Villeneuve-le-Roi,commune,,21000,ign_chef_lieu,2.408,48.735,20.161,14.074,86.000,89.000,92.000,6.000,,34.045,13.591,202.000,227.500,25.500,0.069,2.840,2.614,3.000,False,False,False,,,False
centre,78397,Le Mesnil-Saint-Denis,commune,,7276,ign_chef_lieu,1.960,48.740,20.302,31.594,81.000,85.000,89.000,8.000,,27.718,14.331,203.000,198.000,-5.000,-0.013,-2.119,3.067,2.000,False,False,False,,,False
centre,78624,Triel-sur-Seine,commune,,12206,ign_chef_lieu,2.003,48.981,20.425,29.133,79.000,85.000,93.000,14.000,,30.620,14.418,204.000,198.000,-6.000,-0.016,-2.409,2.776,3.000,False,False,False,,,False
centre,95607,Taverny,commune,,27593,ign_chef_lieu,2.226,49.026,20.507,21.044,87.000,94.000,99.000,12.000,,34.523,13.090,205.000,261.500,56.500,0.152,7.712,2.723,3.000,False,False,False,,,False
centre,78548,Saint-Forget,commune,,436,ign_chef_lieu,1.993,48.710,20.577,30.986,,,,,,30.798,,,,,,,,,False,False,False,,,False
centre,94042,Joinville-le-Pont,commune,,20525,ign_chef_lieu,2.467,48.818,20.685,9.400,62.000,65.000,68.000,6.000,,36.265,19.094,206.000,81.500,-124.500,-0.336,-25.834,1.792,1.000,False,False,False,,,False
centre,78643,Vernouillet,commune,,9699,ign_chef_lieu,1.983,48.973,20.745,29.979,75.000,80.000,85.000,10.000,,29.270,15.559,207.000,171.000,-36.000,-0.097,-8.848,2.733,2.000,False,False,False,,,False
centre,95218,Éragny-sur-Oise,commune,,18436,ign_chef_lieu,2.091,49.019,20.782,26.369,74.000,77.000,80.000,6.000,,35.520,16.193,208.000,151.000,-57.000,-0.154,-12.343,2.168,2.000,False,False,False,,,False
centre,91458,Nozay,commune,,4471,ign_chef_lieu,2.243,48.660,20.798,23.277,97.000,102.000,105.000,8.000,,34.502,12.234,209.000,301.000,92.000,0.248,16.074,2.956,3.000,False,False,False,,,False
centre,94028,Créteil,commune,,93397,ign_chef_lieu,2.453,48.778,20.817,11.442,81.000,84.000,88.000,7.000,,37.500,14.870,210.000,192.000,-18.000,-0.049,-4.455,2.240,3.000,False,False,False,,,False
centre,93029,Drancy,commune,,72390,ign_chef_lieu,2.445,48.923,20.853,10.075,69.000,72.000,74.000,5.000,,33.412,17.378,211.000,116.000,-95.000,-0.256,-18.173,2.155,3.000,False,False,False,,,False
centre,91411,Les Molières,commune,,1975,ign_chef_lieu,2.070,48.673,20.860,29.129,,,,,,39.525,,,,,,,,,False,False,False,,,False
centre,93030,Dugny,commune,,11700,ign_chef_lieu,2.418,48.955,20.945,12.001,78.000,81.000,83.000,5.000,,33.492,15.515,212.000,178.000,-34.000,-0.092,-8.143,2.419,3.000,False,False,False,,,False
centre,91093,Boullay-les-Troux,commune,,624,ign_chef_lieu,2.050,48.678,20.993,29.791,,,,,,39.365,,,,,,,,,False,False,False,,,False
centre,78431,Morainvilliers,commune,,3120,ign_chef_lieu,1.932,48.929,21.003,31.849,91.000,96.000,105.000,14.000,,26.418,13.127,213.000,270.500,57.500,0.155,8.719,3.634,2.000,False,False,False,,,False
centre,95450,Neuville-sur-Oise,commune,,2058,ign_chef_lieu,2.063,49.014,21.022,27.508,70.000,73.000,76.000,6.000,,37.848,17.278,214.000,120.500,-93.500,-0.252,-17.365,1.929,3.000,False,False,False,,,False
centre,94033,Fontenay-sous-Bois,commune,,53757,ign_chef_lieu,2.475,48.849,21.077,9.014,66.000,69.000,72.000,6.000,,42.303,18.328,215.000,99.500,-115.500,-0.311,-21.994,1.631,1.000,False,False,False,,,False
centre,95268,Garges-lès-Gonesse,commune,,41791,ign_chef_lieu,2.401,48.972,21.137,13.303,76.000,79.000,82.000,6.000,,36.732,16.053,216.000,164.000,-52.000,-0.140,-10.811,2.151,3.000,False,False,False,,,False
centre,91665,La Ville-du-Bois,commune,,8161,ign_chef_lieu,2.269,48.661,21.144,22.572,111.000,116.000,122.000,11.000,,33.693,10.936,217.000,344.000,127.000,0.342,30.938,3.443,4.000,True,False,False,,,False
centre,95539,Saint-Brice-sous-Forêt,commune,,15063,ign_chef_lieu,2.357,48.998,21.160,15.706,73.000,78.000,84.000,11.000,,37.358,16.277,218.000,157.500,-60.500,-0.163,-11.988,2.088,3.000,False,False,False,,,False
centre,91027,Athis-Mons,commune,,36613,ign_chef_lieu,2.389,48.708,21.170,16.768,91.000,95.000,99.000,8.000,,34.510,13.370,219.000,266.500,47.500,0.128,7.170,2.753,4.000,True,False,False,,,False
centre,78550,Saint-Germain-de-la-Grange,commune,,1847,ign_chef_lieu,1.899,48.834,21.221,33.378,,,,,,28.563,,,,,,,,,False,False,False,,,False
centre,78010,Les Alluets-le-Roi,commune,,1390,ign_chef_lieu,1.919,48.914,21.229,32.452,,,,,,27.597,,,,,,,,,False,False,False,,,False
centre,78193,Dampierre-en-Yvelines,commune,,1008,ign_chef_lieu,1.986,48.705,21.382,31.766,,,,,,31.347,,,,,,,,,False,False,False,,,False
centre,78162,Choisel,commune,,540,ign_chef_lieu,2.018,48.687,21.461,31.009,,,,,,35.705,,,,,,,,,False,False,False,,,False
centre,78442,Neauphle-le-Château,commune,,3250,ign_chef_lieu,1.899,48.814,21.473,33.643,91.000,102.000,122.000,31.000,,23.563,12.631,220.000,301.000,81.000,0.218,14.266,4.329,2.000,False,False,False,,,False
centre,91216,Épinay-sur-Orge,commune,,10722,ign_chef_lieu,2.324,48.673,21.483,20.542,89.000,94.000,102.000,13.000,,34.248,13.713,221.000,261.500,40.500,0.109,5.279,2.745,3.000,False,False,False,,,False
centre,78321,Jouars-Pontchartrain,commune,,6039,ign_chef_lieu,1.901,48.802,21.573,33.713,95.000,105.000,122.000,27.000,,22.440,12.327,222.000,310.500,88.500,0.239,17.359,4.679,2.000,False,False,False,,,False
centre,91589,Savigny-sur-Orge,commune,,37601,ign_chef_lieu,2.346,48.680,21.609,19.657,86.000,91.000,98.000,12.000,,33.338,14.248,223.000,241.000,18.000,0.049,1.627,2.730,3.000,False,False,False,,,False
centre,78642,Verneuil-sur-Seine,commune,,16280,ign_chef_lieu,1.975,48.979,21.664,30.817,75.000,82.000,87.000,12.000,,29.197,15.851,224.000,184.500,-39.500,-0.106,-8.538,2.809,2.000,False,False,False,,,False
centre,94001,Ablon-sur-Seine,commune,,5988,ign_chef_lieu,2.422,48.725,21.701,15.492,82.000,85.000,89.000,7.000,,36.612,15.318,225.000,198.000,-27.000,-0.073,-5.271,2.322,3.000,False,False,False,,,False
centre,95323,Jouy-le-Moutier,commune,,17854,ign_chef_lieu,2.047,49.016,21.732,28.527,77.000,81.000,84.000,7.000,,40.910,16.098,226.000,178.000,-48.000,-0.129,-9.793,1.980,3.000,False,False,False,,,False
centre,91326,Juvisy-sur-Orge,commune,,19292,ign_chef_lieu,2.372,48.691,21.757,18.487,81.000,85.000,88.000,7.000,,36.430,15.358,227.000,198.000,-29.000,-0.078,-5.392,2.333,3.000,False,False,False,,,False
centre,95060,Bessancourt,commune,,8869,ign_chef_lieu,2.217,49.039,21.806,22.566,92.000,99.000,105.000,13.000,,36.688,13.216,228.000,284.500,56.500,0.152,10.069,2.698,3.000,False,False,False,,,False
centre,78683,Villiers-Saint-Frédéric,commune,,3395,ign_chef_lieu,1.891,48.820,21.921,34.096,94.000,101.000,109.000,15.000,,26.013,13.022,229.000,297.000,68.000,0.183,12.002,3.883,2.000,False,False,False,,,False
centre,95489,Piscop,commune,,768,ign_chef_lieu,2.343,49.012,21.936,17.337,98.000,105.000,123.000,25.000,,40.923,12.535,230.000,310.500,80.500,0.217,16.398,2.566,4.000,True,False,False,,,False
centre,91319,Janvry,commune,,654,ign_chef_lieu,2.156,48.647,21.996,27.402,,,,,,37.407,,,,,,,,,False,False,False,,,False
centre,95585,Sarcelles,commune,,59173,ign_chef_lieu,2.378,48.997,22.091,15.801,76.000,80.000,84.000,8.000,,39.833,16.568,231.000,171.000,-60.000,-0.162,-11.621,2.008,4.000,True,False,False,,,False
centre,78334,Lévis-Saint-Nom,commune,,1603,ign_chef_lieu,1.949,48.721,22.214,33.260,,,,,,31.918,,,,,,,,,False,False,False,,,False
centre,93064,Rosny-sous-Bois,commune,,47180,ign_chef_lieu,2.488,48.872,22.264,10.098,64.000,66.000,70.000,6.000,,39.057,20.240,232.000,85.000,-147.000,-0.396,-27.367,1.690,2.000,False,False,False,,8.000,False
centre,91685,Villiers-sur-Orge,commune,,4545,ign_chef_lieu,2.300,48.657,22.286,22.458,98.000,103.000,109.000,11.000,,36.545,12.982,233.000,305.500,72.500,0.195,13.296,2.818,3.000,False,False,False,,,False
centre,94052,Nogent-sur-Marne,commune,,32455,ign_chef_lieu,2.492,48.839,22.304,10.381,72.000,75.000,78.000,6.000,,40.005,17.843,234.000,133.500,-100.500,-0.271,-17.535,1.875,2.000,False,False,False,,,False
centre,94068,Saint-Maur-des-Fossés,commune,,76572,ign_chef_lieu,2.485,48.803,22.315,11.426,66.000,69.000,72.000,6.000,,40.528,19.405,235.000,99.500,-135.500,-0.365,-24.151,1.703,1.000,False,False,False,,,False
centre,93010,Bondy,commune,,50595,ign_chef_lieu,2.481,48.902,22.493,10.718,71.000,75.000,79.000,8.000,,35.747,17.995,236.000,133.500,-102.500,-0.276,-17.877,2.098,1.000,False,False,False,,,False
centre,78168,Coignières,commune,,4321,ign_chef_lieu,1.918,48.748,22.519,34.145,86.000,94.000,103.000,17.000,,26.233,14.374,237.000,261.500,24.500,0.066,2.870,3.583,2.000,False,False,False,,,False
centre,91363,Marcoussis,commune,,8618,ign_chef_lieu,2.231,48.643,22.543,25.376,103.000,108.000,112.000,9.000,,38.037,12.524,238.000,317.500,79.500,0.214,18.130,2.839,4.000,True,False,False,,,False
centre,78206,Ecquevilly,commune,,4279,ign_chef_lieu,1.924,48.949,22.609,33.050,83.000,91.000,101.000,18.000,,25.252,14.907,239.000,241.000,2.000,0.005,-0.609,3.604,2.000,False,False,False,,,False
centre,91667,Villemoisson-sur-Orge,commune,,7332,ign_chef_lieu,2.330,48.662,22.741,21.694,94.000,99.000,106.000,12.000,,35.160,13.783,240.000,284.500,44.500,0.120,7.820,2.816,3.000,False,False,False,,,False
centre,95199,Domont,commune,,16065,ign_chef_lieu,2.327,49.027,22.835,19.106,79.000,84.000,90.000,11.000,,41.848,16.311,241.000,192.000,-49.000,-0.132,-8.701,2.007,3.000,False,False,False,,,False
centre,93007,Le Blanc-Mesnil,commune,,62376,ign_chef_lieu,2.464,48.939,22.840,12.266,70.000,73.000,76.000,6.000,,36.218,18.773,242.000,120.500,-121.500,-0.327,-20.666,2.016,2.000,False,False,False,,,False
centre,94078,Villeneuve-Saint-Georges,commune,,36221,ign_chef_lieu,2.448,48.731,22.845,15.622,91.000,94.000,96.000,5.000,,39.403,14.582,243.000,261.500,18.500,0.050,2.145,2.386,3.000,False,False,False,,,False
centre,78062,Beynes,commune,,7704,ign_chef_lieu,1.876,48.856,22.932,34.976,98.000,115.000,128.000,30.000,,31.015,11.965,244.000,340.000,96.000,0.259,24.732,3.708,2.000,False,False,False,,,False
centre,78590,Senlisse,commune,,511,ign_chef_lieu,1.982,48.687,23.092,33.144,,,,,,35.295,,,,,,,,,False,False,False,,,False
centre,95256,Frépillon,commune,,3317,ign_chef_lieu,2.206,49.051,23.107,24.152,93.000,99.000,105.000,12.000,,38.777,14.004,245.000,284.500,39.500,0.106,6.979,2.553,3.000,False,False,False,,,False
centre,95572,Saint-Ouen-l'Aumône,commune,,25578,ign_chef_lieu,2.106,49.044,23.122,27.613,85.000,87.000,90.000,5.000,,39.922,15.946,246.000,216.000,-30.000,-0.081,-6.018,2.179,3.000,False,False,False,,,False
centre,78305,Herbeville,commune,,228,ign_chef_lieu,1.887,48.906,23.137,34.591,,,,,,30.185,,,,,,,,,False,False,False,,,False
centre,78140,Chapet,commune,,1331,ign_chef_lieu,1.934,48.967,23.140,33.062,89.000,93.000,105.000,16.000,,27.243,14.929,247.000,256.500,9.500,0.026,0.424,3.414,3.000,False,False,False,,,False
centre,91657,Vigneux-sur-Seine,commune,,31466,ign_chef_lieu,2.417,48.700,23.200,18.008,80.000,86.000,91.000,11.000,,43.348,16.186,248.000,206.000,-42.000,-0.113,-7.253,1.984,3.000,False,False,False,,,False
centre,95088,Bonneuil-en-France,commune,,1185,ign_chef_lieu,2.433,48.976,23.204,14.514,86.000,92.000,97.000,11.000,,38.323,15.133,249.000,251.500,2.500,0.007,-0.790,2.401,4.000,True,False,False,,,False
centre,91434,Morsang-sur-Orge,commune,,21667,ign_chef_lieu,2.346,48.662,23.313,21.631,96.000,102.000,110.000,14.000,,34.417,13.714,250.000,301.000,51.000,0.137,9.740,2.964,3.000,False,False,False,,,False
centre,94011,Bonneuil-sur-Marne,commune,,18270,ign_chef_lieu,2.487,48.774,23.324,13.474,84.000,86.000,90.000,6.000,,39.870,16.272,251.000,206.000,-45.000,-0.121,-7.495,2.157,2.000,False,False,False,,,False
centre,95680,Villiers-le-Bel,commune,,30053,ign_chef_lieu,2.388,49.008,23.398,17.006,85.000,89.000,93.000,8.000,,39.393,15.774,252.000,227.500,-24.500,-0.066,-4.416,2.259,4.000,True,False,False,,,False
centre,91338,Limours,commune,,6517,ign_chef_lieu,2.077,48.646,23.441,30.955,,,,,,40.823,,,,,,,,,False,False,False,,,False
centre,93049,Neuilly-Plaisance,commune,,21941,ign_chef_lieu,2.506,48.861,23.461,11.301,73.000,75.000,78.000,5.000,,42.423,18.769,253.000,133.500,-119.500,-0.322,-19.560,1.768,1.000,False,False,False,,,False
centre,94074,Valenton,commune,,14406,ign_chef_lieu,2.470,48.744,23.470,15.148,85.000,88.000,91.000,6.000,,40.098,16.002,254.000,224.000,-30.000,-0.081,-5.633,2.195,3.000,False,False,False,,,False
centre,94058,Le Perreux-sur-Marne,commune,,35260,ign_chef_lieu,2.508,48.841,23.522,11.557,76.000,79.000,82.000,6.000,,41.610,17.864,255.000,164.000,-91.000,-0.245,-15.376,1.899,2.000,False,False,False,,,False
centre,91687,Viry-Châtillon,commune,,30838,ign_chef_lieu,2.375,48.671,23.585,20.644,86.000,91.000,95.000,9.000,,35.597,15.551,256.000,241.000,-15.000,-0.040,-2.651,2.556,3.000,False,False,False,,,False
centre,95019,Arnouville,commune,,15023,ign_chef_lieu,2.421,48.990,23.586,15.646,78.000,80.000,84.000,6.000,,40.415,17.690,257.000,171.000,-86.000,-0.232,-14.421,1.979,3.000,False,False,False,,,False
centre,95091,Bouffémont,commune,,6593,ign_chef_lieu,2.299,49.043,23.655,21.132,98.000,,,,,45.287,,,,,,,,,False,False,False,,,False
centre,91347,Longpont-sur-Orge,commune,,6482,ign_chef_lieu,2.293,48.642,23.657,24.185,104.000,109.000,113.000,9.000,,38.483,13.022,258.000,322.000,64.000,0.173,16.432,2.832,3.000,False,False,False,,,False
centre,95061,Béthemont-la-Forêt,commune,,435,ign_chef_lieu,2.252,49.053,23.738,23.061,,,,,,42.838,,,,,,,,,False,False,False,,,False
centre,91425,Montlhéry,commune,,9772,ign_chef_lieu,2.270,48.637,23.782,25.168,107.000,115.000,120.000,13.000,,37.405,12.408,259.000,340.000,81.000,0.218,22.521,3.074,4.000,True,False,False,,,False
centre,93077,Villemomble,commune,,29795,ign_chef_lieu,2.508,48.882,23.876,11.751,73.000,77.000,81.000,8.000,,39.397,18.604,260.000,151.000,-109.000,-0.294,-18.122,1.954,1.000,False,False,False,,,False
centre,95500,Pontoise,commune,,31970,ign_chef_lieu,2.101,49.051,23.925,28.422,85.000,87.000,91.000,6.000,,40.745,16.500,261.000,216.000,-45.000,-0.121,-7.582,2.135,3.000,False,False,False,,,False
centre,94044,Limeil-Brévannes,commune,,27406,ign_chef_lieu,2.480,48.749,23.926,15.180,88.000,90.000,94.000,6.000,,39.350,15.951,262.000,231.500,-30.500,-0.082,-4.397,2.287,4.000,True,False,False,,,False
centre,94017,Champigny-sur-Marne,commune,,78072,ign_chef_lieu,2.511,48.813,23.952,12.570,73.000,75.000,79.000,6.000,,41.852,19.162,263.000,133.500,-129.500,-0.349,-20.374,1.792,2.000,False,False,False,,,False
centre,95205,Écouen,commune,,7202,ign_chef_lieu,2.379,49.018,23.964,18.124,80.000,85.000,92.000,12.000,,41.628,16.916,264.000,198.000,-66.000,-0.178,-9.779,2.042,3.000,False,False,False,,,False
centre,95074,Boisemont,commune,,892,ign_chef_lieu,2.002,49.021,23.972,31.543,101.000,105.000,108.000,7.000,,40.587,13.698,265.000,310.500,45.500,0.123,11.431,2.587,2.000,False,False,False,,,False
centre,78443,Neauphle-le-Vieux,commune,,937,ign_chef_lieu,1.864,48.815,24.005,36.180,93.000,100.000,108.000,15.000,,27.620,14.403,266.000,292.500,26.500,0.071,6.053,3.621,2.000,False,False,False,,,False
centre,91201,Draveil,commune,,30098,ign_chef_lieu,2.405,48.682,24.022,19.735,88.000,93.000,98.000,10.000,,42.002,15.498,267.000,256.500,-10.500,-0.028,-1.405,2.214,4.000,True,False,False,,,False
centre,95637,Vauréal,commune,,16079,ign_chef_lieu,2.021,49.030,24.056,31.004,84.000,87.000,89.000,5.000,,42.137,16.590,268.000,216.000,-52.000,-0.140,-7.830,2.065,2.000,False,False,False,,,False
centre,78623,Le Tremblay-sur-Mauldre,commune,,930,ign_chef_lieu,1.875,48.778,24.078,36.115,,,,,,27.192,,,,,,,,,False,False,False,,,False
centre,95151,Chauvry,commune,,297,ign_chef_lieu,2.267,49.054,24.122,22.876,,,,,,42.983,,,,,,,,,False,False,False,,,False
centre,91482,Pecqueuse,commune,,580,ign_chef_lieu,2.049,48.647,24.165,32.295,,,,,,42.713,,,,,,,,,False,False,False,,,False
centre,78368,Mareil-sur-Mauldre,commune,,1776,ign_chef_lieu,1.866,48.894,24.298,35.964,103.000,120.000,133.000,30.000,,30.418,12.149,269.000,350.500,81.500,0.220,26.506,3.945,2.000,False,False,False,,,False
centre,91339,Linas,commune,,7987,ign_chef_lieu,2.267,48.631,24.310,25.816,103.000,108.000,113.000,10.000,,37.457,13.505,270.000,317.500,47.500,0.128,13.829,2.883,4.000,True,False,False,,,False
centre,93057,Les Pavillons-sous-Bois,commune,,25804,ign_chef_lieu,2.507,48.903,24.328,12.448,75.000,78.000,82.000,7.000,,38.175,18.714,271.000,157.500,-113.500,-0.306,-17.821,2.043,2.000,False,False,False,,,False
centre,91191,Crosne,commune,,9610,ign_chef_lieu,2.458,48.716,24.372,17.388,94.000,98.000,102.000,8.000,,41.628,14.922,272.000,277.500,5.500,0.015,3.160,2.354,2.000,False,False,False,,,False
centre,94015,Bry-sur-Marne,commune,,18503,ign_chef_lieu,2.520,48.835,24.377,12.487,76.000,79.000,82.000,6.000,,40.217,18.514,273.000,164.000,-109.000,-0.294,-16.849,1.964,1.000,False,False,False,,,False
centre,78638,Vaux-sur-Seine,commune,,5202,ign_chef_lieu,1.963,49.006,24.443,33.018,85.000,98.000,110.000,25.000,,36.333,14.965,274.000,277.500,3.500,0.009,3.014,2.697,3.000,False,False,False,,,False
centre,78415,Montainville,commune,,589,ign_chef_lieu,1.860,48.882,24.454,36.271,,,,,,33.765,,,,,,,,,False,False,False,,,False
centre,78576,Saint-Rémy-l'Honoré,commune,,1689,ign_chef_lieu,1.882,48.756,24.490,36.330,,,,,,30.662,,,,,,,,,False,False,False,,,False
centre,95229,Ézanville,commune,,9858,ign_chef_lieu,2.362,49.032,24.547,19.541,77.000,84.000,90.000,13.000,,42.388,17.534,275.000,192.000,-83.000,-0.224,-11.888,1.982,2.000,False,False,False,,,False
centre,95394,Méry-sur-Oise,commune,,9983,ign_chef_lieu,2.185,49.064,24.571,26.196,100.000,107.000,113.000,13.000,,40.475,13.778,276.000,315.000,39.000,0.105,12.186,2.644,3.000,False,False,False,,,False
centre,78128,Cernay-la-Ville,commune,,1516,ign_chef_lieu,1.971,48.673,24.729,34.633,,,,,,37.723,,,,,,,,,False,False,False,,,False
centre,91111,Briis-sous-Forges,commune,,3342,ign_chef_lieu,2.124,48.625,24.774,30.750,104.000,110.000,117.000,13.000,,42.258,13.513,277.000,327.000,50.000,0.135,14.864,2.603,4.000,True,False,False,,,False
centre,91549,Sainte-Geneviève-des-Bois,commune,,35438,ign_chef_lieu,2.327,48.641,24.783,24.073,102.000,109.000,116.000,14.000,,38.945,13.642,278.000,322.000,44.000,0.119,13.799,2.799,4.000,True,False,False,,,False
centre,95678,Villiers-Adam,commune,,858,ign_chef_lieu,2.235,49.064,24.808,24.691,103.000,110.000,116.000,13.000,,41.335,13.532,279.000,327.000,48.000,0.129,14.786,2.661,3.000,False,False,False,,,False
centre,91249,Forges-les-Bains,commune,,4241,ign_chef_lieu,2.100,48.628,24.817,31.461,,,,,,45.620,,,,,,,,,False,False,False,,,False
centre,93062,Le Raincy,commune,,14735,ign_chef_lieu,2.516,48.899,24.851,12.881,71.000,75.000,79.000,8.000,,39.230,19.881,280.000,133.500,-146.500,-0.395,-21.802,1.912,2.000,False,False,False,,9.000,False
centre,95277,Gonesse,commune,,27707,ign_chef_lieu,2.450,48.986,24.930,16.121,88.000,92.000,96.000,8.000,,40.692,16.259,281.000,251.500,-29.500,-0.080,-4.227,2.261,4.000,True,False,False,,,False
centre,93005,Aulnay-sous-Bois,commune,,87599,ign_chef_lieu,2.500,48.934,25.030,13.861,69.000,72.000,74.000,5.000,,39.432,20.858,282.000,116.000,-166.000,-0.447,-25.195,1.826,2.000,False,False,False,,3.000,False
centre,91243,Fontenay-lès-Briis,commune,,2350,ign_chef_lieu,2.156,48.619,25.044,30.068,138.000,,,,,38.697,,,,,,,,,False,False,False,,,False
centre,93050,Neuilly-sur-Marne,commune,,39800,ign_chef_lieu,2.528,48.857,25.052,12.915,70.000,73.000,76.000,6.000,,43.605,20.590,283.000,120.500,-162.500,-0.438,-24.188,1.674,2.000,False,False,False,,4.000,False
centre,95388,Menucourt,commune,,6184,ign_chef_lieu,1.984,49.025,25.086,32.872,95.000,100.000,107.000,12.000,,40.177,15.052,284.000,292.500,8.500,0.023,3.781,2.489,3.000,False,False,False,,,False
centre,78050,Bazoches-sur-Guyonne,commune,,721,ign_chef_lieu,1.860,48.778,25.142,37.196,,,,,,26.307,,,,,,,,,False,False,False,,,False
centre,91570,Saint-Michel-sur-Orge,commune,,21776,ign_chef_lieu,2.303,48.630,25.179,25.414,95.000,100.000,107.000,12.000,,38.440,15.107,285.000,292.500,7.500,0.020,3.594,2.601,3.000,False,False,False,,,False
centre,95039,Auvers-sur-Oise,commune,,6863,ign_chef_lieu,2.172,49.070,25.232,27.207,103.000,106.000,111.000,8.000,,43.370,14.282,286.000,313.500,27.500,0.074,9.696,2.444,4.000,True,False,False,,,False
centre,95409,Moisselles,commune,,1261,ign_chef_lieu,2.337,49.048,25.239,21.344,87.000,94.000,101.000,14.000,,42.433,16.110,287.000,261.500,-25.500,-0.069,-2.737,2.215,3.000,False,False,False,,,False
centre,78090,Bouafle,commune,,2234,ign_chef_lieu,1.897,48.966,25.279,35.533,97.000,103.000,109.000,12.000,,27.303,14.726,288.000,305.500,17.500,0.047,6.494,3.772,3.000,False,False,False,,,False
centre,95183,Courdimanche,commune,,7311,ign_chef_lieu,2.002,49.035,25.315,32.500,89.000,94.000,101.000,12.000,,41.875,16.159,289.000,261.500,-27.500,-0.074,-2.880,2.245,3.000,False,False,False,,,False
centre,91421,Montgeron,commune,,24022,ign_chef_lieu,2.460,48.704,25.360,18.725,86.000,90.000,94.000,8.000,,43.795,16.907,290.000,231.500,-58.500,-0.158,-7.094,2.055,2.000,False,False,False,,,False
centre,91286,Grigny,commune,,26842,ign_chef_lieu,2.385,48.656,25.378,22.380,95.000,98.000,101.000,6.000,,36.062,15.538,291.000,277.500,-13.500,-0.036,1.129,2.718,3.000,False,False,False,,,False
centre,78049,Bazemont,commune,,1727,ign_chef_lieu,1.865,48.928,25.444,36.598,,,,,,33.683,,,,,,,,,False,False,False,,,False
centre,78220,Les Essarts-le-Roi,commune,,6831,ign_chef_lieu,1.895,48.718,25.691,37.012,98.000,106.000,114.000,16.000,,30.303,14.542,292.000,313.500,21.500,0.058,8.728,3.498,2.000,False,False,False,,,False
centre,78366,Mareil-le-Guyon,commune,,420,ign_chef_lieu,1.847,48.790,25.707,37.830,,,,,,28.993,,,,,,,,,False,False,False,,,False
centre,95127,Cergy,commune,,70906,ign_chef_lieu,2.035,49.053,25.783,31.864,69.000,72.000,75.000,6.000,,42.780,21.486,293.000,116.000,-177.000,-0.477,-26.276,1.683,2.000,False,False,False,,2.000,False
centre,78588,Saulx-Marchais,commune,,950,ign_chef_lieu,1.836,48.838,25.793,37.929,109.000,120.000,139.000,30.000,,33.085,12.897,294.000,350.500,56.500,0.152,22.849,3.627,2.000,False,False,False,,,False
centre,94019,Chennevières-sur-Marne,commune,,18710,ign_chef_lieu,2.533,48.796,25.863,14.818,80.000,84.000,90.000,10.000,,46.190,18.473,295.000,192.000,-103.000,-0.278,-14.120,1.819,2.000,False,False,False,,,False
centre,91333,Leuville-sur-Orge,commune,,4271,ign_chef_lieu,2.264,48.616,25.896,27.494,106.000,111.000,117.000,11.000,,38.137,13.998,296.000,332.000,36.000,0.097,13.414,2.911,4.000,True,False,False,,,False
centre,78380,Maule,commune,,6083,ign_chef_lieu,1.848,48.909,25.947,37.443,110.000,126.000,139.000,29.000,,34.597,12.356,297.000,358.000,61.000,0.164,28.615,3.642,2.000,False,False,False,,,False
centre,94071,Sucy-en-Brie,commune,,27764,ign_chef_lieu,2.524,48.771,25.991,15.789,82.000,84.000,87.000,5.000,,43.265,18.565,298.000,192.000,-106.000,-0.286,-14.329,1.942,2.000,False,False,False,,,False
centre,94079,Villiers-sur-Marne,commune,,33162,ign_chef_lieu,2.541,48.826,25.992,14.228,72.000,76.000,79.000,7.000,,43.065,20.520,299.000,143.000,-156.000,-0.420,-22.489,1.765,2.000,False,False,False,,5.000,False
centre,95042,Baillet-en-France,commune,,2021,ign_chef_lieu,2.300,49.065,26.003,23.539,97.000,103.000,108.000,11.000,,46.785,15.147,300.000,305.500,5.500,0.015,5.026,2.202,2.000,False,False,False,,,False
centre,93032,Gagny,commune,,42313,ign_chef_lieu,2.537,48.885,26.008,13.876,73.000,77.000,81.000,8.000,,42.575,20.266,301.000,151.000,-150.000,-0.404,-21.493,1.809,1.000,False,False,False,,7.000,False
centre,78227,Évecquemont,commune,,754,ign_chef_lieu,1.944,49.014,26.031,34.671,109.000,123.000,130.000,21.000,,35.163,12.698,302.000,355.000,53.000,0.143,25.353,3.498,4.000,True,False,False,,,False
centre,78653,Vicq,commune,,389,ign_chef_lieu,1.835,48.815,26.117,38.292,,,,,,28.568,,,,,,,,,False,False,False,,,False
centre,94004,Boissy-Saint-Léger,commune,,17325,ign_chef_lieu,2.513,48.748,26.157,16.866,84.000,87.000,89.000,5.000,,41.212,18.040,303.000,216.000,-87.000,-0.235,-11.546,2.111,1.000,False,False,False,,,False
centre,91691,Yerres,commune,,27906,ign_chef_lieu,2.488,48.717,26.172,18.417,96.000,99.000,106.000,10.000,,45.548,15.862,304.000,284.500,-19.500,-0.053,0.626,2.174,3.000,False,False,False,,,False
centre,95392,Mériel,commune,,5347,ign_chef_lieu,2.205,49.079,26.219,27.012,93.000,100.000,106.000,13.000,,42.903,15.731,305.000,292.500,-12.500,-0.034,1.553,2.331,3.000,False,False,False,,,False
centre,78440,Les Mureaux,commune,,34632,ign_chef_lieu,1.909,48.993,26.349,35.876,76.000,81.000,87.000,11.000,,27.720,19.518,306.000,178.000,-128.000,-0.345,-17.941,2.922,2.000,False,False,False,,,False
centre,95028,Attainville,commune,,1904,ign_chef_lieu,2.346,49.057,26.407,22.317,91.000,98.000,108.000,17.000,,45.552,16.167,307.000,277.500,-29.500,-0.080,-0.826,2.151,3.000,False,False,False,,,False
centre,95476,Osny,commune,,17954,ign_chef_lieu,2.062,49.066,26.430,31.598,88.000,91.000,96.000,8.000,,44.917,17.427,308.000,241.000,-67.000,-0.181,-7.950,2.026,3.000,False,False,False,,,False
centre,95211,Ennery,commune,,2243,ign_chef_lieu,2.106,49.076,26.536,30.368,109.000,115.000,121.000,12.000,,44.195,13.845,309.000,340.000,31.000,0.084,16.098,2.602,3.000,False,False,False,,,False
centre,95094,Bouqueval,commune,,314,ign_chef_lieu,2.424,49.024,26.559,19.420,,,,,,44.458,,,,,,,,,False,False,False,,,False
centre,95510,Puiseux-Pontoise,commune,,603,ign_chef_lieu,2.022,49.057,26.651,32.908,82.000,86.000,89.000,7.000,,41.967,18.594,310.000,206.000,-104.000,-0.280,-13.362,2.049,2.000,False,False,False,,,False
centre,94055,Ormesson-sur-Marne,commune,,10977,ign_chef_lieu,2.540,48.786,26.695,15.889,85.000,88.000,91.000,6.000,,45.338,18.201,311.000,224.000,-87.000,-0.235,-11.419,1.941,2.000,False,False,False,,,False
centre,95492,Le Plessis-Gassot,commune,,102,ign_chef_lieu,2.412,49.033,26.765,20.173,,,,,,45.257,,,,,,,,,False,False,False,,,False
centre,93051,Noisy-le-Grand,commune,,72978,ign_chef_lieu,2.552,48.850,26.773,14.690,75.000,78.000,81.000,6.000,,43.877,20.595,312.000,157.500,-154.500,-0.416,-21.599,1.778,1.000,False,False,False,,6.000,False
centre,78238,Flins-sur-Seine,commune,,2447,ign_chef_lieu,1.870,48.963,26.803,37.295,115.000,122.000,130.000,15.000,,26.850,13.182,313.000,354.000,41.000,0.111,22.562,4.544,3.000,False,False,False,,,False
centre,95430,Montsoult,commune,,4023,ign_chef_lieu,2.312,49.071,26.836,24.007,85.000,91.000,97.000,12.000,,47.048,17.694,314.000,241.000,-73.000,-0.197,-8.636,1.934,2.000,False,False,False,,,False
centre,93046,Livry-Gargan,commune,,47228,ign_chef_lieu,2.536,48.919,26.927,15.193,87.000,91.000,94.000,7.000,,40.438,17.754,315.000,241.000,-74.000,-0.199,-8.788,2.250,3.000,False,False,False,,,False
centre,91235,Fleury-Mérogis,commune,,13721,ign_chef_lieu,2.361,48.630,26.945,25.188,103.000,109.000,116.000,13.000,,40.633,14.832,316.000,322.000,6.000,0.016,9.218,2.683,4.000,True,False,False,,,False
centre,95120,Butry-sur-Oise,commune,,2252,ign_chef_lieu,2.198,49.086,26.957,27.909,103.000,109.000,114.000,11.000,,44.995,14.839,317.000,322.000,5.000,0.013,9.193,2.422,3.000,False,False,False,,,False
centre,78033,Aulnay-sur-Mauldre,commune,,1180,ign_chef_lieu,1.844,48.929,26.968,38.176,122.000,138.000,150.000,28.000,,35.023,11.725,318.000,368.000,50.000,0.135,38.217,3.940,2.000,False,False,False,,,False
centre,91521,Ris-Orangis,commune,,31189,ign_chef_lieu,2.416,48.654,26.971,23.016,97.000,102.000,108.000,11.000,,41.100,15.866,319.000,301.000,-18.000,-0.049,2.154,2.482,3.000,False,False,False,,,False
centre,93071,Sevran,commune,,52535,ign_chef_lieu,2.526,48.940,26.992,15.716,79.000,81.000,84.000,5.000,,43.163,19.994,320.000,178.000,-142.000,-0.383,-18.908,1.877,2.000,False,False,False,,10.000,False
centre,78013,Andelu,commune,,550,ign_chef_lieu,1.824,48.879,27.014,38.888,,,,,,38.080,,,,,,,,,False,False,False,,,False
centre,78034,Auteuil,commune,,1020,ign_chef_lieu,1.819,48.841,27.094,39.220,113.000,124.000,144.000,31.000,,31.553,13.110,321.000,356.000,35.000,0.094,23.910,3.930,2.000,False,False,False,,,False
centre,78364,Marcq,commune,,802,ign_chef_lieu,1.819,48.860,27.117,39.145,139.000,150.000,170.000,31.000,,33.660,10.847,322.000,370.000,48.000,0.129,49.829,4.456,2.000,False,False,False,,,False
centre,95612,Le Thillay,commune,,4560,ign_chef_lieu,2.470,49.002,27.145,18.314,95.000,99.000,103.000,8.000,,41.782,16.452,323.000,284.500,-38.500,-0.104,-1.162,2.369,4.000,True,False,False,,,False
centre,78401,Meulan-en-Yvelines,commune,,8950,ign_chef_lieu,1.910,49.005,27.154,36.404,85.000,91.000,97.000,12.000,,29.683,17.904,324.000,241.000,-83.000,-0.224,-9.165,3.066,3.000,False,False,False,,,False
centre,78030,Auffargis,commune,,1963,ign_chef_lieu,1.887,48.700,27.224,38.336,,,,,,33.015,,,,,,,,,False,False,False,,,False
centre,91634,Vaugrigneuse,commune,,1458,ign_chef_lieu,2.121,48.603,27.240,32.966,,,,,,43.377,,,,,,,,,False,False,False,,,False
centre,91103,Brétigny-sur-Orge,commune,,26658,ign_chef_lieu,2.306,48.611,27.241,27.452,94.000,99.000,106.000,12.000,,40.732,16.510,325.000,284.500,-40.500,-0.109,-1.334,2.431,3.000,False,False,False,,,False
centre,93014,Clichy-sous-Bois,commune,,29354,ign_chef_lieu,2.546,48.911,27.318,15.426,88.000,92.000,95.000,7.000,,41.870,17.816,326.000,251.500,-74.500,-0.201,-8.438,2.197,2.000,False,False,False,,,False
centre,95353,Maffliers,commune,,1856,ign_chef_lieu,2.308,49.076,27.336,24.650,92.000,100.000,106.000,14.000,,48.332,16.402,327.000,292.500,-34.500,-0.093,-0.508,2.069,2.000,False,False,False,,,False
centre,78398,Les Mesnuls,commune,,910,ign_chef_lieu,1.837,48.758,27.452,39.400,,,,,,30.680,,,,,,,,,False,False,False,,,False
centre,78029,Aubergenville,commune,,12723,ign_chef_lieu,1.856,48.959,27.515,38.154,104.000,110.000,115.000,11.000,,28.052,15.008,328.000,327.000,-1.000,-0.003,9.090,3.921,2.000,False,False,False,,,False
centre,94053,Noiseau,commune,,4628,ign_chef_lieu,2.549,48.775,27.592,17.032,88.000,91.000,95.000,7.000,,47.275,18.193,329.000,241.000,-88.000,-0.237,-9.876,1.925,2.000,False,False,False,,,False
centre,91494,Le Plessis-Pâté,commune,,4154,ign_chef_lieu,2.325,48.612,27.653,27.230,106.000,110.000,117.000,11.000,,43.788,15.083,330.000,327.000,-3.000,-0.008,8.824,2.512,4.000,True,False,False,,,False
centre,78087,Bonnelles,commune,,2165,ign_chef_lieu,2.028,48.618,27.662,35.639,,,,,,46.225,,,,,,,,,False,False,False,,,False
centre,78389,Méré,commune,,1731,ign_chef_lieu,1.820,48.788,27.713,39.841,,,,,,28.337,,,,,,,,,False,False,False,,,False
centre,95395,Le Mesnil-Aubry,commune,,914,ign_chef_lieu,2.400,49.051,27.797,21.898,,,,,,45.397,,,,,,,,,False,False,False,,,False
centre,91115,Bruyères-le-Châtel,commune,,3788,ign_chef_lieu,2.193,48.593,27.818,31.522,139.000,,,,,43.857,,,,,,,,,False,False,False,,,False
centre,91186,Courson-Monteloup,commune,,563,ign_chef_lieu,2.145,48.593,28.039,33.033,,,,,,42.532,,,,,,,,,False,False,False,,,False
centre,95633,Vaudherland,commune,,104,ign_chef_lieu,2.487,49.001,28.040,18.838,108.000,111.000,115.000,7.000,,40.870,15.157,331.000,332.000,1.000,0.003,9.065,2.716,4.000,True,False,False,,,False
centre,95445,Nerville-la-Forêt,commune,,756,ign_chef_lieu,2.277,49.089,28.111,26.490,105.000,125.000,146.000,41.000,,46.117,13.493,332.000,357.000,25.000,0.067,22.668,2.711,4.000,True,False,False,,,False
centre,95628,Valmondois,commune,,1208,ign_chef_lieu,2.190,49.096,28.115,29.206,108.000,114.000,121.000,13.000,,48.473,14.797,333.000,336.500,3.500,0.009,11.867,2.352,3.000,False,False,False,,,False
centre,78609,Tessancourt-sur-Aubette,commune,,966,ign_chef_lieu,1.919,49.024,28.119,36.817,110.000,116.000,124.000,14.000,,33.753,14.544,334.000,344.000,10.000,0.027,13.821,3.437,3.000,False,False,False,,,False
centre,91552,Saint-Germain-lès-Arpajon,commune,,11623,ign_chef_lieu,2.256,48.595,28.130,29.966,107.000,114.000,123.000,16.000,,40.612,14.805,335.000,336.500,1.500,0.004,11.837,2.807,4.000,True,False,False,,,False
centre,91461,Ollainville,commune,,5455,ign_chef_lieu,2.217,48.591,28.157,31.145,122.000,130.000,139.000,17.000,,43.205,12.996,336.000,363.500,27.500,0.074,27.472,3.009,3.000,False,False,False,,,False
centre,78036,Autouillet,commune,,665,ign_chef_lieu,1.804,48.850,28.202,40.287,117.000,128.000,148.000,31.000,,33.405,13.220,337.000,360.000,23.000,0.062,25.413,3.832,2.000,False,False,False,,,False
centre,78451,Nézel,commune,,1139,ign_chef_lieu,1.836,48.946,28.204,39.171,117.000,130.000,138.000,21.000,,31.277,13.017,338.000,363.500,25.500,0.069,27.368,4.156,3.000,False,False,False,,,False
centre,78299,Hardricourt,commune,,2599,ign_chef_lieu,1.894,49.008,28.217,37.562,90.000,96.000,103.000,13.000,,31.695,17.635,339.000,270.500,-68.500,-0.185,-5.964,3.029,3.000,False,False,False,,,False
centre,95170,Condécourt,commune,,564,ign_chef_lieu,1.941,49.040,28.335,36.382,106.000,111.000,118.000,12.000,,36.100,15.316,340.000,332.000,-8.000,-0.022,8.505,3.075,3.000,False,False,False,,,False
centre,93033,Gournay-sur-Marne,commune,,7320,ign_chef_lieu,2.573,48.865,28.355,16.191,89.000,92.000,95.000,6.000,,48.845,18.492,341.000,251.500,-89.500,-0.241,-10.098,1.884,2.000,False,False,False,,,False
centre,91114,Brunoy,commune,,25643,ign_chef_lieu,2.504,48.698,28.358,20.863,87.000,91.000,95.000,8.000,,49.095,18.697,342.000,241.000,-101.000,-0.272,-11.080,1.854,2.000,False,False,False,,,False
centre,78120,Bullion,commune,,1916,ign_chef_lieu,1.999,48.621,28.369,36.885,,,,,,43.852,,,,,,,,,False,False,False,,,False
centre,78125,La Celle-les-Bordes,commune,,840,ign_chef_lieu,1.955,48.640,28.378,37.866,,,,,,42.842,,,,,,,,,False,False,False,,,False
centre,78403,Mézy-sur-Seine,commune,,2242,ign_chef_lieu,1.881,49.000,28.407,38.054,102.000,108.000,114.000,12.000,,32.848,15.782,343.000,317.500,-25.500,-0.069,5.441,3.288,4.000,True,False,False,,,False
centre,78230,La Falaise,commune,,609,ign_chef_lieu,1.832,48.945,28.426,39.417,121.000,137.000,149.000,28.000,,32.093,12.449,344.000,367.000,23.000,0.062,33.711,4.269,2.000,False,False,False,,,False
centre,95078,Boissy-l'Aillerie,commune,,2120,ign_chef_lieu,2.029,49.077,28.442,34.103,104.000,114.000,124.000,20.000,,45.192,14.969,345.000,336.500,-8.500,-0.023,11.233,2.523,4.000,True,False,False,,,False
centre,91021,Arpajon,commune,,11698,ign_chef_lieu,2.248,48.590,28.520,30.594,112.000,116.000,122.000,10.000,,40.675,14.752,346.000,344.000,-2.000,-0.005,13.031,2.852,4.000,True,False,False,,,False
centre,94059,Le Plessis-Trévise,commune,,21112,ign_chef_lieu,2.573,48.809,28.536,17.014,83.000,87.000,91.000,8.000,,48.813,19.680,347.000,216.000,-131.000,-0.353,-15.249,1.782,3.000,False,False,False,,,False
centre,95271,Génicourt,commune,,514,ign_chef_lieu,2.066,49.088,28.574,33.190,110.000,114.000,119.000,9.000,,43.798,15.039,348.000,336.500,-11.500,-0.031,10.979,2.603,3.000,False,False,False,,,False
centre,95535,Sagy,commune,,1096,ign_chef_lieu,1.952,49.050,28.720,36.391,,,,,,37.937,,,,,,,,,False,False,False,,,False
centre,93078,Villepinte,commune,,41470,ign_chef_lieu,2.535,48.964,28.738,17.917,86.000,90.000,95.000,9.000,,42.545,19.159,349.000,231.500,-117.500,-0.317,-12.631,2.115,3.000,False,False,False,,,False
centre,78420,Montfort-l'Amaury,commune,,2779,ign_chef_lieu,1.809,48.778,28.767,40.864,,,,,,28.973,,,,,,,,,False,False,False,,,False
centre,94075,Villecresnes,commune,,11647,ign_chef_lieu,2.533,48.722,28.769,20.000,93.000,96.000,100.000,7.000,,45.422,17.981,350.000,270.500,-79.500,-0.214,-6.855,2.114,2.000,False,False,False,,,False
centre,95660,Villaines-sous-Bois,commune,,778,ign_chef_lieu,2.357,49.077,28.769,24.532,92.000,104.000,120.000,28.000,,48.397,16.598,351.000,308.000,-43.000,-0.116,0.906,2.149,3.000,False,False,False,,,False
centre,78084,Boissy-sans-Avoir,commune,,616,ign_chef_lieu,1.798,48.819,28.772,40.944,,,,,,28.773,,,,,,,,,False,False,False,,,False
centre,95341,Livilliers,commune,,389,ign_chef_lieu,2.095,49.095,28.808,32.576,113.000,121.000,130.000,17.000,,45.413,14.285,352.000,352.500,0.500,0.001,17.323,2.664,3.000,False,False,False,,,False
centre,93047,Montfermeil,commune,,28703,ign_chef_lieu,2.571,48.902,28.844,16.801,87.000,91.000,95.000,8.000,,45.892,19.018,353.000,241.000,-112.000,-0.302,-11.820,1.983,2.000,False,False,False,,,False
centre,78616,Thoiry,commune,,1434,ign_chef_lieu,1.795,48.865,28.889,40.886,118.000,129.000,149.000,31.000,,35.378,13.437,354.000,361.500,7.500,0.020,24.907,3.646,2.000,False,False,False,,,False
centre,95308,Hérouville-en-Vexin,commune,,584,ign_chef_lieu,2.131,49.101,28.945,31.683,119.000,127.000,136.000,17.000,,46.510,13.675,355.000,359.000,4.000,0.011,22.853,2.731,3.000,False,False,False,,,False
centre,94060,La Queue-en-Brie,commune,,12241,ign_chef_lieu,2.575,48.791,29.026,17.886,88.000,91.000,94.000,6.000,,50.700,19.138,356.000,241.000,-115.000,-0.310,-12.091,1.795,2.000,False,False,False,,,False
centre,91457,La Norville,commune,,4268,ign_chef_lieu,2.259,48.587,29.049,30.770,111.000,116.000,129.000,18.000,,42.797,15.025,357.000,344.000,-13.000,-0.035,12.015,2.710,4.000,True,False,False,,,False
centre,91215,Épinay-sous-Sénart,commune,,11611,ign_chef_lieu,2.515,48.695,29.177,21.565,97.000,101.000,105.000,8.000,,50.390,17.333,358.000,297.000,-61.000,-0.164,-2.679,2.004,2.000,False,False,False,,,False
centre,78262,Galluis,commune,,1298,ign_chef_lieu,1.796,48.796,29.252,41.412,,,,,,28.433,,,,,,,,,False,False,False,,,False
centre,91086,Bondoufle,commune,,10767,ign_chef_lieu,2.380,48.613,29.260,27.114,114.000,121.000,126.000,12.000,,42.235,14.509,359.000,352.500,-6.500,-0.018,16.428,2.865,3.000,False,False,False,,,False
centre,95181,Courcelles-sur-Viosne,commune,,310,ign_chef_lieu,2.003,49.077,29.288,35.449,,,,,,44.625,,,,,,,,,False,False,False,,,False
centre,94048,Marolles-en-Brie,commune,,4781,ign_chef_lieu,2.550,48.733,29.336,20.000,106.000,109.000,113.000,7.000,,47.345,16.148,360.000,322.000,-38.000,-0.102,4.748,2.302,2.000,False,False,False,,,False
centre,91600,Soisy-sur-Seine,commune,,7418,ign_chef_lieu,2.452,48.646,29.353,24.527,110.000,116.000,123.000,13.000,,45.057,15.183,361.000,344.000,-17.000,-0.046,11.444,2.575,4.000,True,False,False,,,False
centre,91207,Égly,commune,,7166,ign_chef_lieu,2.222,48.580,29.430,32.222,111.000,118.000,128.000,17.000,,43.500,14.964,362.000,347.000,-15.000,-0.040,13.219,2.713,3.000,False,False,False,,,False
centre,91017,Angervilliers,commune,,1772,ign_chef_lieu,2.065,48.592,29.456,36.281,,,,,,47.132,,,,,,,,,False,False,False,,,False
centre,95682,Villiers-le-Sec,commune,,205,ign_chef_lieu,2.390,49.072,29.458,24.189,118.000,140.000,163.000,45.000,,48.338,12.625,363.000,369.000,6.000,0.016,34.265,2.896,3.000,False,False,False,,,False
centre,95422,Montgeroult,commune,,361,ign_chef_lieu,2.007,49.081,29.501,35.515,119.000,129.000,139.000,20.000,,46.042,13.722,364.000,361.500,-2.500,-0.007,23.626,2.802,4.000,True,False,False,,,False
centre,93074,Vaujours,commune,,8007,ign_chef_lieu,2.567,48.932,29.525,17.861,91.000,95.000,99.000,8.000,,42.810,18.647,365.000,266.500,-98.500,-0.265,-8.993,2.219,3.000,False,False,False,,,False
centre,91568,Saint-Maurice-Montcouronne,commune,,1543,ign_chef_lieu,2.124,48.581,29.535,34.900,,,,,,45.577,,,,,,,,,False,False,False,,,False
centre,78261,Gaillon-sur-Montcient,commune,,689,ign_chef_lieu,1.892,49.024,29.542,38.550,112.000,119.000,129.000,17.000,,32.617,14.895,366.000,348.500,-17.500,-0.047,13.965,3.648,3.000,False,False,False,,,False
centre,78486,Le Perray-en-Yvelines,commune,,6480,ign_chef_lieu,1.855,48.695,29.573,40.787,93.000,101.000,109.000,16.000,,35.238,17.568,367.000,297.000,-70.000,-0.189,-3.322,2.866,2.000,False,False,False,,,False
centre,95280,Goussainville,commune,,31301,ign_chef_lieu,2.473,49.032,29.638,21.474,83.000,90.000,98.000,15.000,,47.597,19.759,368.000,231.500,-136.500,-0.368,-13.945,1.891,3.000,False,False,False,,,False
centre,93015,Coubron,commune,,5175,ign_chef_lieu,2.577,48.916,29.651,17.733,95.000,99.000,103.000,8.000,,44.595,17.970,369.000,284.500,-84.500,-0.228,-5.359,2.220,2.000,False,False,False,,,False
centre,77108,Chelles,commune,,54620,ign_chef_lieu,2.590,48.878,29.767,17.593,77.000,81.000,85.000,8.000,,50.303,22.050,370.000,178.000,-192.000,-0.518,-22.715,1.610,2.000,False,False,False,,1.000,False
centre,95313,L'Isle-Adam,commune,,12493,ign_chef_lieu,2.218,49.112,29.975,30.126,105.000,111.000,118.000,13.000,,47.298,16.203,371.000,332.000,-39.000,-0.105,5.546,2.347,4.000,True,False,False,,,False
centre,78655,Vieille-Église-en-Yvelines,commune,,652,ign_chef_lieu,1.875,48.670,29.984,40.732,,,,,,38.690,,,,,,,,,False,False,False,,,False
gare,92033,Garches,commune,,17743,ign_chef_lieu,2.188,48.844,0.584,12.175,9.000,9.000,9.000,0.000,9.000,1.572,3.892,,,,,,5.726,0.000,False,True,False,,,True
gare,92047,Marnes-la-Coquette,commune,,1752,ign_chef_lieu,2.178,48.830,1.125,13.169,17.000,17.000,17.000,0.000,17.000,4.338,3.972,1.000,2.500,1.500,0.004,4.698,3.919,0.000,False,True,False,,,False
gare,92077,Ville-d'Avray,commune,,11089,ign_chef_lieu,2.190,48.828,1.130,12.361,26.000,26.000,26.000,0.000,26.000,5.623,2.607,2.000,7.000,5.000,0.013,59.808,4.624,0.000,False,True,False,,,False
gare,92076,Vaucresson,commune,,8432,ign_chef_lieu,2.158,48.839,2.100,14.401,15.000,17.000,20.000,5.000,30.000,2.688,7.411,3.000,2.500,-0.500,-0.001,-25.223,6.324,0.000,False,False,False,,,False
gare,92072,Sèvres,commune,,22303,ign_chef_lieu,2.213,48.825,2.442,10.853,31.000,34.000,37.000,6.000,43.000,8.845,4.309,4.000,13.500,9.500,0.026,37.852,3.844,2.000,False,False,False,,,False
gare,92064,Saint-Cloud,commune,,29855,ign_chef_lieu,2.219,48.844,2.465,9.890,13.000,15.000,18.000,5.000,34.000,4.763,9.861,5.000,1.000,-4.000,-0.011,-39.493,3.149,0.000,False,False,False,,,False
gare,92022,Chaville,commune,,20594,ign_chef_lieu,2.188,48.810,3.159,13.115,25.000,29.000,33.000,8.000,59.000,12.968,6.536,6.000,8.000,2.000,0.005,2.329,2.236,1.000,False,False,False,,,False
gare,78126,La Celle-Saint-Cloud,commune,,20460,ign_chef_lieu,2.136,48.848,3.859,15.897,22.000,24.000,27.000,5.000,59.000,7.533,9.646,7.000,4.500,-2.500,-0.007,-23.980,3.186,1.000,False,False,False,,,False
gare,92012,Boulogne-Billancourt,commune,,119019,ign_chef_lieu,2.241,48.836,3.974,8.524,35.000,37.000,40.000,5.000,60.000,8.187,6.444,8.000,16.500,8.500,0.023,15.352,4.520,1.000,False,False,False,,,False
gare,78092,Bougival,commune,,9134,ign_chef_lieu,2.140,48.861,4.242,15.612,28.000,31.000,34.000,6.000,66.000,10.342,8.209,9.000,12.000,3.000,0.008,-6.697,2.998,1.000,False,False,False,,,False
gare,78686,Viroflay,commune,,17237,ign_chef_lieu,2.173,48.800,4.410,14.594,32.000,38.000,44.000,12.000,73.000,15.175,6.962,10.000,18.500,8.500,0.023,11.998,2.504,2.000,False,False,False,,,False
gare,92063,Rueil-Malmaison,commune,,82874,ign_chef_lieu,2.181,48.878,4.420,12.835,44.000,46.000,48.000,4.000,72.000,9.903,5.765,11.000,45.500,34.500,0.093,35.406,4.645,1.000,False,False,False,,,False
gare,92073,Suresnes,commune,,48956,ign_chef_lieu,2.225,48.871,4.612,9.487,22.000,24.000,27.000,5.000,69.000,7.838,11.531,12.000,4.500,-7.500,-0.020,-30.961,3.062,1.000,False,False,False,,,False
gare,78158,Le Chesnay-Rocquencourt,commune,,30689,ign_chef_lieu,2.125,48.826,4.687,17.006,26.000,30.000,34.000,8.000,72.000,7.430,9.373,13.000,10.000,-3.000,-0.008,-14.442,4.038,1.000,False,False,False,,,False
gare,92048,Meudon,commune,,46334,ign_chef_lieu,2.239,48.813,4.744,9.653,41.000,43.000,46.000,5.000,77.000,13.962,6.620,14.000,32.500,18.500,0.050,21.827,3.080,1.000,False,False,False,,,False
gare,78190,Croissy-sur-Seine,commune,,11013,ign_chef_lieu,2.148,48.881,5.488,15.263,43.000,46.000,49.000,6.000,102.000,14.793,7.158,15.000,45.500,30.500,0.082,20.480,3.110,1.000,False,False,False,,,False
gare,78646,Versailles,commune,,84095,ign_chef_lieu,2.130,48.801,5.851,17.444,39.000,41.000,44.000,5.000,90.000,10.350,8.562,16.000,26.000,10.000,0.027,3.733,3.961,2.000,False,False,False,,,False
gare,78350,Louveciennes,commune,,7990,ign_chef_lieu,2.113,48.862,6.031,17.620,27.000,30.000,33.000,6.000,91.000,9.678,12.062,17.000,10.000,-7.000,-0.019,-25.330,3.100,1.000,False,False,False,,,False
gare,78146,Chatou,commune,,30598,ign_chef_lieu,2.158,48.890,6.115,14.779,41.000,44.000,47.000,6.000,104.000,14.200,8.339,18.000,37.000,19.000,0.051,8.701,3.099,1.000,False,False,False,,,False
gare,92050,Nanterre,commune,,97783,ign_chef_lieu,2.207,48.892,6.158,11.372,40.000,43.000,46.000,6.000,97.000,14.352,8.592,19.000,32.500,13.500,0.036,5.836,2.996,1.000,False,False,False,,,False
gare,78640,Vélizy-Villacoublay,commune,,23011,ign_chef_lieu,2.191,48.783,6.190,14.434,41.000,47.000,53.000,12.000,104.000,17.098,7.902,20.000,51.500,31.500,0.085,15.358,2.749,2.000,False,False,False,,,False
gare,92062,Puteaux,commune,,44002,ign_chef_lieu,2.238,48.884,6.338,8.936,23.000,25.000,28.000,5.000,94.000,12.588,15.210,21.000,6.000,-15.000,-0.040,-39.417,1.986,0.000,False,False,False,,,False
gare,92040,Issy-les-Moulineaux,commune,,67669,ign_chef_lieu,2.274,48.825,6.589,6.776,43.000,45.000,48.000,5.000,99.000,14.305,8.785,22.000,41.500,19.500,0.053,6.786,3.146,2.000,False,False,False,,,False
gare,92023,Clamart,commune,,58576,ign_chef_lieu,2.263,48.801,6.994,9.044,55.000,58.000,62.000,7.000,112.000,19.893,7.235,23.000,86.000,63.000,0.170,33.271,2.916,2.000,False,False,False,,,False
gare,78502,Le Port-Marly,commune,,5559,ign_chef_lieu,2.112,48.878,7.071,17.836,41.000,43.000,46.000,5.000,109.000,15.035,9.866,24.000,32.500,8.500,0.023,-1.774,2.860,0.000,False,False,False,,,False
gare,75116,Paris 16e Arrondissement,district,75056,159386,ign_chef_lieu_arrondissement,2.277,48.864,7.179,5.633,37.000,40.000,42.000,5.000,109.000,15.722,10.768,25.000,23.500,-1.500,-0.004,-9.371,2.544,3.000,False,False,False,,,False
gare,78650,Le Vésinet,commune,,15554,ign_chef_lieu,2.135,48.895,7.316,16.525,45.000,48.000,50.000,5.000,,17.223,9.146,26.000,56.000,30.000,0.081,7.644,2.787,1.000,False,False,False,,,False
gare,78372,Marly-le-Roi,commune,,16756,ign_chef_lieu,2.097,48.868,7.360,18.789,27.000,30.000,33.000,6.000,112.000,12.268,14.720,27.000,10.000,-17.000,-0.046,-32.937,2.445,0.000,False,False,False,,,False
gare,78124,Carrières-sur-Seine,commune,,14791,ign_chef_lieu,2.176,48.906,7.568,14.048,47.000,50.000,53.000,6.000,,21.707,9.082,28.000,60.500,32.500,0.088,10.101,2.303,2.000,False,False,False,,,False
gare,92075,Vanves,commune,,28622,ign_chef_lieu,2.289,48.821,7.789,6.048,50.000,52.000,55.000,5.000,116.000,16.708,8.987,29.000,68.000,39.000,0.105,12.741,3.112,2.000,False,False,False,,,False
gare,78043,Bailly,commune,,3731,ign_chef_lieu,2.079,48.840,7.905,20.169,38.000,42.000,45.000,7.000,114.000,10.588,11.293,30.000,29.000,-1.000,-0.003,-9.666,3.967,1.000,False,False,False,,,False
gare,92051,Neuilly-sur-Seine,commune,,59538,ign_chef_lieu,2.270,48.885,7.997,6.847,35.000,37.000,40.000,5.000,,15.097,12.968,31.000,16.500,-14.500,-0.039,-20.912,2.451,1.000,False,False,False,,,False
gare,92026,Courbevoie,commune,,82902,ign_chef_lieu,2.256,48.895,8.120,8.332,32.000,34.000,37.000,5.000,,14.443,14.330,32.000,13.500,-18.500,-0.050,-27.924,2.354,0.000,False,False,False,,,False
gare,78418,Montesson,commune,,14549,ign_chef_lieu,2.150,48.909,8.269,15.966,52.000,54.000,58.000,6.000,,21.548,9.187,33.000,74.000,41.000,0.111,13.361,2.506,2.000,False,False,False,,,False
gare,78322,Jouy-en-Josas,commune,,7981,ign_chef_lieu,2.169,48.765,8.291,16.922,49.000,52.000,56.000,7.000,,17.677,9.567,34.000,68.000,34.000,0.092,9.001,2.942,2.000,False,False,False,,,False
gare,75115,Paris 15e Arrondissement,district,75056,229713,ign_chef_lieu_arrondissement,2.300,48.841,8.360,4.177,47.000,49.000,51.000,4.000,,19.557,10.236,35.000,57.500,22.500,0.061,2.259,2.506,2.000,False,False,False,,,False
gare,92060,Le Plessis-Robinson,commune,,28848,ign_chef_lieu,2.262,48.782,8.367,10.588,67.000,71.000,74.000,7.000,,18.875,7.071,36.000,170.000,134.000,0.361,48.102,3.762,3.000,False,False,False,,,False
gare,78117,Buc,commune,,5816,ign_chef_lieu,2.126,48.774,8.418,18.992,56.000,60.000,66.000,10.000,,18.283,8.418,37.000,95.500,58.500,0.158,24.745,3.282,2.000,False,False,False,,,False
gare,92046,Malakoff,commune,,30557,ign_chef_lieu,2.302,48.821,8.669,5.440,55.000,57.000,60.000,5.000,,17.578,9.125,38.000,81.500,43.500,0.117,16.644,3.243,2.000,False,False,False,,,False
gare,92020,Châtillon,commune,,36705,ign_chef_lieu,2.290,48.800,8.720,7.810,67.000,69.000,72.000,5.000,,20.908,7.583,39.000,155.500,116.500,0.314,40.754,3.300,4.000,True,False,False,,,False
gare,92035,La Garenne-Colombes,commune,,30197,ign_chef_lieu,2.247,48.907,8.810,9.590,36.000,39.000,42.000,6.000,,16.767,13.554,40.000,21.000,-19.000,-0.051,-20.884,2.326,0.000,False,False,False,,,False
gare,78481,Le Pecq,commune,,16059,ign_chef_lieu,2.106,48.897,8.823,18.628,49.000,51.000,54.000,5.000,,17.678,10.379,41.000,64.000,23.000,0.062,3.382,2.885,2.000,False,False,False,,,False
gare,78343,Les Loges-en-Josas,commune,,1645,ign_chef_lieu,2.140,48.764,8.907,18.643,56.000,59.000,63.000,7.000,,19.605,9.058,42.000,89.500,47.500,0.128,18.986,3.009,2.000,False,False,False,,,False
gare,78455,Noisy-le-Roi,commune,,7713,ign_chef_lieu,2.064,48.844,8.978,21.184,37.000,40.000,44.000,7.000,,13.308,13.468,43.000,23.500,-19.500,-0.053,-19.679,3.006,1.000,False,False,False,,,False
gare,92032,Fontenay-aux-Roses,commune,,24070,ign_chef_lieu,2.287,48.791,9.021,8.717,69.000,73.000,76.000,7.000,,23.197,7.415,44.000,182.000,138.000,0.372,46.212,3.147,3.000,False,False,False,10.000,,False
gare,78224,L'Étang-la-Ville,commune,,5157,ign_chef_lieu,2.073,48.871,9.125,20.599,33.000,36.000,39.000,6.000,,18.690,15.208,45.000,15.000,-30.000,-0.081,-28.339,1.926,0.000,False,False,False,,,False
gare,78367,Mareil-Marly,commune,,4141,ign_chef_lieu,2.077,48.882,9.395,20.408,42.000,45.000,48.000,6.000,,20.830,12.527,46.000,41.500,-4.500,-0.012,-11.825,2.160,1.000,False,False,False,,,False
gare,78311,Houilles,commune,,33983,ign_chef_lieu,2.187,48.923,9.434,14.259,36.000,38.000,41.000,5.000,,24.977,14.896,47.000,18.500,-28.500,-0.077,-25.706,1.521,1.000,False,False,False,,,False
gare,92044,Levallois-Perret,commune,,68092,ign_chef_lieu,2.288,48.893,9.576,6.243,42.000,44.000,47.000,5.000,,18.305,13.058,48.000,37.000,-11.000,-0.030,-14.665,2.404,3.000,False,False,False,,,False
gare,78551,Saint-Germain-en-Laye,commune,,45931,ign_chef_lieu,2.094,48.899,9.576,19.555,43.000,47.000,50.000,7.000,,20.087,12.225,49.000,51.500,2.500,0.007,-8.848,2.340,1.000,False,False,False,,,False
gare,91064,Bièvres,commune,,4686,ign_chef_lieu,2.215,48.754,9.590,15.191,58.000,61.000,65.000,7.000,,18.753,9.433,50.000,105.000,55.000,0.148,18.211,3.253,2.000,False,False,False,,,False
gare,92007,Bagneux,commune,,44572,ign_chef_lieu,2.304,48.799,9.654,7.267,62.000,65.000,68.000,6.000,,23.370,8.912,51.000,124.000,73.000,0.197,25.508,2.781,4.000,True,False,False,,,False
gare,78545,Saint-Cyr-l'École,commune,,21268,ign_chef_lieu,2.067,48.800,9.771,21.884,43.000,47.000,51.000,8.000,,14.860,12.474,52.000,51.500,-0.500,-0.001,-9.836,3.163,1.000,False,False,False,,,False
gare,92071,Sceaux,commune,,20884,ign_chef_lieu,2.288,48.780,9.933,9.750,70.000,73.000,76.000,6.000,,23.008,8.164,53.000,182.000,129.000,0.348,38.807,3.173,3.000,False,False,False,,,False
gare,75107,Paris 7e Arrondissement,district,75056,48015,ign_chef_lieu_arrondissement,2.320,48.857,10.053,2.354,44.000,47.000,49.000,5.000,,24.675,12.833,54.000,51.500,-2.500,-0.007,-11.207,1.905,2.000,False,False,False,,,False
gare,92049,Montrouge,commune,,46324,ign_chef_lieu,2.320,48.819,10.074,4.797,49.000,52.000,55.000,6.000,,19.283,11.623,55.000,68.000,13.000,0.035,-1.871,2.697,3.000,False,False,False,,,False
gare,95063,Bezons,commune,,36434,ign_chef_lieu,2.216,48.928,10.189,12.772,43.000,46.000,49.000,6.000,,19.890,13.290,56.000,45.500,-10.500,-0.028,-13.725,2.313,1.000,False,False,False,,,False
gare,75114,Paris 14e Arrondissement,district,75056,136455,ign_chef_lieu_arrondissement,2.327,48.833,10.321,3.201,48.000,50.000,53.000,5.000,,22.340,12.385,57.000,60.500,3.500,0.009,-6.873,2.238,2.000,False,False,False,,,False
gare,92009,Bois-Colombes,commune,,28909,ign_chef_lieu,2.268,48.914,10.337,8.946,40.000,42.000,45.000,5.000,,19.447,14.767,58.000,29.000,-29.000,-0.078,-21.839,2.160,0.000,False,False,False,,,False
gare,92019,Châtenay-Malabry,commune,,35825,ign_chef_lieu,2.278,48.767,10.350,11.320,75.000,78.000,81.000,6.000,,20.257,7.962,59.000,213.000,154.000,0.415,45.058,3.851,3.000,False,False,False,6.000,,False
gare,75108,Paris 8e Arrondissement,district,75056,35317,ign_chef_lieu_arrondissement,2.318,48.878,10.558,3.475,38.000,41.000,43.000,5.000,,22.147,15.451,60.000,26.000,-34.000,-0.092,-24.566,1.851,0.000,False,False,False,,,False
gare,78518,Rennemoulin,commune,,116,ign_chef_lieu,2.043,48.832,10.595,22.913,53.000,64.000,70.000,17.000,,14.382,9.933,61.000,119.000,58.000,0.156,17.527,4.450,2.000,False,False,False,,,False
gare,92025,Colombes,commune,,91053,ign_chef_lieu,2.254,48.923,10.601,10.285,44.000,47.000,49.000,5.000,,20.497,13.534,62.000,51.500,-10.500,-0.028,-13.718,2.293,2.000,False,False,False,,,False
gare,78242,Fontenay-le-Fleury,commune,,13680,ign_chef_lieu,2.046,48.811,10.785,23.086,54.000,58.000,62.000,8.000,,16.692,11.156,63.000,86.000,23.000,0.062,5.496,3.475,2.000,False,False,False,,,False
gare,75106,Paris 6e Arrondissement,district,75056,40389,ign_chef_lieu_arrondissement,2.332,48.851,10.785,1.616,43.000,46.000,49.000,6.000,,26.732,14.067,64.000,45.500,-18.500,-0.050,-16.331,1.721,3.000,False,False,False,,,False
gare,92004,Asnières-sur-Seine,commune,,93941,ign_chef_lieu,2.289,48.911,11.008,7.635,42.000,44.000,47.000,5.000,,18.072,15.011,65.000,37.000,-28.000,-0.075,-20.850,2.435,1.000,False,False,False,,,False
gare,78396,Le Mesnil-le-Roi,commune,,6332,ign_chef_lieu,2.122,48.928,11.018,18.651,56.000,61.000,66.000,10.000,,23.792,10.838,66.000,105.000,39.000,0.105,9.677,2.564,2.000,False,False,False,,,False
gare,91312,Igny,commune,,10833,ign_chef_lieu,2.226,48.742,11.082,15.746,65.000,68.000,72.000,7.000,,19.235,9.778,67.000,147.000,80.000,0.216,21.883,3.535,2.000,False,False,False,,,False
gare,75117,Paris 17e Arrondissement,district,75056,159212,ign_chef_lieu_arrondissement,2.322,48.885,11.198,3.852,39.000,41.000,44.000,5.000,,23.690,16.388,68.000,26.000,-42.000,-0.113,-26.925,1.731,2.000,False,False,False,,,False
gare,92024,Clichy,commune,,64410,ign_chef_lieu,2.305,48.903,11.261,6.232,44.000,47.000,49.000,5.000,,19.223,14.376,69.000,51.500,-17.500,-0.047,-16.484,2.445,2.000,False,False,False,,,False
gare,78297,Guyancourt,commune,,29778,ign_chef_lieu,2.070,48.771,11.373,22.806,62.000,64.000,68.000,6.000,,16.738,10.663,70.000,119.000,49.000,0.132,13.118,3.824,3.000,False,False,False,,,False
gare,94003,Arcueil,commune,,22200,ign_chef_lieu,2.335,48.804,11.529,5.922,53.000,55.000,58.000,5.000,,24.903,12.577,71.000,77.000,6.000,0.016,-3.498,2.209,2.000,False,False,False,,,False
gare,78620,Toussus-le-Noble,commune,,1172,ign_chef_lieu,2.114,48.746,11.570,21.378,65.000,69.000,74.000,9.000,,22.865,10.061,72.000,155.500,83.500,0.225,20.832,3.018,2.000,False,False,False,,,False
gare,92014,Bourg-la-Reine,commune,,21019,ign_chef_lieu,2.316,48.779,11.572,9.025,57.000,60.000,63.000,6.000,,23.938,11.572,73.000,95.500,22.500,0.061,5.064,2.506,2.000,False,False,False,,,False
gare,78586,Sartrouville,commune,,52763,ign_chef_lieu,2.158,48.941,11.614,17.073,40.000,42.000,45.000,5.000,,27.365,16.592,74.000,29.000,-45.000,-0.121,-26.601,1.535,1.000,False,False,False,,,False
gare,75105,Paris 5e Arrondissement,district,75056,55252,ign_chef_lieu_arrondissement,2.344,48.846,11.617,1.300,42.000,44.000,47.000,5.000,,27.875,15.842,75.000,37.000,-38.000,-0.102,-23.117,1.578,2.000,False,False,False,,,False
gare,91635,Vauhallan,commune,,1945,ign_chef_lieu,2.207,48.734,11.689,17.276,82.000,87.000,93.000,11.000,,21.645,8.061,76.000,271.500,195.500,0.527,51.517,4.019,3.000,False,False,False,2.000,,False
gare,91645,Verrières-le-Buisson,commune,,15057,ign_chef_lieu,2.267,48.746,11.832,13.745,79.000,82.000,85.000,6.000,,23.052,8.658,77.000,240.000,163.000,0.439,41.871,3.557,3.000,False,False,False,4.000,,False
gare,94016,Cachan,commune,,31103,ign_chef_lieu,2.334,48.795,11.879,7.005,58.000,60.000,64.000,6.000,,25.405,11.879,78.000,95.500,17.500,0.047,3.589,2.362,3.000,False,False,False,,,False
gare,75109,Paris 9e Arrondissement,district,75056,57271,ign_chef_lieu_arrondissement,2.341,48.872,11.978,1.965,36.000,39.000,41.000,5.000,,27.100,18.428,79.000,21.000,-58.000,-0.156,-32.971,1.439,2.000,False,False,False,,,False
gare,91534,Saclay,commune,,4437,ign_chef_lieu,2.172,48.731,11.983,19.220,74.000,79.000,85.000,11.000,,22.773,9.101,80.000,221.000,141.000,0.380,35.747,3.469,3.000,False,False,False,9.000,,False
gare,94037,Gentilly,commune,,19963,ign_chef_lieu,2.348,48.816,12.127,4.547,53.000,55.000,58.000,5.000,,21.920,13.229,81.000,77.000,-4.000,-0.011,-6.097,2.509,2.000,False,False,False,,,False
gare,78073,Bois-d'Arcy,commune,,16586,ign_chef_lieu,2.031,48.801,12.139,24.381,56.000,60.000,65.000,9.000,,12.975,12.139,82.000,95.500,13.500,0.036,2.384,4.624,2.000,False,False,False,,,False
gare,78571,Saint-Nom-la-Bretèche,commune,,4965,ign_chef_lieu,2.021,48.860,12.357,24.303,62.000,69.000,77.000,15.000,,16.478,10.745,83.000,155.500,72.500,0.195,16.618,4.187,2.000,False,False,False,,,False
gare,92002,Antony,commune,,64263,ign_chef_lieu,2.296,48.754,12.363,12.157,65.000,68.000,71.000,6.000,,23.653,10.908,84.000,147.000,63.000,0.170,14.898,2.875,2.000,False,False,False,,,False
gare,78358,Maisons-Laffitte,commune,,23093,ign_chef_lieu,2.145,48.946,12.368,18.204,36.000,39.000,42.000,6.000,,29.725,19.028,85.000,21.000,-64.000,-0.173,-34.118,1.312,1.000,False,False,False,,,False
gare,75113,Paris 13e Arrondissement,district,75056,181271,ign_chef_lieu_arrondissement,2.356,48.833,12.424,2.656,50.000,53.000,55.000,5.000,,28.250,14.064,86.000,71.500,-14.500,-0.039,-10.685,1.876,2.000,False,False,False,,,False
gare,92036,Gennevilliers,commune,,50979,ign_chef_lieu,2.293,48.925,12.460,8.823,54.000,57.000,60.000,6.000,,20.850,13.115,87.000,81.500,-5.500,-0.015,-4.095,2.734,3.000,False,False,False,,,False
gare,94043,Le Kremlin-Bicêtre,commune,,24110,ign_chef_lieu,2.357,48.812,12.837,4.911,57.000,60.000,62.000,5.000,,23.163,12.837,88.000,95.500,7.500,0.020,-0.661,2.590,2.000,False,False,False,,,False
gare,94038,L'Haÿ-les-Roses,commune,,31188,ign_chef_lieu,2.337,48.779,12.884,8.651,70.000,72.000,75.000,5.000,,26.407,10.737,89.000,175.000,86.000,0.232,18.974,2.727,3.000,False,False,False,,,False
gare,95018,Argenteuil,commune,,106130,ign_chef_lieu,2.249,48.948,13.005,12.694,58.000,60.000,63.000,5.000,,24.590,13.005,90.000,95.500,5.500,0.015,-1.354,2.440,2.000,False,False,False,,,False
gare,75118,Paris 18e Arrondissement,district,75056,183127,ign_chef_lieu_arrondissement,2.344,48.892,13.034,4.011,43.000,45.000,48.000,5.000,,26.490,17.378,91.000,41.500,-49.500,-0.133,-26.103,1.699,2.000,False,False,False,,,False
gare,75110,Paris 10e Arrondissement,district,75056,83873,ign_chef_lieu_arrondissement,2.358,48.872,13.104,1.758,41.000,44.000,46.000,5.000,,31.112,17.869,92.000,37.000,-55.000,-0.148,-27.954,1.414,2.000,False,False,False,,,False
gare,78133,Chambourcy,commune,,5847,ign_chef_lieu,2.040,48.906,13.133,23.586,63.000,66.000,69.000,6.000,,19.603,11.939,93.000,129.000,36.000,0.097,7.937,3.367,2.000,False,False,False,,,False
gare,75100,Paris Centre,district,75056,94472,ign_chef_lieu_arrondissement,2.362,48.864,13.164,1.072,44.000,47.000,49.000,5.000,,30.517,16.805,94.000,51.500,-42.500,-0.115,-23.232,1.540,2.000,False,False,False,,,False
gare,78143,Châteaufort,commune,,1564,ign_chef_lieu,2.092,48.737,13.205,23.265,69.000,73.000,77.000,8.000,,23.448,10.854,95.000,182.000,87.000,0.235,19.034,3.113,2.000,False,False,False,,,False
gare,78688,Voisins-le-Bretonneux,commune,,10624,ign_chef_lieu,2.051,48.759,13.308,24.645,68.000,72.000,75.000,7.000,,19.182,11.090,96.000,175.000,79.000,0.213,16.914,3.754,3.000,False,False,False,,,False
gare,91679,Villiers-le-Bâcle,commune,,1031,ign_chef_lieu,2.126,48.726,13.323,22.132,80.000,85.000,91.000,11.000,,24.118,9.404,97.000,261.000,164.000,0.442,37.939,3.524,2.000,False,False,False,3.000,,False
gare,78674,Villepreux,commune,,11931,ign_chef_lieu,2.005,48.830,13.347,25.662,57.000,68.000,81.000,24.000,,19.538,11.777,98.000,147.000,49.000,0.132,10.244,3.480,2.000,False,False,False,,,False
gare,78423,Montigny-le-Bretonneux,commune,,32465,ign_chef_lieu,2.038,48.770,13.351,25.063,62.000,66.000,71.000,9.000,,17.890,12.137,99.000,129.000,30.000,0.081,6.984,3.689,2.000,False,False,False,,,False
gare,91377,Massy,commune,,51729,ign_chef_lieu,2.271,48.731,13.472,15.173,73.000,76.000,80.000,7.000,,26.577,10.635,100.000,198.500,98.500,0.265,22.597,2.860,3.000,False,False,False,,,False
gare,93070,Saint-Ouen-sur-Seine,commune,,53615,ign_chef_lieu,2.334,48.912,13.570,6.288,42.000,45.000,47.000,5.000,,22.635,18.094,101.000,41.500,-59.500,-0.160,-27.695,1.988,3.000,False,False,False,,,False
gare,94034,Fresnes,commune,,29528,ign_chef_lieu,2.322,48.755,13.595,11.487,74.000,77.000,80.000,6.000,,22.430,10.593,102.000,204.500,102.500,0.276,23.602,3.433,3.000,False,False,False,,,False
gare,94021,Chevilly-Larue,commune,,19826,ign_chef_lieu,2.347,48.771,13.957,9.467,64.000,67.000,69.000,5.000,,27.002,12.499,103.000,137.500,34.500,0.093,6.035,2.481,2.000,False,False,False,,,False
gare,94076,Villejuif,commune,,60183,ign_chef_lieu,2.363,48.792,13.961,7.213,65.000,68.000,70.000,5.000,,28.398,12.319,104.000,147.000,43.000,0.116,7.598,2.395,2.000,False,False,False,,,False
gare,91538,Saint-Aubin,commune,,661,ign_chef_lieu,2.140,48.715,14.110,22.132,80.000,83.000,87.000,7.000,,24.302,10.200,105.000,247.000,142.000,0.383,30.583,3.415,4.000,True,False,False,8.000,,False
gare,78007,Aigremont,commune,,1075,ign_chef_lieu,2.018,48.902,14.267,25.067,81.000,84.000,87.000,6.000,,18.965,10.191,106.000,255.500,149.500,0.403,31.370,4.429,2.000,False,False,False,7.000,,False
gare,75111,Paris 11e Arrondissement,district,75056,138170,ign_chef_lieu_arrondissement,2.379,48.859,14.327,1.984,44.000,47.000,49.000,5.000,,34.862,18.290,107.000,51.500,-55.500,-0.150,-26.661,1.348,2.000,False,False,False,,,False
gare,91477,Palaiseau,commune,,37471,ign_chef_lieu,2.246,48.715,14.443,17.616,75.000,78.000,82.000,7.000,,23.863,11.110,108.000,213.000,105.000,0.283,21.184,3.269,3.000,False,False,False,,,False
gare,78498,Poissy,commune,,40983,ign_chef_lieu,2.043,48.927,14.466,24.049,56.000,61.000,64.000,8.000,,22.695,14.229,109.000,105.000,-4.000,-0.011,-5.311,2.688,2.000,False,False,False,,,False
gare,78356,Magny-les-Hameaux,commune,,9386,ign_chef_lieu,2.084,48.724,14.779,24.615,84.000,87.000,93.000,9.000,,27.772,10.193,110.000,271.500,161.500,0.435,33.497,3.133,2.000,False,False,False,5.000,,False
gare,78152,Chavenay,commune,,1723,ign_chef_lieu,1.986,48.854,14.790,26.866,130.000,152.000,175.000,45.000,,19.152,5.838,111.000,371.000,260.000,0.701,133.142,7.937,3.000,False,False,False,1.000,,False
gare,75112,Paris 12e Arrondissement,district,75056,138024,ign_chef_lieu_arrondissement,2.388,48.841,14.809,3.142,47.000,50.000,52.000,5.000,,32.922,17.771,112.000,60.500,-51.500,-0.139,-23.361,1.519,2.000,False,False,False,,,False
gare,78165,Les Clayes-sous-Bois,commune,,16804,ign_chef_lieu,1.986,48.821,14.820,27.160,62.000,69.000,74.000,12.000,,21.288,12.887,113.000,155.500,42.500,0.115,5.721,3.241,2.000,False,False,False,,,False
gare,94041,Ivry-sur-Seine,commune,,65064,ign_chef_lieu,2.388,48.812,15.046,5.567,56.000,60.000,64.000,8.000,,28.427,15.046,114.000,95.500,-18.500,-0.050,-8.816,2.111,3.000,False,False,False,,,False
gare,95257,La Frette-sur-Seine,commune,,4570,ign_chef_lieu,2.178,48.974,15.087,18.267,71.000,74.000,77.000,6.000,,29.227,12.233,115.000,188.000,73.000,0.197,12.292,2.532,1.000,False,False,False,,,False
gare,75119,Paris 19e Arrondissement,district,75056,178691,ign_chef_lieu_arrondissement,2.382,48.883,15.171,3.660,47.000,49.000,52.000,5.000,,33.847,18.577,116.000,57.500,-58.500,-0.158,-25.867,1.448,2.000,False,False,False,,,False
gare,92078,Villeneuve-la-Garenne,commune,,26021,ign_chef_lieu,2.333,48.936,15.277,8.957,56.000,58.000,61.000,5.000,,22.478,15.804,117.000,86.000,-31.000,-0.084,-12.580,2.580,3.000,False,False,False,,,False
gare,95176,Cormeilles-en-Parisis,commune,,27292,ign_chef_lieu,2.199,48.976,15.344,17.405,67.000,70.000,75.000,8.000,,29.108,13.152,118.000,163.500,45.500,0.123,5.261,2.405,2.000,False,False,False,,,False
gare,78621,Trappes,commune,,34689,ign_chef_lieu,1.999,48.776,15.395,27.429,57.000,60.000,64.000,7.000,,17.470,15.395,119.000,95.500,-23.500,-0.063,-9.939,3.434,1.000,False,False,False,,,False
gare,91471,Orsay,commune,,16498,ign_chef_lieu,2.187,48.699,15.455,21.260,76.000,79.000,84.000,8.000,,24.270,11.738,120.000,221.000,101.000,0.272,18.330,3.255,4.000,True,False,False,,,False
gare,94065,Rungis,commune,,5611,ign_chef_lieu,2.347,48.748,15.478,12.003,74.000,77.000,81.000,7.000,,26.573,12.061,121.000,204.500,83.500,0.225,15.244,2.898,3.000,False,False,False,,,False
gare,93039,L'Île-Saint-Denis,commune,,8696,ign_chef_lieu,2.341,48.936,15.638,8.853,52.000,54.000,57.000,5.000,,23.497,17.375,122.000,74.000,-48.000,-0.129,-19.626,2.298,2.000,False,False,False,,,False
gare,93031,Épinay-sur-Seine,commune,,52833,ign_chef_lieu,2.313,48.952,15.650,10.964,60.000,63.000,66.000,6.000,,26.967,14.905,123.000,113.500,-9.500,-0.026,-6.270,2.336,2.000,False,False,False,,,False
gare,91661,Villebon-sur-Yvette,commune,,10291,ign_chef_lieu,2.228,48.700,15.653,19.636,88.000,92.000,96.000,8.000,,29.292,10.208,124.000,301.500,177.500,0.478,36.861,3.141,3.000,False,False,False,,,False
gare,91272,Gif-sur-Yvette,commune,,22544,ign_chef_lieu,2.134,48.702,15.666,23.524,90.000,94.000,98.000,8.000,,28.603,10.000,125.000,307.500,182.500,0.492,39.772,3.286,3.000,False,False,False,,,False
gare,95582,Sannois,commune,,26924,ign_chef_lieu,2.256,48.972,15.688,14.631,58.000,61.000,63.000,5.000,,28.328,15.431,126.000,105.000,-21.000,-0.057,-9.366,2.153,2.000,False,False,False,,,False
gare,91689,Wissous,commune,,7151,ign_chef_lieu,2.327,48.732,15.714,13.968,82.000,85.000,87.000,5.000,,28.547,11.092,127.000,261.000,134.000,0.361,26.181,2.978,3.000,False,False,False,,,False
gare,91136,Champlan,commune,,2615,ign_chef_lieu,2.274,48.708,15.807,17.443,82.000,86.000,89.000,7.000,,27.970,11.028,128.000,265.500,137.500,0.371,27.260,3.075,3.000,False,False,False,,,False
gare,91122,Bures-sur-Yvette,commune,,9548,ign_chef_lieu,2.164,48.697,15.816,22.505,80.000,83.000,87.000,7.000,,27.690,11.433,129.000,247.000,118.000,0.318,22.785,2.997,3.000,False,False,False,,,False
gare,94081,Vitry-sur-Seine,commune,,93963,ign_chef_lieu,2.388,48.789,15.831,7.992,75.000,77.000,80.000,5.000,,28.963,12.336,130.000,204.500,74.500,0.201,13.850,2.659,3.000,False,False,False,,,False
gare,75120,Paris 20e Arrondissement,district,75056,185140,ign_chef_lieu_arrondissement,2.399,48.865,15.907,3.582,49.000,51.000,54.000,5.000,,37.178,18.715,131.000,64.000,-67.000,-0.181,-24.789,1.372,2.000,False,False,False,,,False
gare,78406,Milon-la-Chapelle,commune,,295,ign_chef_lieu,2.049,48.726,16.022,26.558,104.000,111.000,119.000,15.000,,27.610,8.660,132.000,352.500,220.500,0.594,63.063,4.020,2.000,False,False,False,,,False
gare,78005,Achères,commune,,22241,ign_chef_lieu,2.070,48.961,16.073,23.743,58.000,61.000,64.000,6.000,,29.950,15.810,133.000,105.000,-28.000,-0.075,-10.544,2.037,2.000,False,False,False,,,False
gare,78233,Feucherolles,commune,,3043,ign_chef_lieu,1.974,48.874,16.114,27.851,79.000,87.000,98.000,19.000,,20.493,11.113,134.000,271.500,137.500,0.371,27.413,4.245,3.000,False,False,False,,,False
gare,78123,Carrières-sous-Poissy,commune,,20825,ign_chef_lieu,2.034,48.944,16.192,25.277,61.000,66.000,69.000,8.000,,26.437,14.720,135.000,129.000,-6.000,-0.016,-3.596,2.497,3.000,False,False,False,,,False
gare,95555,Saint-Gratien,commune,,21336,ign_chef_lieu,2.283,48.971,16.338,13.687,63.000,66.000,69.000,6.000,,27.097,14.853,136.000,129.000,-7.000,-0.019,-4.061,2.436,2.000,False,False,False,,,False
gare,95424,Montigny-lès-Cormeilles,commune,,22457,ign_chef_lieu,2.188,48.988,16.599,18.943,75.000,79.000,83.000,8.000,,32.200,12.607,137.000,221.000,84.000,0.226,13.858,2.453,2.000,False,False,False,,,False
gare,93061,Le Pré-Saint-Gervais,commune,,16993,ign_chef_lieu,2.403,48.883,16.628,4.727,59.000,62.000,64.000,5.000,,33.010,16.092,138.000,110.500,-27.500,-0.074,-10.728,1.878,2.000,False,False,False,,,False
gare,93001,Aubervilliers,commune,,88365,ign_chef_lieu,2.382,48.915,16.643,6.820,55.000,57.000,60.000,5.000,,27.915,17.519,139.000,81.500,-57.500,-0.155,-17.967,2.042,2.000,False,False,False,,,False
gare,93066,Saint-Denis,commune,,149077,ign_chef_lieu,2.358,48.936,16.649,8.883,52.000,54.000,57.000,5.000,,28.183,18.499,140.000,74.000,-66.000,-0.178,-22.298,1.916,3.000,False,False,False,,,False
gare,95252,Franconville,commune,,37754,ign_chef_lieu,2.230,48.986,16.734,16.991,71.000,74.000,77.000,6.000,,29.525,13.568,141.000,188.000,47.000,0.127,6.188,2.506,3.000,False,False,False,,,False
gare,95306,Herblay-sur-Seine,commune,,31779,ign_chef_lieu,2.165,48.990,16.926,20.210,65.000,68.000,72.000,7.000,,32.983,14.935,142.000,147.000,5.000,0.013,-3.022,2.062,1.000,False,False,False,,,False
gare,78575,Saint-Rémy-lès-Chevreuse,commune,,7747,ign_chef_lieu,2.073,48.706,16.933,26.507,86.000,90.000,94.000,8.000,,31.287,11.289,143.000,289.500,146.500,0.395,28.325,2.877,2.000,False,False,False,,,False
gare,94018,Charenton-le-Pont,commune,,28830,ign_chef_lieu,2.416,48.820,16.984,6.201,58.000,61.000,63.000,5.000,,32.915,16.706,144.000,105.000,-39.000,-0.105,-13.165,1.853,2.000,False,False,False,,,False
gare,93055,Pantin,commune,,61929,ign_chef_lieu,2.401,48.897,17.045,5.754,40.000,43.000,47.000,7.000,,32.325,23.784,145.000,32.500,-112.500,-0.303,-38.907,1.330,1.000,False,False,False,,,False
gare,78561,Saint-Lambert,commune,,447,ign_chef_lieu,2.020,48.731,17.076,28.117,,,,,,24.618,,,,,,,,,False,False,False,,,False
gare,95210,Enghien-les-Bains,commune,,11432,ign_chef_lieu,2.307,48.970,17.083,13.049,57.000,60.000,64.000,7.000,,29.852,17.083,146.000,95.500,-50.500,-0.136,-14.856,2.010,2.000,False,False,False,,,False
gare,94067,Saint-Mandé,commune,,21071,ign_chef_lieu,2.419,48.843,17.083,5.106,49.000,52.000,54.000,5.000,,33.190,19.711,147.000,68.000,-79.000,-0.213,-26.209,1.567,2.000,False,False,False,,,False
gare,94073,Thiais,commune,,32918,ign_chef_lieu,2.391,48.764,17.131,10.629,74.000,77.000,80.000,6.000,,28.532,13.349,148.000,204.500,56.500,0.152,9.101,2.699,3.000,False,False,False,,,False
gare,93006,Bagnolet,commune,,43086,ign_chef_lieu,2.417,48.869,17.217,4.902,59.000,61.000,64.000,5.000,,35.443,16.935,149.000,105.000,-44.000,-0.119,-13.803,1.721,2.000,False,False,False,,,False
gare,91587,Saulx-les-Chartreux,commune,,6733,ign_chef_lieu,2.264,48.691,17.313,19.461,95.000,101.000,106.000,11.000,,29.652,10.285,150.000,329.500,179.500,0.484,42.294,3.406,3.000,False,False,False,,,False
gare,93045,Les Lilas,commune,,23843,ign_chef_lieu,2.416,48.879,17.434,5.305,52.000,55.000,57.000,5.000,,35.287,19.019,151.000,77.000,-74.000,-0.199,-22.804,1.559,3.000,False,False,False,,,False
gare,91692,Les Ulis,commune,,25886,ign_chef_lieu,2.170,48.681,17.492,23.626,79.000,86.000,92.000,13.000,,28.290,12.204,152.000,265.500,113.500,0.306,20.492,3.040,3.000,False,False,False,,,False
gare,94002,Alfortville,commune,,45531,ign_chef_lieu,2.420,48.805,17.552,7.545,50.000,52.000,56.000,6.000,,33.967,20.252,153.000,68.000,-85.000,-0.229,-27.280,1.531,2.000,False,False,False,,,False
gare,91161,Chilly-Mazarin,commune,,20443,ign_chef_lieu,2.313,48.703,17.717,17.360,91.000,94.000,97.000,6.000,,29.125,11.309,154.000,307.500,153.500,0.414,30.794,3.227,4.000,True,False,False,,,False
gare,91666,Villejust,commune,,2558,ign_chef_lieu,2.237,48.682,17.736,21.145,84.000,89.000,93.000,9.000,,30.720,11.957,155.000,282.500,127.500,0.344,23.766,2.897,3.000,False,False,False,,,False
gare,78490,Plaisir,commune,,31811,ign_chef_lieu,1.947,48.817,17.745,30.085,68.000,75.000,83.000,15.000,,20.507,14.196,156.000,193.500,37.500,0.101,4.269,3.657,2.000,False,False,False,,,False
gare,94069,Saint-Maurice,commune,,14506,ign_chef_lieu,2.427,48.818,17.763,6.894,68.000,71.000,73.000,5.000,,30.743,15.011,157.000,170.000,13.000,0.035,-1.347,2.309,2.000,False,False,False,,,False
gare,78672,Villennes-sur-Seine,commune,,5952,ign_chef_lieu,1.999,48.940,17.830,27.546,54.000,62.000,69.000,15.000,,21.338,17.255,158.000,110.500,-47.500,-0.128,-14.028,2.906,2.000,False,False,False,,,False
gare,93027,La Courneuve,commune,,47167,ign_chef_lieu,2.390,48.927,17.839,8.277,53.000,56.000,58.000,5.000,,27.548,19.114,159.000,79.000,-80.000,-0.216,-22.369,2.033,2.000,False,False,False,,,False
gare,95219,Ermont,commune,,29489,ign_chef_lieu,2.259,48.992,17.876,16.558,67.000,70.000,74.000,7.000,,30.327,15.322,160.000,163.500,3.500,0.009,-3.069,2.308,3.000,False,False,False,,,False
gare,93079,Villetaneuse,commune,,12530,ign_chef_lieu,2.344,48.961,17.883,11.671,58.000,60.000,63.000,5.000,,29.423,17.883,161.000,95.500,-65.500,-0.177,-16.933,2.039,3.000,False,False,False,,,False
gare,78466,Orgeval,commune,,7252,ign_chef_lieu,1.975,48.918,17.896,28.542,76.000,79.000,87.000,11.000,,21.497,13.592,162.000,221.000,59.000,0.159,9.328,3.675,2.000,False,False,False,,,False
gare,78160,Chevreuse,commune,,5502,ign_chef_lieu,2.044,48.707,17.924,28.061,,,,,,31.697,,,,,,,,,False,False,False,,,False
gare,91345,Longjumeau,commune,,21996,ign_chef_lieu,2.296,48.694,17.926,18.504,85.000,89.000,93.000,8.000,,28.662,12.085,163.000,282.500,119.500,0.322,23.054,3.105,4.000,True,False,False,,,False
gare,78196,Davron,commune,,295,ign_chef_lieu,1.944,48.865,18.035,29.977,,,,,,23.688,,,,,,,,,False,False,False,,,False
gare,91275,Gometz-le-Châtel,commune,,2630,ign_chef_lieu,2.138,48.678,18.134,25.295,116.000,124.000,131.000,15.000,,32.128,8.775,164.000,365.000,201.000,0.542,70.383,3.860,4.000,True,False,False,,,False
gare,91432,Morangis,commune,,14129,ign_chef_lieu,2.332,48.706,18.252,16.844,92.000,95.000,99.000,7.000,,29.820,11.528,165.000,310.000,145.000,0.391,30.079,3.186,4.000,True,False,False,,,False
gare,95203,Eaubonne,commune,,26211,ign_chef_lieu,2.280,48.991,18.310,15.908,65.000,68.000,72.000,7.000,,31.173,16.156,166.000,147.000,-19.000,-0.051,-7.049,2.181,3.000,False,False,False,,,False
gare,94046,Maisons-Alfort,commune,,56799,ign_chef_lieu,2.431,48.801,18.397,8.415,48.000,51.000,55.000,7.000,,34.510,21.643,167.000,64.000,-103.000,-0.278,-30.464,1.478,2.000,False,False,False,,,False
gare,94022,Choisy-le-Roi,commune,,45946,ign_chef_lieu,2.410,48.762,18.431,11.258,64.000,66.000,70.000,6.000,,29.205,16.755,168.000,129.000,-39.000,-0.105,-10.103,2.260,3.000,False,False,False,,,False
gare,95197,Deuil-la-Barre,commune,,23099,ign_chef_lieu,2.328,48.975,18.433,13.331,64.000,67.000,72.000,8.000,,34.027,16.507,169.000,137.500,-31.500,-0.085,-8.748,1.969,2.000,False,False,False,,,False
gare,95491,Le Plessis-Bouchard,commune,,8518,ign_chef_lieu,2.235,49.001,18.447,18.256,72.000,75.000,78.000,6.000,,31.617,14.758,170.000,193.500,23.500,0.063,2.107,2.372,3.000,False,False,False,,,False
gare,78015,Andrésy,commune,,13834,ign_chef_lieu,2.061,48.982,18.476,25.565,63.000,67.000,72.000,9.000,,32.373,16.546,171.000,137.500,-33.500,-0.090,-8.861,2.070,3.000,False,False,False,,,False
gare,95598,Soisy-sous-Montmorency,commune,,18008,ign_chef_lieu,2.300,48.987,18.541,15.060,66.000,70.000,73.000,7.000,,30.070,15.892,172.000,163.500,-8.500,-0.023,-4.960,2.328,3.000,False,False,False,,,False
gare,78172,Conflans-Sainte-Honorine,commune,,36958,ign_chef_lieu,2.095,48.994,18.547,24.293,60.000,64.000,70.000,10.000,,32.842,17.388,173.000,119.000,-54.000,-0.146,-13.122,1.949,3.000,False,False,False,,,False
gare,94080,Vincennes,commune,,48193,ign_chef_lieu,2.440,48.848,18.615,6.477,47.000,50.000,52.000,5.000,,35.517,22.339,174.000,60.500,-113.500,-0.306,-32.261,1.408,1.000,False,False,False,,,False
gare,91560,Saint-Jean-de-Beauregard,commune,,471,ign_chef_lieu,2.168,48.670,18.816,24.824,98.000,103.000,107.000,9.000,,29.638,10.961,175.000,335.000,160.000,0.431,38.738,3.475,4.000,True,False,False,,,False
gare,93048,Montreuil,commune,,111934,ign_chef_lieu,2.441,48.862,18.863,6.526,51.000,53.000,56.000,5.000,,38.897,21.354,176.000,71.500,-104.500,-0.282,-28.707,1.363,2.000,False,False,False,,,False
gare,78384,Médan,commune,,1289,ign_chef_lieu,1.996,48.953,18.904,28.247,72.000,79.000,84.000,12.000,,24.292,14.358,177.000,221.000,44.000,0.119,6.142,3.252,2.000,False,False,False,,,False
gare,93063,Romainville,commune,,37152,ign_chef_lieu,2.435,48.886,18.961,6.858,62.000,65.000,67.000,5.000,,37.875,17.503,178.000,124.000,-54.000,-0.146,-12.810,1.716,3.000,False,False,False,,,False
gare,94054,Orly,commune,,24658,ign_chef_lieu,2.401,48.743,18.962,13.085,71.000,73.000,76.000,5.000,,31.608,15.585,179.000,182.000,3.000,0.008,-2.080,2.310,3.000,False,False,False,,,False
gare,78644,La Verrière,commune,,5994,ign_chef_lieu,1.958,48.758,19.053,31.001,64.000,67.000,73.000,9.000,,22.757,17.062,180.000,137.500,-42.500,-0.115,-10.361,2.944,2.000,False,False,False,,,False
gare,91274,Gometz-la-Ville,commune,,1536,ign_chef_lieu,2.125,48.672,19.071,26.475,121.000,125.000,132.000,11.000,,32.160,9.154,181.000,366.000,185.000,0.499,67.153,3.887,4.000,True,False,False,,,False
gare,78208,Élancourt,commune,,26365,ign_chef_lieu,1.949,48.768,19.085,31.186,63.000,67.000,73.000,10.000,,21.288,17.091,182.000,137.500,-44.500,-0.120,-10.442,3.147,2.000,False,False,False,,,False
gare,91479,Paray-Vieille-Poste,commune,,8202,ign_chef_lieu,2.364,48.713,19.100,15.999,88.000,91.000,93.000,5.000,,30.910,12.594,183.000,295.000,112.000,0.302,21.585,2.944,3.000,False,False,False,,,False
gare,95427,Montmagny,commune,,15105,ign_chef_lieu,2.346,48.975,19.166,13.199,62.000,66.000,70.000,8.000,,31.898,17.423,184.000,129.000,-55.000,-0.148,-11.980,2.069,2.000,False,False,False,,,False
gare,95051,Beauchamp,commune,,9849,ign_chef_lieu,2.200,49.012,19.283,20.563,70.000,73.000,76.000,6.000,,33.335,15.849,185.000,182.000,-3.000,-0.008,-2.963,2.190,2.000,False,False,False,,,False
gare,78138,Chanteloup-les-Vignes,commune,,10861,ign_chef_lieu,2.030,48.978,19.337,27.240,73.000,77.000,81.000,8.000,,29.162,15.068,186.000,204.500,18.500,0.050,2.199,2.640,3.000,False,False,False,,,False
gare,93072,Stains,commune,,41388,ign_chef_lieu,2.382,48.955,19.393,11.236,66.000,69.000,73.000,7.000,,31.503,16.863,187.000,155.500,-31.500,-0.085,-8.562,2.190,4.000,True,False,False,,,False
gare,95428,Montmorency,commune,,21763,ign_chef_lieu,2.321,48.989,19.477,14.985,73.000,78.000,82.000,9.000,,35.092,14.982,188.000,213.000,25.000,0.067,3.124,2.223,3.000,False,False,False,,,False
gare,95574,Saint-Prix,commune,,7612,ign_chef_lieu,2.262,49.007,19.513,17.955,77.000,81.000,85.000,8.000,,33.115,14.454,189.000,234.000,45.000,0.121,6.983,2.446,3.000,False,False,False,,,False
gare,95369,Margency,commune,,3012,ign_chef_lieu,2.287,49.001,19.564,16.798,77.000,80.000,83.000,6.000,,33.370,14.673,190.000,228.000,38.000,0.102,5.513,2.397,3.000,False,False,False,,,False
gare,91044,Ballainvilliers,commune,,4904,ign_chef_lieu,2.290,48.676,19.580,20.562,94.000,99.000,107.000,13.000,,32.987,11.867,191.000,321.000,130.000,0.350,30.514,3.001,4.000,True,False,False,,,False
gare,78383,Maurepas,commune,,20629,ign_chef_lieu,1.945,48.762,19.637,31.683,60.000,63.000,67.000,7.000,,21.787,18.702,192.000,113.500,-78.500,-0.212,-17.074,2.892,2.000,False,False,False,,,False
gare,78615,Thiverval-Grignon,commune,,1023,ign_chef_lieu,1.918,48.850,19.771,31.915,,,,,,25.655,,,,,,,,,False,False,False,,,False
gare,78382,Maurecourt,commune,,4454,ign_chef_lieu,2.063,48.997,19.789,26.334,66.000,69.000,73.000,7.000,,34.445,17.208,193.000,155.500,-37.500,-0.101,-9.556,2.003,3.000,False,False,False,,,False
gare,78189,Crespières,commune,,1719,ign_chef_lieu,1.924,48.882,19.865,31.570,,,,,,24.708,,,,,,,,,False,False,False,,,False
gare,94077,Villeneuve-le-Roi,commune,,21000,ign_chef_lieu,2.408,48.735,19.894,14.074,78.000,80.000,83.000,5.000,,32.317,14.920,194.000,228.000,34.000,0.092,4.565,2.476,3.000,False,False,False,,,False
gare,78397,Le Mesnil-Saint-Denis,commune,,7276,ign_chef_lieu,1.960,48.740,19.907,31.594,73.000,77.000,81.000,8.000,,25.717,15.512,195.000,204.500,9.500,0.026,0.608,2.994,2.000,False,False,False,,,False
gare,78548,Saint-Forget,commune,,436,ign_chef_lieu,1.993,48.710,20.104,30.986,,,,,,28.797,,,,,,,,,False,False,False,,,False
gare,95288,Groslay,commune,,8453,ign_chef_lieu,2.346,48.987,20.234,14.521,67.000,70.000,75.000,8.000,,35.797,17.343,196.000,163.500,-32.500,-0.088,-9.339,1.955,3.000,False,False,False,,,False
gare,91458,Nozay,commune,,4471,ign_chef_lieu,2.243,48.660,20.250,23.277,87.000,92.000,96.000,9.000,,32.773,13.206,197.000,301.500,104.500,0.282,19.106,2.807,3.000,False,False,False,,,False
gare,95426,Montlignon,commune,,3038,ign_chef_lieu,2.285,49.009,20.283,17.653,83.000,87.000,93.000,10.000,,35.055,13.988,198.000,271.500,73.500,0.198,12.531,2.482,3.000,False,False,False,,,False
gare,93053,Noisy-le-Sec,commune,,45510,ign_chef_lieu,2.452,48.890,20.296,8.191,55.000,59.000,62.000,7.000,,34.650,20.640,199.000,89.500,-109.500,-0.295,-23.712,1.703,1.000,False,False,False,,,False
gare,91411,Les Molières,commune,,1975,ign_chef_lieu,2.070,48.673,20.300,29.129,,,,,,37.797,,,,,,,,,False,False,False,,,False
gare,95014,Andilly,commune,,2742,ign_chef_lieu,2.301,49.005,20.375,17.002,77.000,81.000,85.000,8.000,,35.853,15.093,200.000,234.000,34.000,0.092,4.516,2.259,3.000,False,False,False,,,False
gare,93008,Bobigny,commune,,56927,ign_chef_lieu,2.445,48.906,20.410,8.759,62.000,65.000,67.000,5.000,,31.832,18.840,201.000,124.000,-77.000,-0.208,-16.208,2.042,2.000,False,False,False,,,False
gare,91093,Boullay-les-Troux,commune,,624,ign_chef_lieu,2.050,48.678,20.446,29.791,,,,,,37.363,,,,,,,,,False,False,False,,,False
gare,93013,Le Bourget,commune,,15925,ign_chef_lieu,2.425,48.935,20.500,10.195,55.000,58.000,60.000,5.000,,30.312,21.207,202.000,86.000,-116.000,-0.313,-25.408,1.913,2.000,False,False,False,,,False
gare,95563,Saint-Leu-la-Forêt,commune,,16138,ign_chef_lieu,2.244,49.019,20.526,19.756,73.000,77.000,82.000,9.000,,33.627,15.994,203.000,204.500,1.500,0.004,-1.040,2.290,3.000,False,False,False,,,False
gare,91665,La Ville-du-Bois,commune,,8161,ign_chef_lieu,2.269,48.661,20.617,22.572,100.000,107.000,114.000,14.000,,31.965,11.561,204.000,345.500,141.500,0.381,37.188,3.347,4.000,True,False,False,,,False
gare,95488,Pierrelaye,commune,,10130,ign_chef_lieu,2.156,49.023,20.666,23.464,76.000,79.000,83.000,7.000,,35.433,15.695,205.000,221.000,16.000,0.043,1.159,2.230,2.000,False,False,False,,,False
gare,94042,Joinville-le-Pont,commune,,20525,ign_chef_lieu,2.467,48.818,20.704,9.400,54.000,57.000,60.000,6.000,,34.537,21.793,206.000,81.500,-124.500,-0.336,-27.084,1.650,1.000,False,False,False,,,False
gare,94028,Créteil,commune,,93397,ign_chef_lieu,2.453,48.778,20.706,11.442,72.000,75.000,79.000,7.000,,35.772,16.565,207.000,193.500,-13.500,-0.036,-4.065,2.097,3.000,False,False,False,,,False
gare,78624,Triel-sur-Seine,commune,,12206,ign_chef_lieu,2.003,48.981,20.803,29.133,70.000,75.000,81.000,11.000,,28.618,16.643,208.000,193.500,-14.500,-0.039,-4.307,2.621,3.000,False,False,False,,,False
gare,91027,Athis-Mons,commune,,36613,ign_chef_lieu,2.389,48.708,20.825,16.768,80.000,86.000,89.000,9.000,,32.782,14.529,209.000,265.500,56.500,0.152,9.666,2.623,4.000,True,False,False,,,False
gare,78193,Dampierre-en-Yvelines,commune,,1008,ign_chef_lieu,1.986,48.705,20.908,31.766,,,,,,29.345,,,,,,,,,False,False,False,,,False
gare,78162,Choisel,commune,,540,ign_chef_lieu,2.018,48.687,20.942,31.009,,,,,,33.703,,,,,,,,,False,False,False,,,False
gare,91216,Épinay-sur-Orge,commune,,10722,ign_chef_lieu,2.324,48.673,21.017,20.542,79.000,84.000,89.000,10.000,,32.520,15.012,210.000,255.500,45.500,0.123,6.588,2.583,3.000,False,False,False,,,False
gare,78643,Vernouillet,commune,,9699,ign_chef_lieu,1.983,48.973,21.087,29.979,66.000,70.000,74.000,8.000,,27.268,18.074,211.000,163.500,-47.500,-0.128,-11.336,2.567,2.000,False,False,False,,,False
gare,95607,Taverny,commune,,27593,ign_chef_lieu,2.226,49.026,21.091,21.044,78.000,84.000,89.000,11.000,,33.465,15.065,212.000,255.500,43.500,0.117,6.385,2.510,3.000,False,False,False,,,False
gare,78550,Saint-Germain-de-la-Grange,commune,,1847,ign_chef_lieu,1.899,48.834,21.112,33.378,,,,,,26.562,,,,,,,,,False,False,False,,,False
gare,91589,Savigny-sur-Orge,commune,,37601,ign_chef_lieu,2.346,48.680,21.174,19.657,76.000,81.000,85.000,9.000,,31.610,15.684,213.000,234.000,21.000,0.057,2.370,2.562,3.000,False,False,False,,,False
gare,93029,Drancy,commune,,72390,ign_chef_lieu,2.445,48.923,21.185,10.075,61.000,63.000,66.000,5.000,,32.353,20.176,214.000,113.500,-100.500,-0.271,-20.402,1.947,3.000,False,False,False,,,False
gare,94033,Fontenay-sous-Bois,commune,,53757,ign_chef_lieu,2.475,48.849,21.191,9.014,59.000,61.000,64.000,5.000,,40.575,20.843,215.000,105.000,-110.000,-0.296,-22.941,1.503,1.000,False,False,False,,,False
gare,78431,Morainvilliers,commune,,3120,ign_chef_lieu,1.932,48.929,21.194,31.849,83.000,86.000,92.000,9.000,,24.417,14.786,216.000,265.500,49.500,0.133,8.633,3.522,2.000,False,False,False,,,False
gare,95218,Éragny-sur-Oise,commune,,18436,ign_chef_lieu,2.091,49.019,21.296,26.369,65.000,67.000,71.000,6.000,,33.518,19.071,217.000,137.500,-79.500,-0.214,-15.587,1.999,2.000,False,False,False,,,False
gare,78442,Neauphle-le-Château,commune,,3250,ign_chef_lieu,1.899,48.814,21.305,33.643,82.000,89.000,104.000,22.000,,21.562,14.363,218.000,282.500,64.500,0.174,12.107,4.128,3.000,False,False,False,,,False
gare,93030,Dugny,commune,,11700,ign_chef_lieu,2.418,48.955,21.363,12.001,70.000,73.000,75.000,5.000,,32.433,17.559,219.000,182.000,-37.000,-0.100,-8.183,2.251,3.000,False,False,False,,,False
gare,91326,Juvisy-sur-Orge,commune,,19292,ign_chef_lieu,2.372,48.691,21.366,18.487,71.000,75.000,79.000,8.000,,34.702,17.093,220.000,193.500,-26.500,-0.071,-5.675,2.161,3.000,False,False,False,,,False
gare,78010,Les Alluets-le-Roi,commune,,1390,ign_chef_lieu,1.919,48.914,21.368,32.452,,,,,,25.595,,,,,,,,,False,False,False,,,False
gare,78321,Jouars-Pontchartrain,commune,,6039,ign_chef_lieu,1.901,48.802,21.371,33.713,83.000,93.000,104.000,21.000,,20.438,13.788,221.000,305.500,84.500,0.228,16.949,4.550,3.000,False,False,False,,,False
gare,91319,Janvry,commune,,654,ign_chef_lieu,2.156,48.647,21.413,27.402,,,,,,35.678,,,,,,,,,False,False,False,,,False
gare,94001,Ablon-sur-Seine,commune,,5988,ign_chef_lieu,2.422,48.725,21.427,15.492,73.000,77.000,81.000,8.000,,34.883,16.696,222.000,204.500,-17.500,-0.047,-3.308,2.207,3.000,False,False,False,,,False
gare,95450,Neuville-sur-Oise,commune,,2058,ign_chef_lieu,2.063,49.014,21.506,27.508,62.000,64.000,67.000,5.000,,35.847,20.162,223.000,119.000,-104.000,-0.280,-19.792,1.785,3.000,False,False,False,,,False
gare,95268,Garges-lès-Gonesse,commune,,41791,ign_chef_lieu,2.401,48.972,21.595,13.303,69.000,71.000,75.000,6.000,,35.673,18.249,224.000,170.000,-54.000,-0.146,-11.217,1.990,3.000,False,False,False,,,False
gare,95539,Saint-Brice-sous-Forêt,commune,,15063,ign_chef_lieu,2.357,48.998,21.681,15.706,64.000,68.000,75.000,11.000,,36.300,19.130,225.000,147.000,-78.000,-0.210,-15.151,1.873,3.000,False,False,False,,,False
gare,78683,Villiers-Saint-Frédéric,commune,,3395,ign_chef_lieu,1.891,48.820,21.772,34.096,81.000,90.000,97.000,16.000,,24.012,14.515,226.000,289.500,63.500,0.171,12.046,3.748,2.000,False,False,False,,,False
gare,91685,Villiers-sur-Orge,commune,,4545,ign_chef_lieu,2.300,48.657,21.785,22.458,87.000,93.000,99.000,12.000,,34.817,14.055,227.000,305.500,78.500,0.212,15.743,2.671,3.000,False,False,False,,,False
gare,78334,Lévis-Saint-Nom,commune,,1603,ign_chef_lieu,1.949,48.721,21.796,33.260,,,,,,29.917,,,,,,,,,False,False,False,,,False
gare,91363,Marcoussis,commune,,8618,ign_chef_lieu,2.231,48.643,21.985,25.376,95.000,100.000,104.000,9.000,,36.308,13.191,228.000,326.500,98.500,0.265,23.844,2.754,4.000,True,False,False,,,False
gare,78642,Verneuil-sur-Seine,commune,,16280,ign_chef_lieu,1.975,48.979,22.008,30.817,66.000,72.000,76.000,10.000,,27.195,18.340,229.000,175.000,-54.000,-0.146,-10.882,2.648,2.000,False,False,False,,,False
gare,78168,Coignières,commune,,4321,ign_chef_lieu,1.918,48.748,22.173,34.145,76.000,82.000,95.000,19.000,,24.232,16.224,230.000,240.000,10.000,0.027,1.085,3.384,2.000,False,False,False,,,False
gare,95323,Jouy-le-Moutier,commune,,17854,ign_chef_lieu,2.047,49.016,22.202,28.527,68.000,72.000,76.000,8.000,,38.908,18.501,231.000,175.000,-56.000,-0.151,-11.304,1.851,3.000,False,False,False,,,False
gare,91667,Villemoisson-sur-Orge,commune,,7332,ign_chef_lieu,2.330,48.662,22.272,21.694,84.000,89.000,93.000,9.000,,33.432,15.015,232.000,282.500,50.500,0.136,9.451,2.662,3.000,False,False,False,,,False
gare,94068,Saint-Maur-des-Fossés,commune,,76572,ign_chef_lieu,2.485,48.803,22.294,11.426,59.000,61.000,64.000,5.000,,38.800,21.928,233.000,105.000,-128.000,-0.345,-25.022,1.572,1.000,False,False,False,,,False
gare,94052,Nogent-sur-Marne,commune,,32455,ign_chef_lieu,2.492,48.839,22.388,10.381,64.000,67.000,69.000,5.000,,38.277,20.049,234.000,137.500,-96.500,-0.260,-17.835,1.750,2.000,False,False,False,,,False
gare,95060,Bessancourt,commune,,8869,ign_chef_lieu,2.217,49.039,22.389,22.566,84.000,91.000,97.000,13.000,,35.630,14.762,235.000,295.000,60.000,0.162,11.595,2.554,3.000,False,False,False,,,False
gare,93064,Rosny-sous-Bois,commune,,47180,ign_chef_lieu,2.488,48.872,22.442,10.098,56.000,58.000,61.000,5.000,,37.998,23.215,236.000,86.000,-150.000,-0.404,-28.963,1.526,2.000,False,False,False,,8.000,False
gare,95489,Piscop,commune,,768,ign_chef_lieu,2.343,49.012,22.477,17.337,88.000,95.000,106.000,18.000,,39.865,14.196,237.000,310.000,73.000,0.197,16.255,2.383,3.000,False,False,False,,,False
gare,95585,Sarcelles,commune,,59173,ign_chef_lieu,2.378,48.997,22.596,15.801,67.000,71.000,76.000,9.000,,38.775,19.095,238.000,170.000,-68.000,-0.183,-13.362,1.831,2.000,False,False,False,,,False
gare,78590,Senlisse,commune,,511,ign_chef_lieu,1.982,48.687,22.601,33.144,,,,,,33.293,,,,,,,,,False,False,False,,,False
gare,94078,Villeneuve-Saint-Georges,commune,,36221,ign_chef_lieu,2.448,48.731,22.609,15.622,83.000,86.000,88.000,5.000,,37.675,15.774,239.000,265.500,26.500,0.071,4.907,2.283,3.000,False,False,False,,,False
gare,93010,Bondy,commune,,50595,ign_chef_lieu,2.481,48.902,22.751,10.718,63.000,67.000,71.000,8.000,,34.688,20.374,240.000,137.500,-102.500,-0.276,-18.545,1.931,1.000,False,False,False,,,False
gare,78206,Ecquevilly,commune,,4279,ign_chef_lieu,1.924,48.949,22.841,33.050,74.000,78.000,88.000,14.000,,23.250,17.570,241.000,213.000,-28.000,-0.075,-5.372,3.355,2.000,False,False,False,,,False
gare,91434,Morsang-sur-Orge,commune,,21667,ign_chef_lieu,2.346,48.662,22.861,21.631,86.000,91.000,98.000,12.000,,32.688,15.073,242.000,295.000,53.000,0.143,10.347,2.784,4.000,True,False,False,,,False
gare,91338,Limours,commune,,6517,ign_chef_lieu,2.077,48.646,22.870,30.955,,,,,,39.095,,,,,,,,,False,False,False,,,False
gare,91657,Vigneux-sur-Seine,commune,,31466,ign_chef_lieu,2.417,48.700,22.874,18.008,71.000,75.000,81.000,10.000,,41.620,18.299,243.000,193.500,-49.500,-0.133,-9.083,1.802,3.000,False,False,False,,,False
gare,78062,Beynes,commune,,7704,ign_chef_lieu,1.876,48.856,22.888,34.976,89.000,110.000,122.000,33.000,,29.013,12.485,244.000,349.500,105.500,0.284,33.299,3.791,2.000,False,False,False,,,False
gare,91347,Longpont-sur-Orge,commune,,6482,ign_chef_lieu,2.293,48.642,23.142,24.185,95.000,99.000,103.000,8.000,,36.755,14.025,245.000,321.000,76.000,0.205,19.258,2.694,3.000,False,False,False,,,False
gare,91687,Viry-Châtillon,commune,,30838,ign_chef_lieu,2.375,48.671,23.172,20.644,77.000,81.000,85.000,8.000,,33.868,17.165,246.000,234.000,-12.000,-0.032,-2.494,2.392,4.000,True,False,False,,,False
gare,93007,Le Blanc-Mesnil,commune,,62376,ign_chef_lieu,2.464,48.939,23.192,12.266,62.000,64.000,67.000,5.000,,35.160,21.742,247.000,119.000,-128.000,-0.345,-22.993,1.820,3.000,False,False,False,,,False
gare,94011,Bonneuil-sur-Marne,commune,,18270,ign_chef_lieu,2.487,48.774,23.225,13.474,74.000,77.000,81.000,7.000,,38.142,18.097,248.000,204.500,-43.500,-0.117,-7.423,2.019,2.000,False,False,False,,,False
gare,78305,Herbeville,commune,,228,ign_chef_lieu,1.887,48.906,23.234,34.591,,,,,,28.183,,,,,,,,,False,False,False,,,False
gare,91425,Montlhéry,commune,,9772,ign_chef_lieu,2.270,48.637,23.248,25.168,95.000,105.000,111.000,16.000,,35.677,13.285,249.000,340.000,91.000,0.245,26.174,2.943,4.000,True,False,False,,,False
gare,94074,Valenton,commune,,14406,ign_chef_lieu,2.470,48.744,23.284,15.148,75.000,79.000,82.000,7.000,,38.370,17.684,250.000,221.000,-29.000,-0.078,-5.148,2.059,3.000,False,False,False,,,False
gare,95199,Domont,commune,,16065,ign_chef_lieu,2.327,49.027,23.392,19.106,70.000,74.000,81.000,11.000,,40.790,18.966,251.000,188.000,-63.000,-0.170,-11.373,1.814,3.000,False,False,False,,,False
gare,78140,Chapet,commune,,1331,ign_chef_lieu,1.934,48.967,23.419,33.062,79.000,83.000,92.000,13.000,,25.242,16.929,252.000,247.000,-5.000,-0.013,-0.656,3.288,2.000,False,False,False,,,False
gare,93049,Neuilly-Plaisance,commune,,21941,ign_chef_lieu,2.506,48.861,23.605,11.301,64.000,66.000,69.000,5.000,,41.365,21.459,253.000,129.000,-124.000,-0.334,-21.339,1.596,1.000,False,False,False,,,False
gare,91482,Pecqueuse,commune,,580,ign_chef_lieu,2.049,48.647,23.605,32.295,,,,,,40.748,,,,,,,,,False,False,False,,,False
gare,94058,Le Perreux-sur-Marne,commune,,35260,ign_chef_lieu,2.508,48.841,23.610,11.557,68.000,70.000,73.000,5.000,,39.882,20.238,254.000,163.500,-90.500,-0.244,-16.583,1.755,2.000,False,False,False,,,False
gare,95088,Bonneuil-en-France,commune,,1185,ign_chef_lieu,2.433,48.976,23.642,14.514,80.000,86.000,90.000,10.000,,37.265,16.494,255.000,265.500,10.500,0.028,2.410,2.308,4.000,True,False,False,,,False
gare,91201,Draveil,commune,,30098,ign_chef_lieu,2.405,48.682,23.655,19.735,78.000,83.000,88.000,10.000,,40.273,17.100,256.000,247.000,-9.000,-0.024,-1.193,2.061,4.000,True,False,False,,,False
gare,95572,Saint-Ouen-l'Aumône,commune,,25578,ign_chef_lieu,2.106,49.044,23.658,27.613,76.000,79.000,82.000,6.000,,38.863,17.968,257.000,221.000,-36.000,-0.097,-5.960,2.033,3.000,False,False,False,,,False
gare,95256,Frépillon,commune,,3317,ign_chef_lieu,2.206,49.051,23.688,24.152,84.000,88.000,94.000,10.000,,37.718,16.151,258.000,276.000,18.000,0.049,4.681,2.333,3.000,False,False,False,,,False
gare,94044,Limeil-Brévannes,commune,,27406,ign_chef_lieu,2.480,48.749,23.760,15.180,79.000,82.000,85.000,6.000,,37.622,17.385,259.000,240.000,-19.000,-0.051,-2.615,2.180,3.000,False,False,False,,,False
gare,91339,Linas,commune,,7987,ign_chef_lieu,2.267,48.631,23.772,25.816,94.000,99.000,105.000,11.000,,35.728,14.407,260.000,321.000,61.000,0.164,17.542,2.771,4.000,True,False,False,,,False
gare,78623,Le Tremblay-sur-Mauldre,commune,,930,ign_chef_lieu,1.875,48.778,23.827,36.115,,,,,,25.190,,,,,,,,,False,False,False,,,False
gare,78443,Neauphle-le-Vieux,commune,,937,ign_chef_lieu,1.864,48.815,23.849,36.180,81.000,89.000,97.000,16.000,,25.618,16.078,261.000,282.500,21.500,0.058,5.485,3.474,2.000,False,False,False,,,False
gare,95680,Villiers-le-Bel,commune,,30053,ign_chef_lieu,2.388,49.008,23.905,17.006,77.000,81.000,85.000,8.000,,38.335,17.707,262.000,234.000,-28.000,-0.075,-4.118,2.113,4.000,True,False,False,,,False
gare,94017,Champigny-sur-Marne,commune,,78072,ign_chef_lieu,2.511,48.813,23.967,12.570,65.000,68.000,71.000,6.000,,40.123,21.147,263.000,147.000,-116.000,-0.313,-19.619,1.695,1.000,False,False,False,,,False
gare,95019,Arnouville,commune,,15023,ign_chef_lieu,2.421,48.990,24.051,15.646,70.000,73.000,77.000,7.000,,39.357,19.768,264.000,182.000,-82.000,-0.221,-13.872,1.855,3.000,False,False,False,,,False
gare,93077,Villemomble,commune,,29795,ign_chef_lieu,2.508,48.882,24.074,11.751,65.000,69.000,73.000,8.000,,38.338,20.934,265.000,155.500,-109.500,-0.295,-18.633,1.800,1.000,False,False,False,,,False
gare,91191,Crosne,commune,,9610,ign_chef_lieu,2.458,48.716,24.115,17.388,86.000,89.000,93.000,7.000,,39.900,16.258,266.000,282.500,16.500,0.044,4.854,2.231,2.000,False,False,False,,,False
gare,78576,Saint-Rémy-l'Honoré,commune,,1689,ign_chef_lieu,1.882,48.756,24.186,36.330,,,,,,28.660,,,,,,,,,False,False,False,,,False
gare,91111,Briis-sous-Forges,commune,,3342,ign_chef_lieu,2.124,48.625,24.191,30.750,95.000,99.000,106.000,11.000,,40.530,14.661,267.000,321.000,54.000,0.146,16.438,2.443,3.000,False,False,False,,,False
gare,95091,Bouffémont,commune,,6593,ign_chef_lieu,2.299,49.043,24.228,21.132,81.000,,,,,44.228,,,,,,,,,False,False,False,,,False
gare,78128,Cernay-la-Ville,commune,,1516,ign_chef_lieu,1.971,48.673,24.233,34.633,,,,,,35.722,,,,,,,,,False,False,False,,,False
gare,91249,Forges-les-Bains,commune,,4241,ign_chef_lieu,2.100,48.628,24.237,31.461,,,,,,43.892,,,,,,,,,False,False,False,,,False
gare,91549,Sainte-Geneviève-des-Bois,commune,,35438,ign_chef_lieu,2.327,48.641,24.297,24.073,93.000,98.000,105.000,12.000,,37.217,14.875,268.000,316.000,48.000,0.129,14.992,2.633,4.000,True,False,False,,,False
gare,95061,Béthemont-la-Forêt,commune,,435,ign_chef_lieu,2.252,49.053,24.321,23.061,,,,,,41.780,,,,,,,,,False,False,False,,,False
gare,78368,Mareil-sur-Mauldre,commune,,1776,ign_chef_lieu,1.866,48.894,24.355,35.964,94.000,115.000,127.000,33.000,,28.417,12.707,269.000,356.000,87.000,0.235,34.765,4.047,2.000,False,False,False,,,False
gare,95074,Boisemont,commune,,892,ign_chef_lieu,2.002,49.021,24.400,31.543,92.000,95.000,99.000,7.000,,38.585,15.411,270.000,310.000,40.000,0.108,11.215,2.462,3.000,False,False,False,,,False
gare,94015,Bry-sur-Marne,commune,,18503,ign_chef_lieu,2.520,48.835,24.452,12.487,68.000,70.000,74.000,6.000,,38.488,20.959,271.000,163.500,-107.500,-0.290,-18.145,1.819,1.000,False,False,False,,,False
gare,95500,Pontoise,commune,,31970,ign_chef_lieu,2.101,49.051,24.459,28.422,75.000,78.000,82.000,7.000,,39.687,18.815,272.000,213.000,-59.000,-0.159,-8.804,1.965,3.000,False,False,False,,,False
gare,91243,Fontenay-lès-Briis,commune,,2350,ign_chef_lieu,2.156,48.619,24.462,30.068,121.000,,,,,36.968,,,,,,,,,False,False,False,,,False
gare,78415,Montainville,commune,,589,ign_chef_lieu,1.860,48.882,24.476,36.271,,,,,,31.763,,,,,,,,,False,False,False,,,False
gare,95205,Écouen,commune,,7202,ign_chef_lieu,2.379,49.018,24.486,18.124,71.000,75.000,81.000,10.000,,40.570,19.588,273.000,193.500,-79.500,-0.214,-12.363,1.849,3.000,False,False,False,,,False
gare,95637,Vauréal,commune,,16079,ign_chef_lieu,2.021,49.030,24.512,31.004,76.000,78.000,81.000,5.000,,40.135,18.856,274.000,213.000,-61.000,-0.164,-8.912,1.943,2.000,False,False,False,,,False
gare,93057,Les Pavillons-sous-Bois,commune,,25804,ign_chef_lieu,2.507,48.903,24.576,12.448,66.000,70.000,74.000,8.000,,37.117,21.065,275.000,163.500,-111.500,-0.301,-18.369,1.886,2.000,False,False,False,,,False
gare,91570,Saint-Michel-sur-Orge,commune,,21776,ign_chef_lieu,2.303,48.630,24.666,25.414,85.000,90.000,95.000,10.000,,36.712,16.444,276.000,289.500,13.500,0.036,4.747,2.452,3.000,False,False,False,,,False
gare,95151,Chauvry,commune,,297,ign_chef_lieu,2.267,49.054,24.703,22.876,,,,,,41.925,,,,,,,,,False,False,False,,,False
gare,78638,Vaux-sur-Seine,commune,,5202,ign_chef_lieu,1.963,49.006,24.815,33.018,76.000,84.000,101.000,25.000,,34.332,17.725,277.000,255.500,-21.500,-0.058,-2.553,2.447,3.000,False,False,False,,,False
gare,78050,Bazoches-sur-Guyonne,commune,,721,ign_chef_lieu,1.860,48.778,24.898,37.196,,,,,,24.305,,,,,,,,,False,False,False,,,False
gare,91286,Grigny,commune,,26842,ign_chef_lieu,2.385,48.656,24.959,22.380,86.000,89.000,92.000,6.000,,34.333,16.826,278.000,282.500,4.500,0.012,2.926,2.592,3.000,False,False,False,,,False
gare,91421,Montgeron,commune,,24022,ign_chef_lieu,2.460,48.704,25.083,18.725,78.000,81.000,85.000,7.000,,42.067,18.580,279.000,234.000,-45.000,-0.121,-6.575,1.926,2.000,False,False,False,,,False
gare,93062,Le Raincy,commune,,14735,ign_chef_lieu,2.516,48.899,25.085,12.881,63.000,67.000,71.000,8.000,,38.172,22.464,280.000,137.500,-142.500,-0.384,-22.727,1.755,2.000,False,False,False,,9.000,False
gare,95229,Ézanville,commune,,9858,ign_chef_lieu,2.362,49.032,25.087,19.541,68.000,73.000,80.000,12.000,,41.330,20.620,281.000,182.000,-99.000,-0.267,-15.811,1.766,3.000,False,False,False,,,False
gare,95394,Méry-sur-Oise,commune,,9983,ign_chef_lieu,2.185,49.064,25.147,26.196,91.000,98.000,104.000,13.000,,39.417,15.396,282.000,316.000,34.000,0.092,12.876,2.486,3.000,False,False,False,,,False
gare,93050,Neuilly-sur-Marne,commune,,39800,ign_chef_lieu,2.528,48.857,25.182,12.915,61.000,64.000,67.000,6.000,,42.538,23.608,283.000,119.000,-164.000,-0.442,-26.340,1.505,2.000,False,False,False,,4.000,False
gare,78220,Les Essarts-le-Roi,commune,,6831,ign_chef_lieu,1.895,48.718,25.307,37.012,85.000,96.000,105.000,20.000,,28.302,15.817,284.000,312.500,28.500,0.077,10.194,3.392,2.000,False,False,False,,,False
gare,93005,Aulnay-sous-Bois,commune,,87599,ign_chef_lieu,2.500,48.934,25.349,13.861,61.000,64.000,66.000,5.000,,38.373,23.765,285.000,119.000,-166.000,-0.447,-26.603,1.668,2.000,False,False,False,,3.000,False
gare,91333,Leuville-sur-Orge,commune,,4271,ign_chef_lieu,2.264,48.616,25.352,27.494,97.000,102.000,108.000,11.000,,36.408,14.913,286.000,332.000,46.000,0.124,16.969,2.802,4.000,True,False,False,,,False
gare,95277,Gonesse,commune,,27707,ign_chef_lieu,2.450,48.986,25.369,16.121,80.000,84.000,88.000,8.000,,39.633,18.121,287.000,255.500,-31.500,-0.085,-3.707,2.119,3.000,False,False,False,,,False
gare,95678,Villiers-Adam,commune,,858,ign_chef_lieu,2.235,49.064,25.392,24.691,92.000,99.000,108.000,16.000,,40.277,15.389,288.000,321.000,33.000,0.089,13.432,2.458,3.000,False,False,False,,,False
gare,78366,Mareil-le-Guyon,commune,,420,ign_chef_lieu,1.847,48.790,25.494,37.830,,,,,,26.992,,,,,,,,,False,False,False,,,False
gare,95388,Menucourt,commune,,6184,ign_chef_lieu,1.984,49.025,25.501,32.872,84.000,89.000,96.000,12.000,,38.175,17.192,289.000,282.500,-6.500,-0.018,1.740,2.331,3.000,False,False,False,,,False
gare,78090,Bouafle,commune,,2234,ign_chef_lieu,1.897,48.966,25.522,35.533,87.000,92.000,97.000,10.000,,25.302,16.644,290.000,301.500,11.500,0.031,5.123,3.636,3.000,False,False,False,,,False
gare,78049,Bazemont,commune,,1727,ign_chef_lieu,1.865,48.928,25.583,36.598,,,,,,31.682,,,,,,,,,False,False,False,,,False
gare,78588,Saulx-Marchais,commune,,950,ign_chef_lieu,1.836,48.838,25.699,37.929,96.000,107.000,121.000,25.000,,31.083,14.411,291.000,345.500,54.500,0.147,21.806,3.442,3.000,False,False,False,,,False
gare,95183,Courdimanche,commune,,7311,ign_chef_lieu,2.002,49.035,25.758,32.500,78.000,84.000,90.000,12.000,,39.873,18.398,292.000,255.500,-36.500,-0.098,-4.494,2.107,3.000,False,False,False,,,False
gare,95409,Moisselles,commune,,1261,ign_chef_lieu,2.337,49.048,25.799,21.344,78.000,83.000,90.000,12.000,,41.375,18.650,293.000,247.000,-46.000,-0.124,-5.711,2.006,3.000,False,False,False,,,False
gare,95039,Auvers-sur-Oise,commune,,6863,ign_chef_lieu,2.172,49.070,25.805,27.207,94.000,97.000,101.000,7.000,,42.312,15.962,294.000,314.000,20.000,0.054,10.179,2.293,3.000,False,False,False,,,False
gare,94019,Chennevières-sur-Marne,commune,,18710,ign_chef_lieu,2.533,48.796,25.840,14.818,71.000,75.000,82.000,11.000,,44.462,20.672,295.000,193.500,-101.500,-0.274,-14.873,1.687,2.000,False,False,False,,,False
gare,94071,Sucy-en-Brie,commune,,27764,ign_chef_lieu,2.524,48.771,25.903,15.789,73.000,76.000,79.000,6.000,,41.537,20.450,296.000,198.500,-97.500,-0.263,-13.852,1.830,2.000,False,False,False,,,False
gare,91691,Yerres,commune,,27906,ign_chef_lieu,2.488,48.717,25.943,18.417,88.000,91.000,97.000,9.000,,43.820,17.105,297.000,295.000,-2.000,-0.005,3.065,2.077,3.000,False,False,False,,,False
gare,78653,Vicq,commune,,389,ign_chef_lieu,1.835,48.815,25.967,38.292,,,,,,26.567,,,,,,,,,False,False,False,,,False
gare,94004,Boissy-Saint-Léger,commune,,17325,ign_chef_lieu,2.513,48.748,26.011,16.866,76.000,79.000,82.000,6.000,,39.483,19.755,298.000,221.000,-77.000,-0.208,-10.651,2.001,1.000,False,False,False,,,False
gare,78380,Maule,commune,,6083,ign_chef_lieu,1.848,48.909,26.032,37.443,101.000,122.000,133.000,32.000,,32.595,12.803,299.000,363.000,64.000,0.173,37.920,3.743,2.000,False,False,False,,,False
gare,94079,Villiers-sur-Marne,commune,,33162,ign_chef_lieu,2.541,48.826,26.045,14.228,64.000,67.000,70.000,6.000,,41.337,23.324,300.000,137.500,-162.500,-0.438,-24.277,1.621,2.000,False,False,False,,5.000,False
gare,93032,Gagny,commune,,42313,ign_chef_lieu,2.537,48.885,26.204,13.876,65.000,68.000,72.000,7.000,,41.517,23.121,301.000,147.000,-154.000,-0.415,-23.399,1.638,2.000,False,False,False,,7.000,False
gare,95127,Cergy,commune,,70906,ign_chef_lieu,2.035,49.053,26.267,31.864,60.000,63.000,66.000,6.000,,41.722,25.016,302.000,113.500,-188.500,-0.508,-29.123,1.510,2.000,False,False,False,,2.000,False
gare,78227,Évecquemont,commune,,754,ign_chef_lieu,1.944,49.014,26.395,34.671,99.000,110.000,121.000,22.000,,33.162,14.398,303.000,349.500,46.500,0.125,23.428,3.317,4.000,True,False,False,,,False
gare,91235,Fleury-Mérogis,commune,,13721,ign_chef_lieu,2.361,48.630,26.481,25.188,93.000,99.000,104.000,11.000,,38.905,16.049,304.000,321.000,17.000,0.046,10.892,2.545,4.000,True,False,False,,,False
gare,95042,Baillet-en-France,commune,,2021,ign_chef_lieu,2.300,49.065,26.578,23.539,88.000,92.000,98.000,10.000,,45.727,17.334,305.000,301.500,-3.500,-0.009,2.846,2.012,2.000,False,False,False,,,False
gare,91521,Ris-Orangis,commune,,31189,ign_chef_lieu,2.416,48.654,26.579,23.016,86.000,91.000,98.000,12.000,,39.372,17.525,306.000,295.000,-11.000,-0.030,1.727,2.311,4.000,True,False,False,,,False
gare,94055,Ormesson-sur-Marne,commune,,10977,ign_chef_lieu,2.540,48.786,26.649,15.889,77.000,80.000,83.000,6.000,,43.610,19.987,307.000,228.000,-79.000,-0.213,-10.696,1.834,2.000,False,False,False,,,False
gare,78440,Les Mureaux,commune,,34632,ign_chef_lieu,1.909,48.993,26.651,35.876,67.000,71.000,76.000,9.000,,25.718,22.522,308.000,170.000,-138.000,-0.372,-20.746,2.761,2.000,False,False,False,,,False
gare,91634,Vaugrigneuse,commune,,1458,ign_chef_lieu,2.121,48.603,26.657,32.966,,,,,,41.648,,,,,,,,,False,False,False,,,False
gare,91103,Brétigny-sur-Orge,commune,,26658,ign_chef_lieu,2.306,48.611,26.724,27.452,84.000,89.000,94.000,10.000,,39.003,18.016,309.000,282.500,-26.500,-0.071,-0.800,2.282,3.000,False,False,False,,,False
gare,95392,Mériel,commune,,5347,ign_chef_lieu,2.205,49.079,26.800,27.012,85.000,90.000,96.000,11.000,,41.845,17.867,310.000,289.500,-20.500,-0.055,0.161,2.151,4.000,True,False,False,,,False
gare,78030,Auffargis,commune,,1963,ign_chef_lieu,1.887,48.700,26.819,38.336,,,,,,31.013,,,,,,,,,False,False,False,,,False
gare,93051,Noisy-le-Grand,commune,,72978,ign_chef_lieu,2.552,48.850,26.884,14.690,66.000,69.000,72.000,6.000,,42.148,23.377,311.000,155.500,-155.500,-0.419,-23.339,1.637,1.000,False,False,False,,6.000,False
gare,95476,Osny,commune,,17954,ign_chef_lieu,2.062,49.066,26.942,31.598,79.000,82.000,85.000,6.000,,43.858,19.714,312.000,240.000,-72.000,-0.194,-9.002,1.870,3.000,False,False,False,,,False
gare,95028,Attainville,commune,,1904,ign_chef_lieu,2.346,49.057,26.965,22.317,81.000,87.000,96.000,15.000,,44.493,18.597,313.000,271.500,-41.500,-0.112,-3.498,1.955,3.000,False,False,False,,,False
gare,78034,Auteuil,commune,,1020,ign_chef_lieu,1.819,48.841,27.007,39.220,100.000,111.000,126.000,26.000,,29.552,14.598,314.000,352.500,38.500,0.104,23.021,3.756,3.000,False,False,False,,,False
gare,78238,Flins-sur-Seine,commune,,2447,ign_chef_lieu,1.870,48.963,27.018,37.295,106.000,113.000,121.000,15.000,,24.848,14.346,315.000,354.000,39.000,0.105,25.209,4.548,3.000,False,False,False,,,False
gare,78013,Andelu,commune,,550,ign_chef_lieu,1.824,48.879,27.019,38.888,,,,,,36.078,,,,,,,,,False,False,False,,,False
gare,95094,Bouqueval,commune,,314,ign_chef_lieu,2.424,49.024,27.056,19.420,,,,,,43.400,,,,,,,,,False,False,False,,,False
gare,78364,Marcq,commune,,802,ign_chef_lieu,1.819,48.860,27.075,39.145,126.000,137.000,152.000,26.000,,31.658,11.858,316.000,369.000,53.000,0.143,51.628,4.327,3.000,False,False,False,,,False
gare,95211,Ennery,commune,,2243,ign_chef_lieu,2.106,49.076,27.080,30.368,102.000,108.000,117.000,15.000,,43.137,15.044,317.000,347.000,30.000,0.081,19.521,2.504,3.000,False,False,False,,,False
gare,78033,Aulnay-sur-Mauldre,commune,,1180,ign_chef_lieu,1.844,48.929,27.096,38.176,113.000,133.000,145.000,32.000,,33.022,12.224,318.000,368.000,50.000,0.135,47.139,4.028,2.000,False,False,False,,,False
gare,78087,Bonnelles,commune,,2165,ign_chef_lieu,2.028,48.618,27.103,35.639,,,,,,44.497,,,,,,,,,False,False,False,,,False
gare,95510,Puiseux-Pontoise,commune,,603,ign_chef_lieu,2.022,49.057,27.127,32.908,73.000,77.000,80.000,7.000,,40.908,21.138,319.000,204.500,-114.500,-0.309,-14.866,1.882,2.000,False,False,False,,,False
gare,91494,Le Plessis-Pâté,commune,,4154,ign_chef_lieu,2.325,48.612,27.150,27.230,96.000,100.000,105.000,9.000,,42.060,16.290,320.000,326.500,6.500,0.018,10.514,2.378,4.000,True,False,False,,,False
gare,78398,Les Mesnuls,commune,,910,ign_chef_lieu,1.837,48.758,27.176,39.400,,,,,,28.678,,,,,,,,,False,False,False,,,False
gare,93046,Livry-Gargan,commune,,47228,ign_chef_lieu,2.536,48.919,27.197,15.193,79.000,83.000,86.000,7.000,,39.380,19.660,321.000,247.000,-74.000,-0.199,-8.360,2.108,2.000,False,False,False,,,False
gare,91115,Bruyères-le-Châtel,commune,,3788,ign_chef_lieu,2.193,48.593,27.242,31.522,122.000,,,,,42.128,,,,,,,,,False,False,False,,,False
gare,95492,Le Plessis-Gassot,commune,,102,ign_chef_lieu,2.412,49.033,27.276,20.173,,,,,,44.198,,,,,,,,,False,False,False,,,False
gare,93071,Sevran,commune,,52535,ign_chef_lieu,2.526,48.940,27.307,15.716,70.000,73.000,75.000,5.000,,42.105,22.444,322.000,182.000,-140.000,-0.377,-19.576,1.734,2.000,False,False,False,,10.000,False
gare,95430,Montsoult,commune,,4023,ign_chef_lieu,2.312,49.071,27.409,24.007,76.000,80.000,86.000,10.000,,45.990,20.557,323.000,228.000,-95.000,-0.256,-12.041,1.740,2.000,False,False,False,,,False
gare,91186,Courson-Monteloup,commune,,563,ign_chef_lieu,2.145,48.593,27.456,33.033,,,,,,40.803,,,,,,,,,False,False,False,,,False
gare,78401,Meulan-en-Yvelines,commune,,8950,ign_chef_lieu,1.910,49.005,27.475,36.404,76.000,81.000,86.000,10.000,,27.682,20.352,324.000,234.000,-90.000,-0.243,-11.058,2.926,3.000,False,False,False,,,False
gare,78389,Méré,commune,,1731,ign_chef_lieu,1.820,48.788,27.504,39.841,,,,,,26.335,,,,,,,,,False,False,False,,,False
gare,94053,Noiseau,commune,,4628,ign_chef_lieu,2.549,48.775,27.524,17.032,80.000,84.000,87.000,7.000,,45.547,19.660,325.000,255.500,-69.500,-0.187,-7.852,1.844,2.000,False,False,False,,,False
gare,95120,Butry-sur-Oise,commune,,2252,ign_chef_lieu,2.198,49.086,27.537,27.909,95.000,99.000,104.000,9.000,,43.937,16.689,326.000,321.000,-5.000,-0.013,8.576,2.253,3.000,False,False,False,,,False
gare,93014,Clichy-sous-Bois,commune,,29354,ign_chef_lieu,2.546,48.911,27.568,15.426,80.000,84.000,87.000,7.000,,40.812,19.691,327.000,255.500,-71.500,-0.193,-7.931,2.058,2.000,False,False,False,,,False
gare,91552,Saint-Germain-lès-Arpajon,commune,,11623,ign_chef_lieu,2.256,48.595,27.579,29.966,95.000,103.000,110.000,15.000,,38.883,16.065,328.000,335.000,7.000,0.019,12.870,2.649,4.000,True,False,False,,,False
gare,91461,Ollainville,commune,,5455,ign_chef_lieu,2.217,48.591,27.589,31.145,110.000,118.000,126.000,16.000,,41.477,14.028,329.000,361.000,32.000,0.086,29.281,2.845,3.000,False,False,False,,,False
gare,95612,Le Thillay,commune,,4560,ign_chef_lieu,2.470,49.002,27.590,18.314,88.000,92.000,95.000,7.000,,40.723,17.993,330.000,301.500,-28.500,-0.077,0.794,2.259,4.000,True,False,False,,,False
gare,78029,Aubergenville,commune,,12723,ign_chef_lieu,1.856,48.959,27.714,38.154,95.000,101.000,107.000,12.000,,26.050,16.464,331.000,329.500,-1.500,-0.004,10.387,3.877,2.000,False,False,False,,,False
gare,78120,Bullion,commune,,1916,ign_chef_lieu,1.999,48.621,27.824,36.885,,,,,,41.850,,,,,,,,,False,False,False,,,False
gare,78125,La Celle-les-Bordes,commune,,840,ign_chef_lieu,1.955,48.640,27.867,37.866,,,,,,40.840,,,,,,,,,False,False,False,,,False
gare,95353,Maffliers,commune,,1856,ign_chef_lieu,2.308,49.076,27.911,24.650,83.000,89.000,95.000,12.000,,47.273,18.817,332.000,282.500,-49.500,-0.133,-3.100,1.883,2.000,False,False,False,,,False
gare,91021,Arpajon,commune,,11698,ign_chef_lieu,2.248,48.590,27.964,30.594,101.000,106.000,113.000,12.000,,38.947,15.829,333.000,343.500,10.500,0.028,15.290,2.722,4.000,True,False,False,,,False
gare,91114,Brunoy,commune,,25643,ign_chef_lieu,2.504,48.698,28.107,20.863,79.000,82.000,86.000,7.000,,47.367,20.566,334.000,240.000,-94.000,-0.253,-11.057,1.731,2.000,False,False,False,,,False
gare,78036,Autouillet,commune,,665,ign_chef_lieu,1.804,48.850,28.136,40.287,104.000,115.000,130.000,26.000,,31.403,14.680,335.000,356.000,21.000,0.057,24.667,3.662,3.000,False,False,False,,,False
gare,95395,Le Mesnil-Aubry,commune,,914,ign_chef_lieu,2.400,49.051,28.326,21.898,,,,,,44.338,,,,,,,,,False,False,False,,,False
gare,78451,Nézel,commune,,1139,ign_chef_lieu,1.836,48.946,28.363,39.171,108.000,123.000,134.000,26.000,,29.275,13.835,336.000,364.000,28.000,0.075,32.763,4.202,3.000,False,False,False,,,False
gare,95633,Vaudherland,commune,,104,ign_chef_lieu,2.487,49.001,28.473,18.838,100.000,103.000,106.000,6.000,,39.812,16.586,337.000,335.000,-2.000,-0.005,10.943,2.587,4.000,True,False,False,,,False
gare,78609,Tessancourt-sur-Aubette,commune,,966,ign_chef_lieu,1.919,49.024,28.474,36.817,100.000,105.000,113.000,13.000,,31.752,16.271,338.000,340.000,2.000,0.005,13.094,3.307,3.000,False,False,False,,,False
gare,93033,Gournay-sur-Marne,commune,,7320,ign_chef_lieu,2.573,48.865,28.497,16.191,80.000,83.000,86.000,6.000,,47.117,20.601,339.000,247.000,-92.000,-0.248,-10.641,1.762,2.000,False,False,False,,,False
gare,91457,La Norville,commune,,4268,ign_chef_lieu,2.259,48.587,28.498,30.770,100.000,105.000,113.000,13.000,,41.068,16.285,340.000,340.000,0.000,0.000,13.043,2.557,4.000,True,False,False,,,False
gare,78299,Hardricourt,commune,,2599,ign_chef_lieu,1.894,49.008,28.528,37.562,81.000,87.000,92.000,11.000,,29.693,19.675,341.000,271.500,-69.500,-0.187,-6.389,2.930,3.000,False,False,False,,,False
gare,78420,Montfort-l'Amaury,commune,,2779,ign_chef_lieu,1.809,48.778,28.542,40.864,,,,,,26.972,,,,,,,,,False,False,False,,,False
gare,94059,Le Plessis-Trévise,commune,,21112,ign_chef_lieu,2.573,48.809,28.553,17.014,75.000,78.000,82.000,7.000,,47.085,21.964,342.000,213.000,-129.000,-0.348,-16.112,1.657,3.000,False,False,False,,,False
gare,78230,La Falaise,commune,,609,ign_chef_lieu,1.832,48.945,28.581,39.417,112.000,132.000,144.000,32.000,,30.092,12.991,343.000,367.000,24.000,0.065,41.889,4.387,2.000,False,False,False,,,False
gare,94075,Villecresnes,commune,,11647,ign_chef_lieu,2.533,48.722,28.582,20.000,85.000,88.000,92.000,7.000,,43.693,19.488,344.000,276.000,-68.000,-0.183,-5.409,2.014,2.000,False,False,False,,,False
gare,78084,Boissy-sans-Avoir,commune,,616,ign_chef_lieu,1.798,48.819,28.637,40.944,,,,,,26.772,,,,,,,,,False,False,False,,,False
gare,95628,Valmondois,commune,,1208,ign_chef_lieu,2.190,49.096,28.692,29.206,100.000,104.000,110.000,10.000,,47.415,16.553,345.000,337.000,-8.000,-0.022,11.557,2.193,3.000,False,False,False,,,False
gare,95445,Nerville-la-Forêt,commune,,756,ign_chef_lieu,2.277,49.089,28.693,26.490,97.000,116.000,130.000,33.000,,45.058,14.841,346.000,358.500,12.500,0.034,24.427,2.574,4.000,True,False,False,,,False
gare,78403,Mézy-sur-Seine,commune,,2242,ign_chef_lieu,1.881,49.000,28.695,38.054,93.000,98.000,104.000,11.000,,30.847,17.569,347.000,316.000,-31.000,-0.084,5.115,3.177,4.000,True,False,False,,,False
gare,95170,Condécourt,commune,,564,ign_chef_lieu,1.941,49.040,28.728,36.382,97.000,100.000,107.000,10.000,,34.098,17.237,348.000,326.500,-21.500,-0.058,7.195,2.933,3.000,False,False,False,,,False
gare,91086,Bondoufle,commune,,10767,ign_chef_lieu,2.380,48.613,28.801,27.114,104.000,110.000,117.000,13.000,,40.507,15.709,349.000,349.500,0.500,0.001,17.753,2.716,3.000,False,False,False,,,False
gare,78616,Thoiry,commune,,1434,ign_chef_lieu,1.795,48.865,28.857,40.886,106.000,116.000,131.000,25.000,,33.377,14.926,350.000,358.500,8.500,0.023,24.046,3.475,3.000,False,False,False,,,False
gare,91207,Égly,commune,,7166,ign_chef_lieu,2.222,48.580,28.863,32.222,98.000,106.000,114.000,16.000,,41.772,16.337,351.000,343.500,-7.500,-0.020,13.339,2.538,3.000,False,False,False,,,False
gare,91017,Angervilliers,commune,,1772,ign_chef_lieu,2.065,48.592,28.880,36.281,,,,,,45.403,,,,,,,,,False,False,False,,,False
gare,91215,Épinay-sous-Sénart,commune,,11611,ign_chef_lieu,2.515,48.695,28.928,21.565,89.000,92.000,96.000,7.000,,48.662,18.866,352.000,301.500,-50.500,-0.136,-1.750,1.891,2.000,False,False,False,,,False
gare,95078,Boissy-l'Aillerie,commune,,2120,ign_chef_lieu,2.029,49.077,28.934,34.103,91.000,102.000,116.000,25.000,,44.133,17.020,353.000,332.000,-21.000,-0.057,8.917,2.311,4.000,True,False,False,,,False
gare,91568,Saint-Maurice-Montcouronne,commune,,1543,ign_chef_lieu,2.124,48.581,28.951,34.900,,,,,,43.848,,,,,,,,,False,False,False,,,False
gare,91600,Soisy-sur-Seine,commune,,7418,ign_chef_lieu,2.452,48.646,28.984,24.527,100.000,105.000,111.000,11.000,,43.328,16.562,354.000,340.000,-14.000,-0.038,12.017,2.423,4.000,True,False,False,,,False
gare,94060,La Queue-en-Brie,commune,,12241,ign_chef_lieu,2.575,48.791,29.002,17.886,80.000,83.000,87.000,7.000,,48.972,20.966,355.000,247.000,-108.000,-0.291,-11.484,1.695,2.000,False,False,False,,,False
gare,93047,Montfermeil,commune,,28703,ign_chef_lieu,2.571,48.902,29.067,16.801,79.000,83.000,87.000,8.000,,44.833,21.013,356.000,247.000,-109.000,-0.294,-11.591,1.851,2.000,False,False,False,,,False
gare,78262,Galluis,commune,,1298,ign_chef_lieu,1.796,48.796,29.068,41.412,,,,,,26.432,,,,,,,,,False,False,False,,,False
gare,93078,Villepinte,commune,,41470,ign_chef_lieu,2.535,48.964,29.090,17.917,76.000,80.000,84.000,8.000,,41.487,21.817,357.000,228.000,-129.000,-0.348,-14.822,1.928,3.000,False,False,False,,,False
gare,95271,Génicourt,commune,,514,ign_chef_lieu,2.066,49.088,29.096,33.190,101.000,105.000,109.000,8.000,,42.740,16.626,358.000,340.000,-18.000,-0.049,11.783,2.457,3.000,False,False,False,,,False
gare,95535,Sagy,commune,,1096,ign_chef_lieu,1.952,49.050,29.131,36.391,,,,,,35.935,,,,,,,,,False,False,False,,,False
gare,94048,Marolles-en-Brie,commune,,4781,ign_chef_lieu,2.550,48.733,29.180,20.000,97.000,100.000,104.000,7.000,,45.617,17.508,359.000,326.500,-32.500,-0.088,6.295,2.192,2.000,False,False,False,,,False
gare,78486,Le Perray-en-Yvelines,commune,,6480,ign_chef_lieu,1.855,48.695,29.180,40.787,80.000,91.000,100.000,20.000,,33.237,19.240,360.000,295.000,-65.000,-0.175,-3.272,2.738,2.000,False,False,False,,,False
gare,95660,Villaines-sous-Bois,commune,,778,ign_chef_lieu,2.357,49.077,29.329,24.532,82.000,96.000,112.000,30.000,,47.338,18.330,361.000,312.500,-48.500,-0.131,1.764,2.028,2.000,False,False,False,,,False
gare,95341,Livilliers,commune,,389,ign_chef_lieu,2.095,49.095,29.349,32.576,107.000,115.000,122.000,15.000,,44.355,15.312,362.000,356.000,-6.000,-0.016,21.859,2.593,3.000,False,False,False,,,False
gare,95308,Hérouville-en-Vexin,commune,,584,ign_chef_lieu,2.131,49.101,29.504,31.683,113.000,121.000,128.000,15.000,,45.452,14.630,363.000,362.000,-1.000,-0.003,27.852,2.662,3.000,False,False,False,,,False
gare,78655,Vieille-Église-en-Yvelines,commune,,652,ign_chef_lieu,1.875,48.670,29.549,40.732,,,,,,36.688,,,,,,,,,False,False,False,,,False
gare,95181,Courcelles-sur-Viosne,commune,,310,ign_chef_lieu,2.003,49.077,29.761,35.449,,,,,,43.567,,,,,,,,,False,False,False,,,False
gare,93074,Vaujours,commune,,8007,ign_chef_lieu,2.567,48.932,29.807,17.861,84.000,88.000,92.000,8.000,,41.752,20.323,364.000,276.000,-88.000,-0.237,-7.527,2.108,3.000,False,False,False,,,False
gare,78261,Gaillon-sur-Montcient,commune,,689,ign_chef_lieu,1.892,49.024,29.875,38.550,103.000,110.000,118.000,15.000,,30.615,16.295,365.000,349.500,-15.500,-0.042,15.449,3.593,3.000,False,False,False,,,False
gare,93015,Coubron,commune,,5175,ign_chef_lieu,2.577,48.916,29.898,17.733,88.000,91.000,94.000,6.000,,43.537,19.713,366.000,295.000,-71.000,-0.191,-4.532,2.090,2.000,False,False,False,,,False
gare,77108,Chelles,commune,,54620,ign_chef_lieu,2.590,48.878,29.935,17.593,68.000,72.000,76.000,8.000,,49.245,24.946,367.000,175.000,-192.000,-0.518,-24.515,1.462,2.000,False,False,False,,1.000,False
gare,95422,Montgeroult,commune,,361,ign_chef_lieu,2.007,49.081,29.980,35.515,106.000,117.000,131.000,25.000,,44.983,15.374,368.000,360.000,-8.000,-0.022,22.563,2.601,4.000,True,False,False,,,False
gare,95682,Villiers-le-Sec,commune,,205,ign_chef_lieu,2.390,49.072,30.002,24.189,118.000,140.000,163.000,45.000,,47.280,12.858,369.000,370.000,1.000,0.003,46.598,2.961,3.000,False,False,False,,,False
gare,95280,Goussainville,commune,,31301,ign_chef_lieu,2.473,49.032,30.112,21.474,78.000,85.000,91.000,13.000,,46.538,21.255,370.000,261.000,-109.000,-0.294,-11.169,1.826,3.000,False,False,False,,,False
gare,95313,L'Isle-Adam,commune,,12493,ign_chef_lieu,2.218,49.112,30.557,30.126,96.000,102.000,109.000,13.000,,46.240,17.975,371.000,332.000,-39.000,-0.105,5.756,2.206,4.000,True,False,False,,,False
