origin_id,unit_id,name,level,parent_id,population,point_source,lon,lat,dist_km,dist_km_core,travel_time_p25,t_tc,travel_time_p75,t_tc_spread,walk_time,car_time,v_eff_kmh,rank_dist,rank_time,paradox_index,paradox_norm,time_excess_pct,ratio_tc_car,transfers,transfers_censored,walk_only,dead_zone,top_nah_fern,top_fern_nah,is_origin_commune
centre,92033,Garches,commune,,17743,ign_chef_lieu,2.188,48.844,0.000,12.175,0.000,0.000,0.000,0.000,0.000,,,,,,,,,0.000,False,True,False,,,True
centre,92047,Marnes-la-Coquette,commune,,1752,ign_chef_lieu,2.178,48.830,1.666,13.169,24.000,26.000,26.000,2.000,26.000,,3.845,1.000,3.000,2.000,0.005,3.964,,0.000,False,True,False,,,False
centre,92077,Ville-d'Avray,commune,,11089,ign_chef_lieu,2.190,48.828,1.690,12.361,33.000,35.000,39.000,6.000,35.000,,2.898,2.000,7.000,5.000,0.013,38.938,,0.000,False,True,False,,,False
centre,92076,Vaucresson,commune,,8432,ign_chef_lieu,2.158,48.839,2.233,14.401,22.000,24.000,28.000,6.000,34.000,,5.584,3.000,2.000,-1.000,-0.003,-17.159,,0.000,False,False,False,,,False
centre,92064,Saint-Cloud,commune,,29855,ign_chef_lieu,2.219,48.844,2.301,9.890,21.000,23.000,25.000,4.000,34.000,,6.003,4.000,1.000,-3.000,-0.008,-21.793,,0.000,False,False,False,,,False
centre,92072,Sèvres,commune,,22303,ign_chef_lieu,2.213,48.825,2.777,10.853,39.000,41.000,44.000,5.000,49.000,,4.064,5.000,13.000,8.000,0.021,26.860,,2.000,False,False,False,,,False
centre,92022,Chaville,commune,,20594,ign_chef_lieu,2.188,48.810,3.734,13.115,33.000,38.000,41.000,8.000,68.000,,5.895,6.000,8.000,2.000,0.005,1.355,,1.000,False,False,False,,,False
centre,78126,La Celle-Saint-Cloud,commune,,20460,ign_chef_lieu,2.136,48.848,3.820,15.897,30.000,33.000,36.000,6.000,57.000,,6.945,7.000,5.500,-1.500,-0.004,-12.984,,0.000,False,False,False,,,False
centre,92063,Rueil-Malmaison,commune,,82874,ign_chef_lieu,2.181,48.878,3.857,12.835,50.000,52.000,54.000,4.000,64.000,,4.450,8.000,36.000,28.000,0.072,36.454,,1.000,False,False,False,,,False
centre,92012,Boulogne-Billancourt,commune,,119019,ign_chef_lieu,2.241,48.836,3.967,8.524,42.000,44.000,48.000,6.000,60.000,,5.409,9.000,15.000,6.000,0.015,13.848,,1.000,False,False,False,,,False
centre,78092,Bougival,commune,,9134,ign_chef_lieu,2.140,48.861,4.006,15.612,37.000,40.000,43.000,6.000,64.000,,6.010,10.000,12.000,2.000,0.005,2.981,,0.000,False,False,False,,,False
centre,92073,Suresnes,commune,,48956,ign_chef_lieu,2.225,48.871,4.112,9.487,30.000,32.000,36.000,6.000,61.000,,7.711,11.000,4.000,-7.000,-0.018,-18.688,,1.000,False,False,False,,,False
centre,78158,Le Chesnay-Rocquencourt,commune,,30689,ign_chef_lieu,2.125,48.826,4.962,17.006,35.000,39.000,42.000,7.000,78.000,,7.633,12.000,10.000,-2.000,-0.005,-9.810,,1.000,False,False,False,,,False
centre,78686,Viroflay,commune,,17237,ign_chef_lieu,2.173,48.800,4.992,14.594,41.000,46.000,53.000,12.000,82.000,,6.511,13.000,18.500,5.500,0.014,6.053,,2.000,False,False,False,,,False
centre,92048,Meudon,commune,,46334,ign_chef_lieu,2.239,48.813,5.042,9.653,48.000,50.000,52.000,4.000,82.000,,6.050,14.000,27.500,13.500,0.035,14.702,,1.000,False,False,False,,,False
centre,78190,Croissy-sur-Seine,commune,,11013,ign_chef_lieu,2.148,48.881,5.054,15.263,52.000,54.000,57.000,5.000,100.000,,5.616,15.000,45.500,30.500,0.078,23.725,,1.000,False,False,False,,,False
centre,92050,Nanterre,commune,,97783,ign_chef_lieu,2.207,48.892,5.577,11.372,49.000,51.000,54.000,5.000,89.000,,6.561,16.000,31.500,15.500,0.040,11.224,,1.000,False,False,False,,,False
centre,78146,Chatou,commune,,30598,ign_chef_lieu,2.158,48.890,5.612,14.779,49.000,52.000,54.000,5.000,96.000,,6.475,17.000,36.000,19.000,0.049,13.047,,1.000,False,False,False,,,False
centre,92062,Puteaux,commune,,44002,ign_chef_lieu,2.238,48.884,5.828,8.936,31.000,33.000,36.000,5.000,86.000,,10.597,18.000,5.500,-12.500,-0.032,-29.607,,0.000,False,False,False,,,False
centre,78350,Louveciennes,commune,,7990,ign_chef_lieu,2.113,48.862,5.886,17.620,36.000,39.000,42.000,6.000,89.000,,9.056,19.000,10.000,-9.000,-0.023,-17.221,,1.000,False,False,False,,,False
centre,78646,Versailles,commune,,84095,ign_chef_lieu,2.130,48.801,6.330,17.444,48.000,50.000,52.000,4.000,99.000,,7.596,20.000,27.500,7.500,0.019,2.326,,2.000,False,False,False,,,False
centre,92040,Issy-les-Moulineaux,commune,,67669,ign_chef_lieu,2.274,48.825,6.663,6.776,50.000,52.000,55.000,5.000,99.000,,7.688,21.000,36.000,15.000,0.039,3.720,,2.000,False,False,False,,,False
centre,78640,Vélizy-Villacoublay,commune,,23011,ign_chef_lieu,2.191,48.783,6.763,14.434,50.000,55.000,61.000,11.000,113.000,,7.378,22.000,51.500,29.500,0.076,8.887,,2.000,False,False,False,,,False
centre,78502,Le Port-Marly,commune,,5559,ign_chef_lieu,2.112,48.878,6.794,17.836,49.000,52.000,54.000,5.000,108.000,,7.840,23.000,36.000,13.000,0.033,2.707,,0.000,False,False,False,,,False
centre,78650,Le Vésinet,commune,,15554,ign_chef_lieu,2.135,48.895,6.879,16.525,53.000,56.000,58.000,5.000,,,7.370,24.000,56.000,32.000,0.082,9.922,,1.000,False,False,False,,,False
centre,75116,Paris 16e Arrondissement,district,75056,159386,ign_chef_lieu_arrondissement,2.277,48.864,6.889,5.633,45.000,47.000,50.000,5.000,107.000,,8.794,25.000,21.500,-3.500,-0.009,-7.809,,3.000,False,False,False,,,False
centre,78124,Carrières-sur-Seine,commune,,14791,ign_chef_lieu,2.176,48.906,7.004,14.048,56.000,59.000,64.000,8.000,,,7.123,26.000,62.000,36.000,0.093,14.770,,2.000,False,False,False,,,False
centre,78372,Marly-le-Roi,commune,,16756,ign_chef_lieu,2.097,48.868,7.199,18.789,36.000,39.000,41.000,5.000,110.000,,11.076,27.000,10.000,-17.000,-0.044,-25.175,,0.000,False,False,False,,,False
centre,92023,Clamart,commune,,58576,ign_chef_lieu,2.263,48.801,7.287,9.044,62.000,65.000,67.000,5.000,117.000,,6.727,28.000,81.500,53.500,0.138,23.950,,2.000,False,False,True,,,False
centre,92051,Neuilly-sur-Seine,commune,,59538,ign_chef_lieu,2.270,48.885,7.566,6.847,43.000,45.000,48.000,5.000,116.000,,10.088,29.000,16.500,-12.500,-0.032,-15.789,,1.000,False,False,False,,,False
centre,92026,Courbevoie,commune,,82902,ign_chef_lieu,2.256,48.895,7.620,8.332,40.000,43.000,45.000,5.000,113.000,,10.632,30.000,14.000,-16.000,-0.041,-19.816,,0.000,False,False,False,,,False
centre,78418,Montesson,commune,,14549,ign_chef_lieu,2.150,48.909,7.757,15.966,61.000,63.000,67.000,6.000,,,7.387,31.000,74.500,43.500,0.112,16.431,,2.000,False,False,True,,,False
centre,92075,Vanves,commune,,28622,ign_chef_lieu,2.289,48.821,7.864,6.048,57.000,59.000,62.000,5.000,116.000,,7.998,32.000,62.000,30.000,0.077,8.286,,2.000,False,False,False,,,False
centre,78043,Bailly,commune,,3731,ign_chef_lieu,2.079,48.840,8.004,20.169,47.000,51.000,53.000,6.000,,,9.416,33.000,31.500,-1.500,-0.004,-7.219,,1.000,False,False,False,,,False
centre,75115,Paris 15e Arrondissement,district,75056,229713,ign_chef_lieu_arrondissement,2.300,48.841,8.268,4.177,54.000,56.000,59.000,5.000,,,8.858,34.000,56.000,22.000,0.057,0.233,,2.000,False,False,False,,,False
centre,92035,La Garenne-Colombes,commune,,30197,ign_chef_lieu,2.247,48.907,8.269,9.590,45.000,47.000,50.000,5.000,,,10.556,35.000,21.500,-13.500,-0.035,-15.882,,0.000,False,False,False,,,False
centre,78481,Le Pecq,commune,,16059,ign_chef_lieu,2.106,48.897,8.463,18.628,58.000,60.000,62.000,4.000,,,8.463,36.000,66.500,30.500,0.078,6.140,,2.000,False,False,False,,,False
centre,92046,Malakoff,commune,,30557,ign_chef_lieu,2.302,48.821,8.732,5.440,63.000,65.000,68.000,5.000,,,8.060,37.000,81.500,44.500,0.114,13.198,,2.000,False,False,False,,,False
centre,92060,Le Plessis-Robinson,commune,,28848,ign_chef_lieu,2.262,48.782,8.751,10.588,75.000,78.000,81.000,6.000,,,6.731,38.000,157.000,119.000,0.306,35.689,,2.000,False,False,False,10.000,,False
centre,78311,Houilles,commune,,33983,ign_chef_lieu,2.187,48.923,8.857,14.259,44.000,46.000,50.000,6.000,,,11.553,39.000,18.500,-20.500,-0.053,-20.462,,1.000,False,False,False,,,False
centre,78322,Jouy-en-Josas,commune,,7981,ign_chef_lieu,2.169,48.765,8.875,16.922,57.000,60.000,64.000,7.000,,,8.875,40.000,66.500,26.500,0.068,3.639,,2.000,False,False,False,,,False
centre,92020,Châtillon,commune,,36705,ign_chef_lieu,2.290,48.800,8.945,7.810,75.000,77.000,80.000,5.000,,,6.970,41.000,150.500,109.500,0.281,32.486,,4.000,True,False,False,,,False
centre,78117,Buc,commune,,5816,ign_chef_lieu,2.126,48.774,8.957,18.992,66.000,71.000,75.000,9.000,,,7.570,42.000,111.500,69.500,0.179,22.075,,2.000,False,False,False,,,False
centre,78224,L'Étang-la-Ville,commune,,5157,ign_chef_lieu,2.073,48.871,8.991,20.599,42.000,45.000,48.000,6.000,,,11.989,43.000,16.500,-26.500,-0.068,-22.776,,0.000,False,False,False,,,False
centre,78455,Noisy-le-Roi,commune,,7713,ign_chef_lieu,2.064,48.844,9.047,21.184,45.000,49.000,52.000,7.000,,,11.078,44.000,24.500,-19.500,-0.050,-16.171,,1.000,False,False,False,,,False
centre,92044,Levallois-Perret,commune,,68092,ign_chef_lieu,2.288,48.893,9.151,6.243,50.000,53.000,56.000,6.000,,,10.359,45.000,40.500,-4.500,-0.012,-9.845,,1.000,False,False,False,,,False
centre,78367,Mareil-Marly,commune,,4141,ign_chef_lieu,2.077,48.882,9.187,20.408,51.000,54.000,56.000,5.000,,,10.207,46.000,45.500,-0.500,-0.001,-8.325,,1.000,False,False,False,,,False
centre,78551,Saint-Germain-en-Laye,commune,,45931,ign_chef_lieu,2.094,48.899,9.244,19.555,51.000,54.000,58.000,7.000,,,10.271,47.000,45.500,-1.500,-0.004,-8.611,,1.000,False,False,False,,,False
centre,92032,Fontenay-aux-Roses,commune,,24070,ign_chef_lieu,2.287,48.791,9.299,8.717,78.000,81.000,84.000,6.000,,,6.888,48.000,178.000,130.000,0.334,36.678,,3.000,False,False,False,8.000,,False
centre,78343,Les Loges-en-Josas,commune,,1645,ign_chef_lieu,2.140,48.764,9.475,18.643,64.000,68.000,72.000,8.000,,,8.360,49.000,91.500,42.500,0.109,13.665,,2.000,False,False,False,,,False
centre,95063,Bezons,commune,,36434,ign_chef_lieu,2.216,48.928,9.606,12.772,52.000,54.000,57.000,5.000,,,10.674,50.000,45.500,-4.500,-0.012,-10.357,,1.000,False,False,False,,,False
centre,92009,Bois-Colombes,commune,,28909,ign_chef_lieu,2.268,48.914,9.818,8.946,48.000,51.000,53.000,5.000,,,11.551,51.000,31.500,-19.500,-0.050,-16.258,,0.000,False,False,False,,,False
centre,92007,Bagneux,commune,,44572,ign_chef_lieu,2.304,48.799,9.850,7.267,71.000,74.000,78.000,7.000,,,7.986,52.000,125.500,73.500,0.189,21.313,,4.000,True,False,False,,,False
centre,75107,Paris 7e Arrondissement,district,75056,48015,ign_chef_lieu_arrondissement,2.320,48.857,9.860,2.354,52.000,55.000,58.000,6.000,,,10.756,53.000,51.500,-1.500,-0.004,-9.882,,2.000,False,False,False,,,False
centre,92025,Colombes,commune,,91053,ign_chef_lieu,2.254,48.923,10.052,10.285,52.000,55.000,58.000,6.000,,,10.966,54.000,51.500,-2.500,-0.006,-10.752,,2.000,False,False,False,,,False
centre,78545,Saint-Cyr-l'École,commune,,21268,ign_chef_lieu,2.067,48.800,10.116,21.884,52.000,56.000,60.000,8.000,,,10.839,55.000,56.000,1.000,0.003,-9.417,,1.000,False,False,False,,,False
centre,92049,Montrouge,commune,,46324,ign_chef_lieu,2.320,48.819,10.128,4.797,58.000,60.000,63.000,5.000,,,10.128,56.000,66.500,10.500,0.027,-3.007,,3.000,False,False,False,,,False
centre,91064,Bièvres,commune,,4686,ign_chef_lieu,2.215,48.754,10.136,15.191,66.000,69.000,73.000,7.000,,,8.814,57.000,100.000,43.000,0.111,11.503,,2.000,False,False,False,,,False
centre,75108,Paris 8e Arrondissement,district,75056,35317,ign_chef_lieu_arrondissement,2.318,48.878,10.251,3.475,47.000,49.000,52.000,5.000,,,12.552,58.000,24.500,-33.500,-0.086,-21.265,,0.000,False,False,False,,,False
centre,92071,Sceaux,commune,,20884,ign_chef_lieu,2.288,48.780,10.258,9.750,79.000,81.000,84.000,5.000,,,7.598,59.000,178.000,119.000,0.306,30.112,,3.000,False,False,False,,,False
centre,75114,Paris 14e Arrondissement,district,75056,136455,ign_chef_lieu_arrondissement,2.327,48.833,10.282,3.201,56.000,59.000,62.000,6.000,,,10.456,60.000,62.000,2.000,0.005,-5.339,,2.000,False,False,False,,,False
centre,92004,Asnières-sur-Seine,commune,,93941,ign_chef_lieu,2.289,48.911,10.531,7.635,50.000,53.000,55.000,5.000,,,11.922,61.000,40.500,-20.500,-0.053,-15.982,,1.000,False,False,False,,,False
centre,78396,Le Mesnil-le-Roi,commune,,6332,ign_chef_lieu,2.122,48.928,10.539,18.651,64.000,68.000,74.000,10.000,,,9.299,62.000,91.500,29.500,0.076,7.757,,2.000,False,False,False,,,False
centre,75106,Paris 6e Arrondissement,district,75056,40389,ign_chef_lieu_arrondissement,2.332,48.851,10.638,1.616,52.000,54.000,57.000,5.000,,,11.820,63.000,45.500,-17.500,-0.045,-14.831,,3.000,False,False,False,,,False
centre,78518,Rennemoulin,commune,,116,ign_chef_lieu,2.043,48.832,10.737,22.913,64.000,72.000,79.000,15.000,,,8.948,64.000,115.500,51.500,0.132,13.032,,2.000,False,False,False,,,False
centre,92019,Châtenay-Malabry,commune,,35825,ign_chef_lieu,2.278,48.767,10.742,11.320,83.000,86.000,89.000,6.000,,,7.494,65.000,205.500,140.500,0.361,34.982,,3.000,False,False,False,6.000,,False
centre,92024,Clichy,commune,,64410,ign_chef_lieu,2.305,48.903,10.832,6.232,53.000,55.000,58.000,5.000,,,11.817,66.000,51.500,-14.500,-0.037,-14.037,,2.000,False,False,False,,,False
centre,75117,Paris 17e Arrondissement,district,75056,159212,ign_chef_lieu_arrondissement,2.322,48.885,10.864,3.852,48.000,50.000,52.000,4.000,,,13.037,67.000,27.500,-39.500,-0.102,-21.968,,2.000,False,False,False,,,False
centre,78242,Fontenay-le-Fleury,commune,,13680,ign_chef_lieu,2.046,48.811,11.045,23.086,63.000,67.000,71.000,8.000,,,9.891,68.000,88.000,20.000,0.051,3.704,,2.000,False,False,False,,,False
centre,78586,Sartrouville,commune,,52763,ign_chef_lieu,2.158,48.941,11.064,17.073,48.000,50.000,53.000,5.000,,,13.276,69.000,27.500,-41.500,-0.107,-22.676,,1.000,False,False,False,,,False
centre,75105,Paris 5e Arrondissement,district,75056,55252,ign_chef_lieu_arrondissement,2.344,48.846,11.500,1.300,50.000,53.000,56.000,6.000,,,13.019,70.000,40.500,-29.500,-0.076,-19.614,,2.000,False,False,False,,,False
centre,91312,Igny,commune,,10833,ign_chef_lieu,2.226,48.742,11.618,15.746,73.000,77.000,81.000,8.000,,,9.053,71.000,150.500,79.500,0.204,16.192,,2.000,False,False,False,,,False
centre,94003,Arcueil,commune,,22200,ign_chef_lieu,2.335,48.804,11.648,5.922,62.000,64.000,67.000,5.000,,,10.920,72.000,77.500,5.500,0.014,-3.547,,2.000,False,False,False,,,False
centre,75109,Paris 9e Arrondissement,district,75056,57271,ign_chef_lieu_arrondissement,2.341,48.872,11.723,1.965,45.000,47.000,50.000,5.000,,,14.965,73.000,21.500,-51.500,-0.132,-29.396,,2.000,False,False,False,,,False
centre,78297,Guyancourt,commune,,29778,ign_chef_lieu,2.070,48.771,11.827,22.806,69.000,72.000,76.000,7.000,,,9.855,74.000,115.500,41.500,0.107,7.683,,3.000,False,False,False,,,False
centre,78358,Maisons-Laffitte,commune,,23093,ign_chef_lieu,2.145,48.946,11.833,18.204,45.000,47.000,50.000,5.000,,,15.106,75.000,21.500,-53.500,-0.138,-29.726,,1.000,False,False,False,,,False
centre,92014,Bourg-la-Reine,commune,,21019,ign_chef_lieu,2.316,48.779,11.840,9.025,65.000,68.000,71.000,6.000,,,10.447,76.000,91.500,15.500,0.040,1.643,,2.000,False,False,False,,,False
centre,92036,Gennevilliers,commune,,50979,ign_chef_lieu,2.293,48.925,11.959,8.823,63.000,65.000,68.000,5.000,,,11.039,77.000,81.500,4.500,0.012,-3.327,,3.000,False,False,False,,,False
centre,94016,Cachan,commune,,31103,ign_chef_lieu,2.334,48.795,12.047,7.005,66.000,69.000,73.000,7.000,,,10.476,78.000,100.000,22.000,0.057,2.243,,3.000,False,False,False,,,False
centre,78620,Toussus-le-Noble,commune,,1172,ign_chef_lieu,2.114,48.746,12.125,21.378,75.000,79.000,85.000,10.000,,,9.209,79.000,164.000,85.000,0.219,16.685,,2.000,False,False,False,,,False
centre,94037,Gentilly,commune,,19963,ign_chef_lieu,2.348,48.816,12.174,4.547,62.000,64.000,67.000,5.000,,,11.413,80.000,77.500,-2.500,-0.006,-5.663,,2.000,False,False,False,,,False
centre,91635,Vauhallan,commune,,1945,ign_chef_lieu,2.207,48.734,12.250,17.276,91.000,96.000,101.000,10.000,,,7.656,81.000,274.500,193.500,0.497,41.063,,3.000,False,False,False,2.000,,False
centre,91645,Verrières-le-Buisson,commune,,15057,ign_chef_lieu,2.267,48.746,12.292,13.745,87.000,90.000,94.000,7.000,,,8.195,82.000,234.000,152.000,0.391,32.020,,3.000,False,False,False,4.000,,False
centre,78571,Saint-Nom-la-Bretèche,commune,,4965,ign_chef_lieu,2.021,48.860,12.345,24.303,70.000,76.000,81.000,11.000,,,9.746,83.000,143.500,60.500,0.156,11.244,,2.000,False,False,False,,,False
centre,75113,Paris 13e Arrondissement,district,75056,181271,ign_chef_lieu_arrondissement,2.356,48.833,12.378,2.656,59.000,61.000,64.000,5.000,,,12.175,84.000,70.000,-14.000,-0.036,-10.832,,2.000,False,False,False,,,False
centre,78073,Bois-d'Arcy,commune,,16586,ign_chef_lieu,2.031,48.801,12.429,24.381,65.000,69.000,74.000,9.000,,,10.808,85.000,100.000,15.000,0.039,0.656,,2.000,False,False,False,,,False
centre,95018,Argenteuil,commune,,106130,ign_chef_lieu,2.249,48.948,12.434,12.694,66.000,69.000,72.000,6.000,,,10.812,86.000,100.000,14.000,0.036,0.634,,2.000,False,False,False,,,False
centre,91534,Saclay,commune,,4437,ign_chef_lieu,2.172,48.731,12.566,19.220,82.000,87.000,92.000,10.000,,,8.666,87.000,216.000,129.000,0.332,26.216,,3.000,False,False,False,9.000,,False
centre,75118,Paris 18e Arrondissement,district,75056,183127,ign_chef_lieu_arrondissement,2.344,48.892,12.699,4.011,51.000,54.000,56.000,5.000,,,14.110,88.000,45.500,-42.500,-0.109,-22.071,,2.000,False,False,False,,,False
centre,92002,Antony,commune,,64263,ign_chef_lieu,2.296,48.754,12.752,12.157,73.000,76.000,79.000,6.000,,,10.067,89.000,143.500,54.500,0.140,9.448,,2.000,False,False,False,,,False
centre,75110,Paris 10e Arrondissement,district,75056,83873,ign_chef_lieu_arrondissement,2.358,48.872,12.865,1.758,50.000,52.000,55.000,5.000,,,14.845,90.000,36.000,-54.000,-0.139,-25.446,,2.000,False,False,False,,,False
centre,78133,Chambourcy,commune,,5847,ign_chef_lieu,2.040,48.906,12.885,23.586,72.000,74.000,77.000,5.000,,,10.447,91.000,125.500,34.500,0.089,6.015,,2.000,False,False,False,,,False
centre,94043,Le Kremlin-Bicêtre,commune,,24110,ign_chef_lieu,2.357,48.812,12.894,4.911,66.000,68.000,70.000,4.000,,,11.377,92.000,91.500,-0.500,-0.001,-2.616,,2.000,False,False,False,,,False
centre,75100,Paris Centre,district,75056,94472,ign_chef_lieu_arrondissement,2.362,48.864,12.964,1.072,53.000,55.000,58.000,5.000,,,14.143,93.000,51.500,-41.500,-0.107,-21.447,,2.000,False,False,False,,,False
centre,94038,L'Haÿ-les-Roses,commune,,31188,ign_chef_lieu,2.337,48.779,13.113,8.651,78.000,81.000,84.000,6.000,,,9.713,94.000,178.000,84.000,0.216,15.026,,2.000,False,False,False,,,False
centre,93070,Saint-Ouen-sur-Seine,commune,,53615,ign_chef_lieu,2.334,48.912,13.159,6.288,50.000,53.000,56.000,6.000,,,14.897,95.000,40.500,-54.500,-0.140,-24.867,,3.000,False,False,False,,,False
centre,78674,Villepreux,commune,,11931,ign_chef_lieu,2.005,48.830,13.486,25.662,68.000,78.000,85.000,17.000,,,10.374,96.000,157.000,61.000,0.157,9.216,,2.000,False,False,False,,,False
centre,78143,Châteaufort,commune,,1564,ign_chef_lieu,2.092,48.737,13.744,23.265,78.000,82.000,88.000,10.000,,,10.057,97.000,185.000,88.000,0.226,13.731,,2.000,False,False,False,,,False
centre,78423,Montigny-le-Bretonneux,commune,,32465,ign_chef_lieu,2.038,48.770,13.760,25.063,72.000,75.000,79.000,7.000,,,11.008,98.000,135.000,37.000,0.095,3.963,,2.000,False,False,False,,,False
centre,78688,Voisins-le-Bretonneux,commune,,10624,ign_chef_lieu,2.051,48.759,13.762,24.645,77.000,80.000,84.000,7.000,,,10.322,99.000,171.000,72.000,0.185,10.884,,3.000,False,False,False,,,False
centre,91679,Villiers-le-Bâcle,commune,,1031,ign_chef_lieu,2.126,48.726,13.897,22.132,89.000,94.000,99.000,10.000,,,8.870,100.000,264.500,164.500,0.423,29.656,,2.000,False,False,False,3.000,,False
centre,94034,Fresnes,commune,,29528,ign_chef_lieu,2.322,48.755,13.931,11.487,83.000,85.000,89.000,6.000,,,9.834,101.000,198.000,97.000,0.249,17.096,,3.000,False,False,False,,,False
centre,91377,Massy,commune,,51729,ign_chef_lieu,2.271,48.731,13.947,15.173,83.000,85.000,89.000,6.000,,,9.845,102.000,198.000,96.000,0.247,17.031,,2.000,False,False,False,,,False
centre,78007,Aigremont,commune,,1075,ign_chef_lieu,2.018,48.902,14.066,25.067,90.000,92.000,95.000,5.000,,,9.174,103.000,254.000,151.000,0.388,26.127,,2.000,False,False,False,5.000,,False
centre,94076,Villejuif,commune,,60183,ign_chef_lieu,2.363,48.792,14.104,7.213,74.000,77.000,79.000,5.000,,,10.990,104.000,150.500,46.500,0.120,5.422,,2.000,False,False,False,,,False
centre,78498,Poissy,commune,,40983,ign_chef_lieu,2.043,48.927,14.143,24.049,65.000,69.000,72.000,7.000,,,12.299,105.000,100.000,-5.000,-0.013,-5.664,,2.000,False,False,False,,,False
centre,75111,Paris 11e Arrondissement,district,75056,138170,ign_chef_lieu_arrondissement,2.379,48.859,14.159,1.984,53.000,55.000,58.000,5.000,,,15.446,106.000,51.500,-54.500,-0.140,-24.846,,2.000,False,False,False,,,False
centre,94021,Chevilly-Larue,commune,,19826,ign_chef_lieu,2.347,48.771,14.200,9.467,73.000,75.000,78.000,5.000,,,11.360,107.000,135.000,28.000,0.072,2.334,,2.000,False,False,False,,,False
centre,95257,La Frette-sur-Seine,commune,,4570,ign_chef_lieu,2.178,48.974,14.515,18.267,81.000,84.000,87.000,6.000,,,10.368,108.000,192.500,84.500,0.217,13.360,,2.000,False,False,False,,,False
centre,91538,Saint-Aubin,commune,,661,ign_chef_lieu,2.140,48.715,14.692,22.132,87.000,91.000,96.000,9.000,,,9.687,109.000,244.000,135.000,0.347,22.061,,4.000,True,False,False,7.000,,False
centre,75112,Paris 12e Arrondissement,district,75056,138024,ign_chef_lieu_arrondissement,2.388,48.841,14.721,3.142,56.000,58.000,61.000,5.000,,,15.228,110.000,59.500,-50.500,-0.130,-22.279,,2.000,False,False,False,,,False
centre,95176,Cormeilles-en-Parisis,commune,,27292,ign_chef_lieu,2.199,48.976,14.762,17.405,78.000,80.000,84.000,6.000,,,11.072,111.000,171.000,60.000,0.154,7.050,,3.000,False,False,False,,,False
centre,92078,Villeneuve-la-Garenne,commune,,26021,ign_chef_lieu,2.333,48.936,14.809,8.957,64.000,67.000,69.000,5.000,,,13.262,112.000,88.000,-24.000,-0.062,-10.488,,3.000,False,False,False,,,False
centre,78152,Chavenay,commune,,1723,ign_chef_lieu,1.986,48.854,14.821,26.866,134.000,156.000,179.000,45.000,,,5.700,113.000,388.500,275.500,0.708,108.330,,3.000,False,False,False,1.000,,False
centre,75119,Paris 19e Arrondissement,district,75056,178691,ign_chef_lieu_arrondissement,2.382,48.883,14.908,3.660,55.000,57.000,60.000,5.000,,,15.692,114.000,58.000,-56.000,-0.144,-24.101,,2.000,False,False,False,,,False
centre,91477,Palaiseau,commune,,37471,ign_chef_lieu,2.246,48.715,14.969,17.616,81.000,86.000,90.000,9.000,,,10.443,115.000,205.500,90.500,0.233,14.280,,3.000,False,False,False,,,False
centre,78165,Les Clayes-sous-Bois,commune,,16804,ign_chef_lieu,1.986,48.821,14.992,27.160,71.000,76.000,82.000,11.000,,,11.836,116.000,143.500,27.500,0.071,0.912,,2.000,False,False,False,,,False
centre,94041,Ivry-sur-Seine,commune,,65064,ign_chef_lieu,2.388,48.812,15.082,5.567,65.000,69.000,73.000,8.000,,,13.115,117.000,100.000,-17.000,-0.044,-8.657,,3.000,False,False,False,,,False
centre,95582,Sannois,commune,,26924,ign_chef_lieu,2.256,48.972,15.114,14.631,66.000,69.000,71.000,5.000,,,13.143,118.000,100.000,-18.000,-0.046,-8.755,,2.000,False,False,False,,,False
centre,93031,Épinay-sur-Seine,commune,,52833,ign_chef_lieu,2.313,48.952,15.135,10.964,68.000,71.000,74.000,6.000,,,12.790,119.000,111.500,-7.500,-0.019,-6.176,,2.000,False,False,False,,,False
centre,93039,L'Île-Saint-Denis,commune,,8696,ign_chef_lieu,2.341,48.936,15.178,8.853,60.000,62.000,65.000,5.000,,,14.689,120.000,72.000,-48.000,-0.123,-18.186,,2.000,False,False,False,,,False
centre,78356,Magny-les-Hameaux,commune,,9386,ign_chef_lieu,2.084,48.724,15.322,24.615,92.000,96.000,101.000,9.000,,,9.576,121.000,274.500,153.500,0.395,26.082,,2.000,False,False,False,,,False
centre,78005,Achères,commune,,22241,ign_chef_lieu,2.070,48.961,15.636,23.743,67.000,70.000,74.000,7.000,,,13.402,122.000,108.000,-14.000,-0.036,-8.996,,2.000,False,False,False,,,False
centre,75120,Paris 20e Arrondissement,district,75056,185140,ign_chef_lieu_arrondissement,2.399,48.865,15.721,3.582,57.000,60.000,62.000,5.000,,,15.721,123.000,66.500,-56.500,-0.145,-22.208,,2.000,False,False,False,,,False
centre,78621,Trappes,commune,,34689,ign_chef_lieu,1.999,48.776,15.740,27.429,65.000,69.000,72.000,7.000,,,13.687,124.000,100.000,-24.000,-0.062,-10.594,,1.000,False,False,False,,,False
centre,95555,Saint-Gratien,commune,,21336,ign_chef_lieu,2.283,48.971,15.781,13.687,71.000,74.000,76.000,5.000,,,12.795,125.000,125.500,0.500,0.001,-4.238,,2.000,False,False,False,,,False
centre,94065,Rungis,commune,,5611,ign_chef_lieu,2.347,48.748,15.790,12.003,83.000,86.000,90.000,7.000,,,11.016,126.000,205.500,79.500,0.204,11.256,,3.000,False,False,False,,,False
centre,78123,Carrières-sous-Poissy,commune,,20825,ign_chef_lieu,2.034,48.944,15.842,25.277,70.000,74.000,78.000,8.000,,,12.845,127.000,125.500,-1.500,-0.004,-4.424,,2.000,False,False,False,,,False
centre,94081,Vitry-sur-Seine,commune,,93963,ign_chef_lieu,2.388,48.789,15.960,7.992,83.000,86.000,89.000,6.000,,,11.135,128.000,205.500,77.500,0.199,10.662,,3.000,False,False,False,,,False
centre,95424,Montigny-lès-Cormeilles,commune,,22457,ign_chef_lieu,2.188,48.988,16.022,18.943,86.000,89.000,93.000,7.000,,,10.801,129.000,228.500,99.500,0.256,14.300,,2.000,False,False,False,,,False
centre,91471,Orsay,commune,,16498,ign_chef_lieu,2.187,48.699,16.032,21.260,83.000,87.000,92.000,9.000,,,11.057,130.000,216.000,86.000,0.221,11.694,,4.000,True,False,False,,,False
centre,78233,Feucherolles,commune,,3043,ign_chef_lieu,1.974,48.874,16.065,27.851,86.000,97.000,105.000,19.000,,,9.937,131.000,279.500,148.500,0.382,24.405,,3.000,False,False,False,,,False
centre,91689,Wissous,commune,,7151,ign_chef_lieu,2.327,48.732,16.097,13.968,90.000,92.000,95.000,5.000,,,10.498,132.000,254.000,122.000,0.314,17.876,,3.000,False,False,False,,,False
centre,95252,Franconville,commune,,37754,ign_chef_lieu,2.230,48.986,16.150,16.991,79.000,82.000,85.000,6.000,,,11.817,133.000,185.000,52.000,0.134,4.888,,3.000,False,False,False,,,False
centre,91661,Villebon-sur-Yvette,commune,,10291,ign_chef_lieu,2.228,48.700,16.203,19.636,95.000,100.000,104.000,9.000,,,9.722,134.000,298.500,164.500,0.423,27.703,,3.000,False,False,False,,,False
centre,93066,Saint-Denis,commune,,149077,ign_chef_lieu,2.358,48.936,16.209,8.883,60.000,63.000,66.000,6.000,,,15.437,135.000,74.500,-60.500,-0.156,-19.561,,2.000,False,False,False,,,False
centre,91272,Gif-sur-Yvette,commune,,22544,ign_chef_lieu,2.134,48.702,16.247,23.524,98.000,102.000,106.000,8.000,,,9.557,136.000,306.000,170.000,0.437,30.079,,3.000,False,False,False,,,False
centre,93001,Aubervilliers,commune,,88365,ign_chef_lieu,2.382,48.915,16.279,6.820,63.000,66.000,68.000,5.000,,,14.799,137.000,85.000,-52.000,-0.134,-15.913,,2.000,False,False,False,,,False
centre,91136,Champlan,commune,,2615,ign_chef_lieu,2.274,48.708,16.302,17.443,90.000,94.000,98.000,8.000,,,10.405,138.000,264.500,126.500,0.325,19.675,,3.000,False,False,False,,,False
centre,95306,Herblay-sur-Seine,commune,,31779,ign_chef_lieu,2.165,48.990,16.360,20.210,75.000,78.000,83.000,8.000,,,12.585,139.000,157.000,18.000,0.046,-0.872,,2.000,False,False,False,,,False
centre,93061,Le Pré-Saint-Gervais,commune,,16993,ign_chef_lieu,2.403,48.883,16.380,4.727,68.000,70.000,73.000,5.000,,,14.040,140.000,108.000,-32.000,-0.082,-11.093,,2.000,False,False,False,,,False
centre,91122,Bures-sur-Yvette,commune,,9548,ign_chef_lieu,2.164,48.697,16.399,22.505,88.000,92.000,95.000,7.000,,,10.695,141.000,254.000,113.000,0.290,16.781,,3.000,False,False,False,,,False
centre,78406,Milon-la-Chapelle,commune,,295,ign_chef_lieu,2.049,48.726,16.528,26.558,112.000,119.000,127.000,15.000,,,8.333,142.000,360.000,218.000,0.560,50.460,,2.000,False,False,False,,,False
centre,95210,Enghien-les-Bains,commune,,11432,ign_chef_lieu,2.307,48.970,16.545,13.049,66.000,69.000,72.000,6.000,,,14.387,143.000,100.000,-43.000,-0.111,-12.802,,2.000,False,False,False,,,False
centre,93055,Pantin,commune,,61929,ign_chef_lieu,2.401,48.897,16.749,5.754,48.000,51.000,55.000,7.000,,,19.705,144.000,31.500,-112.500,-0.289,-35.946,,1.000,False,False,False,,,False
centre,94018,Charenton-le-Pont,commune,,28830,ign_chef_lieu,2.416,48.820,16.976,6.201,67.000,69.000,72.000,5.000,,,14.762,145.000,100.000,-45.000,-0.116,-13.921,,3.000,False,False,False,,,False
centre,94067,Saint-Mandé,commune,,21071,ign_chef_lieu,2.419,48.843,16.985,5.106,58.000,60.000,63.000,5.000,,,16.985,146.000,66.500,-79.500,-0.204,-25.169,,2.000,False,False,False,,,False
centre,93006,Bagnolet,commune,,43086,ign_chef_lieu,2.417,48.869,17.025,4.902,67.000,70.000,72.000,5.000,,,14.593,147.000,108.000,-39.000,-0.100,-12.799,,2.000,False,False,False,,,False
centre,93045,Les Lilas,commune,,23843,ign_chef_lieu,2.416,48.879,17.205,5.305,61.000,64.000,66.000,5.000,,,16.130,148.000,77.500,-70.500,-0.181,-20.695,,3.000,False,False,False,,,False
centre,95219,Ermont,commune,,29489,ign_chef_lieu,2.259,48.992,17.299,16.558,75.000,79.000,83.000,8.000,,,13.138,149.000,164.000,15.000,0.039,-2.373,,2.000,False,False,False,,,False
centre,94073,Thiais,commune,,32918,ign_chef_lieu,2.391,48.764,17.339,10.629,83.000,86.000,89.000,6.000,,,12.097,150.000,205.500,55.500,0.143,6.152,,3.000,False,False,False,,,False
centre,93079,Villetaneuse,commune,,12530,ign_chef_lieu,2.344,48.961,17.387,11.671,66.000,69.000,72.000,6.000,,,15.119,151.000,100.000,-51.000,-0.131,-14.949,,3.000,False,False,False,,,False
centre,93027,La Courneuve,commune,,47167,ign_chef_lieu,2.390,48.927,17.453,8.277,61.000,64.000,66.000,5.000,,,16.362,152.000,77.500,-74.500,-0.192,-21.261,,2.000,False,False,False,,,False
centre,78575,Saint-Rémy-lès-Chevreuse,commune,,7747,ign_chef_lieu,2.073,48.706,17.479,26.507,93.000,97.000,101.000,8.000,,,10.812,153.000,279.500,126.500,0.325,19.248,,2.000,False,False,False,,,False
centre,78672,Villennes-sur-Seine,commune,,5952,ign_chef_lieu,1.999,48.940,17.537,27.546,63.000,71.000,79.000,16.000,,,14.820,154.000,111.500,-42.500,-0.109,-12.860,,2.000,False,False,False,,,False
centre,78561,Saint-Lambert,commune,,447,ign_chef_lieu,2.020,48.731,17.545,28.117,,,,,,,,,,,,,,,False,False,False,,,False
centre,94002,Alfortville,commune,,45531,ign_chef_lieu,2.420,48.805,17.595,7.545,59.000,62.000,65.000,6.000,,,17.028,155.000,72.000,-83.000,-0.213,-24.032,,2.000,False,False,False,,,False
centre,78466,Orgeval,commune,,7252,ign_chef_lieu,1.975,48.918,17.694,28.542,85.000,90.000,100.000,15.000,,,11.796,156.000,234.000,78.000,0.201,9.968,,2.000,False,False,False,,,False
centre,95203,Eaubonne,commune,,26211,ign_chef_lieu,2.280,48.991,17.742,15.908,71.000,75.000,79.000,8.000,,,14.194,157.000,135.000,-22.000,-0.057,-8.485,,3.000,False,False,False,,,False
centre,94069,Saint-Maurice,commune,,14506,ign_chef_lieu,2.427,48.818,17.757,6.894,76.000,79.000,82.000,6.000,,,13.486,158.000,164.000,6.000,0.015,-3.645,,3.000,False,False,False,,,False
centre,91587,Saulx-les-Chartreux,commune,,6733,ign_chef_lieu,2.264,48.691,17.831,19.461,106.000,111.000,116.000,10.000,,,9.638,159.000,337.000,178.000,0.458,35.103,,3.000,False,False,False,,,False
centre,95491,Le Plessis-Bouchard,commune,,8518,ign_chef_lieu,2.235,49.001,17.864,18.256,80.000,83.000,86.000,6.000,,,12.914,160.000,188.500,28.500,0.073,0.928,,3.000,False,False,False,,,False
centre,95197,Deuil-la-Barre,commune,,23099,ign_chef_lieu,2.328,48.975,17.909,13.331,73.000,76.000,80.000,7.000,,,14.138,161.000,143.500,-17.500,-0.045,-7.699,,2.000,False,False,False,,,False
centre,78490,Plaisir,commune,,31811,ign_chef_lieu,1.947,48.817,17.916,30.085,77.000,83.000,90.000,13.000,,,12.952,162.000,188.500,26.500,0.068,0.780,,2.000,False,False,False,,,False
centre,95598,Soisy-sous-Montmorency,commune,,18008,ign_chef_lieu,2.300,48.987,17.986,15.060,74.000,77.000,81.000,7.000,,,14.015,163.000,150.500,-12.500,-0.032,-6.687,,3.000,False,False,False,,,False
centre,78015,Andrésy,commune,,13834,ign_chef_lieu,2.061,48.982,18.024,25.565,72.000,77.000,84.000,12.000,,,14.044,164.000,150.500,-13.500,-0.035,-6.784,,3.000,False,False,False,,,False
centre,78196,Davron,commune,,295,ign_chef_lieu,1.944,48.865,18.035,29.977,,,,,,,,,,,,,,,False,False,False,,,False
centre,78172,Conflans-Sainte-Honorine,commune,,36958,ign_chef_lieu,2.095,48.994,18.043,24.293,70.000,75.000,79.000,9.000,,,14.435,165.000,135.000,-30.000,-0.077,-9.256,,2.000,False,False,False,,,False
centre,91692,Les Ulis,commune,,25886,ign_chef_lieu,2.170,48.681,18.074,23.626,85.000,92.000,100.000,15.000,,,11.787,166.000,254.000,88.000,0.226,11.220,,3.000,False,False,False,,,False
centre,91161,Chilly-Mazarin,commune,,20443,ign_chef_lieu,2.313,48.703,18.167,17.360,101.000,103.000,106.000,5.000,,,10.582,167.000,311.000,144.000,0.370,24.198,,4.000,True,False,False,,,False
centre,91666,Villejust,commune,,2558,ign_chef_lieu,2.237,48.682,18.283,21.145,93.000,99.000,104.000,11.000,,,11.081,168.000,290.500,122.500,0.315,18.992,,3.000,False,False,False,,,False
centre,91345,Longjumeau,commune,,21996,ign_chef_lieu,2.296,48.694,18.406,18.504,94.000,97.000,101.000,7.000,,,11.385,169.000,279.500,110.500,0.284,16.198,,4.000,True,False,False,,,False
centre,78160,Chevreuse,commune,,5502,ign_chef_lieu,2.044,48.707,18.445,28.061,90.000,97.000,108.000,18.000,,,11.410,170.000,279.500,109.500,0.281,16.072,,2.000,False,False,False,,,False
centre,94046,Maisons-Alfort,commune,,56799,ign_chef_lieu,2.431,48.801,18.449,8.415,57.000,60.000,64.000,7.000,,,18.449,171.000,66.500,-104.500,-0.269,-28.210,,2.000,False,False,False,,,False
centre,94080,Vincennes,commune,,48193,ign_chef_lieu,2.440,48.848,18.503,6.477,56.000,58.000,61.000,5.000,,,19.141,172.000,59.500,-112.500,-0.289,-30.704,,1.000,False,False,False,,,False
centre,78384,Médan,commune,,1289,ign_chef_lieu,1.996,48.953,18.586,28.247,81.000,88.000,94.000,13.000,,,12.672,173.000,224.000,51.000,0.131,4.902,,2.000,False,False,False,,,False
centre,94022,Choisy-le-Roi,commune,,45946,ign_chef_lieu,2.410,48.762,18.624,11.258,72.000,75.000,78.000,6.000,,,14.899,174.000,135.000,-39.000,-0.100,-10.687,,3.000,False,False,False,,,False
centre,95427,Montmagny,commune,,15105,ign_chef_lieu,2.346,48.975,18.656,13.199,71.000,75.000,78.000,7.000,,,14.925,175.000,135.000,-40.000,-0.103,-10.764,,2.000,False,False,False,,,False
centre,91432,Morangis,commune,,14129,ign_chef_lieu,2.332,48.706,18.672,16.844,101.000,105.000,108.000,7.000,,,10.670,176.000,316.000,140.000,0.360,24.879,,4.000,True,False,False,,,False
centre,93048,Montreuil,commune,,111934,ign_chef_lieu,2.441,48.862,18.701,6.526,59.000,62.000,64.000,5.000,,,18.098,177.000,72.000,-105.000,-0.270,-26.320,,2.000,False,False,False,,,False
centre,95051,Beauchamp,commune,,9849,ign_chef_lieu,2.200,49.012,18.702,20.563,79.000,81.000,84.000,5.000,,,13.853,178.000,178.000,0.000,0.000,-3.743,,2.000,False,False,False,,,False
centre,91275,Gometz-le-Châtel,commune,,2630,ign_chef_lieu,2.138,48.678,18.717,25.295,115.000,123.000,132.000,17.000,,,9.130,179.000,369.000,190.000,0.488,46.107,,4.000,True,False,False,,,False
centre,93063,Romainville,commune,,37152,ign_chef_lieu,2.435,48.886,18.723,6.858,71.000,74.000,76.000,5.000,,,15.181,180.000,125.500,-54.500,-0.140,-12.112,,3.000,False,False,False,,,False
centre,78138,Chanteloup-les-Vignes,commune,,10861,ign_chef_lieu,2.030,48.978,18.928,27.240,83.000,86.000,91.000,8.000,,,13.206,181.000,205.500,24.500,0.063,1.584,,3.000,False,False,False,,,False
centre,95574,Saint-Prix,commune,,7612,ign_chef_lieu,2.262,49.007,18.935,17.955,86.000,91.000,96.000,10.000,,,12.484,182.000,244.000,62.000,0.159,7.471,,3.000,False,False,False,,,False
centre,95428,Montmorency,commune,,21763,ign_chef_lieu,2.321,48.989,18.935,14.985,83.000,87.000,91.000,8.000,,,13.059,183.000,216.000,33.000,0.085,2.746,,3.000,False,False,False,,,False
centre,93072,Stains,commune,,41388,ign_chef_lieu,2.382,48.955,18.943,11.236,73.000,76.000,80.000,7.000,,,14.955,184.000,143.500,-40.500,-0.104,-10.263,,4.000,True,False,False,,,False
centre,95369,Margency,commune,,3012,ign_chef_lieu,2.287,49.001,18.997,16.798,84.000,87.000,91.000,7.000,,,13.101,185.000,216.000,31.000,0.080,2.579,,3.000,False,False,False,,,False
centre,94054,Orly,commune,,24658,ign_chef_lieu,2.401,48.743,19.217,13.085,79.000,82.000,85.000,6.000,,,14.061,186.000,185.000,-1.000,-0.003,-3.875,,3.000,False,False,False,,,False
centre,78382,Maurecourt,commune,,4454,ign_chef_lieu,2.063,48.997,19.320,26.334,75.000,79.000,82.000,7.000,,,14.673,187.000,164.000,-23.000,-0.059,-7.638,,2.000,False,False,False,,,False
centre,91560,Saint-Jean-de-Beauregard,commune,,471,ign_chef_lieu,2.168,48.670,19.398,24.824,105.000,110.000,116.000,11.000,,,10.581,188.000,333.000,145.000,0.373,28.345,,4.000,True,False,False,,,False
centre,78208,Élancourt,commune,,26365,ign_chef_lieu,1.949,48.768,19.406,31.186,71.000,75.000,79.000,8.000,,,15.525,189.000,135.000,-54.000,-0.139,-12.511,,2.000,False,False,False,,,False
centre,78644,La Verrière,commune,,5994,ign_chef_lieu,1.958,48.758,19.408,31.001,71.000,75.000,79.000,8.000,,,15.526,190.000,135.000,-55.000,-0.141,-12.515,,2.000,False,False,False,,,False
centre,91479,Paray-Vieille-Poste,commune,,8202,ign_chef_lieu,2.364,48.713,19.467,15.999,96.000,99.000,102.000,6.000,,,11.798,191.000,290.500,99.500,0.256,15.304,,3.000,False,False,False,,,False
centre,91274,Gometz-la-Ville,commune,,1536,ign_chef_lieu,2.125,48.672,19.652,26.475,113.000,123.000,133.000,20.000,,,9.586,192.000,369.000,177.000,0.455,42.577,,4.000,True,False,False,,,False
centre,95426,Montlignon,commune,,3038,ign_chef_lieu,2.285,49.009,19.713,17.653,92.000,96.000,101.000,9.000,,,12.321,193.000,274.500,81.500,0.210,11.108,,3.000,False,False,False,,,False
centre,95288,Groslay,commune,,8453,ign_chef_lieu,2.346,48.987,19.713,14.521,76.000,79.000,84.000,8.000,,,14.972,194.000,164.000,-30.000,-0.077,-8.568,,3.000,False,False,False,,,False
centre,95014,Andilly,commune,,2742,ign_chef_lieu,2.301,49.005,19.813,17.002,84.000,88.000,93.000,9.000,,,13.509,195.000,224.000,29.000,0.075,1.590,,3.000,False,False,False,,,False
centre,78189,Crespières,commune,,1719,ign_chef_lieu,1.924,48.882,19.819,31.570,,,,,,,,,,,,,,,False,False,False,,,False
centre,78615,Thiverval-Grignon,commune,,1023,ign_chef_lieu,1.918,48.850,19.830,31.915,90.000,112.000,145.000,55.000,,,10.623,196.000,341.000,145.000,0.373,29.241,,3.000,False,False,False,,,False
centre,95563,Saint-Leu-la-Forêt,commune,,16138,ign_chef_lieu,2.244,49.019,19.943,19.756,82.000,87.000,93.000,11.000,,,13.754,197.000,216.000,19.000,0.049,0.107,,3.000,False,False,False,,,False
centre,78383,Maurepas,commune,,20629,ign_chef_lieu,1.945,48.762,19.970,31.683,68.000,71.000,75.000,7.000,,,16.876,198.000,111.500,-86.500,-0.222,-18.360,,2.000,False,False,False,,,False
centre,93053,Noisy-le-Sec,commune,,45510,ign_chef_lieu,2.452,48.890,20.054,8.191,62.000,66.000,70.000,8.000,,,18.231,199.000,85.000,-114.000,-0.293,-24.269,,1.000,False,False,False,,,False
centre,91044,Ballainvilliers,commune,,4904,ign_chef_lieu,2.290,48.676,20.080,20.562,103.000,108.000,116.000,13.000,,,11.155,200.000,321.000,121.000,0.311,23.846,,4.000,True,False,False,,,False
centre,95488,Pierrelaye,commune,,10130,ign_chef_lieu,2.156,49.023,20.102,23.464,85.000,87.000,91.000,6.000,,,13.863,201.000,216.000,15.000,0.039,-0.291,,2.000,False,False,False,,,False
centre,93008,Bobigny,commune,,56927,ign_chef_lieu,2.445,48.906,20.121,8.759,71.000,73.000,76.000,5.000,,,16.538,202.000,119.500,-82.500,-0.212,-16.375,,2.000,False,False,False,,,False
centre,93013,Le Bourget,commune,,15925,ign_chef_lieu,2.425,48.935,20.128,10.195,63.000,66.000,68.000,5.000,,,18.298,203.000,85.000,-118.000,-0.303,-24.407,,2.000,False,False,False,,,False
centre,94077,Villeneuve-le-Roi,commune,,21000,ign_chef_lieu,2.408,48.735,20.161,14.074,86.000,89.000,92.000,6.000,,,13.591,204.000,228.500,24.500,0.063,1.852,,3.000,False,False,False,,,False
centre,78397,Le Mesnil-Saint-Denis,commune,,7276,ign_chef_lieu,1.960,48.740,20.302,31.594,78.000,82.000,86.000,8.000,,,14.855,205.000,185.000,-20.000,-0.051,-6.488,,2.000,False,False,False,,,False
centre,78624,Triel-sur-Seine,commune,,12206,ign_chef_lieu,2.003,48.981,20.425,29.133,79.000,86.000,93.000,14.000,,,14.250,206.000,205.500,-0.500,-0.001,-2.222,,3.000,False,False,False,,,False
centre,95607,Taverny,commune,,27593,ign_chef_lieu,2.226,49.026,20.507,21.044,87.000,94.000,99.000,12.000,,,13.090,207.000,264.500,57.500,0.148,6.658,,3.000,False,False,False,,,False
centre,78548,Saint-Forget,commune,,436,ign_chef_lieu,1.993,48.710,20.577,30.986,96.000,103.000,115.000,19.000,,,11.987,208.000,311.000,103.000,0.265,16.671,,2.000,False,False,False,,,False
centre,94042,Joinville-le-Pont,commune,,20525,ign_chef_lieu,2.467,48.818,20.685,9.400,62.000,65.000,68.000,6.000,,,19.094,209.000,81.500,-127.500,-0.328,-26.566,,1.000,False,False,False,,,False
centre,78643,Vernouillet,commune,,9699,ign_chef_lieu,1.983,48.973,20.745,29.979,75.000,80.000,85.000,10.000,,,15.559,210.000,171.000,-39.000,-0.100,-9.750,,2.000,False,False,False,,,False
centre,95218,Éragny-sur-Oise,commune,,18436,ign_chef_lieu,2.091,49.019,20.782,26.369,74.000,77.000,80.000,6.000,,,16.193,211.000,150.500,-60.500,-0.156,-13.212,,2.000,False,False,False,,,False
centre,91458,Nozay,commune,,4471,ign_chef_lieu,2.243,48.660,20.798,23.277,97.000,102.000,105.000,8.000,,,12.234,212.000,306.000,94.000,0.242,14.922,,3.000,False,False,False,,,False
centre,94028,Créteil,commune,,93397,ign_chef_lieu,2.453,48.778,20.817,11.442,81.000,84.000,88.000,7.000,,,14.870,213.000,192.500,-20.500,-0.053,-5.404,,3.000,False,False,False,,,False
centre,93029,Drancy,commune,,72390,ign_chef_lieu,2.445,48.923,20.853,10.075,71.000,73.000,76.000,5.000,,,17.139,214.000,119.500,-94.500,-0.243,-17.862,,3.000,False,False,False,,,False
centre,91411,Les Molières,commune,,1975,ign_chef_lieu,2.070,48.673,20.860,29.129,,,,,,,,,,,,,,,False,False,False,,,False
centre,93030,Dugny,commune,,11700,ign_chef_lieu,2.418,48.955,20.945,12.001,78.000,81.000,83.000,5.000,,,15.515,215.000,178.000,-37.000,-0.095,-9.061,,3.000,False,False,False,,,False
centre,91093,Boullay-les-Troux,commune,,624,ign_chef_lieu,2.050,48.678,20.993,29.791,,,,,,,,,,,,,,,False,False,False,,,False
centre,78431,Morainvilliers,commune,,3120,ign_chef_lieu,1.932,48.929,21.003,31.849,91.000,96.000,105.000,14.000,,,13.127,216.000,274.500,58.500,0.150,7.629,,2.000,False,False,False,,,False
centre,95450,Neuville-sur-Oise,commune,,2058,ign_chef_lieu,2.063,49.014,21.022,27.508,70.000,73.000,76.000,6.000,,,17.278,217.000,119.500,-97.500,-0.251,-18.194,,3.000,False,False,False,,,False
centre,94033,Fontenay-sous-Bois,commune,,53757,ign_chef_lieu,2.475,48.849,21.077,9.014,66.000,69.000,72.000,6.000,,,18.328,218.000,100.000,-118.000,-0.303,-22.778,,1.000,False,False,False,,,False
centre,95268,Garges-lès-Gonesse,commune,,41791,ign_chef_lieu,2.401,48.972,21.137,13.303,76.000,79.000,82.000,6.000,,,16.053,219.000,164.000,-55.000,-0.141,-11.711,,3.000,False,False,False,,,False
centre,91665,La Ville-du-Bois,commune,,8161,ign_chef_lieu,2.269,48.661,21.144,22.572,111.000,116.000,122.000,11.000,,,10.936,220.000,353.500,133.500,0.343,29.617,,4.000,True,False,False,,,False
centre,95539,Saint-Brice-sous-Forêt,commune,,15063,ign_chef_lieu,2.357,48.998,21.160,15.706,73.000,78.000,84.000,11.000,,,16.277,221.000,157.000,-64.000,-0.165,-12.877,,3.000,False,False,False,,,False
centre,91027,Athis-Mons,commune,,36613,ign_chef_lieu,2.389,48.708,21.170,16.768,91.000,95.000,99.000,8.000,,,13.370,222.000,270.000,48.000,0.123,6.086,,4.000,True,False,False,,,False
centre,78550,Saint-Germain-de-la-Grange,commune,,1847,ign_chef_lieu,1.899,48.834,21.221,33.378,126.000,148.000,,,,,8.603,223.000,386.000,163.000,0.419,65.071,,3.000,False,False,False,,,False
centre,78010,Les Alluets-le-Roi,commune,,1390,ign_chef_lieu,1.919,48.914,21.229,32.452,,,,,,,,,,,,,,,False,False,False,,,False
centre,78193,Dampierre-en-Yvelines,commune,,1008,ign_chef_lieu,1.986,48.705,21.382,31.766,105.000,112.000,124.000,19.000,,,11.454,224.000,341.000,117.000,0.301,24.447,,2.000,False,False,False,,,False
centre,78162,Choisel,commune,,540,ign_chef_lieu,2.018,48.687,21.461,31.009,,,,,,,,,,,,,,,False,False,False,,,False
centre,78442,Neauphle-le-Château,commune,,3250,ign_chef_lieu,1.899,48.814,21.473,33.643,85.000,90.000,98.000,13.000,,,14.315,225.000,234.000,9.000,0.023,-0.211,,3.000,False,False,False,,,False
centre,91216,Épinay-sur-Orge,commune,,10722,ign_chef_lieu,2.324,48.673,21.483,20.542,89.000,94.000,102.000,13.000,,,13.713,226.000,264.500,38.500,0.099,4.199,,3.000,False,False,False,,,False
centre,78321,Jouars-Pontchartrain,commune,,6039,ign_chef_lieu,1.901,48.802,21.573,33.713,83.000,88.000,94.000,11.000,,,14.709,227.000,224.000,-3.000,-0.008,-2.655,,3.000,False,False,False,,,False
centre,91589,Savigny-sur-Orge,commune,,37601,ign_chef_lieu,2.346,48.680,21.609,19.657,86.000,91.000,98.000,12.000,,,14.248,228.000,244.000,16.000,0.041,0.578,,3.000,False,False,False,,,False
centre,78642,Verneuil-sur-Seine,commune,,16280,ign_chef_lieu,1.975,48.979,21.664,30.817,75.000,82.000,87.000,12.000,,,15.851,229.000,185.000,-44.000,-0.113,-9.484,,2.000,False,False,False,,,False
centre,94001,Ablon-sur-Seine,commune,,5988,ign_chef_lieu,2.422,48.725,21.701,15.492,82.000,85.000,89.000,7.000,,,15.318,230.000,198.000,-32.000,-0.082,-6.253,,3.000,False,False,False,,,False
centre,95323,Jouy-le-Moutier,commune,,17854,ign_chef_lieu,2.047,49.016,21.732,28.527,77.000,81.000,84.000,7.000,,,16.098,231.000,178.000,-53.000,-0.136,-10.729,,3.000,False,False,False,,,False
centre,91326,Juvisy-sur-Orge,commune,,19292,ign_chef_lieu,2.372,48.691,21.757,18.487,81.000,85.000,88.000,7.000,,,15.358,232.000,198.000,-34.000,-0.087,-6.375,,3.000,False,False,False,,,False
centre,95060,Bessancourt,commune,,8869,ign_chef_lieu,2.217,49.039,21.806,22.566,92.000,99.000,105.000,13.000,,,13.216,233.000,290.500,57.500,0.148,8.923,,3.000,False,False,False,,,False
centre,78683,Villiers-Saint-Frédéric,commune,,3395,ign_chef_lieu,1.891,48.820,21.921,34.096,92.000,99.000,107.000,15.000,,,13.285,234.000,290.500,56.500,0.145,8.636,,3.000,False,False,False,,,False
centre,95489,Piscop,commune,,768,ign_chef_lieu,2.343,49.012,21.936,17.337,98.000,105.000,123.000,25.000,,,12.535,235.000,316.000,81.000,0.208,15.180,,4.000,True,False,False,,,False
centre,91319,Janvry,commune,,654,ign_chef_lieu,2.156,48.647,21.996,27.402,,,,,,,,,,,,,,,False,False,False,,,False
centre,95585,Sarcelles,commune,,59173,ign_chef_lieu,2.378,48.997,22.091,15.801,76.000,80.000,84.000,8.000,,,16.568,236.000,171.000,-65.000,-0.167,-12.552,,4.000,True,False,False,,,False
centre,78334,Lévis-Saint-Nom,commune,,1603,ign_chef_lieu,1.949,48.721,22.214,33.260,,,,,,,,,,,,,,,False,False,False,,,False
centre,93064,Rosny-sous-Bois,commune,,47180,ign_chef_lieu,2.488,48.872,22.264,10.098,64.000,67.000,70.000,6.000,,,19.938,237.000,88.000,-149.000,-0.383,-27.050,,2.000,False,False,False,,,False
centre,91685,Villiers-sur-Orge,commune,,4545,ign_chef_lieu,2.300,48.657,22.286,22.458,98.000,103.000,109.000,11.000,,,12.982,238.000,311.000,73.000,0.188,12.092,,3.000,False,False,False,,,False
centre,94052,Nogent-sur-Marne,commune,,32455,ign_chef_lieu,2.492,48.839,22.304,10.381,71.000,74.000,77.000,6.000,,,18.084,239.000,125.500,-113.500,-0.292,-19.500,,2.000,False,False,False,,,False
centre,94068,Saint-Maur-des-Fossés,commune,,76572,ign_chef_lieu,2.485,48.803,22.315,11.426,66.000,69.000,72.000,6.000,,,19.405,240.000,100.000,-140.000,-0.360,-24.958,,1.000,False,False,False,,,False
centre,93010,Bondy,commune,,50595,ign_chef_lieu,2.481,48.902,22.493,10.718,71.000,75.000,79.000,8.000,,,17.995,241.000,135.000,-106.000,-0.272,-18.758,,1.000,False,False,False,,,False
centre,78168,Coignières,commune,,4321,ign_chef_lieu,1.918,48.748,22.519,34.145,83.000,89.000,101.000,18.000,,,15.181,242.000,228.500,-13.500,-0.035,-3.647,,2.000,False,False,False,,,False
centre,91363,Marcoussis,commune,,8618,ign_chef_lieu,2.231,48.643,22.543,25.376,103.000,108.000,112.000,9.000,,,12.524,243.000,321.000,78.000,0.201,16.860,,4.000,True,False,False,,,False
centre,78206,Ecquevilly,commune,,4279,ign_chef_lieu,1.924,48.949,22.609,33.050,83.000,91.000,101.000,18.000,,,14.907,244.000,244.000,0.000,0.000,-1.680,,2.000,False,False,False,,,False
centre,91667,Villemoisson-sur-Orge,commune,,7332,ign_chef_lieu,2.330,48.662,22.741,21.694,94.000,99.000,106.000,12.000,,,13.783,245.000,290.500,45.500,0.117,6.652,,3.000,False,False,False,,,False
centre,95199,Domont,commune,,16065,ign_chef_lieu,2.327,49.027,22.835,19.106,79.000,84.000,90.000,11.000,,,16.311,246.000,192.500,-53.500,-0.138,-9.695,,3.000,False,False,False,,,False
centre,93007,Le Blanc-Mesnil,commune,,62376,ign_chef_lieu,2.464,48.939,22.840,12.266,70.000,73.000,75.000,5.000,,,18.773,247.000,119.500,-127.500,-0.328,-21.529,,2.000,False,False,False,,,False
centre,94078,Villeneuve-Saint-Georges,commune,,36221,ign_chef_lieu,2.448,48.731,22.845,15.622,91.000,94.000,96.000,5.000,,,14.582,248.000,264.500,16.500,0.042,1.033,,3.000,False,False,False,,,False
centre,78062,Beynes,commune,,7704,ign_chef_lieu,1.876,48.856,22.932,34.976,92.000,109.000,121.000,29.000,,,12.623,249.000,327.000,78.000,0.201,16.933,,3.000,False,False,False,,,False
centre,78590,Senlisse,commune,,511,ign_chef_lieu,1.982,48.687,23.092,33.144,,,,,,,,,,,,,,,False,False,False,,,False
centre,95256,Frépillon,commune,,3317,ign_chef_lieu,2.206,49.051,23.107,24.152,93.000,99.000,105.000,12.000,,,14.004,250.000,290.500,40.500,0.104,5.802,,3.000,False,False,False,,,False
centre,95572,Saint-Ouen-l'Aumône,commune,,25578,ign_chef_lieu,2.106,49.044,23.122,27.613,85.000,87.000,90.000,5.000,,,15.946,251.000,216.000,-35.000,-0.090,-7.053,,3.000,False,False,False,,,False
centre,78305,Herbeville,commune,,228,ign_chef_lieu,1.887,48.906,23.137,34.591,,,,,,,,,,,,,,,False,False,False,,,False
centre,78140,Chapet,commune,,1331,ign_chef_lieu,1.934,48.967,23.140,33.062,89.000,93.000,105.000,16.000,,,14.929,252.000,259.000,7.000,0.018,-0.682,,3.000,False,False,False,,,False
centre,91657,Vigneux-sur-Seine,commune,,31466,ign_chef_lieu,2.417,48.700,23.200,18.008,80.000,86.000,91.000,11.000,,,16.186,253.000,205.500,-47.500,-0.122,-8.278,,3.000,False,False,False,,,False
centre,95088,Bonneuil-en-France,commune,,1185,ign_chef_lieu,2.433,48.976,23.204,14.514,86.000,92.000,97.000,11.000,,,15.133,254.000,254.000,0.000,0.000,-1.886,,4.000,True,False,False,,,False
centre,91434,Morsang-sur-Orge,commune,,21667,ign_chef_lieu,2.346,48.662,23.313,21.631,96.000,102.000,110.000,14.000,,,13.714,255.000,306.000,51.000,0.131,8.523,,3.000,False,False,False,,,False
centre,94011,Bonneuil-sur-Marne,commune,,18270,ign_chef_lieu,2.487,48.774,23.324,13.474,84.000,86.000,90.000,6.000,,,16.272,256.000,205.500,-50.500,-0.130,-8.522,,2.000,False,False,False,,,False
centre,95680,Villiers-le-Bel,commune,,30053,ign_chef_lieu,2.388,49.008,23.398,17.006,85.000,89.000,93.000,8.000,,,15.774,257.000,228.500,-28.500,-0.073,-5.480,,4.000,True,False,False,,,False
centre,91338,Limours,commune,,6517,ign_chef_lieu,2.077,48.646,23.441,30.955,123.000,134.000,148.000,25.000,,,10.496,258.000,382.000,124.000,0.319,42.177,,4.000,True,False,False,,,False
centre,93049,Neuilly-Plaisance,commune,,21941,ign_chef_lieu,2.506,48.861,23.461,11.301,72.000,74.000,77.000,5.000,,,19.023,259.000,125.500,-133.500,-0.343,-21.518,,1.000,False,False,False,,,False
centre,94074,Valenton,commune,,14406,ign_chef_lieu,2.470,48.744,23.470,15.148,85.000,88.000,91.000,6.000,,,16.002,260.000,224.000,-36.000,-0.093,-6.686,,3.000,False,False,False,,,False
centre,94058,Le Perreux-sur-Marne,commune,,35260,ign_chef_lieu,2.508,48.841,23.522,11.557,76.000,79.000,82.000,6.000,,,17.864,261.000,164.000,-97.000,-0.249,-16.323,,2.000,False,False,False,,,False
centre,91687,Viry-Châtillon,commune,,30838,ign_chef_lieu,2.375,48.671,23.585,20.644,86.000,91.000,95.000,9.000,,,15.551,262.000,244.000,-18.000,-0.046,-3.743,,3.000,False,False,False,,,False
centre,95019,Arnouville,commune,,15023,ign_chef_lieu,2.421,48.990,23.586,15.646,78.000,80.000,84.000,6.000,,,17.690,263.000,171.000,-92.000,-0.237,-15.380,,3.000,False,False,False,,,False
centre,95091,Bouffémont,commune,,6593,ign_chef_lieu,2.299,49.043,23.655,21.132,98.000,,,,,,,,,,,,,,False,False,False,,,False
centre,91347,Longpont-sur-Orge,commune,,6482,ign_chef_lieu,2.293,48.642,23.657,24.185,104.000,109.000,113.000,9.000,,,13.022,264.000,327.000,63.000,0.162,15.123,,3.000,False,False,False,,,False
centre,95061,Béthemont-la-Forêt,commune,,435,ign_chef_lieu,2.252,49.053,23.738,23.061,,,,,,,,,,,,,,,False,False,False,,,False
centre,91425,Montlhéry,commune,,9772,ign_chef_lieu,2.270,48.637,23.782,25.168,107.000,115.000,120.000,13.000,,,12.408,265.000,350.000,85.000,0.219,21.137,,4.000,True,False,False,,,False
centre,93077,Villemomble,commune,,29795,ign_chef_lieu,2.508,48.882,23.876,11.751,73.000,77.000,81.000,8.000,,,18.604,266.000,150.500,-115.500,-0.297,-19.050,,1.000,False,False,False,,,False
centre,95500,Pontoise,commune,,31970,ign_chef_lieu,2.101,49.051,23.925,28.422,85.000,87.000,91.000,6.000,,,16.500,267.000,216.000,-51.000,-0.131,-8.632,,3.000,False,False,False,,,False
centre,94044,Limeil-Brévannes,commune,,27406,ign_chef_lieu,2.480,48.749,23.926,15.180,88.000,90.000,94.000,6.000,,,15.951,268.000,234.000,-34.000,-0.087,-5.483,,4.000,True,False,False,,,False
centre,94017,Champigny-sur-Marne,commune,,78072,ign_chef_lieu,2.511,48.813,23.952,12.570,73.000,75.000,79.000,6.000,,,19.162,269.000,135.000,-134.000,-0.344,-21.280,,2.000,False,False,False,,,False
centre,95205,Écouen,commune,,7202,ign_chef_lieu,2.379,49.018,23.964,18.124,80.000,85.000,92.000,12.000,,,16.916,270.000,198.000,-72.000,-0.185,-10.805,,3.000,False,False,False,,,False
centre,95074,Boisemont,commune,,892,ign_chef_lieu,2.002,49.021,23.972,31.543,101.000,105.000,108.000,7.000,,,13.698,271.000,316.000,45.000,0.116,10.163,,2.000,False,False,False,,,False
centre,78443,Neauphle-le-Vieux,commune,,937,ign_chef_lieu,1.864,48.815,24.005,36.180,86.000,93.000,100.000,14.000,,,15.487,272.000,259.000,-13.000,-0.033,-2.494,,2.000,False,False,False,,,False
centre,91201,Draveil,commune,,30098,ign_chef_lieu,2.405,48.682,24.022,19.735,88.000,93.000,98.000,10.000,,,15.498,273.000,259.000,-14.000,-0.036,-2.529,,4.000,True,False,False,,,False
centre,95637,Vauréal,commune,,16079,ign_chef_lieu,2.021,49.030,24.056,31.004,84.000,87.000,89.000,5.000,,,16.590,274.000,216.000,-58.000,-0.149,-8.882,,2.000,False,False,False,,,False
centre,78623,Le Tremblay-sur-Mauldre,commune,,930,ign_chef_lieu,1.875,48.778,24.078,36.115,102.000,113.000,128.000,26.000,,,12.785,275.000,343.500,68.500,0.176,18.295,,2.000,False,False,False,,,False
centre,95151,Chauvry,commune,,297,ign_chef_lieu,2.267,49.054,24.122,22.876,,,,,,,,,,,,,,,False,False,False,,,False
centre,91482,Pecqueuse,commune,,580,ign_chef_lieu,2.049,48.647,24.165,32.295,145.000,156.000,170.000,25.000,,,9.294,276.000,388.500,112.500,0.289,63.015,,4.000,True,False,False,,,False
centre,78368,Mareil-sur-Mauldre,commune,,1776,ign_chef_lieu,1.866,48.894,24.298,35.964,103.000,120.000,133.000,30.000,,,12.149,277.000,362.500,85.500,0.220,25.049,,2.000,False,False,False,,,False
centre,91339,Linas,commune,,7987,ign_chef_lieu,2.267,48.631,24.310,25.816,103.000,108.000,113.000,10.000,,,13.505,278.000,321.000,43.000,0.111,12.518,,4.000,True,False,False,,,False
centre,93057,Les Pavillons-sous-Bois,commune,,25804,ign_chef_lieu,2.507,48.903,24.328,12.448,76.000,79.000,83.000,7.000,,,18.477,279.000,164.000,-115.000,-0.296,-17.727,,2.000,False,False,False,,,False
centre,91191,Crosne,commune,,9610,ign_chef_lieu,2.458,48.716,24.372,17.388,94.000,98.000,102.000,8.000,,,14.922,280.000,283.500,3.500,0.009,1.969,,2.000,False,False,False,,,False
centre,94015,Bry-sur-Marne,commune,,18503,ign_chef_lieu,2.520,48.835,24.377,12.487,76.000,79.000,82.000,6.000,,,18.514,281.000,164.000,-117.000,-0.301,-17.810,,1.000,False,False,False,,,False
centre,78638,Vaux-sur-Seine,commune,,5202,ign_chef_lieu,1.963,49.006,24.443,33.018,86.000,98.000,110.000,24.000,,,14.965,282.000,283.500,1.500,0.004,1.821,,3.000,False,False,False,,,False
centre,78415,Montainville,commune,,589,ign_chef_lieu,1.860,48.882,24.454,36.271,,,,,,,,,,,,,,,False,False,False,,,False
centre,78576,Saint-Rémy-l'Honoré,commune,,1689,ign_chef_lieu,1.882,48.756,24.490,36.330,106.000,117.000,132.000,26.000,,,12.559,283.000,356.000,73.000,0.188,21.444,,2.000,False,False,False,,,False
centre,95229,Ézanville,commune,,9858,ign_chef_lieu,2.362,49.032,24.547,19.541,77.000,84.000,90.000,13.000,,,17.534,284.000,192.500,-91.500,-0.235,-12.912,,2.000,False,False,False,,,False
centre,95394,Méry-sur-Oise,commune,,9983,ign_chef_lieu,2.185,49.064,24.571,26.196,100.000,107.000,113.000,13.000,,,13.778,285.000,319.000,34.000,0.087,10.881,,3.000,False,False,False,,,False
centre,78128,Cernay-la-Ville,commune,,1516,ign_chef_lieu,1.971,48.673,24.729,34.633,,,,,,,,,,,,,,,False,False,False,,,False
centre,91111,Briis-sous-Forges,commune,,3342,ign_chef_lieu,2.124,48.625,24.774,30.750,104.000,109.000,117.000,13.000,,,13.637,286.000,327.000,41.000,0.105,12.486,,4.000,True,False,False,,,False
centre,91549,Sainte-Geneviève-des-Bois,commune,,35438,ign_chef_lieu,2.327,48.641,24.783,24.073,102.000,109.000,116.000,14.000,,,13.642,287.000,327.000,40.000,0.103,12.466,,4.000,True,False,False,,,False
centre,95678,Villiers-Adam,commune,,858,ign_chef_lieu,2.235,49.064,24.808,24.691,103.000,110.000,116.000,13.000,,,13.532,288.000,333.000,45.000,0.116,13.440,,3.000,False,False,False,,,False
centre,91249,Forges-les-Bains,commune,,4241,ign_chef_lieu,2.100,48.628,24.817,31.461,,,,,,,,,,,,,,,False,False,False,,,False
centre,93062,Le Raincy,commune,,14735,ign_chef_lieu,2.516,48.899,24.851,12.881,71.000,75.000,79.000,8.000,,,19.881,289.000,135.000,-154.000,-0.396,-22.721,,2.000,False,False,False,,8.000,False
centre,95277,Gonesse,commune,,27707,ign_chef_lieu,2.450,48.986,24.930,16.121,88.000,92.000,96.000,8.000,,,16.259,290.000,254.000,-36.000,-0.093,-5.355,,4.000,True,False,False,,,False
centre,93005,Aulnay-sous-Bois,commune,,87599,ign_chef_lieu,2.500,48.934,25.030,13.861,69.000,72.000,74.000,5.000,,,20.858,291.000,115.500,-175.500,-0.451,-26.079,,2.000,False,False,False,,3.000,False
centre,91243,Fontenay-lès-Briis,commune,,2350,ign_chef_lieu,2.156,48.619,25.044,30.068,119.000,,,,,,,,,,,,,,False,False,False,,,False
centre,93050,Neuilly-sur-Marne,commune,,39800,ign_chef_lieu,2.528,48.857,25.052,12.915,71.000,74.000,77.000,6.000,,,20.312,292.000,125.500,-166.500,-0.428,-24.059,,2.000,False,False,False,,5.000,False
centre,95388,Menucourt,commune,,6184,ign_chef_lieu,1.984,49.025,25.086,32.872,95.000,100.000,107.000,12.000,,,15.052,293.000,298.500,5.500,0.014,2.552,,3.000,False,False,False,,,False
centre,78050,Bazoches-sur-Guyonne,commune,,721,ign_chef_lieu,1.860,48.778,25.142,37.196,104.000,115.000,130.000,26.000,,,13.118,294.000,350.000,56.000,0.144,17.804,,2.000,False,False,False,,,False
centre,91570,Saint-Michel-sur-Orge,commune,,21776,ign_chef_lieu,2.303,48.630,25.179,25.414,95.000,100.000,107.000,12.000,,,15.107,295.000,298.500,3.500,0.009,2.364,,3.000,False,False,False,,,False
centre,95039,Auvers-sur-Oise,commune,,6863,ign_chef_lieu,2.172,49.070,25.232,27.207,103.000,106.000,111.000,8.000,,,14.282,296.000,318.000,22.000,0.057,8.390,,4.000,True,False,False,,,False
centre,95409,Moisselles,commune,,1261,ign_chef_lieu,2.337,49.048,25.239,21.344,87.000,94.000,101.000,14.000,,,16.110,297.000,264.500,-32.500,-0.084,-3.895,,3.000,False,False,False,,,False
centre,78090,Bouafle,commune,,2234,ign_chef_lieu,1.897,48.966,25.279,35.533,97.000,103.000,109.000,12.000,,,14.726,298.000,311.000,13.000,0.033,5.224,,3.000,False,False,False,,,False
centre,95183,Courdimanche,commune,,7311,ign_chef_lieu,2.002,49.035,25.315,32.500,89.000,94.000,101.000,12.000,,,16.159,299.000,264.500,-34.500,-0.089,-4.039,,3.000,False,False,False,,,False
centre,91421,Montgeron,commune,,24022,ign_chef_lieu,2.460,48.704,25.360,18.725,86.000,90.000,94.000,8.000,,,16.907,300.000,234.000,-66.000,-0.170,-8.204,,2.000,False,False,False,,,False
centre,91286,Grigny,commune,,26842,ign_chef_lieu,2.385,48.656,25.378,22.380,95.000,98.000,101.000,6.000,,,15.538,301.000,283.500,-17.500,-0.045,-0.080,,3.000,False,False,False,,,False
centre,78049,Bazemont,commune,,1727,ign_chef_lieu,1.865,48.928,25.444,36.598,,,,,,,,,,,,,,,False,False,False,,,False
centre,78220,Les Essarts-le-Roi,commune,,6831,ign_chef_lieu,1.895,48.718,25.691,37.012,92.000,101.000,113.000,21.000,,,15.262,302.000,302.500,0.500,0.001,2.347,,2.000,False,False,False,,,False
centre,78366,Mareil-le-Guyon,commune,,420,ign_chef_lieu,1.847,48.790,25.707,37.830,121.000,132.000,148.000,27.000,,,11.685,303.000,380.000,77.000,0.198,33.718,,2.000,False,False,False,,,False
centre,95127,Cergy,commune,,70906,ign_chef_lieu,2.035,49.053,25.783,31.864,69.000,72.000,75.000,6.000,,,21.486,304.000,115.500,-188.500,-0.485,-27.170,,2.000,False,False,False,,2.000,False
centre,78588,Saulx-Marchais,commune,,950,ign_chef_lieu,1.836,48.838,25.793,37.929,109.000,120.000,139.000,30.000,,,12.897,305.000,362.500,57.500,0.148,21.359,,2.000,False,False,False,,,False
centre,94019,Chennevières-sur-Marne,commune,,18710,ign_chef_lieu,2.533,48.796,25.863,14.818,80.000,84.000,90.000,10.000,,,18.473,306.000,192.500,-113.500,-0.292,-15.164,,2.000,False,False,False,,,False
centre,91333,Leuville-sur-Orge,commune,,4271,ign_chef_lieu,2.264,48.616,25.896,27.494,106.000,111.000,117.000,11.000,,,13.998,307.000,337.000,30.000,0.077,12.034,,4.000,True,False,False,,,False
centre,78380,Maule,commune,,6083,ign_chef_lieu,1.848,48.909,25.947,37.443,110.000,126.000,139.000,29.000,,,12.356,308.000,373.000,65.000,0.167,27.047,,2.000,False,False,False,,,False
centre,94071,Sucy-en-Brie,commune,,27764,ign_chef_lieu,2.524,48.771,25.991,15.789,82.000,84.000,87.000,5.000,,,18.565,309.000,192.500,-116.500,-0.299,-15.374,,2.000,False,False,False,,,False
centre,94079,Villiers-sur-Marne,commune,,33162,ign_chef_lieu,2.541,48.826,25.992,14.228,72.000,76.000,79.000,7.000,,,20.520,310.000,143.500,-166.500,-0.428,-23.435,,2.000,False,False,False,,6.000,False
centre,95042,Baillet-en-France,commune,,2021,ign_chef_lieu,2.300,49.065,26.003,23.539,97.000,103.000,108.000,11.000,,,15.147,311.000,311.000,0.000,0.000,3.744,,2.000,False,False,False,,,False
centre,93032,Gagny,commune,,42313,ign_chef_lieu,2.537,48.885,26.008,13.876,73.000,77.000,81.000,8.000,,,20.266,312.000,150.500,-161.500,-0.415,-22.452,,1.000,False,False,False,,7.000,False
centre,78227,Évecquemont,commune,,754,ign_chef_lieu,1.944,49.014,26.031,34.671,109.000,123.000,130.000,21.000,,,12.698,313.000,369.000,56.000,0.144,23.821,,4.000,True,False,False,,,False
centre,78653,Vicq,commune,,389,ign_chef_lieu,1.835,48.815,26.117,38.292,96.000,102.000,108.000,12.000,,,15.363,314.000,306.000,-8.000,-0.021,2.511,,3.000,False,False,False,,,False
centre,94004,Boissy-Saint-Léger,commune,,17325,ign_chef_lieu,2.513,48.748,26.157,16.866,84.000,87.000,89.000,5.000,,,18.040,315.000,216.000,-99.000,-0.254,-12.632,,1.000,False,False,False,,,False
centre,91691,Yerres,commune,,27906,ign_chef_lieu,2.488,48.717,26.172,18.417,96.000,99.000,106.000,10.000,,,15.862,316.000,290.500,-25.500,-0.066,-0.609,,3.000,False,False,False,,,False
centre,95392,Mériel,commune,,5347,ign_chef_lieu,2.205,49.079,26.219,27.012,93.000,100.000,106.000,13.000,,,15.731,317.000,298.500,-18.500,-0.048,0.305,,3.000,False,False,False,,,False
centre,78440,Les Mureaux,commune,,34632,ign_chef_lieu,1.909,48.993,26.349,35.876,76.000,81.000,87.000,11.000,,,19.518,318.000,178.000,-140.000,-0.360,-18.954,,2.000,False,False,False,,,False
centre,95028,Attainville,commune,,1904,ign_chef_lieu,2.346,49.057,26.407,22.317,91.000,98.000,108.000,17.000,,,16.167,319.000,283.500,-35.500,-0.091,-2.053,,3.000,False,False,False,,,False
centre,95476,Osny,commune,,17954,ign_chef_lieu,2.062,49.066,26.430,31.598,88.000,91.000,96.000,8.000,,,17.427,320.000,244.000,-76.000,-0.195,-9.090,,3.000,False,False,False,,,False
centre,95211,Ennery,commune,,2243,ign_chef_lieu,2.106,49.076,26.536,30.368,109.000,115.000,121.000,12.000,,,13.845,321.000,350.000,29.000,0.075,14.656,,3.000,False,False,False,,,False
centre,95094,Bouqueval,commune,,314,ign_chef_lieu,2.424,49.024,26.559,19.420,,,,,,,,,,,,,,,False,False,False,,,False
centre,95510,Puiseux-Pontoise,commune,,603,ign_chef_lieu,2.022,49.057,26.651,32.908,82.000,86.000,89.000,7.000,,,18.594,322.000,205.500,-116.500,-0.299,-14.442,,2.000,False,False,False,,,False
centre,94055,Ormesson-sur-Marne,commune,,10977,ign_chef_lieu,2.540,48.786,26.695,15.889,85.000,88.000,91.000,6.000,,,18.201,323.000,224.000,-99.000,-0.254,-12.524,,2.000,False,False,False,,,False
centre,95492,Le Plessis-Gassot,commune,,102,ign_chef_lieu,2.412,49.033,26.765,20.173,,,,,,,,,,,,,,,False,False,False,,,False
centre,93051,Noisy-le-Grand,commune,,72978,ign_chef_lieu,2.552,48.850,26.773,14.690,75.000,78.000,81.000,6.000,,,20.595,324.000,157.000,-167.000,-0.429,-22.579,,1.000,False,False,False,,4.000,False
centre,78238,Flins-sur-Seine,commune,,2447,ign_chef_lieu,1.870,48.963,26.803,37.295,115.000,122.000,130.000,15.000,,,13.182,325.000,367.000,42.000,0.108,21.028,,3.000,False,False,False,,,False
centre,95430,Montsoult,commune,,4023,ign_chef_lieu,2.312,49.071,26.836,24.007,85.000,91.000,97.000,12.000,,,17.694,326.000,244.000,-82.000,-0.211,-9.781,,2.000,False,False,False,,,False
centre,93046,Livry-Gargan,commune,,47228,ign_chef_lieu,2.536,48.919,26.927,15.193,87.000,91.000,94.000,7.000,,,17.754,327.000,244.000,-83.000,-0.213,-9.934,,3.000,False,False,False,,,False
centre,91235,Fleury-Mérogis,commune,,13721,ign_chef_lieu,2.361,48.630,26.945,25.188,103.000,109.000,116.000,13.000,,,14.832,328.000,327.000,-1.000,-0.003,7.844,,4.000,True,False,False,,,False
centre,95120,Butry-sur-Oise,commune,,2252,ign_chef_lieu,2.198,49.086,26.957,27.909,103.000,109.000,114.000,11.000,,,14.839,329.000,327.000,-2.000,-0.005,7.820,,3.000,False,False,False,,,False
centre,78033,Aulnay-sur-Mauldre,commune,,1180,ign_chef_lieu,1.844,48.929,26.968,38.176,122.000,138.000,150.000,28.000,,,11.725,330.000,384.000,54.000,0.139,36.478,,2.000,False,False,False,,,False
centre,91521,Ris-Orangis,commune,,31189,ign_chef_lieu,2.416,48.654,26.971,23.016,97.000,102.000,108.000,11.000,,,15.866,331.000,306.000,-25.000,-0.064,0.869,,3.000,False,False,False,,,False
centre,93071,Sevran,commune,,52535,ign_chef_lieu,2.526,48.940,26.992,15.716,79.000,81.000,84.000,5.000,,,19.994,332.000,178.000,-154.000,-0.396,-19.929,,2.000,False,False,False,,9.000,False
centre,78013,Andelu,commune,,550,ign_chef_lieu,1.824,48.879,27.014,38.888,,,,,,,,,,,,,,,False,False,False,,,False
centre,78034,Auteuil,commune,,1020,ign_chef_lieu,1.819,48.841,27.094,39.220,113.000,124.000,144.000,31.000,,,13.110,333.000,371.000,38.000,0.098,22.345,,2.000,False,False,False,,,False
centre,78364,Marcq,commune,,802,ign_chef_lieu,1.819,48.860,27.117,39.145,139.000,150.000,170.000,31.000,,,10.847,334.000,387.000,53.000,0.136,47.935,,2.000,False,False,False,,,False
centre,95612,Le Thillay,commune,,4560,ign_chef_lieu,2.470,49.002,27.145,18.314,95.000,99.000,103.000,8.000,,,16.452,335.000,290.500,-44.500,-0.114,-2.413,,4.000,True,False,False,,,False
centre,78401,Meulan-en-Yvelines,commune,,8950,ign_chef_lieu,1.910,49.005,27.154,36.404,87.000,92.000,97.000,10.000,,,17.709,336.000,254.000,-82.000,-0.211,-9.329,,3.000,False,False,False,,,False
centre,78030,Auffargis,commune,,1963,ign_chef_lieu,1.887,48.700,27.224,38.336,108.000,116.000,125.000,17.000,,,14.081,337.000,353.500,16.500,0.042,14.178,,3.000,False,False,False,,,False
centre,91634,Vaugrigneuse,commune,,1458,ign_chef_lieu,2.121,48.603,27.240,32.966,,,,,,,,,,,,,,,False,False,False,,,False
centre,91103,Brétigny-sur-Orge,commune,,26658,ign_chef_lieu,2.306,48.611,27.241,27.452,94.000,99.000,106.000,12.000,,,16.510,338.000,290.500,-47.500,-0.122,-2.585,,3.000,False,False,False,,,False
centre,93014,Clichy-sous-Bois,commune,,29354,ign_chef_lieu,2.546,48.911,27.318,15.426,90.000,94.000,97.000,7.000,,,17.437,339.000,264.500,-74.500,-0.192,-7.637,,2.000,False,False,False,,,False
centre,95353,Maffliers,commune,,1856,ign_chef_lieu,2.308,49.076,27.336,24.650,92.000,100.000,106.000,14.000,,,16.402,340.000,298.500,-41.500,-0.107,-1.774,,2.000,False,False,False,,,False
centre,78398,Les Mesnuls,commune,,910,ign_chef_lieu,1.837,48.758,27.452,39.400,122.000,133.000,149.000,27.000,,,12.385,341.000,381.000,40.000,0.103,30.364,,2.000,False,False,False,,,False
centre,78029,Aubergenville,commune,,12723,ign_chef_lieu,1.856,48.959,27.515,38.154,104.000,110.000,115.000,11.000,,,15.008,342.000,333.000,-9.000,-0.023,7.695,,2.000,False,False,False,,,False
centre,94053,Noiseau,commune,,4628,ign_chef_lieu,2.549,48.775,27.592,17.032,88.000,91.000,95.000,7.000,,,18.193,343.000,244.000,-99.000,-0.254,-11.031,,2.000,False,False,False,,,False
centre,91494,Le Plessis-Pâté,commune,,4154,ign_chef_lieu,2.325,48.612,27.653,27.230,105.000,109.000,115.000,10.000,,,15.222,344.000,327.000,-17.000,-0.044,6.451,,4.000,True,False,False,,,False
centre,78087,Bonnelles,commune,,2165,ign_chef_lieu,2.028,48.618,27.662,35.639,,,,,,,,,,,,,,,False,False,False,,,False
centre,78389,Méré,commune,,1731,ign_chef_lieu,1.820,48.788,27.713,39.841,108.000,119.000,136.000,28.000,,,13.973,345.000,360.000,15.000,0.039,16.090,,2.000,False,False,False,,,False
centre,95395,Le Mesnil-Aubry,commune,,914,ign_chef_lieu,2.400,49.051,27.797,21.898,,,,,,,,,,,,,,,False,False,False,,,False
centre,91115,Bruyères-le-Châtel,commune,,3788,ign_chef_lieu,2.193,48.593,27.818,31.522,137.000,,,,,,,,,,,,,,False,False,False,,,False
centre,91186,Courson-Monteloup,commune,,563,ign_chef_lieu,2.145,48.593,28.039,33.033,,,,,,,,,,,,,,,False,False,False,,,False
centre,95633,Vaudherland,commune,,104,ign_chef_lieu,2.487,49.001,28.040,18.838,108.000,111.000,115.000,7.000,,,15.157,346.000,337.000,-9.000,-0.023,7.649,,4.000,True,False,False,,,False
centre,95445,Nerville-la-Forêt,commune,,756,ign_chef_lieu,2.277,49.089,28.111,26.490,105.000,125.000,146.000,41.000,,,13.493,347.000,372.000,25.000,0.064,21.073,,4.000,True,False,False,,,False
centre,95628,Valmondois,commune,,1208,ign_chef_lieu,2.190,49.096,28.115,29.206,108.000,114.000,121.000,13.000,,,14.797,348.000,346.500,-1.500,-0.004,10.412,,3.000,False,False,False,,,False
centre,78609,Tessancourt-sur-Aubette,commune,,966,ign_chef_lieu,1.919,49.024,28.119,36.817,110.000,116.000,124.000,14.000,,,14.544,349.000,353.500,4.500,0.012,12.340,,3.000,False,False,False,,,False
centre,91552,Saint-Germain-lès-Arpajon,commune,,11623,ign_chef_lieu,2.256,48.595,28.130,29.966,106.000,112.000,118.000,12.000,,,15.070,350.000,341.000,-9.000,-0.023,8.445,,4.000,True,False,False,,,False
centre,91461,Ollainville,commune,,5455,ign_chef_lieu,2.217,48.591,28.157,31.145,122.000,130.000,139.000,17.000,,,12.996,351.000,378.500,27.500,0.071,25.812,,3.000,False,False,False,,,False
centre,78036,Autouillet,commune,,665,ign_chef_lieu,1.804,48.850,28.202,40.287,117.000,128.000,148.000,31.000,,,13.220,352.000,375.000,23.000,0.059,23.778,,2.000,False,False,False,,,False
centre,78451,Nézel,commune,,1139,ign_chef_lieu,1.836,48.946,28.204,39.171,117.000,130.000,138.000,21.000,,,13.017,353.000,378.500,25.500,0.066,25.708,,3.000,False,False,False,,,False
centre,78299,Hardricourt,commune,,2599,ign_chef_lieu,1.894,49.008,28.217,37.562,91.000,96.000,103.000,12.000,,,17.635,354.000,274.500,-79.500,-0.204,-7.191,,3.000,False,False,False,,,False
centre,95170,Condécourt,commune,,564,ign_chef_lieu,1.941,49.040,28.335,36.382,106.000,111.000,118.000,12.000,,,15.316,355.000,337.000,-18.000,-0.046,7.085,,3.000,False,False,False,,,False
centre,93033,Gournay-sur-Marne,commune,,7320,ign_chef_lieu,2.573,48.865,28.355,16.191,88.000,91.000,94.000,6.000,,,18.695,356.000,244.000,-112.000,-0.288,-12.240,,2.000,False,False,False,,,False
centre,91114,Brunoy,commune,,25643,ign_chef_lieu,2.504,48.698,28.358,20.863,87.000,91.000,95.000,8.000,,,18.697,357.000,244.000,-113.000,-0.290,-12.244,,2.000,False,False,False,,,False
centre,78120,Bullion,commune,,1916,ign_chef_lieu,1.999,48.621,28.369,36.885,,,,,,,,,,,,,,,False,False,False,,,False
centre,78125,La Celle-les-Bordes,commune,,840,ign_chef_lieu,1.955,48.640,28.378,37.866,,,,,,,,,,,,,,,False,False,False,,,False
centre,78403,Mézy-sur-Seine,commune,,2242,ign_chef_lieu,1.881,49.000,28.407,38.054,102.000,109.000,114.000,12.000,,,15.637,358.000,327.000,-31.000,-0.080,5.022,,4.000,True,False,False,,,False
centre,78230,La Falaise,commune,,609,ign_chef_lieu,1.832,48.945,28.426,39.417,121.000,137.000,149.000,28.000,,,12.449,359.000,383.000,24.000,0.062,31.957,,2.000,False,False,False,,,False
centre,95078,Boissy-l'Aillerie,commune,,2120,ign_chef_lieu,2.029,49.077,28.442,34.103,104.000,113.000,120.000,16.000,,,15.102,360.000,343.500,-16.500,-0.042,8.810,,4.000,True,False,False,,,False
centre,91021,Arpajon,commune,,11698,ign_chef_lieu,2.248,48.590,28.520,30.594,111.000,114.000,119.000,8.000,,,15.011,361.000,346.500,-14.500,-0.037,9.621,,4.000,True,False,False,,,False
centre,94059,Le Plessis-Trévise,commune,,21112,ign_chef_lieu,2.573,48.809,28.536,17.014,83.000,87.000,91.000,8.000,,,19.680,362.000,216.000,-146.000,-0.375,-16.365,,3.000,False,False,False,,,False
centre,95271,Génicourt,commune,,514,ign_chef_lieu,2.066,49.088,28.574,33.190,110.000,114.000,119.000,9.000,,,15.039,363.000,346.500,-16.500,-0.042,9.517,,3.000,False,False,False,,,False
centre,95535,Sagy,commune,,1096,ign_chef_lieu,1.952,49.050,28.720,36.391,,,,,,,,,,,,,,,False,False,False,,,False
centre,93078,Villepinte,commune,,41470,ign_chef_lieu,2.535,48.964,28.738,17.917,86.000,90.000,95.000,9.000,,,19.159,364.000,234.000,-130.000,-0.334,-13.787,,3.000,False,False,False,,,False
centre,78420,Montfort-l'Amaury,commune,,2779,ign_chef_lieu,1.809,48.778,28.767,40.864,111.000,121.000,145.000,34.000,,,14.265,365.000,365.000,0.000,0.000,15.850,,3.000,False,False,False,,,False
centre,94075,Villecresnes,commune,,11647,ign_chef_lieu,2.533,48.722,28.769,20.000,93.000,96.000,100.000,7.000,,,17.981,366.000,274.500,-91.500,-0.235,-8.089,,2.000,False,False,False,,,False
centre,95660,Villaines-sous-Bois,commune,,778,ign_chef_lieu,2.357,49.077,28.769,24.532,92.000,104.000,120.000,28.000,,,16.598,367.000,314.000,-53.000,-0.136,-0.430,,3.000,False,False,False,,,False
centre,78084,Boissy-sans-Avoir,commune,,616,ign_chef_lieu,1.798,48.819,28.772,40.944,112.000,118.000,124.000,12.000,,,14.630,368.000,357.500,-10.500,-0.027,12.968,,3.000,False,False,False,,,False
centre,95341,Livilliers,commune,,389,ign_chef_lieu,2.095,49.095,28.808,32.576,113.000,121.000,130.000,17.000,,,14.285,369.000,365.000,-4.000,-0.010,15.768,,3.000,False,False,False,,,False
centre,93047,Montfermeil,commune,,28703,ign_chef_lieu,2.571,48.902,28.844,16.801,87.000,91.000,95.000,8.000,,,19.018,370.000,244.000,-126.000,-0.324,-12.990,,2.000,False,False,False,,,False
centre,78616,Thoiry,commune,,1434,ign_chef_lieu,1.795,48.865,28.889,40.886,118.000,129.000,149.000,31.000,,,13.437,371.000,376.500,5.500,0.014,23.247,,2.000,False,False,False,,,False
centre,95308,Hérouville-en-Vexin,commune,,584,ign_chef_lieu,2.131,49.101,28.945,31.683,119.000,127.000,136.000,17.000,,,13.675,372.000,374.000,2.000,0.005,21.218,,3.000,False,False,False,,,False
centre,94060,La Queue-en-Brie,commune,,12241,ign_chef_lieu,2.575,48.791,29.026,17.886,88.000,91.000,94.000,6.000,,,19.138,373.000,244.000,-129.000,-0.332,-13.264,,2.000,False,False,False,,,False
centre,91457,La Norville,commune,,4268,ign_chef_lieu,2.259,48.587,29.049,30.770,110.000,114.000,121.000,11.000,,,15.289,374.000,346.500,-27.500,-0.071,8.615,,4.000,True,False,False,,,False
centre,91215,Épinay-sous-Sénart,commune,,11611,ign_chef_lieu,2.515,48.695,29.177,21.565,97.000,101.000,105.000,8.000,,,17.333,375.000,302.500,-72.500,-0.186,-3.982,,2.000,False,False,False,,,False
centre,78262,Galluis,commune,,1298,ign_chef_lieu,1.796,48.796,29.252,41.412,88.000,95.000,103.000,15.000,,,18.475,376.000,270.000,-106.000,-0.272,-9.803,,3.000,False,False,False,,,False
centre,91086,Bondoufle,commune,,10767,ign_chef_lieu,2.380,48.613,29.260,27.114,114.000,121.000,126.000,12.000,,,14.509,377.000,365.000,-12.000,-0.031,14.866,,3.000,False,False,False,,,False
centre,95181,Courcelles-sur-Viosne,commune,,310,ign_chef_lieu,2.003,49.077,29.288,35.449,,,,,,,,,,,,,,,False,False,False,,,False
centre,94048,Marolles-en-Brie,commune,,4781,ign_chef_lieu,2.550,48.733,29.336,20.000,106.000,109.000,113.000,7.000,,,16.148,378.000,327.000,-51.000,-0.131,3.340,,2.000,False,False,False,,,False
centre,91600,Soisy-sur-Seine,commune,,7418,ign_chef_lieu,2.452,48.646,29.353,24.527,110.000,116.000,123.000,13.000,,,15.183,379.000,353.500,-25.500,-0.066,9.945,,4.000,True,False,False,,,False
centre,91207,Égly,commune,,7166,ign_chef_lieu,2.222,48.580,29.430,32.222,111.000,118.000,128.000,17.000,,,14.964,380.000,357.500,-22.500,-0.058,11.694,,3.000,False,False,False,,,False
centre,91017,Angervilliers,commune,,1772,ign_chef_lieu,2.065,48.592,29.456,36.281,,,,,,,,,,,,,,,False,False,False,,,False
centre,95682,Villiers-le-Sec,commune,,205,ign_chef_lieu,2.390,49.072,29.458,24.189,118.000,140.000,163.000,45.000,,,12.625,381.000,385.000,4.000,0.010,32.455,,3.000,False,False,False,,,False
centre,95422,Montgeroult,commune,,361,ign_chef_lieu,2.007,49.081,29.501,35.515,119.000,129.000,139.000,20.000,,,13.722,382.000,376.500,-5.500,-0.014,21.957,,4.000,True,False,False,,,False
centre,93074,Vaujours,commune,,8007,ign_chef_lieu,2.567,48.932,29.525,17.861,91.000,95.000,99.000,8.000,,,18.647,383.000,270.000,-113.000,-0.290,-10.223,,3.000,False,False,False,,,False
centre,91568,Saint-Maurice-Montcouronne,commune,,1543,ign_chef_lieu,2.124,48.581,29.535,34.900,,,,,,,,,,,,,,,False,False,False,,,False
centre,78261,Gaillon-sur-Montcient,commune,,689,ign_chef_lieu,1.892,49.024,29.542,38.550,112.000,119.000,129.000,17.000,,,14.895,384.000,360.000,-24.000,-0.062,12.425,,3.000,False,False,False,,,False
centre,78486,Le Perray-en-Yvelines,commune,,6480,ign_chef_lieu,1.855,48.695,29.573,40.787,91.000,100.000,108.000,17.000,,,17.744,385.000,298.500,-86.500,-0.222,-5.574,,2.000,False,False,False,,,False
centre,95280,Goussainville,commune,,31301,ign_chef_lieu,2.473,49.032,29.638,21.474,83.000,90.000,98.000,15.000,,,19.759,386.000,234.000,-152.000,-0.391,-15.111,,3.000,False,False,False,,10.000,False
centre,93015,Coubron,commune,,5175,ign_chef_lieu,2.577,48.916,29.651,17.733,95.000,99.000,103.000,8.000,,,17.970,387.000,290.500,-96.500,-0.248,-6.641,,2.000,False,False,False,,,False
centre,77108,Chelles,commune,,54620,ign_chef_lieu,2.590,48.878,29.767,17.593,77.000,81.000,85.000,8.000,,,22.050,388.000,178.000,-210.000,-0.540,-23.766,,2.000,False,False,False,,1.000,False
centre,95313,L'Isle-Adam,commune,,12493,ign_chef_lieu,2.218,49.112,29.975,30.126,105.000,111.000,118.000,13.000,,,16.203,389.000,337.000,-52.000,-0.134,4.105,,4.000,True,False,False,,,False
centre,78655,Vieille-Église-en-Yvelines,commune,,652,ign_chef_lieu,1.875,48.670,29.984,40.732,,,,,,,,,,,,,,,False,False,False,,,False
gare,92033,Garches,commune,,17743,ign_chef_lieu,2.188,48.844,0.584,12.175,9.000,9.000,9.000,0.000,9.000,,3.892,,,,,,,0.000,False,True,False,,,True
gare,92047,Marnes-la-Coquette,commune,,1752,ign_chef_lieu,2.178,48.830,1.125,13.169,17.000,17.000,17.000,0.000,17.000,,3.972,1.000,2.500,1.500,0.004,6.836,,0.000,False,True,False,,,False
gare,92077,Ville-d'Avray,commune,,11089,ign_chef_lieu,2.190,48.828,1.130,12.361,26.000,26.000,26.000,0.000,26.000,,2.607,2.000,7.000,5.000,0.013,63.065,,0.000,False,True,False,,,False
gare,92076,Vaucresson,commune,,8432,ign_chef_lieu,2.158,48.839,2.100,14.401,15.000,17.000,20.000,5.000,30.000,,7.411,3.000,2.500,-0.500,-0.001,-24.208,,0.000,False,False,False,,,False
gare,92072,Sèvres,commune,,22303,ign_chef_lieu,2.213,48.825,2.442,10.853,31.000,34.000,37.000,6.000,43.000,,4.309,4.000,13.500,9.500,0.024,39.498,,2.000,False,False,False,,,False
gare,92064,Saint-Cloud,commune,,29855,ign_chef_lieu,2.219,48.844,2.465,9.890,13.000,15.000,18.000,5.000,34.000,,9.861,5.000,1.000,-4.000,-0.010,-38.777,,0.000,False,False,False,,,False
gare,92022,Chaville,commune,,20594,ign_chef_lieu,2.188,48.810,3.159,13.115,25.000,29.000,33.000,8.000,59.000,,6.536,6.000,8.000,2.000,0.005,3.264,,1.000,False,False,False,,,False
gare,78126,La Celle-Saint-Cloud,commune,,20460,ign_chef_lieu,2.136,48.848,3.859,15.897,22.000,24.000,27.000,5.000,59.000,,9.646,7.000,4.500,-2.500,-0.006,-23.451,,1.000,False,False,False,,,False
gare,92012,Boulogne-Billancourt,commune,,119019,ign_chef_lieu,2.241,48.836,3.974,8.524,35.000,37.000,40.000,5.000,60.000,,6.444,8.000,16.500,8.500,0.022,16.119,,1.000,False,False,False,,,False
gare,78092,Bougival,commune,,9134,ign_chef_lieu,2.140,48.861,4.242,15.612,28.000,31.000,34.000,6.000,66.000,,8.209,9.000,12.000,3.000,0.008,-6.143,,1.000,False,False,False,,,False
gare,78686,Viroflay,commune,,17237,ign_chef_lieu,2.173,48.800,4.410,14.594,32.000,38.000,44.000,12.000,73.000,,6.962,10.000,18.500,8.500,0.022,12.616,,2.000,False,False,False,,,False
gare,92063,Rueil-Malmaison,commune,,82874,ign_chef_lieu,2.181,48.878,4.420,12.835,44.000,46.000,48.000,4.000,72.000,,5.765,11.000,45.500,34.500,0.089,36.150,,1.000,False,False,False,,,False
gare,92073,Suresnes,commune,,48956,ign_chef_lieu,2.225,48.871,4.612,9.487,22.000,24.000,27.000,5.000,69.000,,11.531,12.000,4.500,-7.500,-0.019,-30.614,,1.000,False,False,False,,,False
gare,78158,Le Chesnay-Rocquencourt,commune,,30689,ign_chef_lieu,2.125,48.826,4.687,17.006,26.000,30.000,34.000,8.000,72.000,,9.373,13.000,10.000,-3.000,-0.008,-14.027,,1.000,False,False,False,,,False
gare,92048,Meudon,commune,,46334,ign_chef_lieu,2.239,48.813,4.744,9.653,41.000,43.000,46.000,5.000,77.000,,6.620,14.000,32.500,18.500,0.048,22.403,,1.000,False,False,False,,,False
gare,78190,Croissy-sur-Seine,commune,,11013,ign_chef_lieu,2.148,48.881,5.488,15.263,43.000,46.000,49.000,6.000,102.000,,7.158,15.000,45.500,30.500,0.078,20.860,,1.000,False,False,False,,,False
gare,78646,Versailles,commune,,84095,ign_chef_lieu,2.130,48.801,5.851,17.444,39.000,41.000,44.000,5.000,90.000,,8.562,16.000,26.000,10.000,0.026,3.988,,2.000,False,False,False,,,False
gare,78350,Louveciennes,commune,,7990,ign_chef_lieu,2.113,48.862,6.031,17.620,27.000,30.000,33.000,6.000,91.000,,12.062,17.000,10.000,-7.000,-0.018,-25.171,,1.000,False,False,False,,,False
gare,78146,Chatou,commune,,30598,ign_chef_lieu,2.158,48.890,6.115,14.779,41.000,44.000,47.000,6.000,104.000,,8.339,18.000,37.000,19.000,0.049,8.916,,1.000,False,False,False,,,False
gare,92050,Nanterre,commune,,97783,ign_chef_lieu,2.207,48.892,6.158,11.372,40.000,43.000,46.000,6.000,97.000,,8.592,19.000,32.500,13.500,0.035,6.037,,1.000,False,False,False,,,False
gare,78640,Vélizy-Villacoublay,commune,,23011,ign_chef_lieu,2.191,48.783,6.190,14.434,41.000,47.000,53.000,12.000,104.000,,7.902,20.000,51.500,31.500,0.081,15.571,,2.000,False,False,False,,,False
gare,92062,Puteaux,commune,,44002,ign_chef_lieu,2.238,48.884,6.338,8.936,23.000,25.000,28.000,5.000,94.000,,15.210,21.000,6.000,-15.000,-0.039,-39.320,,0.000,False,False,False,,,False
gare,92040,Issy-les-Moulineaux,commune,,67669,ign_chef_lieu,2.274,48.825,6.589,6.776,43.000,45.000,48.000,5.000,99.000,,8.785,22.000,41.500,19.500,0.050,6.911,,2.000,False,False,False,,,False
gare,92023,Clamart,commune,,58576,ign_chef_lieu,2.263,48.801,6.994,9.044,55.000,58.000,62.000,7.000,112.000,,7.235,23.000,86.500,63.500,0.163,33.342,,2.000,False,False,False,,,False
gare,78502,Le Port-Marly,commune,,5559,ign_chef_lieu,2.112,48.878,7.071,17.836,41.000,43.000,46.000,5.000,109.000,,9.866,24.000,32.500,8.500,0.022,-1.734,,0.000,False,False,False,,,False
gare,75116,Paris 16e Arrondissement,district,75056,159386,ign_chef_lieu_arrondissement,2.277,48.864,7.179,5.633,37.000,40.000,42.000,5.000,109.000,,10.768,25.000,23.500,-1.500,-0.004,-9.349,,3.000,False,False,False,,,False
gare,78650,Le Vésinet,commune,,15554,ign_chef_lieu,2.135,48.895,7.316,16.525,45.000,48.000,50.000,5.000,,,9.146,26.000,56.000,30.000,0.077,7.649,,1.000,False,False,False,,,False
gare,78372,Marly-le-Roi,commune,,16756,ign_chef_lieu,2.097,48.868,7.360,18.789,27.000,30.000,33.000,6.000,112.000,,14.720,27.000,10.000,-17.000,-0.044,-32.938,,0.000,False,False,False,,,False
gare,78124,Carrières-sur-Seine,commune,,14791,ign_chef_lieu,2.176,48.906,7.568,14.048,47.000,50.000,53.000,6.000,,,9.082,28.000,60.500,32.500,0.084,10.066,,2.000,False,False,False,,,False
gare,92075,Vanves,commune,,28622,ign_chef_lieu,2.289,48.821,7.789,6.048,50.000,52.000,55.000,5.000,116.000,,8.987,29.000,68.000,39.000,0.100,12.670,,2.000,False,False,False,,,False
gare,78043,Bailly,commune,,3731,ign_chef_lieu,2.079,48.840,7.905,20.169,38.000,42.000,45.000,7.000,114.000,,11.293,30.000,29.000,-1.000,-0.003,-9.738,,1.000,False,False,False,,,False
gare,92051,Neuilly-sur-Seine,commune,,59538,ign_chef_lieu,2.270,48.885,7.997,6.847,35.000,37.000,40.000,5.000,,,12.968,31.000,16.500,-14.500,-0.037,-20.984,,1.000,False,False,False,,,False
gare,92026,Courbevoie,commune,,82902,ign_chef_lieu,2.256,48.895,8.120,8.332,32.000,34.000,37.000,5.000,,,14.330,32.000,13.500,-18.500,-0.048,-28.001,,0.000,False,False,False,,,False
gare,78418,Montesson,commune,,14549,ign_chef_lieu,2.150,48.909,8.269,15.966,52.000,54.000,58.000,6.000,,,9.187,33.000,74.000,41.000,0.105,13.217,,2.000,False,False,False,,,False
gare,78322,Jouy-en-Josas,commune,,7981,ign_chef_lieu,2.169,48.765,8.291,16.922,49.000,52.000,56.000,7.000,,,9.567,34.000,68.000,34.000,0.087,8.859,,2.000,False,False,False,,,False
gare,75115,Paris 15e Arrondissement,district,75056,229713,ign_chef_lieu_arrondissement,2.300,48.841,8.360,4.177,47.000,49.000,51.000,4.000,,,10.236,35.000,57.500,22.500,0.058,2.117,,2.000,False,False,False,,,False
gare,92060,Le Plessis-Robinson,commune,,28848,ign_chef_lieu,2.262,48.782,8.367,10.588,67.000,71.000,74.000,7.000,,,7.071,36.000,168.500,132.500,0.341,47.895,,3.000,False,False,False,,,False
gare,78117,Buc,commune,,5816,ign_chef_lieu,2.126,48.774,8.418,18.992,56.000,60.000,66.000,10.000,,,8.418,37.000,95.500,58.500,0.150,24.563,,2.000,False,False,False,,,False
gare,92046,Malakoff,commune,,30557,ign_chef_lieu,2.302,48.821,8.669,5.440,55.000,57.000,60.000,5.000,,,9.125,38.000,81.500,43.500,0.112,16.436,,2.000,False,False,False,,,False
gare,92020,Châtillon,commune,,36705,ign_chef_lieu,2.290,48.800,8.720,7.810,67.000,69.000,72.000,5.000,,,7.583,39.000,154.500,115.500,0.297,40.494,,4.000,True,False,False,,,False
gare,92035,La Garenne-Colombes,commune,,30197,ign_chef_lieu,2.247,48.907,8.810,9.590,36.000,39.000,42.000,6.000,,,13.554,40.000,21.000,-19.000,-0.049,-21.039,,0.000,False,False,False,,,False
gare,78481,Le Pecq,commune,,16059,ign_chef_lieu,2.106,48.897,8.823,18.628,49.000,51.000,54.000,5.000,,,10.379,41.000,64.000,23.000,0.059,3.178,,2.000,False,False,False,,,False
gare,78343,Les Loges-en-Josas,commune,,1645,ign_chef_lieu,2.140,48.764,8.907,18.643,56.000,59.000,63.000,7.000,,,9.058,42.000,90.000,48.000,0.123,18.739,,2.000,False,False,False,,,False
gare,78455,Noisy-le-Roi,commune,,7713,ign_chef_lieu,2.064,48.844,8.978,21.184,37.000,40.000,44.000,7.000,,,13.468,43.000,23.500,-19.500,-0.050,-19.852,,1.000,False,False,False,,,False
gare,92032,Fontenay-aux-Roses,commune,,24070,ign_chef_lieu,2.287,48.791,9.021,8.717,69.000,73.000,76.000,7.000,,,7.415,44.000,182.500,138.500,0.356,45.889,,3.000,False,False,False,10.000,,False
gare,78224,L'Étang-la-Ville,commune,,5157,ign_chef_lieu,2.073,48.871,9.125,20.599,33.000,36.000,39.000,6.000,,,15.208,45.000,15.000,-30.000,-0.077,-28.507,,0.000,False,False,False,,,False
gare,78367,Mareil-Marly,commune,,4141,ign_chef_lieu,2.077,48.882,9.395,20.408,42.000,45.000,48.000,6.000,,,12.527,46.000,41.500,-4.500,-0.012,-12.058,,1.000,False,False,False,,,False
gare,78311,Houilles,commune,,33983,ign_chef_lieu,2.187,48.923,9.434,14.259,36.000,38.000,41.000,5.000,,,14.896,47.000,18.500,-28.500,-0.073,-25.905,,1.000,False,False,False,,,False
gare,92044,Levallois-Perret,commune,,68092,ign_chef_lieu,2.288,48.893,9.576,6.243,42.000,44.000,47.000,5.000,,,13.058,48.000,37.000,-11.000,-0.028,-14.908,,3.000,False,False,False,,,False
gare,78551,Saint-Germain-en-Laye,commune,,45931,ign_chef_lieu,2.094,48.899,9.576,19.555,43.000,47.000,50.000,7.000,,,12.225,49.000,51.500,2.500,0.006,-9.107,,1.000,False,False,False,,,False
gare,91064,Bièvres,commune,,4686,ign_chef_lieu,2.215,48.754,9.590,15.191,58.000,61.000,65.000,7.000,,,9.433,50.000,105.000,55.000,0.141,17.873,,2.000,False,False,False,,,False
gare,92007,Bagneux,commune,,44572,ign_chef_lieu,2.304,48.799,9.654,7.267,62.000,65.000,68.000,6.000,,,8.912,51.000,123.500,72.500,0.186,25.139,,4.000,True,False,False,,,False
gare,78545,Saint-Cyr-l'École,commune,,21268,ign_chef_lieu,2.067,48.800,9.771,21.884,43.000,47.000,51.000,8.000,,,12.474,52.000,51.500,-0.500,-0.001,-10.113,,1.000,False,False,False,,,False
gare,92071,Sceaux,commune,,20884,ign_chef_lieu,2.288,48.780,9.933,9.750,70.000,73.000,76.000,6.000,,,8.164,53.000,182.500,129.500,0.333,38.357,,3.000,False,False,False,,,False
gare,75107,Paris 7e Arrondissement,district,75056,48015,ign_chef_lieu_arrondissement,2.320,48.857,10.053,2.354,44.000,47.000,49.000,5.000,,,12.833,54.000,51.500,-2.500,-0.006,-11.506,,2.000,False,False,False,,,False
gare,92049,Montrouge,commune,,46324,ign_chef_lieu,2.320,48.819,10.074,4.797,49.000,52.000,55.000,6.000,,,11.623,55.000,68.000,13.000,0.033,-2.205,,3.000,False,False,False,,,False
gare,95063,Bezons,commune,,36434,ign_chef_lieu,2.216,48.928,10.189,12.772,43.000,46.000,49.000,6.000,,,13.290,56.000,45.500,-10.500,-0.027,-14.028,,1.000,False,False,False,,,False
gare,75114,Paris 14e Arrondissement,district,75056,136455,ign_chef_lieu_arrondissement,2.327,48.833,10.321,3.201,48.000,50.000,53.000,5.000,,,12.385,57.000,60.500,3.500,0.009,-7.214,,2.000,False,False,False,,,False
gare,92009,Bois-Colombes,commune,,28909,ign_chef_lieu,2.268,48.914,10.337,8.946,40.000,42.000,45.000,5.000,,,14.767,58.000,29.000,-29.000,-0.075,-22.126,,0.000,False,False,False,,,False
gare,92019,Châtenay-Malabry,commune,,35825,ign_chef_lieu,2.278,48.767,10.350,11.320,75.000,78.000,81.000,6.000,,,7.962,59.000,213.000,154.000,0.396,44.523,,3.000,False,False,False,6.000,,False
gare,75108,Paris 8e Arrondissement,district,75056,35317,ign_chef_lieu_arrondissement,2.318,48.878,10.558,3.475,38.000,41.000,43.000,5.000,,,15.451,60.000,26.000,-34.000,-0.087,-24.860,,0.000,False,False,False,,,False
gare,78518,Rennemoulin,commune,,116,ign_chef_lieu,2.043,48.832,10.595,22.913,53.000,64.000,70.000,17.000,,,9.933,61.000,117.500,56.500,0.145,17.065,,2.000,False,False,False,,,False
gare,92025,Colombes,commune,,91053,ign_chef_lieu,2.254,48.923,10.601,10.285,44.000,47.000,49.000,5.000,,,13.534,62.000,51.500,-10.500,-0.027,-14.058,,2.000,False,False,False,,,False
gare,78242,Fontenay-le-Fleury,commune,,13680,ign_chef_lieu,2.046,48.811,10.785,23.086,54.000,58.000,62.000,8.000,,,11.156,63.000,86.500,23.500,0.060,5.061,,2.000,False,False,False,,,False
gare,75106,Paris 6e Arrondissement,district,75056,40389,ign_chef_lieu_arrondissement,2.332,48.851,10.785,1.616,43.000,46.000,49.000,6.000,,,14.067,64.000,45.500,-18.500,-0.048,-16.676,,3.000,False,False,False,,,False
gare,92004,Asnières-sur-Seine,commune,,93941,ign_chef_lieu,2.289,48.911,11.008,7.635,42.000,44.000,47.000,5.000,,,15.011,65.000,37.000,-28.000,-0.072,-21.194,,1.000,False,False,False,,,False
gare,78396,Le Mesnil-le-Roi,commune,,6332,ign_chef_lieu,2.122,48.928,11.018,18.651,56.000,61.000,66.000,10.000,,,10.838,66.000,105.000,39.000,0.100,9.199,,2.000,False,False,False,,,False
gare,91312,Igny,commune,,10833,ign_chef_lieu,2.226,48.742,11.082,15.746,65.000,68.000,72.000,7.000,,,9.778,67.000,147.000,80.000,0.206,21.345,,2.000,False,False,False,,,False
gare,75117,Paris 17e Arrondissement,district,75056,159212,ign_chef_lieu_arrondissement,2.322,48.885,11.198,3.852,39.000,41.000,44.000,5.000,,,16.388,68.000,26.000,-42.000,-0.108,-27.256,,2.000,False,False,False,,,False
gare,92024,Clichy,commune,,64410,ign_chef_lieu,2.305,48.903,11.261,6.232,44.000,47.000,49.000,5.000,,,14.376,69.000,51.500,-17.500,-0.045,-16.867,,2.000,False,False,False,,,False
gare,78297,Guyancourt,commune,,29778,ign_chef_lieu,2.070,48.771,11.373,22.806,62.000,64.000,68.000,6.000,,,10.663,70.000,117.500,47.500,0.122,12.586,,3.000,False,False,False,,,False
gare,94003,Arcueil,commune,,22200,ign_chef_lieu,2.335,48.804,11.529,5.922,53.000,55.000,58.000,5.000,,,12.577,71.000,77.000,6.000,0.015,-3.965,,2.000,False,False,False,,,False
gare,78620,Toussus-le-Noble,commune,,1172,ign_chef_lieu,2.114,48.746,11.570,21.378,65.000,69.000,74.000,9.000,,,10.061,72.000,154.500,82.500,0.212,20.242,,2.000,False,False,False,,,False
gare,92014,Bourg-la-Reine,commune,,21019,ign_chef_lieu,2.316,48.779,11.572,9.025,57.000,60.000,63.000,6.000,,,11.572,73.000,95.500,22.500,0.058,4.551,,2.000,False,False,False,,,False
gare,78586,Sartrouville,commune,,52763,ign_chef_lieu,2.158,48.941,11.614,17.073,40.000,42.000,45.000,5.000,,,16.592,74.000,29.000,-45.000,-0.116,-26.962,,1.000,False,False,False,,,False
gare,75105,Paris 5e Arrondissement,district,75056,55252,ign_chef_lieu_arrondissement,2.344,48.846,11.617,1.300,42.000,44.000,47.000,5.000,,,15.842,75.000,37.000,-38.000,-0.098,-23.495,,2.000,False,False,False,,,False
gare,91635,Vauhallan,commune,,1945,ign_chef_lieu,2.207,48.734,11.689,17.276,82.000,87.000,93.000,11.000,,,8.061,76.000,275.500,199.500,0.513,50.761,,3.000,False,False,False,2.000,,False
gare,91645,Verrières-le-Buisson,commune,,15057,ign_chef_lieu,2.267,48.746,11.832,13.745,79.000,82.000,85.000,6.000,,,8.658,77.000,242.500,165.500,0.425,41.145,,3.000,False,False,False,5.000,,False
gare,94016,Cachan,commune,,31103,ign_chef_lieu,2.334,48.795,11.879,7.005,58.000,60.000,64.000,6.000,,,11.879,78.000,95.500,17.500,0.045,3.055,,3.000,False,False,False,,,False
gare,75109,Paris 9e Arrondissement,district,75056,57271,ign_chef_lieu_arrondissement,2.341,48.872,11.978,1.965,36.000,39.000,41.000,5.000,,,18.428,79.000,21.000,-58.000,-0.149,-33.323,,2.000,False,False,False,,,False
gare,91534,Saclay,commune,,4437,ign_chef_lieu,2.172,48.731,11.983,19.220,74.000,79.000,85.000,11.000,,,9.101,80.000,221.500,141.500,0.364,35.033,,3.000,False,False,False,9.000,,False
gare,94037,Gentilly,commune,,19963,ign_chef_lieu,2.348,48.816,12.127,4.547,53.000,55.000,58.000,5.000,,,13.229,81.000,77.000,-4.000,-0.010,-6.602,,2.000,False,False,False,,,False
gare,78073,Bois-d'Arcy,commune,,16586,ign_chef_lieu,2.031,48.801,12.139,24.381,56.000,60.000,65.000,9.000,,,12.139,82.000,95.500,13.500,0.035,1.831,,2.000,False,False,False,,,False
gare,78571,Saint-Nom-la-Bretèche,commune,,4965,ign_chef_lieu,2.021,48.860,12.357,24.303,60.000,67.000,74.000,14.000,,,11.066,83.000,138.500,55.500,0.143,12.605,,2.000,False,False,False,,,False
gare,92002,Antony,commune,,64263,ign_chef_lieu,2.296,48.754,12.363,12.157,65.000,68.000,71.000,6.000,,,10.908,84.000,147.000,63.000,0.162,14.256,,2.000,False,False,False,,,False
gare,78358,Maisons-Laffitte,commune,,23093,ign_chef_lieu,2.145,48.946,12.368,18.204,36.000,39.000,42.000,6.000,,,19.028,85.000,21.000,-64.000,-0.165,-34.487,,1.000,False,False,False,,,False
gare,75113,Paris 13e Arrondissement,district,75056,181271,ign_chef_lieu_arrondissement,2.356,48.833,12.424,2.656,50.000,53.000,55.000,5.000,,,14.064,86.000,71.500,-14.500,-0.037,-11.189,,2.000,False,False,False,,,False
gare,92036,Gennevilliers,commune,,50979,ign_chef_lieu,2.293,48.925,12.460,8.823,54.000,57.000,60.000,6.000,,,13.115,87.000,81.500,-5.500,-0.014,-4.639,,3.000,False,False,False,,,False
gare,94043,Le Kremlin-Bicêtre,commune,,24110,ign_chef_lieu,2.357,48.812,12.837,4.911,57.000,60.000,62.000,5.000,,,12.837,88.000,95.500,7.500,0.019,-1.257,,2.000,False,False,False,,,False
gare,94038,L'Haÿ-les-Roses,commune,,31188,ign_chef_lieu,2.337,48.779,12.884,8.651,70.000,72.000,75.000,5.000,,,10.737,89.000,174.500,85.500,0.220,18.257,,3.000,False,False,False,,,False
gare,95018,Argenteuil,commune,,106130,ign_chef_lieu,2.249,48.948,13.005,12.694,58.000,60.000,63.000,5.000,,,13.005,90.000,95.500,5.500,0.014,-1.959,,2.000,False,False,False,,,False
gare,75118,Paris 18e Arrondissement,district,75056,183127,ign_chef_lieu_arrondissement,2.344,48.892,13.034,4.011,43.000,45.000,48.000,5.000,,,17.378,91.000,41.500,-49.500,-0.127,-26.558,,2.000,False,False,False,,,False
gare,75110,Paris 10e Arrondissement,district,75056,83873,ign_chef_lieu_arrondissement,2.358,48.872,13.104,1.758,41.000,44.000,46.000,5.000,,,17.869,92.000,37.000,-55.000,-0.141,-28.402,,2.000,False,False,False,,,False
gare,78133,Chambourcy,commune,,5847,ign_chef_lieu,2.040,48.906,13.133,23.586,63.000,66.000,69.000,6.000,,,11.939,93.000,130.500,37.500,0.096,7.263,,2.000,False,False,False,,,False
gare,75100,Paris Centre,district,75056,94472,ign_chef_lieu_arrondissement,2.362,48.864,13.164,1.072,44.000,47.000,49.000,5.000,,,16.805,94.000,51.500,-42.500,-0.109,-23.712,,2.000,False,False,False,,,False
gare,78143,Châteaufort,commune,,1564,ign_chef_lieu,2.092,48.737,13.205,23.265,69.000,73.000,77.000,8.000,,,10.854,95.000,182.500,87.500,0.225,18.285,,2.000,False,False,False,,,False
gare,78688,Voisins-le-Bretonneux,commune,,10624,ign_chef_lieu,2.051,48.759,13.308,24.645,68.000,72.000,75.000,7.000,,,11.090,96.000,174.500,78.500,0.202,16.168,,3.000,False,False,False,,,False
gare,91679,Villiers-le-Bâcle,commune,,1031,ign_chef_lieu,2.126,48.726,13.323,22.132,80.000,85.000,91.000,11.000,,,9.404,97.000,263.000,166.000,0.427,37.057,,2.000,False,False,False,3.000,,False
gare,78674,Villepreux,commune,,11931,ign_chef_lieu,2.005,48.830,13.347,25.662,57.000,68.000,76.000,19.000,,,11.777,98.000,147.000,49.000,0.126,9.537,,2.000,False,False,False,,,False
gare,78423,Montigny-le-Bretonneux,commune,,32465,ign_chef_lieu,2.038,48.770,13.351,25.063,62.000,66.000,71.000,9.000,,,12.137,99.000,130.500,31.500,0.081,6.298,,2.000,False,False,False,,,False
gare,91377,Massy,commune,,51729,ign_chef_lieu,2.271,48.731,13.472,15.173,74.000,77.000,80.000,6.000,,,10.497,100.000,204.500,104.500,0.269,23.402,,2.000,False,False,False,,,False
gare,93070,Saint-Ouen-sur-Seine,commune,,53615,ign_chef_lieu,2.334,48.912,13.570,6.288,42.000,45.000,47.000,5.000,,,18.094,101.000,41.500,-59.500,-0.153,-28.171,,3.000,False,False,False,,,False
gare,94034,Fresnes,commune,,29528,ign_chef_lieu,2.322,48.755,13.595,11.487,74.000,77.000,80.000,6.000,,,10.593,102.000,204.500,102.500,0.263,22.785,,3.000,False,False,False,,,False
gare,94021,Chevilly-Larue,commune,,19826,ign_chef_lieu,2.347,48.771,13.957,9.467,64.000,67.000,69.000,5.000,,,12.499,103.000,138.500,35.500,0.091,5.305,,2.000,False,False,False,,,False
gare,94076,Villejuif,commune,,60183,ign_chef_lieu,2.363,48.792,13.961,7.213,65.000,68.000,70.000,5.000,,,12.319,104.000,147.000,43.000,0.111,6.857,,2.000,False,False,False,,,False
gare,91538,Saint-Aubin,commune,,661,ign_chef_lieu,2.140,48.715,14.110,22.132,80.000,83.000,87.000,7.000,,,10.200,105.000,250.000,145.000,0.373,29.668,,4.000,True,False,False,8.000,,False
gare,78007,Aigremont,commune,,1075,ign_chef_lieu,2.018,48.902,14.267,25.067,81.000,84.000,87.000,6.000,,,10.191,106.000,257.500,151.500,0.389,30.434,,2.000,False,False,False,7.000,,False
gare,75111,Paris 11e Arrondissement,district,75056,138170,ign_chef_lieu_arrondissement,2.379,48.859,14.327,1.984,44.000,47.000,49.000,5.000,,,18.290,107.000,51.500,-55.500,-0.143,-27.187,,2.000,False,False,False,,,False
gare,91477,Palaiseau,commune,,37471,ign_chef_lieu,2.246,48.715,14.443,17.616,75.000,78.000,82.000,7.000,,,11.110,108.000,213.000,105.000,0.270,20.305,,3.000,False,False,False,,,False
gare,78498,Poissy,commune,,40983,ign_chef_lieu,2.043,48.927,14.466,24.049,56.000,61.000,64.000,8.000,,,14.229,109.000,105.000,-4.000,-0.010,-5.999,,2.000,False,False,False,,,False
gare,78356,Magny-les-Hameaux,commune,,9386,ign_chef_lieu,2.084,48.724,14.779,24.615,84.000,87.000,93.000,9.000,,,10.193,110.000,275.500,165.500,0.425,32.495,,2.000,False,False,False,4.000,,False
gare,78152,Chavenay,commune,,1723,ign_chef_lieu,1.986,48.854,14.790,26.866,126.000,148.000,171.000,45.000,,,5.996,111.000,389.000,278.000,0.715,125.302,,3.000,False,False,False,1.000,,False
gare,75112,Paris 12e Arrondissement,district,75056,138024,ign_chef_lieu_arrondissement,2.388,48.841,14.809,3.142,47.000,50.000,52.000,5.000,,,17.771,112.000,60.500,-51.500,-0.132,-23.938,,2.000,False,False,False,,,False
gare,78165,Les Clayes-sous-Bois,commune,,16804,ign_chef_lieu,1.986,48.821,14.820,27.160,62.000,69.000,74.000,12.000,,,12.887,113.000,154.500,41.500,0.107,4.925,,2.000,False,False,False,,,False
gare,94041,Ivry-sur-Seine,commune,,65064,ign_chef_lieu,2.388,48.812,15.046,5.567,56.000,60.000,64.000,8.000,,,15.046,114.000,95.500,-18.500,-0.048,-9.518,,3.000,False,False,False,,,False
gare,95257,La Frette-sur-Seine,commune,,4570,ign_chef_lieu,2.178,48.974,15.087,18.267,72.000,75.000,78.000,6.000,,,12.070,115.000,193.500,78.500,0.202,12.931,,2.000,False,False,False,,,False
gare,75119,Paris 19e Arrondissement,district,75056,178691,ign_chef_lieu_arrondissement,2.382,48.883,15.171,3.660,47.000,49.000,52.000,5.000,,,18.577,116.000,57.500,-58.500,-0.150,-26.444,,2.000,False,False,False,,,False
gare,92078,Villeneuve-la-Garenne,commune,,26021,ign_chef_lieu,2.333,48.936,15.277,8.957,56.000,58.000,61.000,5.000,,,15.804,117.000,86.500,-30.500,-0.078,-13.266,,3.000,False,False,False,,,False
gare,95176,Cormeilles-en-Parisis,commune,,27292,ign_chef_lieu,2.199,48.976,15.344,17.405,69.000,72.000,76.000,7.000,,,12.786,118.000,174.500,56.500,0.145,7.413,,2.000,False,False,False,,,False
gare,78621,Trappes,commune,,34689,ign_chef_lieu,1.999,48.776,15.395,27.429,57.000,60.000,64.000,7.000,,,15.395,119.000,95.500,-23.500,-0.060,-10.654,,1.000,False,False,False,,,False
gare,91471,Orsay,commune,,16498,ign_chef_lieu,2.187,48.699,15.455,21.260,76.000,79.000,84.000,8.000,,,11.738,120.000,221.500,101.500,0.261,17.386,,4.000,True,False,False,,,False
gare,94065,Rungis,commune,,5611,ign_chef_lieu,2.347,48.748,15.478,12.003,74.000,77.000,81.000,7.000,,,12.061,121.000,204.500,83.500,0.215,14.323,,3.000,False,False,False,,,False
gare,93039,L'Île-Saint-Denis,commune,,8696,ign_chef_lieu,2.341,48.936,15.638,8.853,52.000,54.000,57.000,5.000,,,17.375,122.000,74.000,-48.000,-0.123,-20.277,,2.000,False,False,False,,,False
gare,93031,Épinay-sur-Seine,commune,,52833,ign_chef_lieu,2.313,48.952,15.650,10.964,60.000,63.000,66.000,6.000,,,14.905,123.000,113.000,-10.000,-0.026,-7.030,,2.000,False,False,False,,,False
gare,91661,Villebon-sur-Yvette,commune,,10291,ign_chef_lieu,2.228,48.700,15.653,19.636,88.000,92.000,96.000,8.000,,,10.208,124.000,305.500,181.500,0.467,35.751,,3.000,False,False,False,,,False
gare,91272,Gif-sur-Yvette,commune,,22544,ign_chef_lieu,2.134,48.702,15.666,23.524,90.000,94.000,98.000,8.000,,,10.000,125.000,310.500,185.500,0.477,38.637,,3.000,False,False,False,,,False
gare,95582,Sannois,commune,,26924,ign_chef_lieu,2.256,48.972,15.688,14.631,58.000,61.000,63.000,5.000,,,15.431,126.000,105.000,-21.000,-0.054,-10.103,,2.000,False,False,False,,,False
gare,91689,Wissous,commune,,7151,ign_chef_lieu,2.327,48.732,15.714,13.968,82.000,85.000,87.000,5.000,,,11.092,127.000,263.000,136.000,0.350,25.152,,3.000,False,False,False,,,False
gare,91136,Champlan,commune,,2615,ign_chef_lieu,2.274,48.708,15.807,17.443,82.000,86.000,89.000,7.000,,,11.028,128.000,269.000,141.000,0.362,26.214,,3.000,False,False,False,,,False
gare,91122,Bures-sur-Yvette,commune,,9548,ign_chef_lieu,2.164,48.697,15.816,22.505,80.000,83.000,87.000,7.000,,,11.433,129.000,250.000,121.000,0.311,21.775,,3.000,False,False,False,,,False
gare,94081,Vitry-sur-Seine,commune,,93963,ign_chef_lieu,2.388,48.789,15.831,7.992,75.000,77.000,80.000,5.000,,,12.336,130.000,204.500,74.500,0.192,12.912,,3.000,False,False,False,,,False
gare,75120,Paris 20e Arrondissement,district,75056,185140,ign_chef_lieu_arrondissement,2.399,48.865,15.907,3.582,49.000,51.000,54.000,5.000,,,18.715,131.000,64.000,-67.000,-0.172,-25.412,,2.000,False,False,False,,,False
gare,78406,Milon-la-Chapelle,commune,,295,ign_chef_lieu,2.049,48.726,16.022,26.558,104.000,111.000,119.000,15.000,,,8.660,132.000,364.500,232.500,0.598,61.699,,2.000,False,False,False,,,False
gare,78005,Achères,commune,,22241,ign_chef_lieu,2.070,48.961,16.073,23.743,58.000,61.000,64.000,6.000,,,15.810,133.000,105.000,-28.000,-0.072,-11.296,,2.000,False,False,False,,,False
gare,78233,Feucherolles,commune,,3043,ign_chef_lieu,1.974,48.874,16.114,27.851,79.000,87.000,98.000,19.000,,,11.113,134.000,275.500,141.500,0.364,26.339,,3.000,False,False,False,,,False
gare,78123,Carrières-sous-Poissy,commune,,20825,ign_chef_lieu,2.034,48.944,16.192,25.277,61.000,66.000,69.000,8.000,,,14.720,135.000,130.500,-4.500,-0.012,-4.413,,3.000,False,False,False,,,False
gare,95555,Saint-Gratien,commune,,21336,ign_chef_lieu,2.283,48.971,16.338,13.687,63.000,66.000,69.000,6.000,,,14.853,136.000,130.500,-5.500,-0.014,-4.883,,2.000,False,False,False,,,False
gare,95424,Montigny-lès-Cormeilles,commune,,22457,ign_chef_lieu,2.188,48.988,16.599,18.943,77.000,80.000,85.000,8.000,,,12.449,137.000,230.000,93.000,0.239,14.292,,2.000,False,False,False,,,False
gare,93061,Le Pré-Saint-Gervais,commune,,16993,ign_chef_lieu,2.403,48.883,16.628,4.727,59.000,62.000,64.000,5.000,,,16.092,138.000,110.500,-27.500,-0.071,-11.510,,2.000,False,False,False,,,False
gare,93001,Aubervilliers,commune,,88365,ign_chef_lieu,2.382,48.915,16.643,6.820,55.000,57.000,60.000,5.000,,,17.519,139.000,81.500,-57.500,-0.148,-18.686,,2.000,False,False,False,,,False
gare,93066,Saint-Denis,commune,,149077,ign_chef_lieu,2.358,48.936,16.649,8.883,52.000,54.000,57.000,5.000,,,18.499,140.000,74.000,-66.000,-0.170,-22.980,,3.000,False,False,False,,,False
gare,95252,Franconville,commune,,37754,ign_chef_lieu,2.230,48.986,16.734,16.991,72.000,74.000,77.000,5.000,,,13.568,141.000,188.500,47.500,0.122,5.250,,3.000,False,False,False,,,False
gare,95306,Herblay-sur-Seine,commune,,31779,ign_chef_lieu,2.165,48.990,16.926,20.210,66.000,70.000,75.000,9.000,,,14.508,142.000,161.500,19.500,0.050,-1.063,,2.000,False,False,False,,,False
gare,78575,Saint-Rémy-lès-Chevreuse,commune,,7747,ign_chef_lieu,2.073,48.706,16.933,26.507,84.000,88.000,92.000,8.000,,,11.545,143.000,281.000,138.000,0.355,24.350,,2.000,False,False,False,,,False
gare,94018,Charenton-le-Pont,commune,,28830,ign_chef_lieu,2.416,48.820,16.984,6.201,58.000,61.000,63.000,5.000,,,16.706,144.000,105.000,-39.000,-0.100,-13.946,,2.000,False,False,False,,,False
gare,93055,Pantin,commune,,61929,ign_chef_lieu,2.401,48.897,17.045,5.754,40.000,43.000,47.000,7.000,,,23.784,145.000,32.500,-112.500,-0.289,-39.458,,1.000,False,False,False,,,False
gare,78561,Saint-Lambert,commune,,447,ign_chef_lieu,2.020,48.731,17.076,28.117,,,,,,,,,,,,,,,False,False,False,,,False
gare,95210,Enghien-les-Bains,commune,,11432,ign_chef_lieu,2.307,48.970,17.083,13.049,57.000,60.000,64.000,7.000,,,17.083,146.000,95.500,-50.500,-0.130,-15.627,,2.000,False,False,False,,,False
gare,94067,Saint-Mandé,commune,,21071,ign_chef_lieu,2.419,48.843,17.083,5.106,49.000,52.000,54.000,5.000,,,19.711,147.000,68.000,-79.000,-0.203,-26.877,,2.000,False,False,False,,,False
gare,94073,Thiais,commune,,32918,ign_chef_lieu,2.391,48.764,17.131,10.629,74.000,77.000,80.000,6.000,,,13.349,148.000,204.500,56.500,0.145,8.111,,3.000,False,False,False,,,False
gare,93006,Bagnolet,commune,,43086,ign_chef_lieu,2.417,48.869,17.217,4.902,59.000,61.000,64.000,5.000,,,16.935,149.000,105.000,-44.000,-0.113,-14.590,,2.000,False,False,False,,,False
gare,91587,Saulx-les-Chartreux,commune,,6733,ign_chef_lieu,2.264,48.691,17.313,19.461,95.000,101.000,106.000,11.000,,,10.285,150.000,335.500,185.500,0.477,40.986,,3.000,False,False,False,,,False
gare,93045,Les Lilas,commune,,23843,ign_chef_lieu,2.416,48.879,17.434,5.305,52.000,55.000,57.000,5.000,,,19.019,151.000,77.000,-74.000,-0.190,-23.519,,3.000,False,False,False,,,False
gare,91692,Les Ulis,commune,,25886,ign_chef_lieu,2.170,48.681,17.492,23.626,79.000,86.000,92.000,13.000,,,12.204,152.000,269.000,117.000,0.301,19.371,,3.000,False,False,False,,,False
gare,94002,Alfortville,commune,,45531,ign_chef_lieu,2.420,48.805,17.552,7.545,50.000,52.000,56.000,6.000,,,20.252,153.000,68.000,-85.000,-0.219,-27.959,,2.000,False,False,False,,,False
gare,91161,Chilly-Mazarin,commune,,20443,ign_chef_lieu,2.313,48.703,17.717,17.360,91.000,94.000,97.000,6.000,,,11.309,154.000,310.500,156.500,0.402,29.559,,4.000,True,False,False,,,False
gare,91666,Villejust,commune,,2558,ign_chef_lieu,2.237,48.682,17.736,21.145,84.000,89.000,93.000,9.000,,,11.957,155.000,288.500,133.500,0.343,22.597,,3.000,False,False,False,,,False
gare,78490,Plaisir,commune,,31811,ign_chef_lieu,1.947,48.817,17.745,30.085,68.000,75.000,83.000,15.000,,,14.196,156.000,193.500,37.500,0.096,3.283,,2.000,False,False,False,,,False
gare,94069,Saint-Maurice,commune,,14506,ign_chef_lieu,2.427,48.818,17.763,6.894,68.000,71.000,73.000,5.000,,,15.011,157.000,168.500,11.500,0.030,-2.281,,2.000,False,False,False,,,False
gare,78672,Villennes-sur-Seine,commune,,5952,ign_chef_lieu,1.999,48.940,17.830,27.546,54.000,62.000,69.000,15.000,,,17.255,158.000,110.500,-47.500,-0.122,-14.846,,2.000,False,False,False,,,False
gare,93027,La Courneuve,commune,,47167,ign_chef_lieu,2.390,48.927,17.839,8.277,53.000,56.000,58.000,5.000,,,19.114,159.000,79.000,-80.000,-0.206,-23.107,,2.000,False,False,False,,,False
gare,95219,Ermont,commune,,29489,ign_chef_lieu,2.259,48.992,17.876,16.558,67.000,70.000,74.000,7.000,,,15.322,160.000,161.500,1.500,0.004,-3.993,,3.000,False,False,False,,,False
gare,93079,Villetaneuse,commune,,12530,ign_chef_lieu,2.344,48.961,17.883,11.671,58.000,60.000,63.000,5.000,,,17.883,161.000,95.500,-65.500,-0.168,-17.725,,3.000,False,False,False,,,False
gare,78466,Orgeval,commune,,7252,ign_chef_lieu,1.975,48.918,17.896,28.542,76.000,79.000,87.000,11.000,,,13.592,162.000,221.500,59.500,0.153,8.284,,2.000,False,False,False,,,False
gare,78160,Chevreuse,commune,,5502,ign_chef_lieu,2.044,48.707,17.924,28.061,81.000,89.000,100.000,19.000,,,12.083,163.000,288.500,125.500,0.323,21.888,,2.000,False,False,False,,,False
gare,91345,Longjumeau,commune,,21996,ign_chef_lieu,2.296,48.694,17.926,18.504,85.000,89.000,93.000,8.000,,,12.085,164.000,288.500,124.500,0.320,21.877,,4.000,True,False,False,,,False
gare,78196,Davron,commune,,295,ign_chef_lieu,1.944,48.865,18.035,29.977,,,,,,,,,,,,,,,False,False,False,,,False
gare,91275,Gometz-le-Châtel,commune,,2630,ign_chef_lieu,2.138,48.678,18.134,25.295,103.000,112.000,120.000,17.000,,,9.715,165.000,367.000,202.000,0.519,52.404,,4.000,True,False,False,,,False
gare,91432,Morangis,commune,,14129,ign_chef_lieu,2.332,48.706,18.252,16.844,92.000,95.000,99.000,7.000,,,11.528,166.000,313.500,147.500,0.379,28.810,,4.000,True,False,False,,,False
gare,95203,Eaubonne,commune,,26211,ign_chef_lieu,2.280,48.991,18.310,15.908,65.000,68.000,72.000,7.000,,,16.156,167.000,147.000,-20.000,-0.051,-7.959,,3.000,False,False,False,,,False
gare,94046,Maisons-Alfort,commune,,56799,ign_chef_lieu,2.431,48.801,18.397,8.415,48.000,51.000,55.000,7.000,,,21.643,168.000,64.000,-104.000,-0.267,-31.149,,2.000,False,False,False,,,False
gare,94022,Choisy-le-Roi,commune,,45946,ign_chef_lieu,2.410,48.762,18.431,11.258,64.000,66.000,70.000,6.000,,,16.755,169.000,130.500,-38.500,-0.099,-10.989,,3.000,False,False,False,,,False
gare,95197,Deuil-la-Barre,commune,,23099,ign_chef_lieu,2.328,48.975,18.433,13.331,64.000,67.000,72.000,8.000,,,16.507,170.000,138.500,-31.500,-0.081,-9.647,,2.000,False,False,False,,,False
gare,95491,Le Plessis-Bouchard,commune,,8518,ign_chef_lieu,2.235,49.001,18.447,18.256,72.000,75.000,78.000,6.000,,,14.758,171.000,193.500,22.500,0.058,1.099,,3.000,False,False,False,,,False
gare,78015,Andrésy,commune,,13834,ign_chef_lieu,2.061,48.982,18.476,25.565,63.000,67.000,72.000,9.000,,,16.546,172.000,138.500,-33.500,-0.086,-9.762,,3.000,False,False,False,,,False
gare,95598,Soisy-sous-Montmorency,commune,,18008,ign_chef_lieu,2.300,48.987,18.541,15.060,66.000,70.000,73.000,7.000,,,15.892,173.000,161.500,-11.500,-0.030,-5.903,,3.000,False,False,False,,,False
gare,78172,Conflans-Sainte-Honorine,commune,,36958,ign_chef_lieu,2.095,48.994,18.547,24.293,60.000,64.000,70.000,10.000,,,17.388,174.000,117.500,-56.500,-0.145,-13.985,,3.000,False,False,False,,,False
gare,94080,Vincennes,commune,,48193,ign_chef_lieu,2.440,48.848,18.615,6.477,47.000,50.000,52.000,5.000,,,22.339,175.000,60.500,-114.500,-0.294,-32.936,,1.000,False,False,False,,,False
gare,91560,Saint-Jean-de-Beauregard,commune,,471,ign_chef_lieu,2.168,48.670,18.816,24.824,98.000,103.000,107.000,9.000,,,10.961,176.000,342.500,166.500,0.428,37.339,,4.000,True,False,False,,,False
gare,93048,Montreuil,commune,,111934,ign_chef_lieu,2.441,48.862,18.863,6.526,51.000,53.000,56.000,5.000,,,21.354,177.000,71.500,-105.500,-0.271,-29.427,,2.000,False,False,False,,,False
gare,78384,Médan,commune,,1289,ign_chef_lieu,1.996,48.953,18.904,28.247,72.000,79.000,84.000,12.000,,,14.358,178.000,221.500,43.500,0.112,5.067,,2.000,False,False,False,,,False
gare,93063,Romainville,commune,,37152,ign_chef_lieu,2.435,48.886,18.961,6.858,62.000,65.000,67.000,5.000,,,17.503,179.000,123.500,-55.500,-0.143,-13.696,,3.000,False,False,False,,,False
gare,94054,Orly,commune,,24658,ign_chef_lieu,2.401,48.743,18.962,13.085,71.000,73.000,76.000,5.000,,,15.585,180.000,182.500,2.500,0.006,-3.075,,3.000,False,False,False,,,False
gare,78644,La Verrière,commune,,5994,ign_chef_lieu,1.958,48.758,19.053,31.001,62.000,66.000,71.000,9.000,,,17.321,181.000,130.500,-50.500,-0.130,-12.601,,2.000,False,False,False,,,False
gare,91274,Gometz-la-Ville,commune,,1536,ign_chef_lieu,2.125,48.672,19.071,26.475,101.000,112.000,122.000,21.000,,,10.216,182.000,367.000,185.000,0.476,48.238,,4.000,True,False,False,,,False
gare,78208,Élancourt,commune,,26365,ign_chef_lieu,1.949,48.768,19.085,31.186,63.000,67.000,73.000,10.000,,,17.091,183.000,138.500,-44.500,-0.114,-11.358,,2.000,False,False,False,,,False
gare,91479,Paray-Vieille-Poste,commune,,8202,ign_chef_lieu,2.364,48.713,19.100,15.999,88.000,91.000,93.000,5.000,,,12.594,184.000,299.500,115.500,0.297,20.340,,3.000,False,False,False,,,False
gare,95427,Montmagny,commune,,15105,ign_chef_lieu,2.346,48.975,19.166,13.199,62.000,66.000,70.000,8.000,,,17.423,185.000,130.500,-54.500,-0.140,-12.884,,2.000,False,False,False,,,False
gare,95051,Beauchamp,commune,,9849,ign_chef_lieu,2.200,49.012,19.283,20.563,70.000,73.000,76.000,6.000,,,15.849,186.000,182.500,-3.500,-0.009,-3.967,,2.000,False,False,False,,,False
gare,78138,Chanteloup-les-Vignes,commune,,10861,ign_chef_lieu,2.030,48.978,19.337,27.240,74.000,77.000,81.000,7.000,,,15.068,187.000,204.500,17.500,0.045,1.139,,3.000,False,False,False,,,False
gare,93072,Stains,commune,,41388,ign_chef_lieu,2.382,48.955,19.393,11.236,66.000,69.000,73.000,7.000,,,16.863,188.000,154.500,-33.500,-0.086,-9.513,,4.000,True,False,False,,,False
gare,95428,Montmorency,commune,,21763,ign_chef_lieu,2.321,48.989,19.477,14.985,73.000,78.000,82.000,9.000,,,14.982,189.000,213.000,24.000,0.062,2.046,,3.000,False,False,False,,,False
gare,95574,Saint-Prix,commune,,7612,ign_chef_lieu,2.262,49.007,19.513,17.955,77.000,81.000,85.000,8.000,,,14.454,190.000,236.500,46.500,0.120,5.863,,3.000,False,False,False,,,False
gare,95369,Margency,commune,,3012,ign_chef_lieu,2.287,49.001,19.564,16.798,77.000,80.000,83.000,6.000,,,14.673,191.000,230.000,39.000,0.100,4.406,,3.000,False,False,False,,,False
gare,91044,Ballainvilliers,commune,,4904,ign_chef_lieu,2.290,48.676,19.580,20.562,94.000,99.000,107.000,13.000,,,11.867,192.000,325.500,133.500,0.343,29.143,,4.000,True,False,False,,,False
gare,78383,Maurepas,commune,,20629,ign_chef_lieu,1.945,48.762,19.637,31.683,60.000,63.000,67.000,7.000,,,18.702,193.000,113.000,-80.000,-0.206,-17.948,,2.000,False,False,False,,,False
gare,78615,Thiverval-Grignon,commune,,1023,ign_chef_lieu,1.918,48.850,19.771,31.915,82.000,104.000,127.000,45.000,,,11.406,194.000,346.000,152.000,0.391,34.944,,3.000,False,False,False,,,False
gare,78382,Maurecourt,commune,,4454,ign_chef_lieu,2.063,48.997,19.789,26.334,66.000,70.000,73.000,7.000,,,16.962,195.000,161.500,-33.500,-0.086,-9.219,,2.000,False,False,False,,,False
gare,78189,Crespières,commune,,1719,ign_chef_lieu,1.924,48.882,19.865,31.570,,,,,,,,,,,,,,,False,False,False,,,False
gare,94077,Villeneuve-le-Roi,commune,,21000,ign_chef_lieu,2.408,48.735,19.894,14.074,78.000,80.000,83.000,5.000,,,14.920,196.000,230.000,34.000,0.087,3.449,,3.000,False,False,False,,,False
gare,78397,Le Mesnil-Saint-Denis,commune,,7276,ign_chef_lieu,1.960,48.740,19.907,31.594,69.000,73.000,78.000,9.000,,,16.362,197.000,182.500,-14.500,-0.037,-5.638,,2.000,False,False,False,,,False
gare,78548,Saint-Forget,commune,,436,ign_chef_lieu,1.993,48.710,20.104,30.986,87.000,95.000,106.000,19.000,,,12.697,198.000,313.500,115.500,0.297,22.139,,2.000,False,False,False,,,False
gare,95288,Groslay,commune,,8453,ign_chef_lieu,2.346,48.987,20.234,14.521,67.000,70.000,75.000,8.000,,,17.343,199.000,161.500,-37.500,-0.096,-10.323,,3.000,False,False,False,,,False
gare,91458,Nozay,commune,,4471,ign_chef_lieu,2.243,48.660,20.250,23.277,87.000,92.000,96.000,9.000,,,13.206,200.000,305.500,105.500,0.271,17.812,,3.000,False,False,False,,,False
gare,95426,Montlignon,commune,,3038,ign_chef_lieu,2.285,49.009,20.283,17.653,83.000,87.000,93.000,10.000,,,13.988,201.000,275.500,74.500,0.192,11.307,,3.000,False,False,False,,,False
gare,93053,Noisy-le-Sec,commune,,45510,ign_chef_lieu,2.452,48.890,20.296,8.191,54.000,58.000,62.000,8.000,,,20.996,202.000,86.500,-115.500,-0.297,-25.821,,1.000,False,False,False,,,False
gare,91411,Les Molières,commune,,1975,ign_chef_lieu,2.070,48.673,20.300,29.129,,,,,,,,,,,,,,,False,False,False,,,False
gare,95014,Andilly,commune,,2742,ign_chef_lieu,2.301,49.005,20.375,17.002,77.000,81.000,85.000,8.000,,,15.093,203.000,236.500,33.500,0.086,3.374,,3.000,False,False,False,,,False
gare,93008,Bobigny,commune,,56927,ign_chef_lieu,2.445,48.906,20.410,8.759,62.000,65.000,67.000,5.000,,,18.840,204.000,123.500,-80.500,-0.207,-17.125,,2.000,False,False,False,,,False
gare,91093,Boullay-les-Troux,commune,,624,ign_chef_lieu,2.050,48.678,20.446,29.791,,,,,,,,,,,,,,,False,False,False,,,False
gare,93013,Le Bourget,commune,,15925,ign_chef_lieu,2.425,48.935,20.500,10.195,55.000,58.000,60.000,5.000,,,21.207,205.000,86.500,-118.500,-0.305,-26.228,,2.000,False,False,False,,,False
gare,95563,Saint-Leu-la-Forêt,commune,,16138,ign_chef_lieu,2.244,49.019,20.526,19.756,73.000,77.000,82.000,9.000,,,15.994,206.000,204.500,-1.500,-0.004,-2.129,,3.000,False,False,False,,,False
gare,91665,La Ville-du-Bois,commune,,8161,ign_chef_lieu,2.269,48.661,20.617,22.572,100.000,107.000,114.000,14.000,,,11.561,207.000,356.000,149.000,0.383,35.672,,4.000,True,False,False,,,False
gare,95488,Pierrelaye,commune,,10130,ign_chef_lieu,2.156,49.023,20.666,23.464,76.000,79.000,83.000,7.000,,,15.695,208.000,221.500,13.500,0.035,0.038,,2.000,False,False,False,,,False
gare,94042,Joinville-le-Pont,commune,,20525,ign_chef_lieu,2.467,48.818,20.704,9.400,54.000,57.000,60.000,6.000,,,21.793,209.000,81.500,-127.500,-0.328,-27.894,,1.000,False,False,False,,,False
gare,94028,Créteil,commune,,93397,ign_chef_lieu,2.453,48.778,20.706,11.442,72.000,75.000,79.000,7.000,,,16.565,210.000,193.500,-16.500,-0.042,-5.130,,3.000,False,False,False,,,False
gare,78624,Triel-sur-Seine,commune,,12206,ign_chef_lieu,2.003,48.981,20.803,29.133,71.000,76.000,81.000,10.000,,,16.424,211.000,198.500,-12.500,-0.032,-4.112,,3.000,False,False,False,,,False
gare,91027,Athis-Mons,commune,,36613,ign_chef_lieu,2.389,48.708,20.825,16.768,80.000,86.000,89.000,9.000,,,14.529,212.000,269.000,57.000,0.147,8.442,,4.000,True,False,False,,,False
gare,78193,Dampierre-en-Yvelines,commune,,1008,ign_chef_lieu,1.986,48.705,20.908,31.766,96.000,104.000,115.000,19.000,,,12.062,213.000,346.000,133.000,0.342,30.853,,2.000,False,False,False,,,False
gare,78162,Choisel,commune,,540,ign_chef_lieu,2.018,48.687,20.942,31.009,,,,,,,,,,,,,,,False,False,False,,,False
gare,91216,Épinay-sur-Orge,commune,,10722,ign_chef_lieu,2.324,48.673,21.017,20.542,79.000,84.000,89.000,10.000,,,15.012,214.000,257.500,43.500,0.112,5.388,,3.000,False,False,False,,,False
gare,78643,Vernouillet,commune,,9699,ign_chef_lieu,1.983,48.973,21.087,29.979,66.000,70.000,74.000,8.000,,,18.074,215.000,161.500,-53.500,-0.138,-12.337,,2.000,False,False,False,,,False
gare,95607,Taverny,commune,,27593,ign_chef_lieu,2.226,49.026,21.091,21.044,78.000,84.000,89.000,11.000,,,15.065,216.000,257.500,41.500,0.107,5.184,,3.000,False,False,False,,,False
gare,78550,Saint-Germain-de-la-Grange,commune,,1847,ign_chef_lieu,1.899,48.834,21.112,33.378,118.000,140.000,163.000,45.000,,,9.048,217.000,386.500,169.500,0.436,75.211,,3.000,False,False,False,,,False
gare,91589,Savigny-sur-Orge,commune,,37601,ign_chef_lieu,2.346,48.680,21.174,19.657,76.000,81.000,85.000,9.000,,,15.684,218.000,236.500,18.500,0.048,1.209,,3.000,False,False,False,,,False
gare,93029,Drancy,commune,,72390,ign_chef_lieu,2.445,48.923,21.185,10.075,62.000,65.000,67.000,5.000,,,19.555,219.000,123.500,-95.500,-0.246,-18.807,,3.000,False,False,False,,,False
gare,94033,Fontenay-sous-Bois,commune,,53757,ign_chef_lieu,2.475,48.849,21.191,9.014,59.000,61.000,64.000,5.000,,,20.843,220.000,105.000,-115.000,-0.296,-23.815,,1.000,False,False,False,,,False
gare,78431,Morainvilliers,commune,,3120,ign_chef_lieu,1.932,48.929,21.194,31.849,83.000,86.000,92.000,9.000,,,14.786,221.000,269.000,48.000,0.123,7.400,,2.000,False,False,False,,,False
gare,95218,Éragny-sur-Oise,commune,,18436,ign_chef_lieu,2.091,49.019,21.296,26.369,65.000,68.000,71.000,6.000,,,18.790,222.000,147.000,-75.000,-0.193,-15.303,,2.000,False,False,False,,,False
gare,78442,Neauphle-le-Château,commune,,3250,ign_chef_lieu,1.899,48.814,21.305,33.643,75.000,79.000,87.000,12.000,,,16.181,223.000,221.500,-1.500,-0.004,-1.624,,3.000,False,False,False,,,False
gare,93030,Dugny,commune,,11700,ign_chef_lieu,2.418,48.955,21.363,12.001,70.000,73.000,75.000,5.000,,,17.559,224.000,182.500,-41.500,-0.107,-9.233,,3.000,False,False,False,,,False
gare,91326,Juvisy-sur-Orge,commune,,19292,ign_chef_lieu,2.372,48.691,21.366,18.487,71.000,75.000,79.000,8.000,,,17.093,225.000,193.500,-31.500,-0.081,-6.753,,3.000,False,False,False,,,False
gare,78010,Les Alluets-le-Roi,commune,,1390,ign_chef_lieu,1.919,48.914,21.368,32.452,,,,,,,,,,,,,,,False,False,False,,,False
gare,78321,Jouars-Pontchartrain,commune,,6039,ign_chef_lieu,1.901,48.802,21.371,33.713,75.000,80.000,86.000,11.000,,,16.028,226.000,230.000,4.000,0.010,-0.549,,3.000,False,False,False,,,False
gare,91319,Janvry,commune,,654,ign_chef_lieu,2.156,48.647,21.413,27.402,,,,,,,,,,,,,,,False,False,False,,,False
gare,94001,Ablon-sur-Seine,commune,,5988,ign_chef_lieu,2.422,48.725,21.427,15.492,73.000,77.000,81.000,8.000,,,16.696,227.000,204.500,-22.500,-0.058,-4.416,,3.000,False,False,False,,,False
gare,95450,Neuville-sur-Oise,commune,,2058,ign_chef_lieu,2.063,49.014,21.506,27.508,62.000,64.000,67.000,5.000,,,20.162,228.000,117.500,-110.500,-0.284,-20.715,,3.000,False,False,False,,,False
gare,95268,Garges-lès-Gonesse,commune,,41791,ign_chef_lieu,2.401,48.972,21.595,13.303,69.000,71.000,75.000,6.000,,,18.249,229.000,168.500,-60.500,-0.156,-12.242,,3.000,False,False,False,,,False
gare,95539,Saint-Brice-sous-Forêt,commune,,15063,ign_chef_lieu,2.357,48.998,21.681,15.706,64.000,68.000,75.000,11.000,,,19.130,230.000,147.000,-83.000,-0.213,-16.135,,3.000,False,False,False,,,False
gare,78683,Villiers-Saint-Frédéric,commune,,3395,ign_chef_lieu,1.891,48.820,21.772,34.096,81.000,88.000,95.000,14.000,,,14.845,231.000,281.000,50.000,0.129,8.281,,3.000,False,False,False,,,False
gare,91685,Villiers-sur-Orge,commune,,4545,ign_chef_lieu,2.300,48.657,21.785,22.458,87.000,93.000,99.000,12.000,,,14.055,232.000,309.000,77.000,0.198,14.395,,3.000,False,False,False,,,False
gare,78334,Lévis-Saint-Nom,commune,,1603,ign_chef_lieu,1.949,48.721,21.796,33.260,,,,,,,,,,,,,,,False,False,False,,,False
gare,91363,Marcoussis,commune,,8618,ign_chef_lieu,2.231,48.643,21.985,25.376,95.000,100.000,104.000,9.000,,,13.191,233.000,331.500,98.500,0.253,22.391,,4.000,True,False,False,,,False
gare,78642,Verneuil-sur-Seine,commune,,16280,ign_chef_lieu,1.975,48.979,22.008,30.817,66.000,72.000,76.000,10.000,,,18.340,234.000,174.500,-59.500,-0.153,-11.929,,2.000,False,False,False,,,False
gare,78168,Coignières,commune,,4321,ign_chef_lieu,1.918,48.748,22.173,34.145,74.000,78.000,87.000,13.000,,,17.056,235.000,213.000,-22.000,-0.057,-4.983,,2.000,False,False,False,,,False
gare,95323,Jouy-le-Moutier,commune,,17854,ign_chef_lieu,2.047,49.016,22.202,28.527,68.000,72.000,76.000,8.000,,,18.501,236.000,174.500,-61.500,-0.158,-12.354,,3.000,False,False,False,,,False
gare,91667,Villemoisson-sur-Orge,commune,,7332,ign_chef_lieu,2.330,48.662,22.272,21.694,84.000,89.000,93.000,9.000,,,15.015,237.000,288.500,51.500,0.132,8.151,,3.000,False,False,False,,,False
gare,94068,Saint-Maur-des-Fossés,commune,,76572,ign_chef_lieu,2.485,48.803,22.294,11.426,59.000,61.000,64.000,5.000,,,21.928,238.000,105.000,-133.000,-0.342,-25.913,,1.000,False,False,False,,,False
gare,94052,Nogent-sur-Marne,commune,,32455,ign_chef_lieu,2.492,48.839,22.388,10.381,63.000,66.000,69.000,6.000,,,20.353,239.000,130.500,-108.500,-0.279,-20.027,,2.000,False,False,False,,,False
gare,95060,Bessancourt,commune,,8869,ign_chef_lieu,2.217,49.039,22.389,22.566,84.000,91.000,97.000,13.000,,,14.762,240.000,299.500,59.500,0.153,10.264,,3.000,False,False,False,,,False
gare,93064,Rosny-sous-Bois,commune,,47180,ign_chef_lieu,2.488,48.872,22.442,10.098,56.000,58.000,61.000,5.000,,,23.215,241.000,86.500,-154.500,-0.397,-29.813,,2.000,False,False,False,,8.000,False
gare,95489,Piscop,commune,,768,ign_chef_lieu,2.343,49.012,22.477,17.337,88.000,95.000,106.000,18.000,,,14.196,242.000,313.500,71.500,0.184,14.863,,3.000,False,False,False,,,False
gare,95585,Sarcelles,commune,,59173,ign_chef_lieu,2.378,48.997,22.596,15.801,67.000,71.000,76.000,9.000,,,19.095,243.000,168.500,-74.500,-0.192,-14.404,,2.000,False,False,False,,,False
gare,78590,Senlisse,commune,,511,ign_chef_lieu,1.982,48.687,22.601,33.144,,,,,,,,,,,,,,,False,False,False,,,False
gare,94078,Villeneuve-Saint-Georges,commune,,36221,ign_chef_lieu,2.448,48.731,22.609,15.622,83.000,86.000,88.000,5.000,,,15.774,244.000,269.000,25.000,0.064,3.645,,3.000,False,False,False,,,False
gare,93010,Bondy,commune,,50595,ign_chef_lieu,2.481,48.902,22.751,10.718,63.000,67.000,70.000,7.000,,,20.374,245.000,138.500,-106.500,-0.274,-19.531,,1.000,False,False,False,,,False
gare,78206,Ecquevilly,commune,,4279,ign_chef_lieu,1.924,48.949,22.841,33.050,74.000,78.000,88.000,14.000,,,17.570,246.000,213.000,-33.000,-0.085,-6.522,,2.000,False,False,False,,,False
gare,91434,Morsang-sur-Orge,commune,,21667,ign_chef_lieu,2.346,48.662,22.861,21.631,86.000,91.000,98.000,12.000,,,15.073,247.000,299.500,52.500,0.135,9.006,,4.000,True,False,False,,,False
gare,91338,Limours,commune,,6517,ign_chef_lieu,2.077,48.646,22.870,30.955,111.000,122.000,140.000,29.000,,,11.247,248.000,380.500,132.500,0.341,46.107,,4.000,True,False,False,,,False
gare,91657,Vigneux-sur-Seine,commune,,31466,ign_chef_lieu,2.417,48.700,22.874,18.008,71.000,75.000,81.000,10.000,,,18.299,249.000,193.500,-55.500,-0.143,-10.188,,3.000,False,False,False,,,False
gare,78062,Beynes,commune,,7704,ign_chef_lieu,1.876,48.856,22.888,34.976,84.000,101.000,117.000,33.000,,,13.597,250.000,335.500,85.500,0.220,20.904,,3.000,False,False,False,,,False
gare,91347,Longpont-sur-Orge,commune,,6482,ign_chef_lieu,2.293,48.642,23.142,24.185,95.000,99.000,103.000,8.000,,,14.025,251.000,325.500,74.500,0.192,17.793,,3.000,False,False,False,,,False
gare,91687,Viry-Châtillon,commune,,30838,ign_chef_lieu,2.375,48.671,23.172,20.644,77.000,81.000,85.000,8.000,,,17.165,252.000,236.500,-15.500,-0.040,-3.693,,4.000,True,False,False,,,False
gare,93007,Le Blanc-Mesnil,commune,,62376,ign_chef_lieu,2.464,48.939,23.192,12.266,62.000,64.000,67.000,5.000,,,21.742,253.000,117.500,-135.500,-0.348,-23.941,,3.000,False,False,False,,,False
gare,94011,Bonneuil-sur-Marne,commune,,18270,ign_chef_lieu,2.487,48.774,23.225,13.474,74.000,77.000,81.000,7.000,,,18.097,254.000,204.500,-49.500,-0.127,-8.564,,2.000,False,False,False,,,False
gare,78305,Herbeville,commune,,228,ign_chef_lieu,1.887,48.906,23.234,34.591,,,,,,,,,,,,,,,False,False,False,,,False
gare,91425,Montlhéry,commune,,9772,ign_chef_lieu,2.270,48.637,23.248,25.168,95.000,105.000,111.000,16.000,,,13.285,255.000,351.000,96.000,0.247,24.618,,4.000,True,False,False,,,False
gare,94074,Valenton,commune,,14406,ign_chef_lieu,2.470,48.744,23.284,15.148,75.000,79.000,82.000,7.000,,,17.684,256.000,221.500,-34.500,-0.089,-6.319,,3.000,False,False,False,,,False
gare,95199,Domont,commune,,16065,ign_chef_lieu,2.327,49.027,23.392,19.106,70.000,74.000,81.000,11.000,,,18.966,257.000,188.500,-68.500,-0.176,-12.472,,3.000,False,False,False,,,False
gare,78140,Chapet,commune,,1331,ign_chef_lieu,1.934,48.967,23.419,33.062,79.000,83.000,92.000,13.000,,,16.929,258.000,250.000,-8.000,-0.021,-1.889,,2.000,False,False,False,,,False
gare,93049,Neuilly-Plaisance,commune,,21941,ign_chef_lieu,2.506,48.861,23.605,11.301,63.000,65.000,68.000,5.000,,,21.789,259.000,123.500,-135.500,-0.348,-23.499,,2.000,False,False,False,,,False
gare,91482,Pecqueuse,commune,,580,ign_chef_lieu,2.049,48.647,23.605,32.295,133.000,144.000,162.000,29.000,,,9.835,260.000,388.000,128.000,0.329,69.477,,4.000,True,False,False,,,False
gare,94058,Le Perreux-sur-Marne,commune,,35260,ign_chef_lieu,2.508,48.841,23.610,11.557,68.000,70.000,73.000,5.000,,,20.238,261.000,161.500,-99.500,-0.256,-17.626,,2.000,False,False,False,,,False
gare,95088,Bonneuil-en-France,commune,,1185,ign_chef_lieu,2.433,48.976,23.642,14.514,80.000,86.000,90.000,10.000,,,16.494,262.000,269.000,7.000,0.018,1.129,,4.000,True,False,False,,,False
gare,91201,Draveil,commune,,30098,ign_chef_lieu,2.405,48.682,23.655,19.735,78.000,83.000,88.000,10.000,,,17.100,263.000,250.000,-13.000,-0.033,-2.430,,4.000,True,False,False,,,False
gare,95572,Saint-Ouen-l'Aumône,commune,,25578,ign_chef_lieu,2.106,49.044,23.658,27.613,76.000,79.000,82.000,6.000,,,17.968,264.000,221.500,-42.500,-0.109,-7.137,,3.000,False,False,False,,,False
gare,95256,Frépillon,commune,,3317,ign_chef_lieu,2.206,49.051,23.688,24.152,84.000,88.000,94.000,10.000,,,16.151,265.000,281.000,16.000,0.041,3.369,,3.000,False,False,False,,,False
gare,94044,Limeil-Brévannes,commune,,27406,ign_chef_lieu,2.480,48.749,23.760,15.180,79.000,82.000,85.000,6.000,,,17.385,266.000,242.500,-23.500,-0.060,-3.839,,3.000,False,False,False,,,False
gare,91339,Linas,commune,,7987,ign_chef_lieu,2.267,48.631,23.772,25.816,94.000,99.000,105.000,11.000,,,14.407,267.000,325.500,58.500,0.150,16.065,,4.000,True,False,False,,,False
gare,78623,Le Tremblay-sur-Mauldre,commune,,930,ign_chef_lieu,1.875,48.778,23.827,36.115,90.000,100.000,112.000,22.000,,,14.296,268.000,331.500,63.500,0.163,17.088,,2.000,False,False,False,,,False
gare,78443,Neauphle-le-Vieux,commune,,937,ign_chef_lieu,1.864,48.815,23.849,36.180,76.000,82.000,92.000,16.000,,,17.450,269.000,242.500,-26.500,-0.068,-4.036,,3.000,False,False,False,,,False
gare,95680,Villiers-le-Bel,commune,,30053,ign_chef_lieu,2.388,49.008,23.905,17.006,77.000,81.000,85.000,8.000,,,17.707,270.000,236.500,-33.500,-0.086,-5.329,,4.000,True,False,False,,,False
gare,94017,Champigny-sur-Marne,commune,,78072,ign_chef_lieu,2.511,48.813,23.967,12.570,65.000,68.000,71.000,6.000,,,21.147,271.000,147.000,-124.000,-0.319,-20.637,,1.000,False,False,False,,,False
gare,95019,Arnouville,commune,,15023,ign_chef_lieu,2.421,48.990,24.051,15.646,70.000,73.000,77.000,7.000,,,19.768,272.000,182.500,-89.500,-0.230,-14.965,,3.000,False,False,False,,,False
gare,93077,Villemomble,commune,,29795,ign_chef_lieu,2.508,48.882,24.074,11.751,65.000,69.000,72.000,7.000,,,20.934,273.000,154.500,-118.500,-0.305,-19.666,,1.000,False,False,False,,,False
gare,91191,Crosne,commune,,9610,ign_chef_lieu,2.458,48.716,24.115,17.388,86.000,89.000,93.000,7.000,,,16.258,274.000,288.500,14.500,0.037,3.520,,2.000,False,False,False,,,False
gare,78576,Saint-Rémy-l'Honoré,commune,,1689,ign_chef_lieu,1.882,48.756,24.186,36.330,94.000,104.000,116.000,22.000,,,13.953,275.000,346.000,71.000,0.183,20.773,,2.000,False,False,False,,,False
gare,91111,Briis-sous-Forges,commune,,3342,ign_chef_lieu,2.124,48.625,24.191,30.750,94.000,99.000,105.000,11.000,,,14.661,276.000,325.500,49.500,0.127,14.953,,3.000,False,False,False,,,False
gare,95091,Bouffémont,commune,,6593,ign_chef_lieu,2.299,49.043,24.228,21.132,81.000,,,,,,,,,,,,,,False,False,False,,,False
gare,78128,Cernay-la-Ville,commune,,1516,ign_chef_lieu,1.971,48.673,24.233,34.633,,,,,,,,,,,,,,,False,False,False,,,False
gare,91249,Forges-les-Bains,commune,,4241,ign_chef_lieu,2.100,48.628,24.237,31.461,,,,,,,,,,,,,,,False,False,False,,,False
gare,91549,Sainte-Geneviève-des-Bois,commune,,35438,ign_chef_lieu,2.327,48.641,24.297,24.073,93.000,98.000,105.000,12.000,,,14.875,277.000,320.000,43.000,0.111,13.519,,4.000,True,False,False,,,False
gare,95061,Béthemont-la-Forêt,commune,,435,ign_chef_lieu,2.252,49.053,24.321,23.061,,,,,,,,,,,,,,,False,False,False,,,False
gare,78368,Mareil-sur-Mauldre,commune,,1776,ign_chef_lieu,1.866,48.894,24.355,35.964,94.000,115.000,127.000,33.000,,,12.707,278.000,371.000,93.000,0.239,33.037,,2.000,False,False,False,,,False
gare,95074,Boisemont,commune,,892,ign_chef_lieu,2.002,49.021,24.400,31.543,92.000,95.000,99.000,7.000,,,15.411,279.000,313.500,34.500,0.089,9.786,,3.000,False,False,False,,,False
gare,94015,Bry-sur-Marne,commune,,18503,ign_chef_lieu,2.520,48.835,24.452,12.487,68.000,70.000,74.000,6.000,,,20.959,280.000,161.500,-118.500,-0.305,-19.199,,1.000,False,False,False,,,False
gare,95500,Pontoise,commune,,31970,ign_chef_lieu,2.101,49.051,24.459,28.422,75.000,78.000,82.000,7.000,,,18.815,281.000,213.000,-68.000,-0.175,-9.978,,3.000,False,False,False,,,False
gare,91243,Fontenay-lès-Briis,commune,,2350,ign_chef_lieu,2.156,48.619,24.462,30.068,109.000,,,,,,,,,,,,,,False,False,False,,,False
gare,78415,Montainville,commune,,589,ign_chef_lieu,1.860,48.882,24.476,36.271,,,,,,,,,,,,,,,False,False,False,,,False
gare,95205,Écouen,commune,,7202,ign_chef_lieu,2.379,49.018,24.486,18.124,71.000,75.000,81.000,10.000,,,19.588,282.000,193.500,-88.500,-0.228,-13.493,,3.000,False,False,False,,,False
gare,95637,Vauréal,commune,,16079,ign_chef_lieu,2.021,49.030,24.512,31.004,76.000,78.000,81.000,5.000,,,18.856,283.000,213.000,-70.000,-0.180,-10.086,,2.000,False,False,False,,,False
gare,93057,Les Pavillons-sous-Bois,commune,,25804,ign_chef_lieu,2.507,48.903,24.576,12.448,67.000,71.000,75.000,8.000,,,20.769,284.000,168.500,-115.500,-0.297,-18.273,,2.000,False,False,False,,,False
gare,91570,Saint-Michel-sur-Orge,commune,,21776,ign_chef_lieu,2.303,48.630,24.666,25.414,85.000,90.000,95.000,10.000,,,16.444,285.000,295.000,10.000,0.026,3.389,,3.000,False,False,False,,,False
gare,95151,Chauvry,commune,,297,ign_chef_lieu,2.267,49.054,24.703,22.876,,,,,,,,,,,,,,,False,False,False,,,False
gare,78638,Vaux-sur-Seine,commune,,5202,ign_chef_lieu,1.963,49.006,24.815,33.018,77.000,85.000,101.000,24.000,,,17.517,286.000,263.000,-23.000,-0.059,-2.677,,3.000,False,False,False,,,False
gare,78050,Bazoches-sur-Guyonne,commune,,721,ign_chef_lieu,1.860,48.778,24.898,37.196,92.000,102.000,114.000,22.000,,,14.646,287.000,339.500,52.500,0.135,16.574,,2.000,False,False,False,,,False
gare,91286,Grigny,commune,,26842,ign_chef_lieu,2.385,48.656,24.959,22.380,86.000,89.000,92.000,6.000,,,16.826,288.000,288.500,0.500,0.001,1.579,,3.000,False,False,False,,,False
gare,91421,Montgeron,commune,,24022,ign_chef_lieu,2.460,48.704,25.083,18.725,78.000,81.000,85.000,7.000,,,18.580,289.000,236.500,-52.500,-0.135,-7.803,,2.000,False,False,False,,,False
gare,93062,Le Raincy,commune,,14735,ign_chef_lieu,2.516,48.899,25.085,12.881,63.000,67.000,71.000,8.000,,,22.464,290.000,138.500,-151.500,-0.389,-23.742,,2.000,False,False,False,,,False
gare,95229,Ézanville,commune,,9858,ign_chef_lieu,2.362,49.032,25.087,19.541,68.000,73.000,80.000,12.000,,,20.620,291.000,182.500,-108.500,-0.279,-16.917,,3.000,False,False,False,,,False
gare,95394,Méry-sur-Oise,commune,,9983,ign_chef_lieu,2.185,49.064,25.147,26.196,91.000,98.000,104.000,13.000,,,15.396,292.000,320.000,28.000,0.072,11.390,,3.000,False,False,False,,,False
gare,93050,Neuilly-sur-Marne,commune,,39800,ign_chef_lieu,2.528,48.857,25.182,12.915,62.000,65.000,68.000,6.000,,,23.245,293.000,123.500,-169.500,-0.436,-26.175,,2.000,False,False,False,,5.000,False
gare,78220,Les Essarts-le-Roi,commune,,6831,ign_chef_lieu,1.895,48.718,25.307,37.012,82.000,89.000,105.000,23.000,,,17.061,294.000,288.500,-5.500,-0.014,0.807,,2.000,False,False,False,,,False
gare,93005,Aulnay-sous-Bois,commune,,87599,ign_chef_lieu,2.500,48.934,25.349,13.861,61.000,64.000,66.000,5.000,,,23.765,295.000,117.500,-177.500,-0.456,-27.575,,2.000,False,False,False,,3.000,False
gare,91333,Leuville-sur-Orge,commune,,4271,ign_chef_lieu,2.264,48.616,25.352,27.494,97.000,102.000,108.000,11.000,,,14.913,296.000,339.500,43.500,0.112,15.419,,4.000,True,False,False,,,False
gare,95277,Gonesse,commune,,27707,ign_chef_lieu,2.450,48.986,25.369,16.121,80.000,84.000,88.000,8.000,,,18.121,297.000,257.500,-39.500,-0.102,-4.984,,3.000,False,False,False,,,False
gare,95678,Villiers-Adam,commune,,858,ign_chef_lieu,2.235,49.064,25.392,24.691,92.000,99.000,108.000,16.000,,,15.389,298.000,325.500,27.500,0.071,11.927,,3.000,False,False,False,,,False
gare,78366,Mareil-le-Guyon,commune,,420,ign_chef_lieu,1.847,48.790,25.494,37.830,109.000,119.000,131.000,22.000,,,12.854,299.000,377.000,78.000,0.201,34.241,,2.000,False,False,False,,,False
gare,95388,Menucourt,commune,,6184,ign_chef_lieu,1.984,49.025,25.501,32.872,84.000,89.000,96.000,12.000,,,17.192,300.000,288.500,-11.500,-0.030,0.385,,3.000,False,False,False,,,False
gare,78090,Bouafle,commune,,2234,ign_chef_lieu,1.897,48.966,25.522,35.533,87.000,92.000,97.000,10.000,,,16.644,301.000,305.500,4.500,0.012,3.722,,3.000,False,False,False,,,False
gare,78049,Bazemont,commune,,1727,ign_chef_lieu,1.865,48.928,25.583,36.598,,,,,,,,,,,,,,,False,False,False,,,False
gare,78588,Saulx-Marchais,commune,,950,ign_chef_lieu,1.836,48.838,25.699,37.929,96.000,107.000,121.000,25.000,,,14.411,302.000,356.000,54.000,0.139,20.174,,3.000,False,False,False,,,False
gare,95183,Courdimanche,commune,,7311,ign_chef_lieu,2.002,49.035,25.758,32.500,78.000,84.000,90.000,12.000,,,18.398,303.000,257.500,-45.500,-0.117,-5.776,,3.000,False,False,False,,,False
gare,95409,Moisselles,commune,,1261,ign_chef_lieu,2.337,49.048,25.799,21.344,78.000,83.000,90.000,12.000,,,18.650,304.000,250.000,-54.000,-0.139,-6.979,,3.000,False,False,False,,,False
gare,95039,Auvers-sur-Oise,commune,,6863,ign_chef_lieu,2.172,49.070,25.805,27.207,94.000,97.000,101.000,7.000,,,15.962,305.000,317.500,12.500,0.032,8.698,,3.000,False,False,False,,,False
gare,94019,Chennevières-sur-Marne,commune,,18710,ign_chef_lieu,2.533,48.796,25.840,14.818,71.000,75.000,82.000,11.000,,,20.672,306.000,193.500,-112.500,-0.289,-16.018,,2.000,False,False,False,,,False
gare,94071,Sucy-en-Brie,commune,,27764,ign_chef_lieu,2.524,48.771,25.903,15.789,73.000,76.000,79.000,6.000,,,20.450,307.000,198.500,-108.500,-0.279,-15.014,,2.000,False,False,False,,,False
gare,91691,Yerres,commune,,27906,ign_chef_lieu,2.488,48.717,25.943,18.417,88.000,91.000,97.000,9.000,,,17.105,308.000,299.500,-8.500,-0.022,1.674,,3.000,False,False,False,,,False
gare,78653,Vicq,commune,,389,ign_chef_lieu,1.835,48.815,25.967,38.292,89.000,97.000,104.000,15.000,,,16.062,309.000,317.500,8.500,0.022,8.323,,3.000,False,False,False,,,False
gare,94004,Boissy-Saint-Léger,commune,,17325,ign_chef_lieu,2.513,48.748,26.011,16.866,76.000,79.000,82.000,6.000,,,19.755,310.000,221.500,-88.500,-0.228,-11.860,,1.000,False,False,False,,,False
gare,78380,Maule,commune,,6083,ign_chef_lieu,1.848,48.909,26.032,37.443,101.000,122.000,133.000,32.000,,,12.803,311.000,380.500,69.500,0.179,36.054,,2.000,False,False,False,,,False
gare,94079,Villiers-sur-Marne,commune,,33162,ign_chef_lieu,2.541,48.826,26.045,14.228,64.000,67.000,70.000,6.000,,,23.324,312.000,138.500,-173.500,-0.446,-25.302,,2.000,False,False,False,,4.000,False
gare,93032,Gagny,commune,,42313,ign_chef_lieu,2.537,48.885,26.204,13.876,65.000,68.000,72.000,7.000,,,23.121,313.000,147.000,-166.000,-0.427,-24.441,,2.000,False,False,False,,7.000,False
gare,95127,Cergy,commune,,70906,ign_chef_lieu,2.035,49.053,26.267,31.864,60.000,63.000,66.000,6.000,,,25.016,314.000,113.000,-201.000,-0.517,-30.090,,2.000,False,False,False,,2.000,False
gare,78227,Évecquemont,commune,,754,ign_chef_lieu,1.944,49.014,26.395,34.671,99.000,110.000,121.000,22.000,,,14.398,315.000,362.000,47.000,0.121,21.739,,4.000,True,False,False,,,False
gare,91235,Fleury-Mérogis,commune,,13721,ign_chef_lieu,2.361,48.630,26.481,25.188,93.000,99.000,104.000,11.000,,,16.049,316.000,325.500,9.500,0.024,9.371,,4.000,True,False,False,,,False
gare,95042,Baillet-en-France,commune,,2021,ign_chef_lieu,2.300,49.065,26.578,23.539,88.000,92.000,98.000,10.000,,,17.334,317.000,305.500,-11.500,-0.030,1.431,,2.000,False,False,False,,,False
gare,91521,Ris-Orangis,commune,,31189,ign_chef_lieu,2.416,48.654,26.579,23.016,86.000,91.000,98.000,12.000,,,17.525,318.000,299.500,-18.500,-0.048,0.328,,4.000,True,False,False,,,False
gare,94055,Ormesson-sur-Marne,commune,,10977,ign_chef_lieu,2.540,48.786,26.649,15.889,77.000,80.000,83.000,6.000,,,19.987,319.000,230.000,-89.000,-0.229,-11.927,,2.000,False,False,False,,,False
gare,78440,Les Mureaux,commune,,34632,ign_chef_lieu,1.909,48.993,26.651,35.876,67.000,71.000,76.000,9.000,,,22.522,320.000,168.500,-151.500,-0.389,-21.839,,2.000,False,False,False,,10.000,False
gare,91634,Vaugrigneuse,commune,,1458,ign_chef_lieu,2.121,48.603,26.657,32.966,,,,,,,,,,,,,,,False,False,False,,,False
gare,91103,Brétigny-sur-Orge,commune,,26658,ign_chef_lieu,2.306,48.611,26.724,27.452,84.000,89.000,94.000,10.000,,,18.016,321.000,288.500,-32.500,-0.084,-2.171,,3.000,False,False,False,,,False
gare,95392,Mériel,commune,,5347,ign_chef_lieu,2.205,49.079,26.800,27.012,85.000,90.000,96.000,11.000,,,17.867,322.000,295.000,-27.000,-0.069,-1.226,,4.000,True,False,False,,,False
gare,78030,Auffargis,commune,,1963,ign_chef_lieu,1.887,48.700,26.819,38.336,99.000,109.000,117.000,18.000,,,14.763,323.000,359.500,36.500,0.094,19.580,,3.000,False,False,False,,,False
gare,93051,Noisy-le-Grand,commune,,72978,ign_chef_lieu,2.552,48.850,26.884,14.690,66.000,69.000,72.000,6.000,,,23.377,324.000,154.500,-169.500,-0.436,-24.403,,1.000,False,False,False,,6.000,False
gare,95476,Osny,commune,,17954,ign_chef_lieu,2.062,49.066,26.942,31.598,79.000,82.000,85.000,6.000,,,19.714,325.000,242.500,-82.500,-0.212,-10.267,,3.000,False,False,False,,,False
gare,95028,Attainville,commune,,1904,ign_chef_lieu,2.346,49.057,26.965,22.317,81.000,87.000,96.000,15.000,,,18.597,326.000,275.500,-50.500,-0.130,-4.841,,3.000,False,False,False,,,False
gare,78034,Auteuil,commune,,1020,ign_chef_lieu,1.819,48.841,27.007,39.220,100.000,111.000,126.000,26.000,,,14.598,327.000,364.500,37.500,0.096,21.307,,3.000,False,False,False,,,False
gare,78238,Flins-sur-Seine,commune,,2447,ign_chef_lieu,1.870,48.963,27.018,37.295,106.000,113.000,121.000,15.000,,,14.346,328.000,369.000,41.000,0.105,23.465,,3.000,False,False,False,,,False
gare,78013,Andelu,commune,,550,ign_chef_lieu,1.824,48.879,27.019,38.888,,,,,,,,,,,,,,,False,False,False,,,False
gare,95094,Bouqueval,commune,,314,ign_chef_lieu,2.424,49.024,27.056,19.420,,,,,,,,,,,,,,,False,False,False,,,False
gare,78364,Marcq,commune,,802,ign_chef_lieu,1.819,48.860,27.075,39.145,126.000,137.000,152.000,26.000,,,11.858,329.000,385.000,56.000,0.144,49.513,,3.000,False,False,False,,,False
gare,95211,Ennery,commune,,2243,ign_chef_lieu,2.106,49.076,27.080,30.368,102.000,108.000,117.000,15.000,,,15.044,330.000,358.000,28.000,0.072,17.853,,3.000,False,False,False,,,False
gare,78033,Aulnay-sur-Mauldre,commune,,1180,ign_chef_lieu,1.844,48.929,27.096,38.176,113.000,133.000,145.000,32.000,,,12.224,331.000,384.000,53.000,0.136,45.085,,2.000,False,False,False,,,False
gare,78087,Bonnelles,commune,,2165,ign_chef_lieu,2.028,48.618,27.103,35.639,,,,,,,,,,,,,,,False,False,False,,,False
gare,95510,Puiseux-Pontoise,commune,,603,ign_chef_lieu,2.022,49.057,27.127,32.908,73.000,77.000,80.000,7.000,,,21.138,332.000,204.500,-127.500,-0.328,-16.055,,2.000,False,False,False,,,False
gare,91494,Le Plessis-Pâté,commune,,4154,ign_chef_lieu,2.325,48.612,27.150,27.230,95.000,99.000,103.000,8.000,,,16.454,333.000,325.500,-7.500,-0.019,7.879,,4.000,True,False,False,,,False
gare,78398,Les Mesnuls,commune,,910,ign_chef_lieu,1.837,48.758,27.176,39.400,111.000,121.000,133.000,22.000,,,13.476,334.000,378.500,44.500,0.114,31.782,,2.000,False,False,False,,,False
gare,93046,Livry-Gargan,commune,,47228,ign_chef_lieu,2.536,48.919,27.197,15.193,79.000,83.000,86.000,7.000,,,19.660,335.000,250.000,-85.000,-0.219,-9.643,,2.000,False,False,False,,,False
gare,91115,Bruyères-le-Châtel,commune,,3788,ign_chef_lieu,2.193,48.593,27.242,31.522,120.000,,,,,,,,,,,,,,False,False,False,,,False
gare,95492,Le Plessis-Gassot,commune,,102,ign_chef_lieu,2.412,49.033,27.276,20.173,,,,,,,,,,,,,,,False,False,False,,,False
gare,93071,Sevran,commune,,52535,ign_chef_lieu,2.526,48.940,27.307,15.716,70.000,73.000,75.000,5.000,,,22.444,336.000,182.500,-153.500,-0.395,-20.705,,2.000,False,False,False,,9.000,False
gare,95430,Montsoult,commune,,4023,ign_chef_lieu,2.312,49.071,27.409,24.007,76.000,80.000,86.000,10.000,,,20.557,337.000,230.000,-107.000,-0.275,-13.280,,2.000,False,False,False,,,False
gare,91186,Courson-Monteloup,commune,,563,ign_chef_lieu,2.145,48.593,27.456,33.033,,,,,,,,,,,,,,,False,False,False,,,False
gare,78401,Meulan-en-Yvelines,commune,,8950,ign_chef_lieu,1.910,49.005,27.475,36.404,78.000,82.000,86.000,8.000,,,20.104,338.000,242.500,-95.500,-0.246,-11.230,,3.000,False,False,False,,,False
gare,78389,Méré,commune,,1731,ign_chef_lieu,1.820,48.788,27.504,39.841,97.000,107.000,118.000,21.000,,,15.423,339.000,356.000,17.000,0.044,15.767,,2.000,False,False,False,,,False
gare,94053,Noiseau,commune,,4628,ign_chef_lieu,2.549,48.775,27.524,17.032,80.000,84.000,87.000,7.000,,,19.660,340.000,257.500,-82.500,-0.212,-9.154,,2.000,False,False,False,,,False
gare,95120,Butry-sur-Oise,commune,,2252,ign_chef_lieu,2.198,49.086,27.537,27.909,95.000,99.000,104.000,9.000,,,16.689,341.000,325.500,-15.500,-0.040,7.042,,3.000,False,False,False,,,False
gare,93014,Clichy-sous-Bois,commune,,29354,ign_chef_lieu,2.546,48.911,27.568,15.426,81.000,85.000,88.000,7.000,,,19.460,342.000,263.000,-79.000,-0.203,-8.153,,2.000,False,False,False,,,False
gare,91552,Saint-Germain-lès-Arpajon,commune,,11623,ign_chef_lieu,2.256,48.595,27.579,29.966,95.000,101.000,106.000,11.000,,,16.383,343.000,335.500,-7.500,-0.019,9.113,,4.000,True,False,False,,,False
gare,91461,Ollainville,commune,,5455,ign_chef_lieu,2.217,48.591,27.589,31.145,110.000,118.000,126.000,16.000,,,14.028,344.000,376.000,32.000,0.082,27.452,,3.000,False,False,False,,,False
gare,95612,Le Thillay,commune,,4560,ign_chef_lieu,2.470,49.002,27.590,18.314,88.000,92.000,95.000,7.000,,,17.993,345.000,305.500,-39.500,-0.102,-0.633,,4.000,True,False,False,,,False
gare,78029,Aubergenville,commune,,12723,ign_chef_lieu,1.856,48.959,27.714,38.154,95.000,101.000,107.000,12.000,,,16.464,346.000,335.500,-10.500,-0.027,8.820,,2.000,False,False,False,,,False
gare,78120,Bullion,commune,,1916,ign_chef_lieu,1.999,48.621,27.824,36.885,,,,,,,,,,,,,,,False,False,False,,,False
gare,78125,La Celle-les-Bordes,commune,,840,ign_chef_lieu,1.955,48.640,27.867,37.866,,,,,,,,,,,,,,,False,False,False,,,False
gare,95353,Maffliers,commune,,1856,ign_chef_lieu,2.308,49.076,27.911,24.650,83.000,89.000,95.000,12.000,,,18.817,347.000,288.500,-58.500,-0.150,-4.484,,2.000,False,False,False,,,False
gare,91021,Arpajon,commune,,11698,ign_chef_lieu,2.248,48.590,27.964,30.594,101.000,105.000,109.000,8.000,,,15.980,348.000,351.000,3.000,0.008,12.570,,4.000,True,False,False,,,False
gare,91114,Brunoy,commune,,25643,ign_chef_lieu,2.504,48.698,28.107,20.863,79.000,82.000,86.000,7.000,,,20.566,349.000,242.500,-106.500,-0.274,-12.333,,2.000,False,False,False,,,False
gare,78036,Autouillet,commune,,665,ign_chef_lieu,1.804,48.850,28.136,40.287,104.000,115.000,130.000,26.000,,,14.680,350.000,371.000,21.000,0.054,22.876,,3.000,False,False,False,,,False
gare,95395,Le Mesnil-Aubry,commune,,914,ign_chef_lieu,2.400,49.051,28.326,21.898,,,,,,,,,,,,,,,False,False,False,,,False
gare,78451,Nézel,commune,,1139,ign_chef_lieu,1.836,48.946,28.363,39.171,108.000,123.000,134.000,26.000,,,13.835,351.000,382.000,31.000,0.080,30.845,,3.000,False,False,False,,,False
gare,95633,Vaudherland,commune,,104,ign_chef_lieu,2.487,49.001,28.473,18.838,100.000,103.000,106.000,6.000,,,16.586,352.000,342.500,-9.500,-0.024,9.336,,4.000,True,False,False,,,False
gare,78609,Tessancourt-sur-Aubette,commune,,966,ign_chef_lieu,1.919,49.024,28.474,36.817,100.000,105.000,113.000,13.000,,,16.271,353.000,351.000,-2.000,-0.005,11.456,,3.000,False,False,False,,,False
gare,93033,Gournay-sur-Marne,commune,,7320,ign_chef_lieu,2.573,48.865,28.497,16.191,80.000,83.000,86.000,6.000,,,20.601,354.000,250.000,-104.000,-0.267,-11.936,,2.000,False,False,False,,,False
gare,91457,La Norville,commune,,4268,ign_chef_lieu,2.259,48.587,28.498,30.770,100.000,104.000,109.000,9.000,,,16.441,355.000,346.000,-9.000,-0.023,10.343,,4.000,True,False,False,,,False
gare,78299,Hardricourt,commune,,2599,ign_chef_lieu,1.894,49.008,28.528,37.562,82.000,87.000,92.000,10.000,,,19.675,356.000,275.500,-80.500,-0.207,-7.747,,3.000,False,False,False,,,False
gare,78420,Montfort-l'Amaury,commune,,2779,ign_chef_lieu,1.809,48.778,28.542,40.864,102.000,109.000,127.000,25.000,,,15.711,357.000,359.500,2.500,0.006,15.551,,3.000,False,False,False,,,False
gare,94059,Le Plessis-Trévise,commune,,21112,ign_chef_lieu,2.573,48.809,28.553,17.014,75.000,79.000,83.000,8.000,,,21.686,358.000,221.500,-136.500,-0.351,-16.270,,3.000,False,False,False,,,False
gare,78230,La Falaise,commune,,609,ign_chef_lieu,1.832,48.945,28.581,39.417,112.000,132.000,144.000,32.000,,,12.991,359.000,383.000,24.000,0.062,39.827,,2.000,False,False,False,,,False
gare,94075,Villecresnes,commune,,11647,ign_chef_lieu,2.533,48.722,28.582,20.000,85.000,88.000,92.000,7.000,,,19.488,360.000,281.000,-79.000,-0.203,-6.784,,2.000,False,False,False,,,False
gare,78084,Boissy-sans-Avoir,commune,,616,ign_chef_lieu,1.798,48.819,28.637,40.944,105.000,112.000,119.000,14.000,,,15.341,361.000,367.000,6.000,0.015,18.514,,3.000,False,False,False,,,False
gare,95628,Valmondois,commune,,1208,ign_chef_lieu,2.190,49.096,28.692,29.206,100.000,104.000,110.000,10.000,,,16.553,362.000,346.000,-16.000,-0.041,9.931,,3.000,False,False,False,,,False
gare,95445,Nerville-la-Forêt,commune,,756,ign_chef_lieu,2.277,49.089,28.693,26.490,97.000,116.000,130.000,33.000,,,14.841,363.000,373.500,10.500,0.027,22.614,,4.000,True,False,False,,,False
gare,78403,Mézy-sur-Seine,commune,,2242,ign_chef_lieu,1.881,49.000,28.695,38.054,94.000,98.000,104.000,10.000,,,17.569,364.000,320.000,-44.000,-0.113,3.584,,4.000,True,False,False,,,False
gare,95170,Condécourt,commune,,564,ign_chef_lieu,1.941,49.040,28.728,36.382,97.000,100.000,107.000,10.000,,,17.237,365.000,331.500,-33.500,-0.086,5.632,,3.000,False,False,False,,,False
gare,91086,Bondoufle,commune,,10767,ign_chef_lieu,2.380,48.613,28.801,27.114,104.000,110.000,117.000,13.000,,,15.709,366.000,362.000,-4.000,-0.010,16.033,,3.000,False,False,False,,,False
gare,78616,Thoiry,commune,,1434,ign_chef_lieu,1.795,48.865,28.857,40.886,106.000,116.000,131.000,25.000,,,14.926,367.000,373.500,6.500,0.017,22.231,,3.000,False,False,False,,,False
gare,91207,Égly,commune,,7166,ign_chef_lieu,2.222,48.580,28.863,32.222,98.000,106.000,114.000,16.000,,,16.337,368.000,354.000,-14.000,-0.036,11.681,,3.000,False,False,False,,,False
gare,91017,Angervilliers,commune,,1772,ign_chef_lieu,2.065,48.592,28.880,36.281,,,,,,,,,,,,,,,False,False,False,,,False
gare,91215,Épinay-sous-Sénart,commune,,11611,ign_chef_lieu,2.515,48.695,28.928,21.565,89.000,92.000,96.000,7.000,,,18.866,369.000,305.500,-63.500,-0.163,-3.190,,2.000,False,False,False,,,False
gare,95078,Boissy-l'Aillerie,commune,,2120,ign_chef_lieu,2.029,49.077,28.934,34.103,91.000,102.000,109.000,18.000,,,17.020,370.000,339.500,-30.500,-0.078,7.320,,4.000,True,False,False,,,False
gare,91568,Saint-Maurice-Montcouronne,commune,,1543,ign_chef_lieu,2.124,48.581,28.951,34.900,,,,,,,,,,,,,,,False,False,False,,,False
gare,91600,Soisy-sur-Seine,commune,,7418,ign_chef_lieu,2.452,48.646,28.984,24.527,100.000,105.000,111.000,11.000,,,16.562,371.000,351.000,-20.000,-0.051,10.373,,4.000,True,False,False,,,False
gare,94060,La Queue-en-Brie,commune,,12241,ign_chef_lieu,2.575,48.791,29.002,17.886,80.000,83.000,87.000,7.000,,,20.966,372.000,250.000,-122.000,-0.314,-12.784,,2.000,False,False,False,,,False
gare,93047,Montfermeil,commune,,28703,ign_chef_lieu,2.571,48.902,29.067,16.801,79.000,83.000,87.000,8.000,,,21.013,373.000,250.000,-123.000,-0.316,-12.891,,2.000,False,False,False,,,False
gare,78262,Galluis,commune,,1298,ign_chef_lieu,1.796,48.796,29.068,41.412,78.000,86.000,93.000,15.000,,,20.280,374.000,269.000,-105.000,-0.270,-9.743,,3.000,False,False,False,,,False
gare,93078,Villepinte,commune,,41470,ign_chef_lieu,2.535,48.964,29.090,17.917,76.000,80.000,84.000,8.000,,,21.817,375.000,230.000,-145.000,-0.373,-16.075,,3.000,False,False,False,,,False
gare,95271,Génicourt,commune,,514,ign_chef_lieu,2.066,49.088,29.096,33.190,101.000,105.000,109.000,8.000,,,16.626,376.000,351.000,-25.000,-0.064,10.138,,3.000,False,False,False,,,False
gare,95535,Sagy,commune,,1096,ign_chef_lieu,1.952,49.050,29.131,36.391,,,,,,,,,,,,,,,False,False,False,,,False
gare,94048,Marolles-en-Brie,commune,,4781,ign_chef_lieu,2.550,48.733,29.180,20.000,97.000,100.000,104.000,7.000,,,17.508,377.000,331.500,-45.500,-0.117,4.727,,2.000,False,False,False,,,False
gare,78486,Le Perray-en-Yvelines,commune,,6480,ign_chef_lieu,1.855,48.695,29.180,40.787,80.000,90.000,100.000,20.000,,,19.454,378.000,295.000,-83.000,-0.213,-5.746,,2.000,False,False,False,,,False
gare,95660,Villaines-sous-Bois,commune,,778,ign_chef_lieu,2.357,49.077,29.329,24.532,82.000,96.000,112.000,30.000,,,18.330,379.000,316.000,-63.000,-0.162,0.257,,2.000,False,False,False,,,False
gare,95341,Livilliers,commune,,389,ign_chef_lieu,2.095,49.095,29.349,32.576,107.000,115.000,122.000,15.000,,,15.312,380.000,371.000,-9.000,-0.023,20.055,,3.000,False,False,False,,,False
gare,95308,Hérouville-en-Vexin,commune,,584,ign_chef_lieu,2.131,49.101,29.504,31.683,113.000,121.000,128.000,15.000,,,14.630,381.000,378.500,-2.500,-0.006,25.951,,3.000,False,False,False,,,False
gare,78655,Vieille-Église-en-Yvelines,commune,,652,ign_chef_lieu,1.875,48.670,29.549,40.732,,,,,,,,,,,,,,,False,False,False,,,False
gare,95181,Courcelles-sur-Viosne,commune,,310,ign_chef_lieu,2.003,49.077,29.761,35.449,,,,,,,,,,,,,,,False,False,False,,,False
gare,93074,Vaujours,commune,,8007,ign_chef_lieu,2.567,48.932,29.807,17.861,84.000,88.000,92.000,8.000,,,20.323,382.000,281.000,-101.000,-0.260,-8.912,,3.000,False,False,False,,,False
gare,78261,Gaillon-sur-Montcient,commune,,689,ign_chef_lieu,1.892,49.024,29.875,38.550,103.000,110.000,118.000,15.000,,,16.295,383.000,362.000,-21.000,-0.054,13.718,,3.000,False,False,False,,,False
gare,93015,Coubron,commune,,5175,ign_chef_lieu,2.577,48.916,29.898,17.733,88.000,91.000,94.000,6.000,,,19.713,384.000,299.500,-84.500,-0.217,-5.965,,2.000,False,False,False,,,False
gare,77108,Chelles,commune,,54620,ign_chef_lieu,2.590,48.878,29.935,17.593,68.000,72.000,76.000,8.000,,,24.946,385.000,174.500,-210.500,-0.541,-25.649,,2.000,False,False,False,,1.000,False
gare,95422,Montgeroult,commune,,361,ign_chef_lieu,2.007,49.081,29.980,35.515,106.000,117.000,126.000,20.000,,,15.374,386.000,375.000,-11.000,-0.028,20.720,,4.000,True,False,False,,,False
gare,95682,Villiers-le-Sec,commune,,205,ign_chef_lieu,2.390,49.072,30.002,24.189,118.000,140.000,163.000,45.000,,,12.858,387.000,386.500,-0.500,-0.001,44.393,,3.000,False,False,False,,,False
gare,95280,Goussainville,commune,,31301,ign_chef_lieu,2.473,49.032,30.112,21.474,78.000,85.000,91.000,13.000,,,21.255,388.000,263.000,-125.000,-0.321,-12.509,,3.000,False,False,False,,,False
gare,95313,L'Isle-Adam,commune,,12493,ign_chef_lieu,2.218,49.112,30.557,30.126,96.000,102.000,109.000,13.000,,,17.975,389.000,339.500,-49.500,-0.127,4.144,,4.000,True,False,False,,,False
