origin_id,unit_id,name,level,parent_id,population,point_source,lon,lat,dist_km,dist_km_core,travel_time_p25,t_tc,travel_time_p75,t_tc_spread,walk_time,car_time,v_eff_kmh,rank_dist,rank_time,paradox_index,paradox_norm,time_excess_pct,ratio_tc_car,transfers,transfers_censored,walk_only,dead_zone,top_nah_fern,top_fern_nah,is_origin_commune
centre,92033,Garches,commune,,17743,ign_chef_lieu,2.188,48.844,0.000,12.175,0.000,0.000,0.000,0.000,0.000,0.000,,,,,,,,0.000,False,True,False,,,True
centre,92047,Marnes-la-Coquette,commune,,1752,ign_chef_lieu,2.178,48.830,1.666,13.169,24.000,26.000,26.000,2.000,26.000,6.340,3.845,1.000,2.000,1.000,0.003,-5.900,4.101,0.000,False,True,False,,,False
centre,92077,Ville-d'Avray,commune,,11089,ign_chef_lieu,2.190,48.828,1.690,12.361,35.000,37.000,42.000,7.000,35.000,7.352,2.741,2.000,6.000,4.000,0.012,32.917,5.033,0.000,False,True,False,,,False
centre,92076,Vaucresson,commune,,8432,ign_chef_lieu,2.158,48.839,2.233,14.401,23.000,26.000,30.000,7.000,34.000,4.690,5.154,3.000,2.000,-1.000,-0.003,-19.085,5.544,0.000,False,False,False,,,False
centre,92064,Saint-Cloud,commune,,29855,ign_chef_lieu,2.219,48.844,2.301,9.890,23.000,26.000,31.000,8.000,34.000,6.492,5.311,4.000,2.000,-2.000,-0.006,-20.322,4.005,0.000,False,False,False,,,False
centre,92072,Sèvres,commune,,22303,ign_chef_lieu,2.213,48.825,2.777,10.853,41.000,45.000,48.000,7.000,49.000,10.847,3.703,5.000,12.500,7.500,0.022,25.176,4.149,1.000,False,False,False,,,False
centre,92022,Chaville,commune,,20594,ign_chef_lieu,2.188,48.810,3.734,13.115,38.000,45.000,54.000,16.000,68.000,14.970,4.978,6.000,12.500,6.500,0.019,7.483,3.006,1.000,False,False,False,,,False
centre,78126,La Celle-Saint-Cloud,commune,,20460,ign_chef_lieu,2.136,48.848,3.820,15.897,31.000,35.000,40.000,9.000,57.000,9.535,6.548,7.000,4.500,-2.500,-0.007,-17.380,3.671,0.000,False,False,False,,,False
centre,92063,Rueil-Malmaison,commune,,82874,ign_chef_lieu,2.181,48.878,3.857,12.835,41.000,44.000,47.000,6.000,64.000,10.962,5.259,8.000,11.000,3.000,0.009,3.351,4.014,0.000,False,False,False,,,False
centre,92012,Boulogne-Billancourt,commune,,119019,ign_chef_lieu,2.241,48.836,3.967,8.524,42.000,46.000,50.000,8.000,60.000,9.915,5.174,9.000,14.500,5.500,0.016,6.499,4.639,1.000,False,False,False,,,False
centre,78092,Bougival,commune,,9134,ign_chef_lieu,2.140,48.861,4.006,15.612,38.000,42.000,49.000,11.000,64.000,12.343,5.723,10.000,9.000,-1.000,-0.003,-3.260,3.403,1.000,False,False,False,,,False
centre,92073,Suresnes,commune,,48956,ign_chef_lieu,2.225,48.871,4.112,9.487,30.000,35.000,41.000,11.000,61.000,8.897,7.050,11.000,4.500,-6.500,-0.019,-20.461,3.934,1.000,False,False,False,,,False
centre,78158,Le Chesnay-Rocquencourt,commune,,30689,ign_chef_lieu,2.125,48.826,4.962,17.006,41.000,46.000,54.000,13.000,78.000,9.432,6.472,12.000,14.500,2.500,0.007,-5.097,4.877,1.000,False,False,False,,,False
centre,78686,Viroflay,commune,,17237,ign_chef_lieu,2.173,48.800,4.992,14.594,48.000,55.000,64.000,16.000,82.000,17.177,5.446,13.000,27.000,14.000,0.041,13.116,3.202,1.000,False,False,False,,,False
centre,92048,Meudon,commune,,46334,ign_chef_lieu,2.239,48.813,5.042,9.653,51.000,54.000,59.000,8.000,82.000,15.690,5.602,14.000,23.500,9.500,0.028,10.492,3.442,1.000,False,False,False,,,False
centre,78190,Croissy-sur-Seine,commune,,11013,ign_chef_lieu,2.148,48.881,5.054,15.263,52.000,63.000,69.000,17.000,100.000,16.795,4.814,15.000,48.500,33.500,0.099,28.744,3.751,1.000,False,False,True,,,False
centre,92050,Nanterre,commune,,97783,ign_chef_lieu,2.207,48.892,5.577,11.372,50.000,54.000,58.000,8.000,89.000,15.410,6.196,16.000,23.500,7.500,0.022,4.901,3.504,1.000,False,False,False,,,False
centre,78146,Chatou,commune,,30598,ign_chef_lieu,2.158,48.890,5.612,14.779,56.000,59.000,62.000,6.000,96.000,15.258,5.707,17.000,35.500,18.500,0.055,14.243,3.867,1.000,False,False,False,,,False
centre,92062,Puteaux,commune,,44002,ign_chef_lieu,2.238,48.884,5.828,8.936,34.000,39.000,47.000,13.000,86.000,13.647,8.967,18.000,7.000,-11.000,-0.033,-25.940,2.858,0.000,False,False,False,,,False
centre,78350,Louveciennes,commune,,7990,ign_chef_lieu,2.113,48.862,5.886,17.620,39.000,43.000,48.000,9.000,89.000,11.680,8.213,19.000,10.000,-9.000,-0.027,-18.760,3.682,0.000,False,False,False,,,False
centre,78646,Versailles,commune,,84095,ign_chef_lieu,2.130,48.801,6.330,17.444,55.000,61.000,70.000,15.000,99.000,12.352,6.226,20.000,42.000,22.000,0.065,11.013,4.939,1.000,False,False,True,,,False
centre,92040,Issy-les-Moulineaux,commune,,67669,ign_chef_lieu,2.274,48.825,6.663,6.776,54.000,57.000,62.000,8.000,99.000,16.033,7.013,21.000,32.000,11.000,0.033,1.034,3.555,1.000,False,False,False,,,False
centre,78640,Vélizy-Villacoublay,commune,,23011,ign_chef_lieu,2.191,48.783,6.763,14.434,60.000,67.000,74.000,14.000,113.000,19.100,6.056,22.000,61.000,39.000,0.115,17.851,3.508,2.000,False,False,True,,,False
centre,78502,Le Port-Marly,commune,,5559,ign_chef_lieu,2.112,48.878,6.794,17.836,50.000,54.000,59.000,9.000,108.000,17.037,7.549,23.000,23.500,0.500,0.001,-5.243,3.170,0.000,False,False,False,,,False
centre,78650,Le Vésinet,commune,,15554,ign_chef_lieu,2.135,48.895,6.879,16.525,62.000,65.000,70.000,8.000,,18.282,6.350,24.000,55.500,31.500,0.093,13.334,3.555,1.000,False,False,True,,,False
centre,75116,Paris 16e Arrondissement,district,75056,159386,ign_chef_lieu_arrondissement,2.277,48.864,6.889,5.633,51.000,55.000,62.000,11.000,107.000,16.780,7.515,25.000,27.000,2.000,0.006,-4.172,3.278,2.000,False,False,False,,,False
centre,78124,Carrières-sur-Seine,commune,,14791,ign_chef_lieu,2.176,48.906,7.004,14.048,69.000,77.000,84.000,15.000,,22.765,5.458,26.000,89.000,63.000,0.186,33.018,3.382,2.000,False,False,True,,,False
centre,78372,Marly-le-Roi,commune,,16756,ign_chef_lieu,2.097,48.868,7.199,18.789,37.000,41.000,46.000,9.000,110.000,14.270,10.535,27.000,8.000,-19.000,-0.056,-30.168,2.873,0.000,False,False,False,,,False
centre,92023,Clamart,commune,,58576,ign_chef_lieu,2.263,48.801,7.287,9.044,64.000,69.000,77.000,13.000,117.000,21.622,6.337,28.000,68.500,40.500,0.120,16.788,3.191,3.000,False,False,True,,,False
centre,92051,Neuilly-sur-Seine,commune,,59538,ign_chef_lieu,2.270,48.885,7.566,6.847,45.000,51.000,59.000,14.000,116.000,16.155,8.901,29.000,18.000,-11.000,-0.033,-15.331,3.157,2.000,False,False,False,,,False
centre,92026,Courbevoie,commune,,82902,ign_chef_lieu,2.256,48.895,7.620,8.332,43.000,48.000,56.000,13.000,113.000,15.502,9.524,30.000,17.000,-13.000,-0.038,-20.600,3.096,0.000,False,False,False,,,False
centre,78418,Montesson,commune,,14549,ign_chef_lieu,2.150,48.909,7.757,15.966,71.000,79.000,87.000,16.000,,22.607,5.891,31.000,101.000,70.000,0.207,29.483,3.495,2.000,False,False,True,,,False
centre,92075,Vanves,commune,,28622,ign_chef_lieu,2.289,48.821,7.864,6.048,59.000,63.000,66.000,7.000,116.000,18.437,7.490,32.000,48.500,16.500,0.049,2.528,3.417,1.000,False,False,True,,,False
centre,78043,Bailly,commune,,3731,ign_chef_lieu,2.079,48.840,8.004,20.169,53.000,65.000,73.000,20.000,,12.590,7.388,33.000,55.500,22.500,0.067,4.829,5.163,1.000,False,False,False,,,False
centre,75115,Paris 15e Arrondissement,district,75056,229713,ign_chef_lieu_arrondissement,2.300,48.841,8.268,4.177,57.000,61.000,66.000,9.000,,21.285,8.132,34.000,42.000,8.000,0.024,-3.252,2.866,2.000,False,False,False,,,False
centre,92035,La Garenne-Colombes,commune,,30197,ign_chef_lieu,2.247,48.907,8.269,9.590,47.000,52.000,59.000,12.000,,17.825,9.541,35.000,19.000,-16.000,-0.047,-17.532,2.917,0.000,False,False,False,,,False
centre,78481,Le Pecq,commune,,16059,ign_chef_lieu,2.106,48.897,8.463,18.628,64.000,69.000,75.000,11.000,,19.680,7.360,36.000,68.500,32.500,0.096,8.126,3.506,1.000,False,False,False,,,False
centre,92046,Malakoff,commune,,30557,ign_chef_lieu,2.302,48.821,8.732,5.440,64.000,68.000,71.000,7.000,,19.307,7.704,37.000,64.000,27.000,0.080,4.860,3.522,1.000,False,False,False,,,False
centre,92060,Le Plessis-Robinson,commune,,28848,ign_chef_lieu,2.262,48.782,8.751,10.588,74.000,77.000,81.000,7.000,,20.603,6.819,38.000,89.000,51.000,0.151,18.606,3.737,3.000,False,False,False,,,False
centre,78311,Houilles,commune,,33983,ign_chef_lieu,2.187,48.923,8.857,14.259,47.000,53.000,61.000,14.000,,26.035,10.027,39.000,20.500,-18.500,-0.055,-18.869,2.036,1.000,False,False,False,,,False
centre,78322,Jouy-en-Josas,commune,,7981,ign_chef_lieu,2.169,48.765,8.875,16.922,71.000,78.000,86.000,15.000,,19.678,6.827,40.000,95.500,55.500,0.164,19.275,3.964,2.000,False,False,False,,,False
centre,92020,Châtillon,commune,,36705,ign_chef_lieu,2.290,48.800,8.945,7.810,75.000,79.000,85.000,10.000,,22.637,6.793,41.000,101.000,60.000,0.178,20.322,3.490,2.000,False,False,False,,,False
centre,78117,Buc,commune,,5816,ign_chef_lieu,2.126,48.774,8.957,18.992,80.000,85.000,94.000,14.000,,20.285,6.323,42.000,122.500,80.500,0.238,29.365,4.190,3.000,False,False,False,,,False
centre,78224,L'Étang-la-Ville,commune,,5157,ign_chef_lieu,2.073,48.871,8.991,20.599,43.000,47.000,52.000,9.000,,20.692,11.478,43.000,16.000,-27.000,-0.080,-28.609,2.271,0.000,False,False,False,,,False
centre,78455,Noisy-le-Roi,commune,,7713,ign_chef_lieu,2.064,48.844,9.047,21.184,51.000,60.000,68.000,17.000,,15.310,9.047,44.000,38.500,-5.500,-0.016,-9.150,3.919,1.000,False,False,False,,,False
centre,92044,Levallois-Perret,commune,,68092,ign_chef_lieu,2.288,48.893,9.151,6.243,51.000,56.000,63.000,12.000,,19.363,9.804,45.000,29.500,-15.500,-0.046,-15.703,2.892,1.000,False,False,False,,,False
centre,78367,Mareil-Marly,commune,,4141,ign_chef_lieu,2.077,48.882,9.187,20.408,57.000,63.000,69.000,12.000,,22.832,8.749,46.000,48.500,2.500,0.007,-5.358,2.759,1.000,False,False,False,,,False
centre,78551,Saint-Germain-en-Laye,commune,,45931,ign_chef_lieu,2.094,48.899,9.244,19.555,57.000,60.000,64.000,7.000,,22.088,9.244,47.000,38.500,-8.500,-0.025,-10.154,2.716,1.000,False,False,False,,,False
centre,92032,Fontenay-aux-Roses,commune,,24070,ign_chef_lieu,2.287,48.791,9.299,8.717,83.000,86.000,92.000,9.000,,24.925,6.488,48.000,129.000,81.000,0.240,28.389,3.450,3.000,False,False,False,,,False
centre,78343,Les Loges-en-Josas,commune,,1645,ign_chef_lieu,2.140,48.764,9.475,18.643,77.000,83.000,90.000,13.000,,21.607,6.850,49.000,114.000,65.000,0.192,22.716,3.841,3.000,False,False,False,,,False
centre,95063,Bezons,commune,,36434,ign_chef_lieu,2.216,48.928,9.606,12.772,58.000,63.000,69.000,11.000,,20.948,9.149,50.000,48.500,-1.500,-0.004,-7.510,3.007,1.000,False,False,False,,,False
centre,92009,Bois-Colombes,commune,,28909,ign_chef_lieu,2.268,48.914,9.818,8.946,51.000,56.000,64.000,13.000,,20.505,10.519,51.000,29.500,-21.500,-0.064,-18.705,2.731,0.000,False,False,False,,,False
centre,92007,Bagneux,commune,,44572,ign_chef_lieu,2.304,48.799,9.850,7.267,80.000,84.000,90.000,10.000,,25.098,7.035,52.000,116.500,64.500,0.191,21.741,3.347,4.000,True,False,False,,,False
centre,75107,Paris 7e Arrondissement,district,75056,48015,ign_chef_lieu_arrondissement,2.320,48.857,9.860,2.354,57.000,63.000,71.000,14.000,,26.068,9.390,53.000,48.500,-4.500,-0.013,-8.742,2.417,2.000,False,False,False,,,False
centre,92025,Colombes,commune,,91053,ign_chef_lieu,2.254,48.923,10.052,10.285,58.000,63.000,70.000,12.000,,21.555,9.574,54.000,48.500,-5.500,-0.016,-9.647,2.923,1.000,False,False,False,,,False
centre,78545,Saint-Cyr-l'École,commune,,21268,ign_chef_lieu,2.067,48.800,10.116,21.884,64.000,69.000,74.000,10.000,,16.862,8.797,55.000,68.500,13.500,0.040,-1.364,4.092,2.000,False,False,False,,,False
centre,92049,Montrouge,commune,,46324,ign_chef_lieu,2.320,48.819,10.128,4.797,65.000,69.000,74.000,9.000,,21.012,8.807,56.000,68.500,12.500,0.037,-1.426,3.284,3.000,False,False,False,,,False
centre,91064,Bièvres,commune,,4686,ign_chef_lieu,2.215,48.754,10.136,15.191,94.000,101.000,109.000,15.000,,20.482,6.021,57.000,208.000,151.000,0.447,44.237,4.931,2.000,False,False,False,7.000,,False
centre,75108,Paris 8e Arrondissement,district,75056,35317,ign_chef_lieu_arrondissement,2.318,48.878,10.251,3.475,51.000,57.000,65.000,14.000,,23.205,10.790,58.000,32.000,-26.000,-0.077,-19.072,2.456,0.000,False,False,False,,,False
centre,92071,Sceaux,commune,,20884,ign_chef_lieu,2.288,48.780,10.258,9.750,83.000,86.000,91.000,8.000,,24.737,7.156,59.000,129.000,70.000,0.207,22.062,3.477,3.000,False,False,False,,,False
centre,75114,Paris 14e Arrondissement,district,75056,136455,ign_chef_lieu_arrondissement,2.327,48.833,10.282,3.201,63.000,69.000,77.000,14.000,,24.068,8.941,60.000,68.500,8.500,0.025,-2.185,2.867,2.000,False,False,False,,,False
centre,92004,Asnières-sur-Seine,commune,,93941,ign_chef_lieu,2.289,48.911,10.531,7.635,50.000,55.000,60.000,10.000,,19.130,11.488,61.000,27.000,-34.000,-0.101,-22.988,2.875,1.000,False,False,False,,,False
centre,78396,Le Mesnil-le-Roi,commune,,6332,ign_chef_lieu,2.122,48.928,10.539,18.651,77.000,87.000,,,,25.793,7.268,62.000,135.000,73.000,0.216,21.773,3.373,2.000,False,False,False,,,False
centre,75106,Paris 6e Arrondissement,district,75056,40389,ign_chef_lieu_arrondissement,2.332,48.851,10.638,1.616,60.000,64.000,71.000,11.000,,28.293,9.974,63.000,53.500,-9.500,-0.028,-10.853,2.262,2.000,False,False,False,,,False
centre,78518,Rennemoulin,commune,,116,ign_chef_lieu,2.043,48.832,10.737,22.913,79.000,,,,,16.383,,,,,,,,,False,False,False,,,False
centre,92019,Châtenay-Malabry,commune,,35825,ign_chef_lieu,2.278,48.767,10.742,11.320,88.000,92.000,96.000,8.000,,21.985,7.006,64.000,160.000,96.000,0.284,27.511,4.185,3.000,False,False,False,,,False
centre,92024,Clichy,commune,,64410,ign_chef_lieu,2.305,48.903,10.832,6.232,54.000,59.000,66.000,12.000,,20.282,11.016,65.000,35.500,-29.500,-0.087,-18.579,2.909,1.000,False,False,False,,,False
centre,75117,Paris 17e Arrondissement,district,75056,159212,ign_chef_lieu_arrondissement,2.322,48.885,10.864,3.852,53.000,58.000,66.000,13.000,,24.748,11.239,66.000,34.000,-32.000,-0.095,-20.081,2.344,0.000,False,False,False,,,False
centre,78242,Fontenay-le-Fleury,commune,,13680,ign_chef_lieu,2.046,48.811,11.045,23.086,71.000,78.000,84.000,13.000,,18.693,8.496,67.000,95.500,28.500,0.084,6.571,4.173,2.000,False,False,False,,,False
centre,78586,Sartrouville,commune,,52763,ign_chef_lieu,2.158,48.941,11.064,17.073,51.000,57.000,65.000,14.000,,28.423,11.646,68.000,32.000,-36.000,-0.107,-22.190,2.005,1.000,False,False,False,,,False
centre,75105,Paris 5e Arrondissement,district,75056,55252,ign_chef_lieu_arrondissement,2.344,48.846,11.500,1.300,58.000,64.000,72.000,14.000,,29.603,10.782,69.000,53.500,-15.500,-0.046,-14.360,2.162,2.000,False,False,False,,,False
centre,91312,Igny,commune,,10833,ign_chef_lieu,2.226,48.742,11.618,15.746,104.000,110.000,118.000,14.000,,20.963,6.337,70.000,255.000,185.000,0.547,46.423,5.247,3.000,False,False,False,3.000,,False
centre,94003,Arcueil,commune,,22200,ign_chef_lieu,2.335,48.804,11.648,5.922,72.000,78.000,86.000,14.000,,26.632,8.960,71.000,95.500,24.500,0.072,3.693,2.929,2.000,False,False,False,,,False
centre,75109,Paris 9e Arrondissement,district,75056,57271,ign_chef_lieu_arrondissement,2.341,48.872,11.723,1.965,49.000,54.000,62.000,13.000,,28.158,13.026,72.000,23.500,-48.500,-0.143,-28.451,1.918,2.000,False,False,False,,,False
centre,78297,Guyancourt,commune,,29778,ign_chef_lieu,2.070,48.771,11.827,22.806,96.000,103.000,112.000,16.000,,18.740,6.889,73.000,223.500,150.500,0.445,35.857,5.496,3.000,False,False,False,8.000,,False
centre,78358,Maisons-Laffitte,commune,,23093,ign_chef_lieu,2.145,48.946,11.833,18.204,47.000,53.000,63.000,16.000,,31.487,13.396,74.000,20.500,-53.500,-0.158,-30.112,1.683,1.000,False,False,False,,,False
centre,92014,Bourg-la-Reine,commune,,21019,ign_chef_lieu,2.316,48.779,11.840,9.025,68.000,74.000,82.000,14.000,,25.667,9.600,75.000,80.000,5.000,0.015,-2.451,2.883,2.000,False,False,False,,,False
centre,92036,Gennevilliers,commune,,50979,ign_chef_lieu,2.293,48.925,11.959,8.823,63.000,68.000,74.000,11.000,,21.908,10.552,76.000,64.000,-12.000,-0.036,-10.820,3.104,1.000,False,False,False,,,False
centre,94016,Cachan,commune,,31103,ign_chef_lieu,2.334,48.795,12.047,7.005,79.000,85.000,93.000,14.000,,27.133,8.504,77.000,122.500,45.500,0.135,11.053,3.133,2.000,False,False,False,,,False
centre,78620,Toussus-le-Noble,commune,,1172,ign_chef_lieu,2.114,48.746,12.125,21.378,92.000,99.000,108.000,16.000,,24.867,7.348,78.000,196.500,118.500,0.351,28.917,3.981,3.000,False,False,False,10.000,,False
centre,94037,Gentilly,commune,,19963,ign_chef_lieu,2.348,48.816,12.174,4.547,72.000,78.000,86.000,14.000,,23.648,9.365,79.000,95.500,16.500,0.049,1.359,3.298,2.000,False,False,False,,,False
centre,91635,Vauhallan,commune,,1945,ign_chef_lieu,2.207,48.734,12.250,17.276,114.000,124.000,135.000,21.000,,23.373,5.928,80.000,288.000,208.000,0.615,60.617,5.305,3.000,False,False,False,1.000,,False
centre,91645,Verrières-le-Buisson,commune,,15057,ign_chef_lieu,2.267,48.746,12.292,13.745,92.000,99.000,107.000,15.000,,24.780,7.450,81.000,196.500,115.500,0.342,28.009,3.995,4.000,True,False,False,,,False
centre,78571,Saint-Nom-la-Bretèche,commune,,4965,ign_chef_lieu,2.021,48.860,12.345,24.303,,,,,,18.480,,,,,,,,,False,False,False,,,False
centre,75113,Paris 13e Arrondissement,district,75056,181271,ign_chef_lieu_arrondissement,2.356,48.833,12.378,2.656,65.000,70.000,77.000,12.000,,29.978,10.610,82.000,72.500,-9.500,-0.028,-9.812,2.335,2.000,False,False,False,,,False
centre,78073,Bois-d'Arcy,commune,,16586,ign_chef_lieu,2.031,48.801,12.429,24.381,78.000,84.000,92.000,14.000,,14.977,8.878,83.000,116.500,33.500,0.099,7.998,5.609,2.000,False,False,False,,,False
centre,95018,Argenteuil,commune,,106130,ign_chef_lieu,2.249,48.948,12.434,12.694,71.000,76.000,85.000,14.000,,25.648,9.816,84.000,85.000,1.000,0.003,-2.310,2.963,2.000,False,False,False,,,False
centre,91534,Saclay,commune,,4437,ign_chef_lieu,2.172,48.731,12.566,19.220,108.000,119.000,144.000,36.000,,24.502,6.336,85.000,281.500,196.500,0.581,52.133,4.857,3.000,False,False,False,2.000,,False
centre,75118,Paris 18e Arrondissement,district,75056,183127,ign_chef_lieu_arrondissement,2.344,48.892,12.699,4.011,58.000,62.000,73.000,15.000,,27.548,12.289,86.000,44.000,-42.000,-0.124,-21.165,2.251,3.000,False,False,False,,,False
centre,92002,Antony,commune,,64263,ign_chef_lieu,2.296,48.754,12.752,12.157,74.000,80.000,88.000,14.000,,25.382,9.564,87.000,104.000,17.000,0.050,1.504,3.152,2.000,False,False,False,,,False
centre,75110,Paris 10e Arrondissement,district,75056,83873,ign_chef_lieu_arrondissement,2.358,48.872,12.865,1.758,55.000,60.000,69.000,14.000,,32.170,12.865,88.000,38.500,-49.500,-0.146,-24.219,1.865,2.000,False,False,False,,,False
centre,78133,Chambourcy,commune,,5847,ign_chef_lieu,2.040,48.906,12.885,23.586,75.000,82.000,105.000,30.000,,21.605,9.428,89.000,110.000,21.000,0.062,3.487,3.795,1.000,False,False,False,,,False
centre,94043,Le Kremlin-Bicêtre,commune,,24110,ign_chef_lieu,2.357,48.812,12.894,4.911,72.000,77.000,84.000,12.000,,24.892,10.047,90.000,89.000,-1.000,-0.003,-2.859,3.093,2.000,False,False,False,,,False
centre,75100,Paris Centre,district,75056,94472,ign_chef_lieu_arrondissement,2.362,48.864,12.964,1.072,57.000,63.000,71.000,14.000,,31.575,12.347,91.000,48.500,-42.500,-0.126,-20.742,1.995,2.000,False,False,False,,,False
centre,94038,L'Haÿ-les-Roses,commune,,31188,ign_chef_lieu,2.337,48.779,13.113,8.651,83.000,90.000,99.000,16.000,,28.135,8.742,92.000,147.500,55.500,0.164,12.561,3.199,3.000,False,False,False,,,False
centre,93070,Saint-Ouen-sur-Seine,commune,,53615,ign_chef_lieu,2.334,48.912,13.159,6.288,54.000,60.000,68.000,14.000,,23.693,13.159,93.000,38.500,-54.500,-0.161,-25.093,2.532,1.000,False,False,False,,,False
centre,78674,Villepreux,commune,,11931,ign_chef_lieu,2.005,48.830,13.486,25.662,92.000,98.000,105.000,13.000,,21.540,8.257,94.000,191.500,97.500,0.288,20.808,4.550,2.000,False,False,False,,,False
centre,78143,Châteaufort,commune,,1564,ign_chef_lieu,2.092,48.737,13.744,23.265,93.000,100.000,110.000,17.000,,25.450,8.247,95.000,203.000,108.000,0.320,22.076,3.929,3.000,False,False,False,,,False
centre,78423,Montigny-le-Bretonneux,commune,,32465,ign_chef_lieu,2.038,48.770,13.760,25.063,93.000,103.000,114.000,21.000,,19.892,8.016,96.000,223.500,127.500,0.377,25.665,5.178,3.000,False,False,False,9.000,,False
centre,78688,Voisins-le-Bretonneux,commune,,10624,ign_chef_lieu,2.051,48.759,13.762,24.645,95.000,112.000,126.000,31.000,,21.183,7.373,97.000,262.500,165.500,0.490,36.633,5.287,3.000,False,False,False,6.000,,False
centre,91679,Villiers-le-Bâcle,commune,,1031,ign_chef_lieu,2.126,48.726,13.897,22.132,110.000,118.000,140.000,30.000,,26.018,7.066,98.000,278.500,180.500,0.534,43.235,4.535,4.000,True,False,False,4.000,,False
centre,94034,Fresnes,commune,,29528,ign_chef_lieu,2.322,48.755,13.931,11.487,84.000,90.000,98.000,14.000,,24.158,9.288,99.000,147.500,48.500,0.143,9.107,3.725,3.000,False,False,False,,,False
centre,91377,Massy,commune,,51729,ign_chef_lieu,2.271,48.731,13.947,15.173,87.000,93.000,102.000,15.000,,28.305,8.998,100.000,167.000,67.000,0.198,12.680,3.286,3.000,False,False,False,,,False
centre,78007,Aigremont,commune,,1075,ign_chef_lieu,2.018,48.902,14.066,25.067,92.000,97.000,112.000,20.000,,20.967,8.701,101.000,185.500,84.500,0.250,17.010,4.626,3.000,False,False,False,,,False
centre,94076,Villejuif,commune,,60183,ign_chef_lieu,2.363,48.792,14.104,7.213,81.000,86.000,94.000,13.000,,30.127,9.840,102.000,129.000,27.000,0.080,3.599,2.855,2.000,False,False,False,,,False
centre,78498,Poissy,commune,,40983,ign_chef_lieu,2.043,48.927,14.143,24.049,69.000,74.000,82.000,13.000,,24.697,11.468,103.000,80.000,-23.000,-0.068,-10.986,2.996,2.000,False,False,False,,,False
centre,75111,Paris 11e Arrondissement,district,75056,138170,ign_chef_lieu_arrondissement,2.379,48.859,14.159,1.984,58.000,63.000,72.000,14.000,,35.920,13.485,104.000,48.500,-55.500,-0.164,-24.260,1.754,2.000,False,False,False,,,False
centre,94021,Chevilly-Larue,commune,,19826,ign_chef_lieu,2.347,48.771,14.200,9.467,79.000,85.000,94.000,15.000,,28.730,10.023,105.000,122.500,17.500,0.052,2.037,2.959,2.000,False,False,False,,,False
centre,95257,La Frette-sur-Seine,commune,,4570,ign_chef_lieu,2.178,48.974,14.515,18.267,87.000,93.000,104.000,17.000,,30.285,9.364,106.000,167.000,61.000,0.180,10.387,3.071,2.000,False,False,False,,,False
centre,91538,Saint-Aubin,commune,,661,ign_chef_lieu,2.140,48.715,14.692,22.132,111.000,120.000,135.000,24.000,,26.030,7.346,107.000,285.000,178.000,0.527,41.547,4.610,3.000,False,False,False,5.000,,False
centre,75112,Paris 12e Arrondissement,district,75056,138024,ign_chef_lieu_arrondissement,2.388,48.841,14.721,3.142,62.000,67.000,75.000,13.000,,34.650,13.183,108.000,61.000,-47.000,-0.139,-21.049,1.934,2.000,False,False,False,,,False
centre,95176,Cormeilles-en-Parisis,commune,,27292,ign_chef_lieu,2.199,48.976,14.762,17.405,81.000,92.000,104.000,23.000,,30.167,9.628,109.000,160.000,51.000,0.151,8.253,3.050,3.000,False,False,False,,,False
centre,92078,Villeneuve-la-Garenne,commune,,26021,ign_chef_lieu,2.333,48.936,14.809,8.957,69.000,75.000,85.000,16.000,,23.537,11.847,110.000,82.500,-27.500,-0.081,-11.894,3.187,3.000,False,False,False,,,False
centre,78152,Chavenay,commune,,1723,ign_chef_lieu,1.986,48.854,14.821,26.866,,,,,,21.153,,,,,,,,,False,False,False,,,False
centre,75119,Paris 19e Arrondissement,district,75056,178691,ign_chef_lieu_arrondissement,2.382,48.883,14.908,3.660,61.000,66.000,76.000,15.000,,34.905,13.552,111.000,58.000,-53.000,-0.157,-22.731,1.891,3.000,False,False,False,,,False
centre,91477,Palaiseau,commune,,37471,ign_chef_lieu,2.246,48.715,14.969,17.616,81.000,87.000,95.000,14.000,,25.592,10.323,112.000,135.000,23.000,0.068,1.640,3.400,2.000,False,False,False,,,False
centre,78165,Les Clayes-sous-Bois,commune,,16804,ign_chef_lieu,1.986,48.821,14.992,27.160,81.000,87.000,93.000,12.000,,23.290,10.339,113.000,135.000,22.000,0.065,1.558,3.736,2.000,False,False,False,,,False
centre,94041,Ivry-sur-Seine,commune,,65064,ign_chef_lieu,2.388,48.812,15.082,5.567,77.000,82.000,88.000,11.000,,30.155,11.036,114.000,110.000,-4.000,-0.012,-4.573,2.719,2.000,False,False,False,,,False
centre,95582,Sannois,commune,,26924,ign_chef_lieu,2.256,48.972,15.114,14.631,68.000,73.000,81.000,13.000,,29.387,12.423,115.000,78.000,-37.000,-0.109,-15.140,2.484,2.000,False,False,False,,,False
centre,93031,Épinay-sur-Seine,commune,,52833,ign_chef_lieu,2.313,48.952,15.135,10.964,74.000,80.000,89.000,15.000,,28.025,11.351,116.000,104.000,-12.000,-0.036,-7.069,2.855,2.000,False,False,False,,,False
centre,93039,L'Île-Saint-Denis,commune,,8696,ign_chef_lieu,2.341,48.936,15.178,8.853,64.000,70.000,81.000,17.000,,24.555,13.010,117.000,72.500,-44.500,-0.132,-18.805,2.851,3.000,False,False,False,,,False
centre,78356,Magny-les-Hameaux,commune,,9386,ign_chef_lieu,2.084,48.724,15.322,24.615,102.000,113.000,125.000,23.000,,29.773,8.136,118.000,266.500,148.500,0.439,30.437,3.795,3.000,False,False,False,,,False
centre,78005,Achères,commune,,22241,ign_chef_lieu,2.070,48.961,15.636,23.743,82.000,100.000,113.000,31.000,,31.952,9.382,119.000,203.000,84.000,0.249,14.232,3.130,3.000,False,False,False,,,False
centre,75120,Paris 20e Arrondissement,district,75056,185140,ign_chef_lieu_arrondissement,2.399,48.865,15.721,3.582,64.000,69.000,78.000,14.000,,38.787,13.670,120.000,68.500,-51.500,-0.152,-21.400,1.779,2.000,False,False,False,,,False
centre,78621,Trappes,commune,,34689,ign_chef_lieu,1.999,48.776,15.740,27.429,84.000,94.000,102.000,18.000,,19.472,10.047,121.000,172.000,51.000,0.151,7.012,4.828,3.000,False,False,False,,,False
centre,95555,Saint-Gratien,commune,,21336,ign_chef_lieu,2.283,48.971,15.781,13.687,76.000,82.000,93.000,17.000,,28.155,11.547,122.000,110.000,-12.000,-0.036,-6.772,2.912,2.000,False,False,False,,,False
centre,94065,Rungis,commune,,5611,ign_chef_lieu,2.347,48.748,15.790,12.003,94.000,100.000,109.000,15.000,,28.302,9.474,123.000,203.000,80.000,0.237,13.656,3.533,3.000,False,False,False,,,False
centre,78123,Carrières-sous-Poissy,commune,,20825,ign_chef_lieu,2.034,48.944,15.842,25.277,75.000,80.000,88.000,13.000,,28.438,11.881,124.000,104.000,-20.000,-0.059,-9.227,2.813,2.000,False,False,False,,,False
centre,94081,Vitry-sur-Seine,commune,,93963,ign_chef_lieu,2.388,48.789,15.960,7.992,91.000,96.000,102.000,11.000,,30.692,9.975,125.000,179.000,54.000,0.160,8.512,3.128,3.000,False,False,False,,,False
centre,95424,Montigny-lès-Cormeilles,commune,,22457,ign_chef_lieu,2.188,48.988,16.022,18.943,87.000,98.000,109.000,22.000,,33.258,9.809,126.000,191.500,65.500,0.194,10.552,2.947,2.000,False,False,False,,,False
centre,91471,Orsay,commune,,16498,ign_chef_lieu,2.187,48.699,16.032,21.260,91.000,97.000,105.000,14.000,,25.998,9.917,127.000,185.500,58.500,0.173,9.386,3.731,2.000,False,False,False,,,False
centre,78233,Feucherolles,commune,,3043,ign_chef_lieu,1.974,48.874,16.065,27.851,,,,,,22.495,,,,,,,,,False,False,False,,,False
centre,91689,Wissous,commune,,7151,ign_chef_lieu,2.327,48.732,16.097,13.968,94.000,99.000,108.000,14.000,,30.275,9.756,128.000,196.500,68.500,0.203,11.411,3.270,3.000,False,False,False,,,False
centre,95252,Franconville,commune,,37754,ign_chef_lieu,2.230,48.986,16.150,16.991,83.000,89.000,96.000,13.000,,30.583,10.888,129.000,141.500,12.500,0.037,-0.014,2.910,2.000,False,False,False,,,False
centre,91661,Villebon-sur-Yvette,commune,,10291,ign_chef_lieu,2.228,48.700,16.203,19.636,98.000,104.000,112.000,14.000,,31.020,9.348,130.000,231.000,101.000,0.299,16.641,3.353,2.000,False,False,False,,,False
centre,93066,Saint-Denis,commune,,149077,ign_chef_lieu,2.358,48.936,16.209,8.883,67.000,72.000,79.000,12.000,,29.242,13.507,131.000,76.500,-54.500,-0.161,-19.263,2.462,2.000,False,False,False,,,False
centre,91272,Gif-sur-Yvette,commune,,22544,ign_chef_lieu,2.134,48.702,16.247,23.524,98.000,104.000,112.000,14.000,,30.332,9.373,132.000,231.000,99.000,0.293,16.478,3.429,2.000,False,False,False,,,False
centre,93001,Aubervilliers,commune,,88365,ign_chef_lieu,2.382,48.915,16.279,6.820,70.000,74.000,85.000,15.000,,28.973,13.199,133.000,80.000,-53.000,-0.157,-17.204,2.554,3.000,False,False,False,,,False
centre,91136,Champlan,commune,,2615,ign_chef_lieu,2.274,48.708,16.302,17.443,95.000,100.000,108.000,13.000,,29.698,9.781,134.000,203.000,69.000,0.204,11.805,3.367,3.000,False,False,False,,,False
centre,95306,Herblay-sur-Seine,commune,,31779,ign_chef_lieu,2.165,48.990,16.360,20.210,83.000,89.000,98.000,15.000,,34.042,11.029,135.000,141.500,6.500,0.019,-0.675,2.614,1.000,False,False,False,,,False
centre,93061,Le Pré-Saint-Gervais,commune,,16993,ign_chef_lieu,2.403,48.883,16.380,4.727,72.000,78.000,87.000,15.000,,34.068,12.600,136.000,95.500,-40.500,-0.120,-13.006,2.290,3.000,False,False,False,,,False
centre,91122,Bures-sur-Yvette,commune,,9548,ign_chef_lieu,2.164,48.697,16.399,22.505,88.000,94.000,102.000,14.000,,29.418,10.467,137.000,172.000,35.000,0.104,4.776,3.195,2.000,False,False,False,,,False
centre,78406,Milon-la-Chapelle,commune,,295,ign_chef_lieu,2.049,48.726,16.528,26.558,126.000,,,,,29.612,,,,,,,,,False,False,False,,,False
centre,95210,Enghien-les-Bains,commune,,11432,ign_chef_lieu,2.307,48.970,16.545,13.049,72.000,77.000,87.000,15.000,,30.910,12.892,138.000,89.000,-49.000,-0.145,-14.563,2.491,2.000,False,False,False,,,False
centre,93055,Pantin,commune,,61929,ign_chef_lieu,2.401,48.897,16.749,5.754,54.000,61.000,76.000,22.000,,33.383,16.475,139.000,42.000,-97.000,-0.287,-32.744,1.827,2.000,False,False,False,,,False
centre,94018,Charenton-le-Pont,commune,,28830,ign_chef_lieu,2.416,48.820,16.976,6.201,74.000,79.000,89.000,15.000,,34.643,12.893,140.000,101.000,-39.000,-0.115,-13.498,2.280,2.000,False,False,False,,,False
centre,94067,Saint-Mandé,commune,,21071,ign_chef_lieu,2.419,48.843,16.985,5.106,63.000,68.000,77.000,14.000,,34.918,14.987,141.000,64.000,-77.000,-0.228,-25.564,1.947,2.000,False,False,False,,,False
centre,93006,Bagnolet,commune,,43086,ign_chef_lieu,2.417,48.869,17.025,4.902,73.000,78.000,86.000,13.000,,37.172,13.096,142.000,95.500,-46.500,-0.138,-14.719,2.098,3.000,False,False,False,,,False
centre,93045,Les Lilas,commune,,23843,ign_chef_lieu,2.416,48.879,17.205,5.305,66.000,72.000,80.000,14.000,,36.345,14.338,143.000,76.500,-66.500,-0.197,-21.706,1.981,3.000,False,False,False,,,False
centre,95219,Ermont,commune,,29489,ign_chef_lieu,2.259,48.992,17.299,16.558,81.000,87.000,95.000,14.000,,31.385,11.930,144.000,135.000,-9.000,-0.027,-5.659,2.772,2.000,False,False,False,,,False
centre,94073,Thiais,commune,,32918,ign_chef_lieu,2.391,48.764,17.339,10.629,86.000,93.000,102.000,16.000,,30.260,11.187,145.000,167.000,22.000,0.065,0.726,3.073,3.000,False,False,False,,,False
centre,93079,Villetaneuse,commune,,12530,ign_chef_lieu,2.344,48.961,17.387,11.671,80.000,86.000,95.000,15.000,,30.482,12.131,146.000,129.000,-17.000,-0.050,-6.987,2.821,3.000,False,False,False,,,False
centre,93027,La Courneuve,commune,,47167,ign_chef_lieu,2.390,48.927,17.453,8.277,70.000,76.000,84.000,14.000,,28.607,13.778,147.000,85.000,-62.000,-0.183,-17.961,2.657,2.000,False,False,False,,,False
centre,78575,Saint-Rémy-lès-Chevreuse,commune,,7747,ign_chef_lieu,2.073,48.706,17.479,26.507,102.000,107.000,115.000,13.000,,33.288,9.801,148.000,242.000,94.000,0.278,15.411,3.214,2.000,False,False,False,,,False
centre,78672,Villennes-sur-Seine,commune,,5952,ign_chef_lieu,1.999,48.940,17.537,27.546,89.000,117.000,140.000,51.000,,23.340,8.994,149.000,276.000,127.000,0.376,25.982,5.013,2.000,False,False,False,,,False
centre,78561,Saint-Lambert,commune,,447,ign_chef_lieu,2.020,48.731,17.545,28.117,,,,,,26.620,,,,,,,,,False,False,False,,,False
centre,94002,Alfortville,commune,,45531,ign_chef_lieu,2.420,48.805,17.595,7.545,62.000,67.000,76.000,14.000,,35.695,15.757,150.000,61.000,-89.000,-0.263,-27.979,1.877,2.000,False,False,False,,,False
centre,78466,Orgeval,commune,,7252,ign_chef_lieu,1.975,48.918,17.694,28.542,,,,,,23.498,,,,,,,,,False,False,False,,,False
centre,95203,Eaubonne,commune,,26211,ign_chef_lieu,2.280,48.991,17.742,15.908,79.000,85.000,93.000,14.000,,32.232,12.524,151.000,122.500,-28.500,-0.084,-9.020,2.637,2.000,False,False,False,,,False
centre,94069,Saint-Maurice,commune,,14506,ign_chef_lieu,2.427,48.818,17.757,6.894,82.000,87.000,96.000,14.000,,32.472,12.246,152.000,135.000,-17.000,-0.050,-6.920,2.679,3.000,False,False,False,,,False
centre,91587,Saulx-les-Chartreux,commune,,6733,ign_chef_lieu,2.264,48.691,17.831,19.461,,,,,,31.380,,,,,,,,,False,False,False,,,False
centre,95491,Le Plessis-Bouchard,commune,,8518,ign_chef_lieu,2.235,49.001,17.864,18.256,85.000,90.000,99.000,14.000,,32.675,11.909,153.000,147.500,-5.500,-0.016,-4.008,2.754,3.000,False,False,False,,,False
centre,95197,Deuil-la-Barre,commune,,23099,ign_chef_lieu,2.328,48.975,17.909,13.331,83.000,92.000,103.000,20.000,,35.085,11.680,154.000,160.000,6.000,0.018,-2.001,2.622,3.000,False,False,False,,,False
centre,78490,Plaisir,commune,,31811,ign_chef_lieu,1.947,48.817,17.916,30.085,91.000,98.000,106.000,15.000,,22.508,10.969,155.000,191.500,36.500,0.108,4.367,4.354,3.000,False,False,False,,,False
centre,95598,Soisy-sous-Montmorency,commune,,18008,ign_chef_lieu,2.300,48.987,17.986,15.060,84.000,90.000,98.000,14.000,,31.128,11.991,156.000,147.500,-8.500,-0.025,-4.344,2.891,2.000,False,False,False,,,False
centre,78015,Andrésy,commune,,13834,ign_chef_lieu,2.061,48.982,18.024,25.565,84.000,109.000,120.000,36.000,,34.375,9.921,157.000,250.500,93.500,0.277,15.726,3.171,3.000,False,False,False,,,False
centre,78196,Davron,commune,,295,ign_chef_lieu,1.944,48.865,18.035,29.977,,,,,,25.690,,,,,,,,,False,False,False,,,False
centre,78172,Conflans-Sainte-Honorine,commune,,36958,ign_chef_lieu,2.095,48.994,18.043,24.293,86.000,94.000,103.000,17.000,,34.843,11.517,158.000,172.000,14.000,0.041,-0.256,2.698,2.000,False,False,False,,,False
centre,91692,Les Ulis,commune,,25886,ign_chef_lieu,2.170,48.681,18.074,23.626,105.000,110.000,120.000,15.000,,30.018,9.858,159.000,255.000,96.000,0.284,16.621,3.664,3.000,False,False,False,,,False
centre,91161,Chilly-Mazarin,commune,,20443,ign_chef_lieu,2.313,48.703,18.167,17.360,102.000,106.000,111.000,9.000,,30.853,10.283,160.000,236.500,76.500,0.226,12.084,3.436,4.000,True,False,False,,,False
centre,91666,Villejust,commune,,2558,ign_chef_lieu,2.237,48.682,18.283,21.145,,,,,,32.448,,,,,,,,,False,False,False,,,False
centre,91345,Longjumeau,commune,,21996,ign_chef_lieu,2.296,48.694,18.406,18.504,103.000,108.000,116.000,13.000,,30.390,10.225,161.000,247.500,86.500,0.256,13.432,3.554,3.000,False,False,False,,,False
centre,78160,Chevreuse,commune,,5502,ign_chef_lieu,2.044,48.707,18.445,28.061,,,,,,33.698,,,,,,,,,False,False,False,,,False
centre,94046,Maisons-Alfort,commune,,56799,ign_chef_lieu,2.431,48.801,18.449,8.415,60.000,66.000,74.000,14.000,,36.238,16.772,162.000,58.000,-104.000,-0.308,-30.765,1.821,2.000,False,False,False,,,False
centre,94080,Vincennes,commune,,48193,ign_chef_lieu,2.440,48.848,18.503,6.477,60.000,66.000,75.000,15.000,,37.245,16.821,163.000,58.000,-105.000,-0.311,-30.868,1.772,1.000,False,False,False,,,False
centre,78384,Médan,commune,,1289,ign_chef_lieu,1.996,48.953,18.586,28.247,107.000,135.000,158.000,51.000,,26.293,8.260,164.000,309.000,145.000,0.429,41.080,5.134,2.000,False,False,False,,,False
centre,94022,Choisy-le-Roi,commune,,45946,ign_chef_lieu,2.410,48.762,18.624,11.258,80.000,85.000,94.000,14.000,,30.933,13.146,165.000,122.500,-42.500,-0.126,-11.266,2.748,3.000,False,False,False,,,False
centre,95427,Montmagny,commune,,15105,ign_chef_lieu,2.346,48.975,18.656,13.199,85.000,96.000,107.000,22.000,,32.957,11.660,166.000,179.000,13.000,0.038,0.129,2.913,3.000,False,False,False,,,False
centre,91432,Morangis,commune,,14129,ign_chef_lieu,2.332,48.706,18.672,16.844,104.000,109.000,115.000,11.000,,31.548,10.278,167.000,250.500,83.500,0.247,13.639,3.455,4.000,True,False,False,,,False
centre,93048,Montreuil,commune,,111934,ign_chef_lieu,2.441,48.862,18.701,6.526,65.000,71.000,81.000,16.000,,40.625,15.804,168.000,74.500,-93.500,-0.277,-26.038,1.748,2.000,False,False,False,,,False
centre,95051,Beauchamp,commune,,9849,ign_chef_lieu,2.200,49.012,18.702,20.563,82.000,87.000,97.000,15.000,,34.393,12.898,169.000,135.000,-34.000,-0.101,-9.372,2.530,2.000,False,False,False,,,False
centre,91275,Gometz-le-Châtel,commune,,2630,ign_chef_lieu,2.138,48.678,18.717,25.295,,,,,,33.857,,,,,,,,,False,False,False,,,False
centre,93063,Romainville,commune,,37152,ign_chef_lieu,2.435,48.886,18.723,6.858,76.000,81.000,89.000,13.000,,38.933,13.869,170.000,106.000,-64.000,-0.189,-15.672,2.080,3.000,False,False,False,,,False
centre,78138,Chanteloup-les-Vignes,commune,,10861,ign_chef_lieu,2.030,48.978,18.928,27.240,89.000,96.000,105.000,16.000,,31.163,11.830,171.000,179.000,8.000,0.024,-0.615,3.081,2.000,False,False,False,,,False
centre,95574,Saint-Prix,commune,,7612,ign_chef_lieu,2.262,49.007,18.935,17.955,91.000,97.000,105.000,14.000,,34.173,11.712,172.000,185.500,13.500,0.040,0.403,2.838,2.000,False,False,False,,,False
centre,95428,Montmorency,commune,,21763,ign_chef_lieu,2.321,48.989,18.935,14.985,92.000,104.000,114.000,22.000,,36.150,10.924,173.000,231.000,58.000,0.172,7.647,2.877,3.000,False,False,False,,,False
centre,93072,Stains,commune,,41388,ign_chef_lieu,2.382,48.955,18.943,11.236,84.000,91.000,99.000,15.000,,32.562,12.490,174.000,153.500,-20.500,-0.061,-5.828,2.795,3.000,False,False,False,,,False
centre,95369,Margency,commune,,3012,ign_chef_lieu,2.287,49.001,18.997,16.798,83.000,89.000,97.000,14.000,,34.428,12.807,175.000,141.500,-33.500,-0.099,-8.033,2.585,3.000,False,False,False,,,False
centre,94054,Orly,commune,,24658,ign_chef_lieu,2.401,48.743,19.217,13.085,92.000,100.000,110.000,18.000,,33.337,11.530,176.000,203.000,27.000,0.080,2.721,3.000,2.000,False,False,False,,,False
centre,78382,Maurecourt,commune,,4454,ign_chef_lieu,2.063,48.997,19.320,26.334,90.000,113.000,125.000,35.000,,36.447,10.258,177.000,266.500,89.500,0.265,15.758,3.100,3.000,False,False,False,,,False
centre,91560,Saint-Jean-de-Beauregard,commune,,471,ign_chef_lieu,2.168,48.670,19.398,24.824,118.000,125.000,134.000,16.000,,31.367,9.311,178.000,289.500,111.500,0.330,27.785,3.985,3.000,False,False,False,,,False
centre,78208,Élancourt,commune,,26365,ign_chef_lieu,1.949,48.768,19.406,31.186,96.000,107.000,115.000,19.000,,23.290,10.882,179.000,242.000,63.000,0.186,9.359,4.594,3.000,False,False,False,,,False
centre,78644,La Verrière,commune,,5994,ign_chef_lieu,1.958,48.758,19.408,31.001,92.000,102.000,111.000,19.000,,24.758,11.416,180.000,214.000,34.000,0.101,4.244,4.120,3.000,False,False,False,,,False
centre,91479,Paray-Vieille-Poste,commune,,8202,ign_chef_lieu,2.364,48.713,19.467,15.999,98.000,103.000,111.000,13.000,,32.638,11.340,181.000,223.500,42.500,0.126,5.101,3.156,4.000,True,False,False,,,False
centre,91274,Gometz-la-Ville,commune,,1536,ign_chef_lieu,2.125,48.672,19.652,26.475,,,,,,33.888,,,,,,,,,False,False,False,,,False
centre,95426,Montlignon,commune,,3038,ign_chef_lieu,2.285,49.009,19.713,17.653,85.000,92.000,100.000,15.000,,36.113,12.856,182.000,160.000,-22.000,-0.065,-6.728,2.548,2.000,False,False,False,,,False
centre,95288,Groslay,commune,,8453,ign_chef_lieu,2.346,48.987,19.713,14.521,93.000,102.000,114.000,21.000,,36.855,11.596,183.000,214.000,31.000,0.092,3.409,2.768,3.000,False,False,False,,,False
centre,95014,Andilly,commune,,2742,ign_chef_lieu,2.301,49.005,19.813,17.002,97.000,103.000,112.000,15.000,,36.912,11.542,184.000,223.500,39.500,0.117,4.152,2.790,3.000,False,False,False,,,False
centre,78189,Crespières,commune,,1719,ign_chef_lieu,1.924,48.882,19.819,31.570,,,,,,26.710,,,,,,,,,False,False,False,,,False
centre,78615,Thiverval-Grignon,commune,,1023,ign_chef_lieu,1.918,48.850,19.830,31.915,,,,,,27.657,,,,,,,,,False,False,False,,,False
centre,95563,Saint-Leu-la-Forêt,commune,,16138,ign_chef_lieu,2.244,49.019,19.943,19.756,97.000,104.000,114.000,17.000,,34.685,11.505,185.000,231.000,46.000,0.136,4.810,2.998,3.000,False,False,False,,,False
centre,78383,Maurepas,commune,,20629,ign_chef_lieu,1.945,48.762,19.970,31.683,90.000,103.000,112.000,22.000,,23.788,11.633,186.000,223.500,37.500,0.111,3.729,4.330,2.000,False,False,False,,,False
centre,93053,Noisy-le-Sec,commune,,45510,ign_chef_lieu,2.452,48.890,20.054,8.191,69.000,77.000,89.000,20.000,,35.708,15.627,187.000,89.000,-98.000,-0.290,-22.623,2.156,2.000,False,False,False,,,False
centre,91044,Ballainvilliers,commune,,4904,ign_chef_lieu,2.290,48.676,20.080,20.562,114.000,120.000,127.000,13.000,,34.715,10.040,188.000,285.000,97.000,0.287,20.510,3.457,3.000,False,False,False,,,False
centre,95488,Pierrelaye,commune,,10130,ign_chef_lieu,2.156,49.023,20.102,23.464,90.000,97.000,107.000,17.000,,36.492,12.434,189.000,185.500,-3.500,-0.010,-2.643,2.658,2.000,False,False,False,,,False
centre,93008,Bobigny,commune,,56927,ign_chef_lieu,2.445,48.906,20.121,8.759,76.000,82.000,92.000,16.000,,32.890,14.723,190.000,110.000,-80.000,-0.237,-17.738,2.493,2.000,False,False,False,,,False
centre,93013,Le Bourget,commune,,15925,ign_chef_lieu,2.425,48.935,20.128,10.195,72.000,78.000,86.000,14.000,,31.370,15.483,191.000,95.500,-95.500,-0.283,-21.764,2.486,2.000,False,False,False,,,False
centre,94077,Villeneuve-le-Roi,commune,,21000,ign_chef_lieu,2.408,48.735,20.161,14.074,99.000,107.000,117.000,18.000,,34.045,11.305,192.000,242.000,50.000,0.148,7.233,3.143,4.000,True,False,False,,,False
centre,78397,Le Mesnil-Saint-Denis,commune,,7276,ign_chef_lieu,1.960,48.740,20.302,31.594,100.000,111.000,,,,27.718,10.974,193.000,259.000,66.000,0.195,10.841,4.005,3.000,False,False,False,,,False
centre,78624,Triel-sur-Seine,commune,,12206,ign_chef_lieu,2.003,48.981,20.425,29.133,83.000,96.000,131.000,48.000,,30.620,12.766,194.000,179.000,-15.000,-0.044,-4.435,3.135,3.000,False,False,False,,,False
centre,95607,Taverny,commune,,27593,ign_chef_lieu,2.226,49.026,20.507,21.044,99.000,107.000,118.000,19.000,,34.523,11.499,195.000,242.000,47.000,0.139,6.295,3.099,3.000,False,False,False,,,False
centre,78548,Saint-Forget,commune,,436,ign_chef_lieu,1.993,48.710,20.577,30.986,,,,,,30.798,,,,,,,,,False,False,False,,,False
centre,94042,Joinville-le-Pont,commune,,20525,ign_chef_lieu,2.467,48.818,20.685,9.400,65.000,71.000,80.000,15.000,,36.265,17.480,196.000,74.500,-121.500,-0.359,-29.780,1.958,1.000,False,False,False,,,False
centre,78643,Vernouillet,commune,,9699,ign_chef_lieu,1.983,48.973,20.745,29.979,103.000,113.000,124.000,21.000,,29.270,11.015,197.000,266.500,69.500,0.206,11.591,3.861,2.000,False,False,False,,,False
centre,95218,Éragny-sur-Oise,commune,,18436,ign_chef_lieu,2.091,49.019,20.782,26.369,89.000,103.000,115.000,26.000,,35.520,12.106,198.000,223.500,25.500,0.075,1.623,2.900,2.000,False,False,False,,,False
centre,91458,Nozay,commune,,4471,ign_chef_lieu,2.243,48.660,20.798,23.277,,,,,,34.502,,,,,,,,,False,False,False,,,False
centre,94028,Créteil,commune,,93397,ign_chef_lieu,2.453,48.778,20.817,11.442,86.000,92.000,100.000,14.000,,37.500,13.577,199.000,160.000,-39.000,-0.115,-9.310,2.453,3.000,False,False,False,,,False
centre,93029,Drancy,commune,,72390,ign_chef_lieu,2.445,48.923,20.853,10.075,79.000,84.000,93.000,14.000,,33.412,14.895,200.000,116.500,-83.500,-0.247,-17.269,2.514,3.000,False,False,False,,,False
centre,91411,Les Molières,commune,,1975,ign_chef_lieu,2.070,48.673,20.860,29.129,,,,,,39.525,,,,,,,,,False,False,False,,,False
centre,93030,Dugny,commune,,11700,ign_chef_lieu,2.418,48.955,20.945,12.001,86.000,91.000,99.000,13.000,,33.492,13.810,201.000,153.500,-47.500,-0.141,-10.577,2.717,3.000,False,False,False,,,False
centre,91093,Boullay-les-Troux,commune,,624,ign_chef_lieu,2.050,48.678,20.993,29.791,,,,,,39.365,,,,,,,,,False,False,False,,,False
centre,78431,Morainvilliers,commune,,3120,ign_chef_lieu,1.932,48.929,21.003,31.849,,,,,,26.418,,,,,,,,,False,False,False,,,False
centre,95450,Neuville-sur-Oise,commune,,2058,ign_chef_lieu,2.063,49.014,21.022,27.508,82.000,119.000,126.000,44.000,,37.848,10.599,202.000,281.500,79.500,0.235,16.716,3.144,3.000,False,False,False,,,False
centre,94033,Fontenay-sous-Bois,commune,,53757,ign_chef_lieu,2.475,48.849,21.077,9.014,70.000,76.000,85.000,15.000,,42.303,16.640,203.000,85.000,-118.000,-0.349,-25.560,1.797,1.000,False,False,False,,,False
centre,95268,Garges-lès-Gonesse,commune,,41791,ign_chef_lieu,2.401,48.972,21.137,13.303,90.000,99.000,109.000,19.000,,36.732,12.810,204.000,196.500,-7.500,-0.022,-3.171,2.695,2.000,False,False,False,,,False
centre,91665,La Ville-du-Bois,commune,,8161,ign_chef_lieu,2.269,48.661,21.144,22.572,126.000,134.000,143.000,17.000,,33.693,9.467,205.000,306.500,101.500,0.300,31.038,3.977,3.000,False,False,False,,,False
centre,95539,Saint-Brice-sous-Forêt,commune,,15063,ign_chef_lieu,2.357,48.998,21.160,15.706,97.000,107.000,119.000,22.000,,37.358,11.865,206.000,242.000,36.000,0.107,4.593,2.864,3.000,False,False,False,,,False
centre,91027,Athis-Mons,commune,,36613,ign_chef_lieu,2.389,48.708,21.170,16.768,100.000,107.000,117.000,17.000,,34.510,11.871,207.000,242.000,35.000,0.104,4.569,3.101,4.000,True,False,False,,,False
centre,78550,Saint-Germain-de-la-Grange,commune,,1847,ign_chef_lieu,1.899,48.834,21.221,33.378,,,,,,28.563,,,,,,,,,False,False,False,,,False
centre,78010,Les Alluets-le-Roi,commune,,1390,ign_chef_lieu,1.919,48.914,21.229,32.452,,,,,,27.597,,,,,,,,,False,False,False,,,False
centre,78193,Dampierre-en-Yvelines,commune,,1008,ign_chef_lieu,1.986,48.705,21.382,31.766,,,,,,31.347,,,,,,,,,False,False,False,,,False
centre,78162,Choisel,commune,,540,ign_chef_lieu,2.018,48.687,21.461,31.009,,,,,,35.705,,,,,,,,,False,False,False,,,False
centre,78442,Neauphle-le-Château,commune,,3250,ign_chef_lieu,1.899,48.814,21.473,33.643,110.000,117.000,125.000,15.000,,23.563,11.012,208.000,276.000,68.000,0.201,13.508,4.965,3.000,False,False,False,,,False
centre,91216,Épinay-sur-Orge,commune,,10722,ign_chef_lieu,2.324,48.673,21.483,20.542,92.000,97.000,105.000,13.000,,34.248,13.288,209.000,185.500,-23.500,-0.070,-5.919,2.832,3.000,False,False,False,,,False
centre,78321,Jouars-Pontchartrain,commune,,6039,ign_chef_lieu,1.901,48.802,21.573,33.713,,,,,,22.440,,,,,,,,,False,False,False,,,False
centre,91589,Savigny-sur-Orge,commune,,37601,ign_chef_lieu,2.346,48.680,21.609,19.657,88.000,94.000,102.000,14.000,,33.338,13.793,210.000,172.000,-38.000,-0.112,-9.102,2.820,3.000,False,False,False,,,False
centre,78642,Verneuil-sur-Seine,commune,,16280,ign_chef_lieu,1.975,48.979,21.664,30.817,100.000,132.000,146.000,46.000,,29.197,9.847,211.000,301.500,90.500,0.268,27.477,4.521,2.000,False,False,False,,,False
centre,94001,Ablon-sur-Seine,commune,,5988,ign_chef_lieu,2.422,48.725,21.701,15.492,99.000,107.000,116.000,17.000,,36.612,12.169,212.000,242.000,30.000,0.089,3.243,2.923,4.000,True,False,False,,,False
centre,95323,Jouy-le-Moutier,commune,,17854,ign_chef_lieu,2.047,49.016,21.732,28.527,91.000,130.000,142.000,51.000,,40.910,10.030,213.000,298.000,85.000,0.251,25.342,3.178,4.000,True,False,False,,,False
centre,91326,Juvisy-sur-Orge,commune,,19292,ign_chef_lieu,2.372,48.691,21.757,18.487,84.000,89.000,98.000,14.000,,36.430,14.668,214.000,141.500,-72.500,-0.214,-14.239,2.443,3.000,False,False,False,,,False
centre,95060,Bessancourt,commune,,8869,ign_chef_lieu,2.217,49.039,21.806,22.566,101.000,112.000,124.000,23.000,,36.688,11.682,215.000,262.500,47.500,0.141,7.798,3.053,3.000,False,False,False,,,False
centre,78683,Villiers-Saint-Frédéric,commune,,3395,ign_chef_lieu,1.891,48.820,21.921,34.096,125.000,136.000,154.000,29.000,,26.013,9.671,216.000,312.500,96.500,0.286,30.544,5.228,2.000,False,False,False,,,False
centre,95489,Piscop,commune,,768,ign_chef_lieu,2.343,49.012,21.936,17.337,,,,,,40.923,,,,,,,,,False,False,False,,,False
centre,91319,Janvry,commune,,654,ign_chef_lieu,2.156,48.647,21.996,27.402,,,,,,37.407,,,,,,,,,False,False,False,,,False
centre,95585,Sarcelles,commune,,59173,ign_chef_lieu,2.378,48.997,22.091,15.801,100.000,110.000,122.000,22.000,,39.833,12.049,217.000,255.000,38.000,0.112,5.169,2.762,3.000,False,False,False,,,False
centre,78334,Lévis-Saint-Nom,commune,,1603,ign_chef_lieu,1.949,48.721,22.214,33.260,,,,,,31.918,,,,,,,,,False,False,False,,,False
centre,93064,Rosny-sous-Bois,commune,,47180,ign_chef_lieu,2.488,48.872,22.264,10.098,71.000,82.000,91.000,20.000,,39.057,16.291,218.000,110.000,-108.000,-0.320,-21.917,2.100,1.000,False,False,False,,,False
centre,91685,Villiers-sur-Orge,commune,,4545,ign_chef_lieu,2.300,48.657,22.286,22.458,101.000,107.000,115.000,14.000,,36.545,12.497,219.000,242.000,23.000,0.068,1.837,2.928,3.000,False,False,False,,,False
centre,94052,Nogent-sur-Marne,commune,,32455,ign_chef_lieu,2.492,48.839,22.304,10.381,75.000,82.000,92.000,17.000,,40.005,16.320,220.000,110.000,-110.000,-0.325,-21.988,2.050,2.000,False,False,False,,,False
centre,94068,Saint-Maur-des-Fossés,commune,,76572,ign_chef_lieu,2.485,48.803,22.315,11.426,69.000,75.000,84.000,15.000,,40.528,17.852,221.000,82.500,-138.500,-0.410,-28.667,1.851,1.000,False,False,False,,9.000,False
centre,93010,Bondy,commune,,50595,ign_chef_lieu,2.481,48.902,22.493,10.718,77.000,84.000,106.000,29.000,,35.747,16.067,222.000,116.500,-105.500,-0.312,-20.433,2.350,2.000,False,False,False,,,False
centre,78168,Coignières,commune,,4321,ign_chef_lieu,1.918,48.748,22.519,34.145,97.000,104.000,114.000,17.000,,26.233,12.992,223.000,231.000,8.000,0.024,-1.546,3.964,2.000,False,False,False,,,False
centre,91363,Marcoussis,commune,,8618,ign_chef_lieu,2.231,48.643,22.543,25.376,,,,,,38.037,,,,,,,,,False,False,False,,,False
centre,78206,Ecquevilly,commune,,4279,ign_chef_lieu,1.924,48.949,22.609,33.050,,,,,,25.252,,,,,,,,,False,False,False,,,False
centre,91667,Villemoisson-sur-Orge,commune,,7332,ign_chef_lieu,2.330,48.662,22.741,21.694,96.000,102.000,109.000,13.000,,35.160,13.377,224.000,214.000,-10.000,-0.030,-3.927,2.901,3.000,False,False,False,,,False
centre,95199,Domont,commune,,16065,ign_chef_lieu,2.327,49.027,22.835,19.106,129.000,136.000,147.000,18.000,,41.848,10.074,225.000,312.500,87.500,0.259,27.826,3.250,4.000,True,False,False,,,False
centre,93007,Le Blanc-Mesnil,commune,,62376,ign_chef_lieu,2.464,48.939,22.840,12.266,80.000,85.000,92.000,12.000,,36.218,16.123,226.000,122.500,-103.500,-0.306,-20.118,2.347,2.000,False,False,False,,,False
centre,94078,Villeneuve-Saint-Georges,commune,,36221,ign_chef_lieu,2.448,48.731,22.845,15.622,95.000,101.000,107.000,12.000,,39.403,13.572,227.000,208.000,-19.000,-0.056,-5.093,2.563,4.000,True,False,False,,,False
centre,78062,Beynes,commune,,7704,ign_chef_lieu,1.876,48.856,22.932,34.976,120.000,142.000,,,,31.015,9.690,228.000,319.000,91.000,0.269,33.174,4.578,3.000,False,False,False,,,False
centre,78590,Senlisse,commune,,511,ign_chef_lieu,1.982,48.687,23.092,33.144,,,,,,35.295,,,,,,,,,False,False,False,,,False
centre,95256,Frépillon,commune,,3317,ign_chef_lieu,2.206,49.051,23.107,24.152,104.000,118.000,130.000,26.000,,38.777,11.749,229.000,278.500,49.500,0.146,10.235,3.043,3.000,False,False,False,,,False
centre,95572,Saint-Ouen-l'Aumône,commune,,25578,ign_chef_lieu,2.106,49.044,23.122,27.613,90.000,97.000,107.000,17.000,,39.922,14.302,230.000,185.500,-44.500,-0.132,-9.414,2.430,2.000,False,False,False,,,False
centre,78305,Herbeville,commune,,228,ign_chef_lieu,1.887,48.906,23.137,34.591,,,,,,30.185,,,,,,,,,False,False,False,,,False
centre,78140,Chapet,commune,,1331,ign_chef_lieu,1.934,48.967,23.140,33.062,,,,,,27.243,,,,,,,,,False,False,False,,,False
centre,91657,Vigneux-sur-Seine,commune,,31466,ign_chef_lieu,2.417,48.700,23.200,18.008,91.000,98.000,108.000,17.000,,43.348,14.204,231.000,191.500,-39.500,-0.117,-8.640,2.261,3.000,False,False,False,,,False
centre,95088,Bonneuil-en-France,commune,,1185,ign_chef_lieu,2.433,48.976,23.204,14.514,106.000,114.000,126.000,20.000,,38.323,12.213,232.000,270.500,38.500,0.114,6.268,2.975,3.000,False,False,False,,,False
centre,91434,Morsang-sur-Orge,commune,,21667,ign_chef_lieu,2.346,48.662,23.313,21.631,99.000,105.000,114.000,15.000,,34.417,13.322,233.000,234.500,1.500,0.004,-2.358,3.051,4.000,True,False,False,,,False
centre,94011,Bonneuil-sur-Marne,commune,,18270,ign_chef_lieu,2.487,48.774,23.324,13.474,85.000,90.000,99.000,14.000,,39.870,15.549,234.000,147.500,-86.500,-0.256,-16.327,2.257,3.000,False,False,False,,,False
centre,95680,Villiers-le-Bel,commune,,30053,ign_chef_lieu,2.388,49.008,23.398,17.006,97.000,108.000,118.000,21.000,,39.393,12.999,235.000,247.500,12.500,0.037,0.245,2.742,3.000,False,False,False,,,False
centre,91338,Limours,commune,,6517,ign_chef_lieu,2.077,48.646,23.441,30.955,,,,,,40.823,,,,,,,,,False,False,False,,,False
centre,93049,Neuilly-Plaisance,commune,,21941,ign_chef_lieu,2.506,48.861,23.461,11.301,84.000,88.000,99.000,15.000,,42.423,15.996,236.000,139.000,-97.000,-0.287,-18.434,2.074,2.000,False,False,False,,,False
centre,94074,Valenton,commune,,14406,ign_chef_lieu,2.470,48.744,23.470,15.148,86.000,93.000,102.000,16.000,,40.098,15.142,237.000,167.000,-70.000,-0.207,-13.815,2.319,3.000,False,False,False,,,False
centre,94058,Le Perreux-sur-Marne,commune,,35260,ign_chef_lieu,2.508,48.841,23.522,11.557,85.000,93.000,102.000,17.000,,41.610,15.175,238.000,167.000,-71.000,-0.210,-13.913,2.235,2.000,False,False,False,,,False
centre,91687,Viry-Châtillon,commune,,30838,ign_chef_lieu,2.375,48.671,23.585,20.644,89.000,96.000,103.000,14.000,,35.597,14.741,239.000,179.000,-60.000,-0.178,-11.259,2.697,4.000,True,False,False,,,False
centre,95019,Arnouville,commune,,15023,ign_chef_lieu,2.421,48.990,23.586,15.646,88.000,97.000,109.000,21.000,,40.415,14.589,240.000,185.500,-54.500,-0.161,-10.337,2.400,2.000,False,False,False,,,False
centre,95091,Bouffémont,commune,,6593,ign_chef_lieu,2.299,49.043,23.655,21.132,122.000,153.000,165.000,43.000,,45.287,9.277,241.000,326.000,85.000,0.251,41.214,3.378,4.000,True,False,False,,,False
centre,91347,Longpont-sur-Orge,commune,,6482,ign_chef_lieu,2.293,48.642,23.657,24.185,108.000,113.000,121.000,13.000,,38.483,12.561,242.000,266.500,24.500,0.072,4.293,2.936,3.000,False,False,False,,,False
centre,95061,Béthemont-la-Forêt,commune,,435,ign_chef_lieu,2.252,49.053,23.738,23.061,,,,,,42.838,,,,,,,,,False,False,False,,,False
centre,91425,Montlhéry,commune,,9772,ign_chef_lieu,2.270,48.637,23.782,25.168,128.000,136.000,145.000,17.000,,37.405,10.492,243.000,312.500,69.500,0.206,25.178,3.636,4.000,True,False,False,,,False
centre,93077,Villemomble,commune,,29795,ign_chef_lieu,2.508,48.882,23.876,11.751,79.000,86.000,114.000,35.000,,39.397,16.657,244.000,129.000,-115.000,-0.340,-21.003,2.183,2.000,False,False,False,,,False
centre,95500,Pontoise,commune,,31970,ign_chef_lieu,2.101,49.051,23.925,28.422,97.000,106.000,116.000,19.000,,40.745,13.542,245.000,236.500,-8.500,-0.025,-2.735,2.602,2.000,False,False,False,,,False
centre,94044,Limeil-Brévannes,commune,,27406,ign_chef_lieu,2.480,48.749,23.926,15.180,88.000,94.000,100.000,12.000,,39.350,15.272,246.000,172.000,-74.000,-0.219,-13.748,2.389,3.000,False,False,False,,,False
centre,94017,Champigny-sur-Marne,commune,,78072,ign_chef_lieu,2.511,48.813,23.952,12.570,77.000,82.000,91.000,14.000,,41.852,17.526,247.000,110.000,-137.000,-0.405,-24.801,1.959,1.000,False,False,False,,10.000,False
centre,95205,Écouen,commune,,7202,ign_chef_lieu,2.379,49.018,23.964,18.124,116.000,127.000,138.000,22.000,,41.628,11.321,248.000,291.500,43.500,0.129,16.437,3.051,4.000,True,False,False,,,False
centre,95074,Boisemont,commune,,892,ign_chef_lieu,2.002,49.021,23.972,31.543,115.000,154.000,166.000,51.000,,40.587,9.340,249.000,327.500,78.500,0.232,41.166,3.794,4.000,True,False,False,,,False
centre,78443,Neauphle-le-Vieux,commune,,937,ign_chef_lieu,1.864,48.815,24.005,36.180,124.000,135.000,153.000,29.000,,27.620,10.669,250.000,309.000,59.000,0.175,23.662,4.888,2.000,False,False,False,,,False
centre,91201,Draveil,commune,,30098,ign_chef_lieu,2.405,48.682,24.022,19.735,95.000,102.000,113.000,18.000,,42.002,14.131,251.000,214.000,-37.000,-0.109,-6.600,2.428,4.000,True,False,False,,,False
centre,95637,Vauréal,commune,,16079,ign_chef_lieu,2.021,49.030,24.056,31.004,95.000,132.000,144.000,49.000,,42.137,10.935,252.000,301.500,49.500,0.146,20.782,3.133,4.000,True,False,False,,,False
centre,78623,Le Tremblay-sur-Mauldre,commune,,930,ign_chef_lieu,1.875,48.778,24.078,36.115,,,,,,27.192,,,,,,,,,False,False,False,,,False
centre,95151,Chauvry,commune,,297,ign_chef_lieu,2.267,49.054,24.122,22.876,,,,,,42.983,,,,,,,,,False,False,False,,,False
centre,91482,Pecqueuse,commune,,580,ign_chef_lieu,2.049,48.647,24.165,32.295,,,,,,42.713,,,,,,,,,False,False,False,,,False
centre,78368,Mareil-sur-Mauldre,commune,,1776,ign_chef_lieu,1.866,48.894,24.298,35.964,128.000,150.000,,,,30.418,9.719,253.000,325.000,72.000,0.213,36.546,4.931,3.000,False,False,False,,,False
centre,91339,Linas,commune,,7987,ign_chef_lieu,2.267,48.631,24.310,25.816,131.000,137.000,145.000,14.000,,37.457,10.647,254.000,315.500,61.500,0.182,24.682,3.658,4.000,True,False,False,,,False
centre,93057,Les Pavillons-sous-Bois,commune,,25804,ign_chef_lieu,2.507,48.903,24.328,12.448,80.000,87.000,98.000,18.000,,38.175,16.778,255.000,135.000,-120.000,-0.355,-20.854,2.279,3.000,False,False,False,,,False
centre,91191,Crosne,commune,,9610,ign_chef_lieu,2.458,48.716,24.372,17.388,92.000,99.000,107.000,15.000,,41.628,14.771,256.000,196.500,-59.500,-0.176,-10.020,2.378,2.000,False,False,False,,,False
centre,94015,Bry-sur-Marne,commune,,18503,ign_chef_lieu,2.520,48.835,24.377,12.487,86.000,92.000,102.000,16.000,,40.217,15.898,257.000,160.000,-97.000,-0.287,-16.392,2.288,1.000,False,False,False,,,False
centre,78638,Vaux-sur-Seine,commune,,5202,ign_chef_lieu,1.963,49.006,24.443,33.018,89.000,102.000,136.000,47.000,,36.333,14.378,258.000,214.000,-44.000,-0.130,-7.431,2.807,3.000,False,False,False,,,False
centre,78415,Montainville,commune,,589,ign_chef_lieu,1.860,48.882,24.454,36.271,148.000,170.000,,,,33.765,8.631,259.000,336.000,77.000,0.228,54.245,5.035,3.000,False,False,False,,,False
centre,78576,Saint-Rémy-l'Honoré,commune,,1689,ign_chef_lieu,1.882,48.756,24.490,36.330,,,,,,30.662,,,,,,,,,False,False,False,,,False
centre,95229,Ézanville,commune,,9858,ign_chef_lieu,2.362,49.032,24.547,19.541,122.000,129.000,140.000,18.000,,42.388,11.417,260.000,295.500,35.500,0.105,16.815,3.043,4.000,True,False,False,,,False
centre,95394,Méry-sur-Oise,commune,,9983,ign_chef_lieu,2.185,49.064,24.571,26.196,113.000,122.000,134.000,21.000,,40.475,12.084,261.000,287.000,26.000,0.077,10.422,3.014,3.000,False,False,False,,,False
centre,78128,Cernay-la-Ville,commune,,1516,ign_chef_lieu,1.971,48.673,24.729,34.633,,,,,,37.723,,,,,,,,,False,False,False,,,False
centre,91111,Briis-sous-Forges,commune,,3342,ign_chef_lieu,2.124,48.625,24.774,30.750,121.000,136.000,159.000,38.000,,42.258,10.930,262.000,312.500,50.500,0.149,22.571,3.218,3.000,False,False,False,,,False
centre,91549,Sainte-Geneviève-des-Bois,commune,,35438,ign_chef_lieu,2.327,48.641,24.783,24.073,105.000,111.000,119.000,14.000,,38.945,13.396,263.000,259.000,-4.000,-0.012,0.021,2.850,4.000,True,False,False,,,False
centre,95678,Villiers-Adam,commune,,858,ign_chef_lieu,2.235,49.064,24.808,24.691,116.000,169.000,,,,41.335,8.808,264.000,334.500,70.500,0.209,52.204,4.089,4.000,True,False,False,,,False
centre,91249,Forges-les-Bains,commune,,4241,ign_chef_lieu,2.100,48.628,24.817,31.461,,,,,,45.620,,,,,,,,,False,False,False,,,False
centre,93062,Le Raincy,commune,,14735,ign_chef_lieu,2.516,48.899,24.851,12.881,77.000,85.000,97.000,20.000,,39.230,17.542,265.000,122.500,-142.500,-0.422,-23.515,2.167,2.000,False,False,False,,8.000,False
centre,95277,Gonesse,commune,,27707,ign_chef_lieu,2.450,48.986,24.930,16.121,108.000,114.000,124.000,16.000,,40.692,13.121,266.000,270.500,4.500,0.013,2.413,2.802,3.000,False,False,False,,,False
centre,93005,Aulnay-sous-Bois,commune,,87599,ign_chef_lieu,2.500,48.934,25.030,13.861,72.000,78.000,86.000,14.000,,39.432,19.254,267.000,95.500,-171.500,-0.507,-30.073,1.978,2.000,False,False,False,,2.000,False
centre,91243,Fontenay-lès-Briis,commune,,2350,ign_chef_lieu,2.156,48.619,25.044,30.068,,,,,,38.697,,,,,,,,,False,False,False,,,False
centre,93050,Neuilly-sur-Marne,commune,,39800,ign_chef_lieu,2.528,48.857,25.052,12.915,84.000,90.000,100.000,16.000,,43.605,16.701,268.000,147.500,-120.500,-0.357,-19.351,2.064,2.000,False,False,False,,,False
centre,95388,Menucourt,commune,,6184,ign_chef_lieu,1.984,49.025,25.086,32.872,122.000,,,,,40.177,,,,,,,,,False,False,False,,,False
centre,78050,Bazoches-sur-Guyonne,commune,,721,ign_chef_lieu,1.860,48.778,25.142,37.196,,,,,,26.307,,,,,,,,,False,False,False,,,False
centre,91570,Saint-Michel-sur-Orge,commune,,21776,ign_chef_lieu,2.303,48.630,25.179,25.414,97.000,103.000,111.000,14.000,,38.440,14.667,269.000,223.500,-45.500,-0.135,-7.941,2.680,3.000,False,False,False,,,False
centre,95039,Auvers-sur-Oise,commune,,6863,ign_chef_lieu,2.172,49.070,25.232,27.207,147.000,,,,,43.370,,,,,,,,,False,False,False,,,False
centre,95409,Moisselles,commune,,1261,ign_chef_lieu,2.337,49.048,25.239,21.344,120.000,147.000,158.000,38.000,,42.433,10.302,270.000,323.500,53.500,0.158,31.222,3.464,4.000,True,False,False,,,False
centre,78090,Bouafle,commune,,2234,ign_chef_lieu,1.897,48.966,25.279,35.533,129.000,174.000,,,,27.303,8.717,271.000,338.000,67.000,0.198,55.199,6.373,3.000,False,False,False,,,False
centre,95183,Courdimanche,commune,,7311,ign_chef_lieu,2.002,49.035,25.315,32.500,111.000,147.000,158.000,47.000,,41.875,10.333,272.000,323.500,51.500,0.152,31.019,3.510,3.000,False,False,False,,,False
centre,91421,Montgeron,commune,,24022,ign_chef_lieu,2.460,48.704,25.360,18.725,84.000,91.000,99.000,15.000,,43.795,16.721,273.000,153.500,-119.500,-0.354,-18.967,2.078,2.000,False,False,False,,,False
centre,91286,Grigny,commune,,26842,ign_chef_lieu,2.385,48.656,25.378,22.380,97.000,103.000,110.000,13.000,,36.062,14.783,274.000,223.500,-50.500,-0.149,-8.315,2.856,4.000,True,False,False,,,False
centre,78049,Bazemont,commune,,1727,ign_chef_lieu,1.865,48.928,25.444,36.598,,,,,,33.683,,,,,,,,,False,False,False,,,False
centre,78220,Les Essarts-le-Roi,commune,,6831,ign_chef_lieu,1.895,48.718,25.691,37.012,105.000,112.000,121.000,16.000,,30.303,13.763,275.000,262.500,-12.500,-0.037,-0.931,3.696,2.000,False,False,False,,,False
centre,78366,Mareil-le-Guyon,commune,,420,ign_chef_lieu,1.847,48.790,25.707,37.830,,,,,,28.993,,,,,,,,,False,False,False,,,False
centre,95127,Cergy,commune,,70906,ign_chef_lieu,2.035,49.053,25.783,31.864,85.000,119.000,130.000,45.000,,42.780,13.000,276.000,281.500,5.500,0.016,5.068,2.782,3.000,False,False,False,,,False
centre,78588,Saulx-Marchais,commune,,950,ign_chef_lieu,1.836,48.838,25.793,37.929,,,,,,33.085,,,,,,,,,False,False,False,,,False
centre,94019,Chennevières-sur-Marne,commune,,18710,ign_chef_lieu,2.533,48.796,25.863,14.818,96.000,103.000,111.000,15.000,,46.190,15.066,277.000,223.500,-53.500,-0.158,-9.204,2.230,2.000,False,False,False,,,False
centre,91333,Leuville-sur-Orge,commune,,4271,ign_chef_lieu,2.264,48.616,25.896,27.494,134.000,140.000,148.000,14.000,,38.137,11.098,278.000,317.000,39.000,0.115,23.332,3.671,4.000,True,False,False,,,False
centre,78380,Maule,commune,,6083,ign_chef_lieu,1.848,48.909,25.947,37.443,136.000,158.000,,,,34.597,9.853,279.000,331.000,52.000,0.154,39.047,4.567,3.000,False,False,False,,,False
centre,94071,Sucy-en-Brie,commune,,27764,ign_chef_lieu,2.524,48.771,25.991,15.789,88.000,95.000,105.000,17.000,,43.265,16.416,280.000,175.500,-104.500,-0.309,-16.469,2.196,1.000,False,False,False,,,False
centre,94079,Villiers-sur-Marne,commune,,33162,ign_chef_lieu,2.541,48.826,25.992,14.228,83.000,90.000,98.000,15.000,,43.065,17.328,281.000,147.500,-133.500,-0.395,-20.867,2.090,2.000,False,False,False,,,False
centre,95042,Baillet-en-France,commune,,2021,ign_chef_lieu,2.300,49.065,26.003,23.539,121.000,157.000,169.000,48.000,,46.785,9.937,282.000,330.000,48.000,0.142,38.014,3.356,4.000,True,False,False,,,False
centre,93032,Gagny,commune,,42313,ign_chef_lieu,2.537,48.885,26.008,13.876,77.000,85.000,121.000,44.000,,42.575,18.359,283.000,122.500,-160.500,-0.475,-25.287,1.996,2.000,False,False,False,,3.000,False
centre,78227,Évecquemont,commune,,754,ign_chef_lieu,1.944,49.014,26.031,34.671,114.000,125.000,164.000,50.000,,35.163,12.495,284.000,289.500,5.500,0.016,9.822,3.555,3.000,False,False,False,,,False
centre,78653,Vicq,commune,,389,ign_chef_lieu,1.835,48.815,26.117,38.292,,,,,,28.568,,,,,,,,,False,False,False,,,False
centre,94004,Boissy-Saint-Léger,commune,,17325,ign_chef_lieu,2.513,48.748,26.157,16.866,86.000,92.000,101.000,15.000,,41.212,17.059,285.000,160.000,-125.000,-0.370,-19.372,2.232,1.000,False,False,False,,,False
centre,91691,Yerres,commune,,27906,ign_chef_lieu,2.488,48.717,26.172,18.417,92.000,99.000,107.000,15.000,,45.548,15.862,286.000,196.500,-89.500,-0.265,-13.263,2.174,3.000,False,False,False,,,False
centre,95392,Mériel,commune,,5347,ign_chef_lieu,2.205,49.079,26.219,27.012,107.000,114.000,125.000,18.000,,42.903,13.800,287.000,270.500,-16.500,-0.049,-0.213,2.657,3.000,False,False,False,,,False
centre,78440,Les Mureaux,commune,,34632,ign_chef_lieu,1.909,48.993,26.349,35.876,100.000,111.000,122.000,22.000,,27.720,14.243,288.000,259.000,-29.000,-0.086,-3.085,4.004,2.000,False,False,False,,,False
centre,95028,Attainville,commune,,1904,ign_chef_lieu,2.346,49.057,26.407,22.317,122.000,146.000,,,,45.552,10.852,289.000,321.500,32.500,0.096,27.329,3.205,4.000,True,False,False,,,False
centre,95476,Osny,commune,,17954,ign_chef_lieu,2.062,49.066,26.430,31.598,103.000,141.000,153.000,50.000,,44.917,11.247,290.000,318.000,28.000,0.083,22.912,3.139,3.000,False,False,False,,,False
centre,95211,Ennery,commune,,2243,ign_chef_lieu,2.106,49.076,26.536,30.368,,,,,,44.195,,,,,,,,,False,False,False,,,False
centre,95094,Bouqueval,commune,,314,ign_chef_lieu,2.424,49.024,26.559,19.420,,,,,,44.458,,,,,,,,,False,False,False,,,False
centre,95510,Puiseux-Pontoise,commune,,603,ign_chef_lieu,2.022,49.057,26.651,32.908,100.000,134.000,145.000,45.000,,41.967,11.933,291.000,306.500,15.500,0.046,16.312,3.193,3.000,False,False,False,,,False
centre,94055,Ormesson-sur-Marne,commune,,10977,ign_chef_lieu,2.540,48.786,26.695,15.889,103.000,109.000,118.000,15.000,,45.338,14.694,292.000,250.500,-41.500,-0.123,-5.468,2.404,3.000,False,False,False,,,False
centre,95492,Le Plessis-Gassot,commune,,102,ign_chef_lieu,2.412,49.033,26.765,20.173,,,,,,45.257,,,,,,,,,False,False,False,,,False
centre,93051,Noisy-le-Grand,commune,,72978,ign_chef_lieu,2.552,48.850,26.773,14.690,85.000,90.000,100.000,15.000,,43.877,17.849,293.000,147.500,-145.500,-0.430,-22.065,2.051,2.000,False,False,False,,7.000,False
centre,78238,Flins-sur-Seine,commune,,2447,ign_chef_lieu,1.870,48.963,26.803,37.295,,,,,,26.850,,,,,,,,,False,False,False,,,False
centre,95430,Montsoult,commune,,4023,ign_chef_lieu,2.312,49.071,26.836,24.007,109.000,145.000,157.000,48.000,,47.048,11.104,294.000,320.000,26.000,0.077,25.412,3.082,4.000,True,False,False,,,False
centre,93046,Livry-Gargan,commune,,47228,ign_chef_lieu,2.536,48.919,26.927,15.193,88.000,97.000,105.000,17.000,,40.438,16.656,295.000,185.500,-109.500,-0.324,-16.250,2.399,3.000,False,False,False,,,False
centre,91235,Fleury-Mérogis,commune,,13721,ign_chef_lieu,2.361,48.630,26.945,25.188,109.000,116.000,123.000,14.000,,40.633,13.937,296.000,273.500,-22.500,-0.067,0.120,2.855,4.000,True,False,False,,,False
centre,95120,Butry-sur-Oise,commune,,2252,ign_chef_lieu,2.198,49.086,26.957,27.909,122.000,129.000,139.000,17.000,,44.995,12.538,297.000,295.500,-1.500,-0.004,11.314,2.867,3.000,False,False,False,,,False
centre,78033,Aulnay-sur-Mauldre,commune,,1180,ign_chef_lieu,1.844,48.929,26.968,38.176,150.000,172.000,,,,35.023,9.407,298.000,337.000,39.000,0.115,48.389,4.911,3.000,False,False,False,,,False
centre,91521,Ris-Orangis,commune,,31189,ign_chef_lieu,2.416,48.654,26.971,23.016,104.000,114.000,126.000,22.000,,41.100,14.195,299.000,270.500,-28.500,-0.084,-1.656,2.774,3.000,False,False,False,,,False
centre,93071,Sevran,commune,,52535,ign_chef_lieu,2.526,48.940,26.992,15.716,86.000,91.000,99.000,13.000,,43.163,17.797,300.000,153.500,-146.500,-0.433,-21.528,2.108,3.000,False,False,False,,5.000,False
centre,78013,Andelu,commune,,550,ign_chef_lieu,1.824,48.879,27.014,38.888,,,,,,38.080,,,,,,,,,False,False,False,,,False
centre,78034,Auteuil,commune,,1020,ign_chef_lieu,1.819,48.841,27.094,39.220,,,,,,31.553,,,,,,,,,False,False,False,,,False
centre,78364,Marcq,commune,,802,ign_chef_lieu,1.819,48.860,27.117,39.145,,,,,,33.660,,,,,,,,,False,False,False,,,False
centre,95612,Le Thillay,commune,,4560,ign_chef_lieu,2.470,49.002,27.145,18.314,112.000,119.000,129.000,17.000,,41.782,13.687,301.000,281.500,-19.500,-0.058,2.319,2.848,3.000,False,False,False,,,False
centre,78401,Meulan-en-Yvelines,commune,,8950,ign_chef_lieu,1.910,49.005,27.154,36.404,93.000,110.000,120.000,27.000,,29.683,14.812,302.000,255.000,-47.000,-0.139,-5.437,3.706,2.000,False,False,False,,,False
centre,78030,Auffargis,commune,,1963,ign_chef_lieu,1.887,48.700,27.224,38.336,,,,,,33.015,,,,,,,,,False,False,False,,,False
centre,91634,Vaugrigneuse,commune,,1458,ign_chef_lieu,2.121,48.603,27.240,32.966,,,,,,43.377,,,,,,,,,False,False,False,,,False
centre,91103,Brétigny-sur-Orge,commune,,26658,ign_chef_lieu,2.306,48.611,27.241,27.452,96.000,102.000,110.000,14.000,,40.732,16.024,303.000,214.000,-89.000,-0.263,-12.458,2.504,3.000,False,False,False,,,False
centre,93014,Clichy-sous-Bois,commune,,29354,ign_chef_lieu,2.546,48.911,27.318,15.426,93.000,100.000,111.000,18.000,,41.870,16.391,304.000,203.000,-101.000,-0.299,-14.299,2.388,3.000,False,False,False,,,False
centre,95353,Maffliers,commune,,1856,ign_chef_lieu,2.308,49.076,27.336,24.650,118.000,154.000,166.000,48.000,,48.332,10.650,305.000,327.500,22.500,0.067,31.935,3.186,4.000,True,False,False,,,False
centre,78398,Les Mesnuls,commune,,910,ign_chef_lieu,1.837,48.758,27.452,39.400,,,,,,30.680,,,,,,,,,False,False,False,,,False
centre,78029,Aubergenville,commune,,12723,ign_chef_lieu,1.856,48.959,27.515,38.154,123.000,135.000,152.000,29.000,,28.052,12.229,306.000,309.000,3.000,0.009,15.268,4.813,3.000,False,False,False,,,False
centre,94053,Noiseau,commune,,4628,ign_chef_lieu,2.549,48.775,27.592,17.032,96.000,112.000,123.000,27.000,,47.275,14.781,307.000,262.500,-44.500,-0.132,-4.507,2.369,3.000,False,False,False,,,False
centre,91494,Le Plessis-Pâté,commune,,4154,ign_chef_lieu,2.325,48.612,27.653,27.230,121.000,129.000,139.000,18.000,,43.788,12.862,308.000,295.500,-12.500,-0.037,9.864,2.946,4.000,True,False,False,,,False
centre,78087,Bonnelles,commune,,2165,ign_chef_lieu,2.028,48.618,27.662,35.639,,,,,,46.225,,,,,,,,,False,False,False,,,False
centre,78389,Méré,commune,,1731,ign_chef_lieu,1.820,48.788,27.713,39.841,,,,,,28.337,,,,,,,,,False,False,False,,,False
centre,95395,Le Mesnil-Aubry,commune,,914,ign_chef_lieu,2.400,49.051,27.797,21.898,,,,,,45.397,,,,,,,,,False,False,False,,,False
centre,91115,Bruyères-le-Châtel,commune,,3788,ign_chef_lieu,2.193,48.593,27.818,31.522,,,,,,43.857,,,,,,,,,False,False,False,,,False
centre,91186,Courson-Monteloup,commune,,563,ign_chef_lieu,2.145,48.593,28.039,33.033,,,,,,42.532,,,,,,,,,False,False,False,,,False
centre,95633,Vaudherland,commune,,104,ign_chef_lieu,2.487,49.001,28.040,18.838,123.000,129.000,140.000,17.000,,40.870,13.042,309.000,295.500,-13.500,-0.040,9.079,3.156,4.000,True,False,False,,,False
centre,95445,Nerville-la-Forêt,commune,,756,ign_chef_lieu,2.277,49.089,28.111,26.490,,,,,,46.117,,,,,,,,,False,False,False,,,False
centre,95628,Valmondois,commune,,1208,ign_chef_lieu,2.190,49.096,28.115,29.206,125.000,132.000,142.000,17.000,,48.473,12.779,310.000,301.500,-8.500,-0.025,11.463,2.723,3.000,False,False,False,,,False
centre,78609,Tessancourt-sur-Aubette,commune,,966,ign_chef_lieu,1.919,49.024,28.119,36.817,129.000,,,,,33.753,,,,,,,,,False,False,False,,,False
centre,91552,Saint-Germain-lès-Arpajon,commune,,11623,ign_chef_lieu,2.256,48.595,28.130,29.966,120.000,127.000,136.000,16.000,,40.612,13.290,311.000,291.500,-19.500,-0.058,7.211,3.127,4.000,True,False,False,,,False
centre,91461,Ollainville,commune,,5455,ign_chef_lieu,2.217,48.591,28.157,31.145,139.000,146.000,154.000,15.000,,43.205,11.572,312.000,321.500,9.500,0.028,23.189,3.379,4.000,True,False,False,,,False
centre,78036,Autouillet,commune,,665,ign_chef_lieu,1.804,48.850,28.202,40.287,,,,,,33.405,,,,,,,,,False,False,False,,,False
centre,78451,Nézel,commune,,1139,ign_chef_lieu,1.836,48.946,28.204,39.171,143.000,165.000,,,,31.277,10.256,313.000,333.000,20.000,0.059,39.102,5.275,3.000,False,False,False,,,False
centre,78299,Hardricourt,commune,,2599,ign_chef_lieu,1.894,49.008,28.217,37.562,100.000,116.000,127.000,27.000,,31.695,14.595,314.000,273.500,-40.500,-0.120,-2.230,3.660,3.000,False,False,False,,,False
centre,95170,Condécourt,commune,,564,ign_chef_lieu,1.941,49.040,28.335,36.382,127.000,,,,,36.100,,,,,,,,,False,False,False,,,False
centre,93033,Gournay-sur-Marne,commune,,7320,ign_chef_lieu,2.573,48.865,28.355,16.191,96.000,102.000,112.000,16.000,,48.845,16.679,315.000,214.000,-101.000,-0.299,-14.246,2.088,2.000,False,False,False,,,False
centre,91114,Brunoy,commune,,25643,ign_chef_lieu,2.504,48.698,28.358,20.863,84.000,92.000,99.000,15.000,,49.095,18.494,316.000,160.000,-156.000,-0.462,-22.657,1.874,2.000,False,False,False,,4.000,False
centre,78120,Bullion,commune,,1916,ign_chef_lieu,1.999,48.621,28.369,36.885,,,,,,43.852,,,,,,,,,False,False,False,,,False
centre,78125,La Celle-les-Bordes,commune,,840,ign_chef_lieu,1.955,48.640,28.378,37.866,,,,,,42.842,,,,,,,,,False,False,False,,,False
centre,78403,Mézy-sur-Seine,commune,,2242,ign_chef_lieu,1.881,49.000,28.407,38.054,110.000,120.000,135.000,25.000,,32.848,14.204,317.000,285.000,-32.000,-0.095,0.792,3.653,3.000,False,False,False,,,False
centre,78230,La Falaise,commune,,609,ign_chef_lieu,1.832,48.945,28.426,39.417,147.000,169.000,,,,32.093,10.092,318.000,334.500,16.500,0.049,41.900,5.266,3.000,False,False,False,,,False
centre,95078,Boissy-l'Aillerie,commune,,2120,ign_chef_lieu,2.029,49.077,28.442,34.103,,,,,,45.192,,,,,,,,,False,False,False,,,False
centre,91021,Arpajon,commune,,11698,ign_chef_lieu,2.248,48.590,28.520,30.594,125.000,132.000,142.000,17.000,,40.675,12.964,319.000,301.500,-17.500,-0.052,10.644,3.245,4.000,True,False,False,,,False
centre,94059,Le Plessis-Trévise,commune,,21112,ign_chef_lieu,2.573,48.809,28.536,17.014,95.000,102.000,113.000,18.000,,48.813,16.786,320.000,214.000,-106.000,-0.314,-14.526,2.090,2.000,False,False,False,,,False
centre,95271,Génicourt,commune,,514,ign_chef_lieu,2.066,49.088,28.574,33.190,125.000,155.000,167.000,42.000,,43.798,11.061,321.000,329.000,8.000,0.024,29.797,3.539,3.000,False,False,False,,,False
centre,95535,Sagy,commune,,1096,ign_chef_lieu,1.952,49.050,28.720,36.391,,,,,,37.937,,,,,,,,,False,False,False,,,False
centre,93078,Villepinte,commune,,41470,ign_chef_lieu,2.535,48.964,28.738,17.917,90.000,95.000,105.000,15.000,,42.545,18.151,322.000,175.500,-146.500,-0.433,-20.682,2.233,4.000,True,False,False,,6.000,False
centre,78420,Montfort-l'Amaury,commune,,2779,ign_chef_lieu,1.809,48.778,28.767,40.864,,,,,,28.973,,,,,,,,,False,False,False,,,False
centre,94075,Villecresnes,commune,,11647,ign_chef_lieu,2.533,48.722,28.769,20.000,95.000,101.000,108.000,13.000,,45.422,17.090,323.000,208.000,-115.000,-0.340,-15.718,2.224,3.000,False,False,False,,,False
centre,95660,Villaines-sous-Bois,commune,,778,ign_chef_lieu,2.357,49.077,28.769,24.532,149.000,160.000,179.000,30.000,,48.397,10.788,324.000,332.000,8.000,0.024,33.515,3.306,3.000,False,False,False,,,False
centre,78084,Boissy-sans-Avoir,commune,,616,ign_chef_lieu,1.798,48.819,28.772,40.944,,,,,,28.773,,,,,,,,,False,False,False,,,False
centre,95341,Livilliers,commune,,389,ign_chef_lieu,2.095,49.095,28.808,32.576,,,,,,45.413,,,,,,,,,False,False,False,,,False
centre,93047,Montfermeil,commune,,28703,ign_chef_lieu,2.571,48.902,28.844,16.801,92.000,100.000,114.000,22.000,,45.892,17.307,325.000,203.000,-122.000,-0.361,-16.665,2.179,3.000,False,False,False,,,False
centre,78616,Thoiry,commune,,1434,ign_chef_lieu,1.795,48.865,28.889,40.886,,,,,,35.378,,,,,,,,,False,False,False,,,False
centre,95308,Hérouville-en-Vexin,commune,,584,ign_chef_lieu,2.131,49.101,28.945,31.683,,,,,,46.510,,,,,,,,,False,False,False,,,False
centre,94060,La Queue-en-Brie,commune,,12241,ign_chef_lieu,2.575,48.791,29.026,17.886,96.000,103.000,110.000,14.000,,50.700,16.908,326.000,223.500,-102.500,-0.303,-14.442,2.032,2.000,False,False,False,,,False
centre,91457,La Norville,commune,,4268,ign_chef_lieu,2.259,48.587,29.049,30.770,124.000,131.000,140.000,16.000,,42.797,13.305,327.000,299.000,-28.000,-0.083,8.772,3.061,4.000,True,False,False,,,False
centre,91215,Épinay-sous-Sénart,commune,,11611,ign_chef_lieu,2.515,48.695,29.177,21.565,94.000,102.000,109.000,15.000,,50.390,17.163,328.000,214.000,-114.000,-0.337,-15.498,2.024,2.000,False,False,False,,,False
centre,78262,Galluis,commune,,1298,ign_chef_lieu,1.796,48.796,29.252,41.412,,,,,,28.433,,,,,,,,,False,False,False,,,False
centre,91086,Bondoufle,commune,,10767,ign_chef_lieu,2.380,48.613,29.260,27.114,131.000,137.000,144.000,13.000,,42.235,12.815,329.000,315.500,-13.500,-0.040,13.330,3.244,4.000,True,False,False,,,False
centre,95181,Courcelles-sur-Viosne,commune,,310,ign_chef_lieu,2.003,49.077,29.288,35.449,,,,,,44.625,,,,,,,,,False,False,False,,,False
centre,94048,Marolles-en-Brie,commune,,4781,ign_chef_lieu,2.550,48.733,29.336,20.000,111.000,117.000,128.000,17.000,,47.345,15.044,330.000,276.000,-54.000,-0.160,-3.343,2.471,3.000,False,False,False,,,False
centre,91600,Soisy-sur-Seine,commune,,7418,ign_chef_lieu,2.452,48.646,29.353,24.527,122.000,133.000,154.000,32.000,,45.057,13.242,331.000,304.500,-26.500,-0.078,9.842,2.952,3.000,False,False,False,,,False
centre,91207,Égly,commune,,7166,ign_chef_lieu,2.222,48.580,29.430,32.222,126.000,133.000,141.000,15.000,,43.500,13.277,332.000,304.500,-27.500,-0.081,9.694,3.057,4.000,True,False,False,,,False
centre,91017,Angervilliers,commune,,1772,ign_chef_lieu,2.065,48.592,29.456,36.281,,,,,,47.132,,,,,,,,,False,False,False,,,False
centre,95682,Villiers-le-Sec,commune,,205,ign_chef_lieu,2.390,49.072,29.458,24.189,,,,,,48.338,,,,,,,,,False,False,False,,,False
centre,95422,Montgeroult,commune,,361,ign_chef_lieu,2.007,49.081,29.501,35.515,,,,,,46.042,,,,,,,,,False,False,False,,,False
centre,93074,Vaujours,commune,,8007,ign_chef_lieu,2.567,48.932,29.525,17.861,105.000,110.000,118.000,13.000,,42.810,16.105,333.000,255.000,-78.000,-0.231,-9.426,2.569,2.000,False,False,False,,,False
centre,91568,Saint-Maurice-Montcouronne,commune,,1543,ign_chef_lieu,2.124,48.581,29.535,34.900,,,,,,45.577,,,,,,,,,False,False,False,,,False
centre,78261,Gaillon-sur-Montcient,commune,,689,ign_chef_lieu,1.892,49.024,29.542,38.550,,,,,,32.617,,,,,,,,,False,False,False,,,False
centre,78486,Le Perray-en-Yvelines,commune,,6480,ign_chef_lieu,1.855,48.695,29.573,40.787,100.000,107.000,116.000,16.000,,35.238,16.583,334.000,242.000,-92.000,-0.272,-11.970,3.036,2.000,False,False,False,,,False
centre,95280,Goussainville,commune,,31301,ign_chef_lieu,2.473,49.032,29.638,21.474,96.000,105.000,116.000,20.000,,47.597,16.936,335.000,234.500,-100.500,-0.297,-13.713,2.206,3.000,False,False,False,,,False
centre,93015,Coubron,commune,,5175,ign_chef_lieu,2.577,48.916,29.651,17.733,100.000,109.000,119.000,19.000,,44.595,16.321,336.000,250.500,-85.500,-0.253,-10.445,2.444,3.000,False,False,False,,,False
centre,77108,Chelles,commune,,54620,ign_chef_lieu,2.590,48.878,29.767,17.593,83.000,92.000,108.000,25.000,,50.303,19.413,337.000,160.000,-177.000,-0.524,-24.565,1.829,2.000,False,False,False,,1.000,False
centre,95313,L'Isle-Adam,commune,,12493,ign_chef_lieu,2.218,49.112,29.975,30.126,121.000,128.000,138.000,17.000,,47.298,14.051,338.000,293.000,-45.000,-0.133,4.577,2.706,3.000,False,False,False,,,False
centre,78655,Vieille-Église-en-Yvelines,commune,,652,ign_chef_lieu,1.875,48.670,29.984,40.732,,,,,,38.690,,,,,,,,,False,False,False,,,False
gare,92033,Garches,commune,,17743,ign_chef_lieu,2.188,48.844,0.584,12.175,9.000,9.000,9.000,0.000,9.000,1.572,3.892,,,,,,5.726,0.000,False,True,False,,,True
gare,92047,Marnes-la-Coquette,commune,,1752,ign_chef_lieu,2.178,48.830,1.125,13.169,17.000,17.000,17.000,0.000,17.000,4.338,3.972,1.000,1.000,0.000,0.000,-6.764,3.919,0.000,False,True,False,,,False
gare,92077,Ville-d'Avray,commune,,11089,ign_chef_lieu,2.190,48.828,1.130,12.361,26.000,26.000,26.000,0.000,26.000,5.623,2.607,2.000,4.500,2.500,0.007,42.306,4.624,0.000,False,True,False,,,False
gare,92076,Vaucresson,commune,,8432,ign_chef_lieu,2.158,48.839,2.100,14.401,16.000,19.000,23.000,7.000,30.000,2.688,6.631,3.000,2.000,-1.000,-0.003,-26.148,7.068,0.000,False,False,False,,,False
gare,92072,Sèvres,commune,,22303,ign_chef_lieu,2.213,48.825,2.442,10.853,33.000,37.000,41.000,8.000,43.000,8.845,3.960,4.000,12.000,8.000,0.024,32.317,4.183,1.000,False,False,False,,,False
gare,92064,Saint-Cloud,commune,,29855,ign_chef_lieu,2.219,48.844,2.465,9.890,16.000,21.000,26.000,10.000,34.000,4.763,7.044,5.000,3.000,-2.000,-0.006,-25.293,4.409,0.000,False,False,False,,,False
gare,92022,Chaville,commune,,20594,ign_chef_lieu,2.188,48.810,3.159,13.115,28.000,35.000,45.000,17.000,59.000,12.968,5.415,6.000,10.500,4.500,0.013,8.584,2.699,1.000,False,False,False,,,False
gare,78126,La Celle-Saint-Cloud,commune,,20460,ign_chef_lieu,2.136,48.848,3.859,15.897,23.000,27.000,31.000,8.000,59.000,7.533,8.575,7.000,6.000,-1.000,-0.003,-24.994,3.584,0.000,False,False,False,,,False
gare,92012,Boulogne-Billancourt,commune,,119019,ign_chef_lieu,2.241,48.836,3.974,8.524,34.000,40.000,46.000,12.000,60.000,8.187,5.960,8.000,16.000,8.000,0.024,9.332,4.886,1.000,False,False,False,,,False
gare,78092,Bougival,commune,,9134,ign_chef_lieu,2.140,48.861,4.242,15.612,28.000,34.000,39.000,11.000,66.000,10.342,7.485,9.000,9.000,0.000,0.000,-10.356,3.288,1.000,False,False,False,,,False
gare,78686,Viroflay,commune,,17237,ign_chef_lieu,2.173,48.800,4.410,14.594,37.000,45.000,56.000,19.000,73.000,15.175,5.879,10.000,22.500,12.500,0.037,16.129,2.965,1.000,False,False,False,,,False
gare,92063,Rueil-Malmaison,commune,,82874,ign_chef_lieu,2.181,48.878,4.420,12.835,40.000,43.000,45.000,5.000,72.000,9.903,6.167,11.000,18.500,7.500,0.022,10.825,4.342,1.000,False,False,False,,,False
gare,92073,Suresnes,commune,,48956,ign_chef_lieu,2.225,48.871,4.612,9.487,22.000,26.000,34.000,12.000,69.000,7.838,10.644,12.000,4.500,-7.500,-0.022,-34.549,3.317,1.000,False,False,False,,,False
gare,78158,Le Chesnay-Rocquencourt,commune,,30689,ign_chef_lieu,2.125,48.826,4.687,17.006,32.000,39.000,47.000,15.000,72.000,7.430,7.210,13.000,14.000,1.000,0.003,-2.685,5.249,1.000,False,False,False,,,False
gare,92048,Meudon,commune,,46334,ign_chef_lieu,2.239,48.813,4.744,9.653,43.000,48.000,52.000,9.000,77.000,13.962,5.930,14.000,30.500,16.500,0.049,18.967,3.438,1.000,False,False,False,,,False
gare,78190,Croissy-sur-Seine,commune,,11013,ign_chef_lieu,2.148,48.881,5.488,15.263,41.000,52.000,63.000,22.000,102.000,14.793,6.332,15.000,41.000,26.000,0.077,18.929,3.515,1.000,False,False,False,,,False
gare,78646,Versailles,commune,,84095,ign_chef_lieu,2.130,48.801,5.851,17.444,46.000,52.000,60.000,14.000,90.000,10.350,6.751,16.000,41.000,25.000,0.074,14.794,5.024,1.000,False,False,False,,,False
gare,78350,Louveciennes,commune,,7990,ign_chef_lieu,2.113,48.862,6.031,17.620,30.000,35.000,39.000,9.000,91.000,9.678,10.339,17.000,10.500,-6.500,-0.019,-24.018,3.616,0.000,False,False,False,,,False
gare,78146,Chatou,commune,,30598,ign_chef_lieu,2.158,48.890,6.115,14.779,47.000,53.000,58.000,11.000,104.000,14.200,6.923,18.000,43.000,25.000,0.074,14.183,3.732,1.000,False,False,False,,,False
gare,92050,Nanterre,commune,,97783,ign_chef_lieu,2.207,48.892,6.158,11.372,42.000,46.000,51.000,9.000,97.000,14.352,8.032,19.000,25.000,6.000,0.018,-1.274,3.205,1.000,False,False,False,,,False
gare,78640,Vélizy-Villacoublay,commune,,23011,ign_chef_lieu,2.191,48.783,6.190,14.434,49.000,57.000,67.000,18.000,104.000,17.098,6.515,20.000,57.000,37.000,0.109,21.984,3.334,2.000,False,False,False,,,False
gare,92062,Puteaux,commune,,44002,ign_chef_lieu,2.238,48.884,6.338,8.936,25.000,30.000,38.000,13.000,94.000,12.588,12.675,21.000,7.000,-14.000,-0.041,-36.630,2.383,0.000,False,False,False,,,False
gare,92040,Issy-les-Moulineaux,commune,,67669,ign_chef_lieu,2.274,48.825,6.589,6.776,46.000,51.000,56.000,10.000,99.000,14.305,7.752,22.000,38.000,16.000,0.047,5.442,3.565,2.000,False,False,False,,,False
gare,92023,Clamart,commune,,58576,ign_chef_lieu,2.263,48.801,6.994,9.044,56.000,63.000,69.000,13.000,112.000,19.893,6.661,23.000,76.500,53.500,0.158,26.029,3.167,2.000,False,False,True,,,False
gare,78502,Le Port-Marly,commune,,5559,ign_chef_lieu,2.112,48.878,7.071,17.836,41.000,46.000,50.000,9.000,109.000,15.035,9.223,24.000,25.000,1.000,0.003,-8.530,3.060,0.000,False,False,False,,,False
gare,75116,Paris 16e Arrondissement,district,75056,159386,ign_chef_lieu_arrondissement,2.277,48.864,7.179,5.633,42.000,48.000,55.000,13.000,109.000,15.722,8.973,25.000,30.500,5.500,0.016,-5.348,3.053,2.000,False,False,False,,,False
gare,78650,Le Vésinet,commune,,15554,ign_chef_lieu,2.135,48.895,7.316,16.525,53.000,58.000,64.000,11.000,,17.223,7.569,26.000,61.000,35.000,0.104,13.176,3.368,2.000,False,False,False,,,False
gare,78372,Marly-le-Roi,commune,,16756,ign_chef_lieu,2.097,48.868,7.360,18.789,28.000,33.000,37.000,9.000,112.000,12.268,13.382,27.000,8.000,-19.000,-0.056,-35.816,2.690,0.000,False,False,False,,,False
gare,78124,Carrières-sur-Seine,commune,,14791,ign_chef_lieu,2.176,48.906,7.568,14.048,60.000,67.000,75.000,15.000,,21.707,6.777,28.000,87.000,59.000,0.175,28.320,3.087,2.000,False,False,True,,,False
gare,92075,Vanves,commune,,28622,ign_chef_lieu,2.289,48.821,7.789,6.048,52.000,56.000,61.000,9.000,116.000,16.708,8.345,29.000,54.000,25.000,0.074,5.563,3.352,1.000,False,False,False,,,False
gare,78043,Bailly,commune,,3731,ign_chef_lieu,2.079,48.840,7.905,20.169,43.000,55.000,63.000,20.000,114.000,10.588,8.624,30.000,52.000,22.000,0.065,2.832,5.194,1.000,False,False,False,,,False
gare,92051,Neuilly-sur-Seine,commune,,59538,ign_chef_lieu,2.270,48.885,7.997,6.847,37.000,42.000,51.000,14.000,,15.097,11.424,31.000,17.000,-14.000,-0.041,-21.970,2.782,2.000,False,False,False,,,False
gare,92026,Courbevoie,commune,,82902,ign_chef_lieu,2.256,48.895,8.120,8.332,34.000,39.000,47.000,13.000,,14.443,12.493,32.000,14.000,-18.000,-0.053,-28.155,2.700,0.000,False,False,False,,,False
gare,78418,Montesson,commune,,14549,ign_chef_lieu,2.150,48.909,8.269,15.966,61.000,70.000,83.000,22.000,,21.548,7.087,33.000,100.500,67.500,0.200,27.671,3.249,2.000,False,False,False,,,False
gare,78322,Jouy-en-Josas,commune,,7981,ign_chef_lieu,2.169,48.765,8.291,16.922,61.000,69.000,77.000,16.000,,17.677,7.210,34.000,95.000,61.000,0.180,25.656,3.903,2.000,False,False,False,,,False
gare,75115,Paris 15e Arrondissement,district,75056,229713,ign_chef_lieu_arrondissement,2.300,48.841,8.360,4.177,50.000,55.000,60.000,10.000,,19.557,9.120,35.000,52.000,17.000,0.050,-0.292,2.812,2.000,False,False,False,,,False
gare,92060,Le Plessis-Robinson,commune,,28848,ign_chef_lieu,2.262,48.782,8.367,10.588,69.000,73.000,77.000,8.000,,18.875,6.877,36.000,111.500,75.500,0.223,32.277,3.868,2.000,False,False,False,,,False
gare,78117,Buc,commune,,5816,ign_chef_lieu,2.126,48.774,8.418,18.992,69.000,76.000,86.000,17.000,,18.283,6.646,37.000,123.500,86.500,0.256,37.250,4.157,3.000,False,False,False,,,False
gare,92046,Malakoff,commune,,30557,ign_chef_lieu,2.302,48.821,8.669,5.440,56.000,62.000,67.000,11.000,,17.578,8.389,38.000,73.500,35.500,0.105,10.166,3.527,1.000,False,False,False,,,False
gare,92020,Châtillon,commune,,36705,ign_chef_lieu,2.290,48.800,8.720,7.810,67.000,73.000,78.000,11.000,,20.908,7.167,39.000,111.500,72.500,0.214,29.292,3.491,2.000,False,False,False,,,False
gare,92035,La Garenne-Colombes,commune,,30197,ign_chef_lieu,2.247,48.907,8.810,9.590,38.000,43.000,51.000,13.000,,16.767,12.293,40.000,18.500,-21.500,-0.064,-24.273,2.565,0.000,False,False,False,,,False
gare,78481,Le Pecq,commune,,16059,ign_chef_lieu,2.106,48.897,8.823,18.628,54.000,60.000,69.000,15.000,,17.678,8.823,41.000,66.500,25.500,0.075,5.585,3.394,1.000,False,False,False,,,False
gare,78343,Les Loges-en-Josas,commune,,1645,ign_chef_lieu,2.140,48.764,8.907,18.643,68.000,74.000,81.000,13.000,,19.605,7.222,42.000,116.000,74.000,0.219,29.538,3.775,3.000,False,False,False,,,False
gare,78455,Noisy-le-Roi,commune,,7713,ign_chef_lieu,2.064,48.844,8.978,21.184,40.000,50.000,58.000,18.000,,13.308,10.774,43.000,35.000,-8.000,-0.024,-12.859,3.757,1.000,False,False,False,,,False
gare,92032,Fontenay-aux-Roses,commune,,24070,ign_chef_lieu,2.287,48.791,9.021,8.717,74.000,80.000,84.000,10.000,,23.197,6.766,44.000,143.000,99.000,0.293,39.061,3.449,3.000,False,False,False,,,False
gare,78224,L'Étang-la-Ville,commune,,5157,ign_chef_lieu,2.073,48.871,9.125,20.599,34.000,39.000,43.000,9.000,,18.690,14.038,45.000,14.000,-31.000,-0.092,-32.635,2.087,0.000,False,False,False,,,False
gare,78367,Mareil-Marly,commune,,4141,ign_chef_lieu,2.077,48.882,9.395,20.408,49.000,54.000,61.000,12.000,,20.830,10.439,46.000,47.000,1.000,0.003,-8.216,2.592,1.000,False,False,False,,,False
gare,78311,Houilles,commune,,33983,ign_chef_lieu,2.187,48.923,9.434,14.259,39.000,44.000,53.000,14.000,,24.977,12.864,47.000,20.500,-26.500,-0.078,-25.383,1.762,1.000,False,False,False,,,False
gare,92044,Levallois-Perret,commune,,68092,ign_chef_lieu,2.288,48.893,9.576,6.243,43.000,47.000,54.000,11.000,,18.305,12.224,48.000,27.500,-20.500,-0.061,-20.949,2.568,1.000,False,False,False,,,False
gare,78551,Saint-Germain-en-Laye,commune,,45931,ign_chef_lieu,2.094,48.899,9.576,19.555,47.000,52.000,58.000,11.000,,20.087,11.049,49.000,41.000,-8.000,-0.024,-12.540,2.589,1.000,False,False,False,,,False
gare,91064,Bièvres,commune,,4686,ign_chef_lieu,2.215,48.754,9.590,15.191,85.000,92.000,100.000,15.000,,18.753,6.254,50.000,211.000,161.000,0.476,54.612,4.906,2.000,False,False,False,9.000,,False
gare,92007,Bagneux,commune,,44572,ign_chef_lieu,2.304,48.799,9.654,7.267,72.000,76.000,82.000,10.000,,23.370,7.622,51.000,123.500,72.500,0.214,27.251,3.252,4.000,True,False,False,,,False
gare,78545,Saint-Cyr-l'École,commune,,21268,ign_chef_lieu,2.067,48.800,9.771,21.884,55.000,61.000,66.000,11.000,,14.860,9.611,52.000,70.000,18.000,0.053,1.459,4.105,2.000,False,False,False,,,False
gare,92071,Sceaux,commune,,20884,ign_chef_lieu,2.288,48.780,9.933,9.750,76.000,82.000,87.000,11.000,,23.008,7.268,53.000,157.000,104.000,0.308,35.158,3.564,3.000,False,False,False,,,False
gare,75107,Paris 7e Arrondissement,district,75056,48015,ign_chef_lieu_arrondissement,2.320,48.857,10.053,2.354,47.000,54.000,62.000,15.000,,24.675,11.170,54.000,47.000,-7.000,-0.021,-11.581,2.188,2.000,False,False,False,,,False
gare,92049,Montrouge,commune,,46324,ign_chef_lieu,2.320,48.819,10.074,4.797,57.000,62.000,69.000,12.000,,19.283,9.749,55.000,73.500,18.500,0.055,1.402,3.215,3.000,False,False,False,,,False
gare,95063,Bezons,commune,,36434,ign_chef_lieu,2.216,48.928,10.189,12.772,48.000,54.000,63.000,15.000,,19.890,11.321,56.000,47.000,-9.000,-0.027,-12.235,2.715,2.000,False,False,False,,,False
gare,75114,Paris 14e Arrondissement,district,75056,136455,ign_chef_lieu_arrondissement,2.327,48.833,10.321,3.201,54.000,60.000,68.000,14.000,,22.340,10.321,57.000,66.500,9.500,0.028,-3.175,2.686,2.000,False,False,False,,,False
gare,92009,Bois-Colombes,commune,,28909,ign_chef_lieu,2.268,48.914,10.337,8.946,42.000,47.000,55.000,13.000,,19.447,13.196,58.000,27.500,-30.500,-0.090,-24.219,2.417,0.000,False,False,False,,,False
gare,92019,Châtenay-Malabry,commune,,35825,ign_chef_lieu,2.278,48.767,10.350,11.320,82.000,86.000,91.000,9.000,,20.257,7.221,59.000,176.500,117.500,0.348,38.567,4.246,3.000,False,False,False,,,False
gare,75108,Paris 8e Arrondissement,district,75056,35317,ign_chef_lieu_arrondissement,2.318,48.878,10.558,3.475,42.000,48.000,56.000,14.000,,22.147,13.198,60.000,30.500,-29.500,-0.087,-23.505,2.167,0.000,False,False,False,,,False
gare,78518,Rennemoulin,commune,,116,ign_chef_lieu,2.043,48.832,10.595,22.913,67.000,,,,,14.382,,,,,,,,,False,False,False,,,False
gare,92025,Colombes,commune,,91053,ign_chef_lieu,2.254,48.923,10.601,10.285,49.000,54.000,63.000,14.000,,20.497,11.779,61.000,47.000,-14.000,-0.041,-14.137,2.635,1.000,False,False,False,,,False
gare,78242,Fontenay-le-Fleury,commune,,13680,ign_chef_lieu,2.046,48.811,10.785,23.086,64.000,71.000,78.000,14.000,,16.692,9.114,62.000,103.500,41.500,0.123,11.831,4.254,2.000,False,False,False,,,False
gare,75106,Paris 6e Arrondissement,district,75056,40389,ign_chef_lieu_arrondissement,2.332,48.851,10.785,1.616,51.000,57.000,64.000,13.000,,26.732,11.352,63.000,57.000,-6.000,-0.018,-10.220,2.132,2.000,False,False,False,,,False
gare,92004,Asnières-sur-Seine,commune,,93941,ign_chef_lieu,2.289,48.911,11.008,7.635,40.000,46.000,52.000,12.000,,18.072,14.359,64.000,25.000,-39.000,-0.115,-28.363,2.545,1.000,False,False,False,,,False
gare,78396,Le Mesnil-le-Roi,commune,,6332,ign_chef_lieu,2.122,48.928,11.018,18.651,68.000,78.000,,,,23.792,8.476,65.000,133.000,68.000,0.201,21.412,3.278,2.000,False,False,False,,,False
gare,91312,Igny,commune,,10833,ign_chef_lieu,2.226,48.742,11.082,15.746,95.000,101.000,109.000,14.000,,19.235,6.583,66.000,256.500,190.500,0.564,56.713,5.251,3.000,False,False,False,3.000,,False
gare,75117,Paris 17e Arrondissement,district,75056,159212,ign_chef_lieu_arrondissement,2.322,48.885,11.198,3.852,43.000,49.000,57.000,14.000,,23.690,13.712,67.000,33.000,-34.000,-0.101,-24.408,2.068,0.000,False,False,False,,,False
gare,92024,Clichy,commune,,64410,ign_chef_lieu,2.305,48.903,11.261,6.232,46.000,50.000,58.000,12.000,,19.223,13.514,68.000,35.000,-33.000,-0.098,-23.104,2.601,1.000,False,False,False,,,False
gare,78297,Guyancourt,commune,,29778,ign_chef_lieu,2.070,48.771,11.373,22.806,80.000,96.000,106.000,26.000,,16.738,7.108,69.000,235.000,166.000,0.491,46.835,5.735,3.000,False,False,False,7.000,,False
gare,94003,Arcueil,commune,,22200,ign_chef_lieu,2.335,48.804,11.529,5.922,63.000,69.000,77.000,14.000,,24.903,10.025,70.000,95.000,25.000,0.074,4.751,2.771,2.000,False,False,False,,,False
gare,78620,Toussus-le-Noble,commune,,1172,ign_chef_lieu,2.114,48.746,11.570,21.378,82.000,91.000,100.000,18.000,,22.865,7.629,71.000,204.500,133.500,0.395,37.877,3.980,3.000,False,False,False,,,False
gare,92014,Bourg-la-Reine,commune,,21019,ign_chef_lieu,2.316,48.779,11.572,9.025,59.000,65.000,73.000,14.000,,23.938,10.681,72.000,80.000,8.000,0.024,-1.524,2.715,2.000,False,False,False,,,False
gare,78586,Sartrouville,commune,,52763,ign_chef_lieu,2.158,48.941,11.614,17.073,43.000,48.000,57.000,14.000,,27.365,14.518,73.000,30.500,-42.500,-0.126,-27.426,1.754,1.000,False,False,False,,,False
gare,75105,Paris 5e Arrondissement,district,75056,55252,ign_chef_lieu_arrondissement,2.344,48.846,11.617,1.300,49.000,55.000,63.000,14.000,,27.875,12.673,74.000,52.000,-22.000,-0.065,-16.855,1.973,2.000,False,False,False,,,False
gare,91635,Vauhallan,commune,,1945,ign_chef_lieu,2.207,48.734,11.689,17.276,104.000,115.000,125.000,21.000,,21.645,6.098,75.000,288.500,213.500,0.632,73.261,5.313,3.000,False,False,False,1.000,,False
gare,91645,Verrières-le-Buisson,commune,,15057,ign_chef_lieu,2.267,48.746,11.832,13.745,81.000,89.000,98.000,17.000,,23.052,7.977,76.000,194.000,118.000,0.349,33.188,3.861,3.000,False,False,False,,,False
gare,94016,Cachan,commune,,31103,ign_chef_lieu,2.334,48.795,11.879,7.005,70.000,76.000,84.000,14.000,,25.405,9.378,77.000,123.500,46.500,0.138,13.489,2.992,2.000,False,False,False,,,False
gare,75109,Paris 9e Arrondissement,district,75056,57271,ign_chef_lieu_arrondissement,2.341,48.872,11.978,1.965,39.000,45.000,54.000,15.000,,27.100,15.971,78.000,22.500,-55.500,-0.164,-33.113,1.661,2.000,False,False,False,,,False
gare,91534,Saclay,commune,,4437,ign_chef_lieu,2.172,48.731,11.983,19.220,96.000,107.000,135.000,39.000,,22.773,6.720,79.000,275.500,196.500,0.581,59.007,4.698,3.000,False,False,False,2.000,,False
gare,94037,Gentilly,commune,,19963,ign_chef_lieu,2.348,48.816,12.127,4.547,63.000,69.000,77.000,14.000,,21.920,10.545,80.000,95.000,15.000,0.044,1.867,3.148,2.000,False,False,False,,,False
gare,78073,Bois-d'Arcy,commune,,16586,ign_chef_lieu,2.031,48.801,12.139,24.381,71.000,79.000,86.000,15.000,,12.975,9.220,81.000,136.500,55.500,0.164,16.564,6.089,2.000,False,False,False,,,False
gare,78571,Saint-Nom-la-Bretèche,commune,,4965,ign_chef_lieu,2.021,48.860,12.357,24.303,,,,,,16.478,,,,,,,,,False,False,False,,,False
gare,92002,Antony,commune,,64263,ign_chef_lieu,2.296,48.754,12.363,12.157,65.000,71.000,79.000,14.000,,23.653,10.447,82.000,103.500,21.500,0.064,3.711,3.002,2.000,False,False,False,,,False
gare,78358,Maisons-Laffitte,commune,,23093,ign_chef_lieu,2.145,48.946,12.368,18.204,39.000,44.000,53.000,14.000,,29.725,16.865,83.000,20.500,-62.500,-0.185,-35.744,1.480,1.000,False,False,False,,,False
gare,75113,Paris 13e Arrondissement,district,75056,181271,ign_chef_lieu_arrondissement,2.356,48.833,12.424,2.656,56.000,61.000,69.000,13.000,,28.250,12.220,84.000,70.000,-14.000,-0.041,-11.138,2.159,2.000,False,False,False,,,False
gare,92036,Gennevilliers,commune,,50979,ign_chef_lieu,2.293,48.925,12.460,8.823,54.000,59.000,66.000,12.000,,20.850,12.671,85.000,63.500,-21.500,-0.064,-14.190,2.830,1.000,False,False,False,,,False
gare,94043,Le Kremlin-Bicêtre,commune,,24110,ign_chef_lieu,2.357,48.812,12.837,4.911,62.000,68.000,76.000,14.000,,23.163,11.327,86.000,90.500,4.500,0.013,-2.718,2.936,2.000,False,False,False,,,False
gare,94038,L'Haÿ-les-Roses,commune,,31188,ign_chef_lieu,2.337,48.779,12.884,8.651,73.000,80.000,90.000,17.000,,26.407,9.663,87.000,143.000,56.000,0.166,14.222,3.030,3.000,False,False,False,,,False
gare,95018,Argenteuil,commune,,106130,ign_chef_lieu,2.249,48.948,13.005,12.694,62.000,67.000,76.000,14.000,,24.590,11.646,88.000,87.000,-1.000,-0.003,-4.832,2.725,2.000,False,False,False,,,False
gare,75118,Paris 18e Arrondissement,district,75056,183127,ign_chef_lieu_arrondissement,2.344,48.892,13.034,4.011,47.000,54.000,64.000,17.000,,26.490,14.482,89.000,47.000,-42.000,-0.124,-23.390,2.039,2.000,False,False,False,,,False
gare,75110,Paris 10e Arrondissement,district,75056,83873,ign_chef_lieu_arrondissement,2.358,48.872,13.104,1.758,45.000,51.000,60.000,15.000,,31.112,15.416,90.000,38.000,-52.000,-0.154,-27.860,1.639,2.000,False,False,False,,,False
gare,78133,Chambourcy,commune,,5847,ign_chef_lieu,2.040,48.906,13.133,23.586,64.000,70.000,92.000,28.000,,19.603,11.257,91.000,100.500,9.500,0.028,-1.109,3.571,2.000,False,False,False,,,False
gare,75100,Paris Centre,district,75056,94472,ign_chef_lieu_arrondissement,2.362,48.864,13.164,1.072,48.000,54.000,62.000,14.000,,30.517,14.626,92.000,47.000,-45.000,-0.133,-23.809,1.770,2.000,False,False,False,,,False
gare,78143,Châteaufort,commune,,1564,ign_chef_lieu,2.092,48.737,13.205,23.265,82.000,92.000,103.000,21.000,,23.448,8.612,93.000,211.000,118.000,0.349,29.582,3.924,3.000,False,False,False,,,False
gare,78688,Voisins-le-Bretonneux,commune,,10624,ign_chef_lieu,2.051,48.759,13.308,24.645,79.000,103.000,121.000,42.000,,19.182,7.752,94.000,264.000,170.000,0.503,44.456,5.370,3.000,False,False,False,6.000,,False
gare,91679,Villiers-le-Bâcle,commune,,1031,ign_chef_lieu,2.126,48.726,13.323,22.132,98.000,109.000,131.000,33.000,,24.118,7.334,95.000,280.000,185.000,0.547,52.775,4.519,4.000,True,False,False,4.000,,False
gare,78674,Villepreux,commune,,11931,ign_chef_lieu,2.005,48.830,13.347,25.662,82.000,89.000,96.000,14.000,,19.538,8.998,96.000,194.000,98.000,0.290,24.619,4.555,2.000,False,False,False,,,False
gare,78423,Montigny-le-Bretonneux,commune,,32465,ign_chef_lieu,2.038,48.770,13.351,25.063,78.000,97.000,110.000,32.000,,17.890,8.258,97.000,239.500,142.500,0.422,35.799,5.422,3.000,False,False,False,10.000,,False
gare,91377,Massy,commune,,51729,ign_chef_lieu,2.271,48.731,13.472,15.173,77.000,84.000,93.000,16.000,,26.577,9.623,98.000,169.500,71.500,0.212,17.016,3.161,3.000,False,False,False,,,False
gare,93070,Saint-Ouen-sur-Seine,commune,,53615,ign_chef_lieu,2.334,48.912,13.570,6.288,45.000,51.000,59.000,14.000,,22.635,15.965,99.000,38.000,-61.000,-0.180,-29.240,2.253,1.000,False,False,False,,,False
gare,94034,Fresnes,commune,,29528,ign_chef_lieu,2.322,48.755,13.595,11.487,75.000,80.000,89.000,14.000,,22.430,10.196,100.000,143.000,43.000,0.127,10.885,3.567,3.000,False,False,False,,,False
gare,94021,Chevilly-Larue,commune,,19826,ign_chef_lieu,2.347,48.771,13.957,9.467,69.000,76.000,85.000,16.000,,27.002,11.018,101.000,123.500,22.500,0.067,3.824,2.815,2.000,False,False,False,,,False
gare,94076,Villejuif,commune,,60183,ign_chef_lieu,2.363,48.792,13.961,7.213,71.000,77.000,85.000,14.000,,28.398,10.879,102.000,129.000,27.000,0.080,5.170,2.711,2.000,False,False,False,,,False
gare,91538,Saint-Aubin,commune,,661,ign_chef_lieu,2.140,48.715,14.110,22.132,100.000,108.000,126.000,26.000,,24.302,7.839,103.000,278.000,175.000,0.518,46.650,4.444,3.000,False,False,False,5.000,,False
gare,78007,Aigremont,commune,,1075,ign_chef_lieu,2.018,48.902,14.267,25.067,81.000,87.000,99.000,18.000,,18.965,9.839,104.000,182.000,78.000,0.231,17.416,4.587,3.000,False,False,False,,,False
gare,75111,Paris 11e Arrondissement,district,75056,138170,ign_chef_lieu_arrondissement,2.379,48.859,14.327,1.984,47.000,54.000,63.000,16.000,,34.862,15.919,105.000,47.000,-58.000,-0.172,-27.290,1.549,2.000,False,False,False,,,False
gare,91477,Palaiseau,commune,,37471,ign_chef_lieu,2.246,48.715,14.443,17.616,72.000,78.000,86.000,14.000,,23.863,11.110,106.000,133.000,27.000,0.080,4.561,3.269,2.000,False,False,False,,,False
gare,78498,Poissy,commune,,40983,ign_chef_lieu,2.043,48.927,14.466,24.049,59.000,65.000,72.000,13.000,,22.695,13.353,107.000,80.000,-27.000,-0.080,-12.944,2.864,2.000,False,False,False,,,False
gare,78356,Magny-les-Hameaux,commune,,9386,ign_chef_lieu,2.084,48.724,14.779,24.615,88.000,105.000,117.000,29.000,,27.772,8.445,108.000,272.000,164.000,0.485,38.977,3.781,2.000,False,False,False,8.000,,False
gare,78152,Chavenay,commune,,1723,ign_chef_lieu,1.986,48.854,14.790,26.866,,,,,,19.152,,,,,,,,,False,False,False,,,False
gare,75112,Paris 12e Arrondissement,district,75056,138024,ign_chef_lieu_arrondissement,2.388,48.841,14.809,3.142,53.000,58.000,66.000,13.000,,32.922,15.320,109.000,61.000,-48.000,-0.142,-23.317,1.762,2.000,False,False,False,,,False
gare,78165,Les Clayes-sous-Bois,commune,,16804,ign_chef_lieu,1.986,48.821,14.820,27.160,71.000,77.000,84.000,13.000,,21.288,11.548,110.000,129.000,19.000,0.056,1.763,3.617,2.000,False,False,False,,,False
gare,94041,Ivry-sur-Seine,commune,,65064,ign_chef_lieu,2.388,48.812,15.046,5.567,67.000,73.000,79.000,12.000,,28.427,12.366,111.000,111.500,0.500,0.001,-4.326,2.568,2.000,False,False,False,,,False
gare,95257,La Frette-sur-Seine,commune,,4570,ign_chef_lieu,2.178,48.974,15.087,18.267,78.000,84.000,96.000,18.000,,29.227,10.777,112.000,169.500,57.500,0.170,9.923,2.874,2.000,False,False,False,,,False
gare,75119,Paris 19e Arrondissement,district,75056,178691,ign_chef_lieu_arrondissement,2.382,48.883,15.171,3.660,50.000,57.000,68.000,18.000,,33.847,15.970,113.000,57.000,-56.000,-0.166,-25.638,1.684,2.000,False,False,False,,,False
gare,92078,Villeneuve-la-Garenne,commune,,26021,ign_chef_lieu,2.333,48.936,15.277,8.957,58.000,65.000,76.000,18.000,,22.478,14.102,114.000,80.000,-34.000,-0.101,-15.526,2.892,3.000,False,False,False,,,False
gare,95176,Cormeilles-en-Parisis,commune,,27292,ign_chef_lieu,2.199,48.976,15.344,17.405,72.000,84.000,95.000,23.000,,29.108,10.960,115.000,169.500,54.500,0.161,8.905,2.886,1.000,False,False,False,,,False
gare,78621,Trappes,commune,,34689,ign_chef_lieu,1.999,48.776,15.395,27.429,70.000,88.000,97.000,27.000,,17.470,10.497,116.000,188.000,72.000,0.213,13.881,5.037,2.000,False,False,False,,,False
gare,91471,Orsay,commune,,16498,ign_chef_lieu,2.187,48.699,15.455,21.260,82.000,88.000,96.000,14.000,,24.270,10.538,117.000,188.000,71.000,0.210,13.635,3.626,2.000,False,False,False,,,False
gare,94065,Rungis,commune,,5611,ign_chef_lieu,2.347,48.748,15.478,12.003,85.000,91.000,100.000,15.000,,26.573,10.205,118.000,204.500,86.500,0.256,17.415,3.424,3.000,False,False,False,,,False
gare,93039,L'Île-Saint-Denis,commune,,8696,ign_chef_lieu,2.341,48.936,15.638,8.853,53.000,60.000,73.000,20.000,,23.497,15.638,119.000,66.500,-52.500,-0.155,-23.021,2.554,2.000,False,False,False,,,False
gare,93031,Épinay-sur-Seine,commune,,52833,ign_chef_lieu,2.313,48.952,15.650,10.964,63.000,70.000,80.000,17.000,,26.967,13.414,120.000,100.500,-19.500,-0.058,-10.230,2.596,2.000,False,False,False,,,False
gare,91661,Villebon-sur-Yvette,commune,,10291,ign_chef_lieu,2.228,48.700,15.653,19.636,89.000,95.000,103.000,14.000,,29.292,9.886,121.000,230.000,109.000,0.322,21.817,3.243,2.000,False,False,False,,,False
gare,91272,Gif-sur-Yvette,commune,,22544,ign_chef_lieu,2.134,48.702,15.666,23.524,89.000,95.000,103.000,14.000,,28.603,9.894,122.000,230.000,108.000,0.320,21.760,3.321,2.000,False,False,False,,,False
gare,95582,Sannois,commune,,26924,ign_chef_lieu,2.256,48.972,15.688,14.631,59.000,65.000,72.000,13.000,,28.328,14.482,123.000,80.000,-43.000,-0.127,-16.755,2.295,2.000,False,False,False,,,False
gare,91689,Wissous,commune,,7151,ign_chef_lieu,2.327,48.732,15.714,13.968,85.000,90.000,97.000,12.000,,28.547,10.476,124.000,200.000,76.000,0.225,15.157,3.153,3.000,False,False,False,,,False
gare,91136,Champlan,commune,,2615,ign_chef_lieu,2.274,48.708,15.807,17.443,87.000,92.000,100.000,13.000,,27.970,10.309,125.000,211.000,86.000,0.254,17.333,3.289,3.000,False,False,False,,,False
gare,91122,Bures-sur-Yvette,commune,,9548,ign_chef_lieu,2.164,48.697,15.816,22.505,79.000,85.000,93.000,14.000,,27.690,11.164,126.000,173.000,47.000,0.139,8.374,3.070,2.000,False,False,False,,,False
gare,94081,Vitry-sur-Seine,commune,,93963,ign_chef_lieu,2.388,48.789,15.831,7.992,81.000,87.000,93.000,12.000,,28.963,10.918,127.000,182.000,55.000,0.163,10.864,3.004,3.000,False,False,False,,,False
gare,75120,Paris 20e Arrondissement,district,75056,185140,ign_chef_lieu_arrondissement,2.399,48.865,15.907,3.582,53.000,60.000,70.000,17.000,,37.178,15.907,128.000,66.500,-61.500,-0.182,-23.745,1.614,2.000,False,False,False,,,False
gare,78406,Milon-la-Chapelle,commune,,295,ign_chef_lieu,2.049,48.726,16.022,26.558,110.000,,,,,27.610,,,,,,,,,False,False,False,,,False
gare,78005,Achères,commune,,22241,ign_chef_lieu,2.070,48.961,16.073,23.743,69.000,80.000,104.000,35.000,,29.950,12.055,129.000,143.000,14.000,0.041,1.092,2.671,2.000,False,False,False,,,False
gare,78233,Feucherolles,commune,,3043,ign_chef_lieu,1.974,48.874,16.114,27.851,,,,,,20.493,,,,,,,,,False,False,False,,,False
gare,78123,Carrières-sous-Poissy,commune,,20825,ign_chef_lieu,2.034,48.944,16.192,25.277,67.000,72.000,78.000,11.000,,26.437,13.494,130.000,106.500,-23.500,-0.070,-9.386,2.723,2.000,False,False,False,,,False
gare,95555,Saint-Gratien,commune,,21336,ign_chef_lieu,2.283,48.971,16.338,13.687,66.000,73.000,84.000,18.000,,27.097,13.428,131.000,111.500,-19.500,-0.058,-8.581,2.694,2.000,False,False,False,,,False
gare,95424,Montigny-lès-Cormeilles,commune,,22457,ign_chef_lieu,2.188,48.988,16.599,18.943,78.000,89.000,101.000,23.000,,32.200,11.190,132.000,194.000,62.000,0.183,10.485,2.764,2.000,False,False,False,,,False
gare,93061,Le Pré-Saint-Gervais,commune,,16993,ign_chef_lieu,2.403,48.883,16.628,4.727,61.000,69.000,78.000,17.000,,33.010,14.459,133.000,95.000,-38.000,-0.112,-14.426,2.090,2.000,False,False,False,,,False
gare,93001,Aubervilliers,commune,,88365,ign_chef_lieu,2.382,48.915,16.643,6.820,59.000,66.000,76.000,17.000,,27.915,15.130,134.000,83.500,-50.500,-0.149,-18.187,2.364,2.000,False,False,False,,,False
gare,93066,Saint-Denis,commune,,149077,ign_chef_lieu,2.358,48.936,16.649,8.883,57.000,63.000,71.000,14.000,,28.183,15.856,135.000,76.500,-58.500,-0.173,-21.920,2.235,2.000,False,False,False,,,False
gare,95252,Franconville,commune,,37754,ign_chef_lieu,2.230,48.986,16.734,16.991,74.000,80.000,87.000,13.000,,29.525,12.550,136.000,143.000,7.000,0.021,-1.130,2.710,2.000,False,False,False,,,False
gare,95306,Herblay-sur-Seine,commune,,31779,ign_chef_lieu,2.165,48.990,16.926,20.210,75.000,80.000,90.000,15.000,,32.983,12.694,137.000,143.000,6.000,0.018,-1.751,2.425,1.000,False,False,False,,,False
gare,78575,Saint-Rémy-lès-Chevreuse,commune,,7747,ign_chef_lieu,2.073,48.706,16.933,26.507,93.000,99.000,107.000,14.000,,31.287,10.262,138.000,248.000,110.000,0.325,21.556,3.164,2.000,False,False,False,,,False
gare,94018,Charenton-le-Pont,commune,,28830,ign_chef_lieu,2.416,48.820,16.984,6.201,65.000,70.000,80.000,15.000,,32.915,14.558,139.000,100.500,-38.500,-0.114,-14.195,2.127,2.000,False,False,False,,,False
gare,93055,Pantin,commune,,61929,ign_chef_lieu,2.401,48.897,17.045,5.754,43.000,50.000,68.000,25.000,,32.325,20.454,140.000,35.000,-105.000,-0.311,-38.831,1.547,1.000,False,False,False,,,False
gare,78561,Saint-Lambert,commune,,447,ign_chef_lieu,2.020,48.731,17.076,28.117,,,,,,24.618,,,,,,,,,False,False,False,,,False
gare,95210,Enghien-les-Bains,commune,,11432,ign_chef_lieu,2.307,48.970,17.083,13.049,61.000,68.000,79.000,18.000,,29.852,15.073,141.000,90.500,-50.500,-0.149,-16.913,2.278,2.000,False,False,False,,,False
gare,94067,Saint-Mandé,commune,,21071,ign_chef_lieu,2.419,48.843,17.083,5.106,53.000,59.000,68.000,15.000,,33.190,17.373,142.000,63.500,-78.500,-0.232,-27.910,1.778,2.000,False,False,False,,,False
gare,94073,Thiais,commune,,32918,ign_chef_lieu,2.391,48.764,17.131,10.629,77.000,83.000,93.000,16.000,,28.532,12.384,143.000,163.500,20.500,0.061,1.257,2.909,3.000,False,False,False,,,False
gare,93006,Bagnolet,commune,,43086,ign_chef_lieu,2.417,48.869,17.217,4.902,63.000,69.000,78.000,15.000,,35.443,14.972,144.000,95.000,-49.000,-0.145,-16.055,1.947,2.000,False,False,False,,,False
gare,91587,Saulx-les-Chartreux,commune,,6733,ign_chef_lieu,2.264,48.691,17.313,19.461,,,,,,29.652,,,,,,,,,False,False,False,,,False
gare,93045,Les Lilas,commune,,23843,ign_chef_lieu,2.416,48.879,17.434,5.305,57.000,62.000,71.000,14.000,,35.287,16.872,145.000,73.500,-71.500,-0.212,-25.090,1.757,3.000,False,False,False,,,False
gare,91692,Les Ulis,commune,,25886,ign_chef_lieu,2.170,48.681,17.492,23.626,96.000,101.000,111.000,15.000,,28.290,10.391,146.000,256.500,110.500,0.327,21.808,3.570,3.000,False,False,False,,,False
gare,94002,Alfortville,commune,,45531,ign_chef_lieu,2.420,48.805,17.552,7.545,53.000,58.000,66.000,13.000,,33.967,18.157,147.000,61.000,-86.000,-0.254,-30.184,1.708,2.000,False,False,False,,,False
gare,91161,Chilly-Mazarin,commune,,20443,ign_chef_lieu,2.313,48.703,17.717,17.360,92.000,99.000,106.000,14.000,,29.125,10.738,148.000,248.000,100.000,0.296,18.555,3.399,4.000,True,False,False,,,False
gare,91666,Villejust,commune,,2558,ign_chef_lieu,2.237,48.682,17.736,21.145,,,,,,30.720,,,,,,,,,False,False,False,,,False
gare,78490,Plaisir,commune,,31811,ign_chef_lieu,1.947,48.817,17.745,30.085,81.000,89.000,96.000,15.000,,20.507,11.963,149.000,194.000,45.000,0.133,6.488,4.340,3.000,False,False,False,,,False
gare,94069,Saint-Maurice,commune,,14506,ign_chef_lieu,2.427,48.818,17.763,6.894,71.000,78.000,88.000,17.000,,30.743,13.664,150.000,133.000,-17.000,-0.050,-6.727,2.537,2.000,False,False,False,,,False
gare,78672,Villennes-sur-Seine,commune,,5952,ign_chef_lieu,1.999,48.940,17.830,27.546,71.000,108.000,131.000,60.000,,21.338,9.906,151.000,278.000,127.000,0.376,28.878,5.061,2.000,False,False,False,,,False
gare,93027,La Courneuve,commune,,47167,ign_chef_lieu,2.390,48.927,17.839,8.277,61.000,67.000,75.000,14.000,,27.548,15.976,152.000,87.000,-65.000,-0.192,-20.070,2.432,2.000,False,False,False,,,False
gare,95219,Ermont,commune,,29489,ign_chef_lieu,2.259,48.992,17.876,16.558,72.000,78.000,86.000,14.000,,30.327,13.751,153.000,133.000,-20.000,-0.059,-7.052,2.572,2.000,False,False,False,,,False
gare,93079,Villetaneuse,commune,,12530,ign_chef_lieu,2.344,48.961,17.883,11.671,70.000,77.000,87.000,17.000,,29.423,13.934,154.000,129.000,-25.000,-0.074,-8.263,2.617,2.000,False,False,False,,,False
gare,78466,Orgeval,commune,,7252,ign_chef_lieu,1.975,48.918,17.896,28.542,,,,,,21.497,,,,,,,,,False,False,False,,,False
gare,78160,Chevreuse,commune,,5502,ign_chef_lieu,2.044,48.707,17.924,28.061,,,,,,31.697,,,,,,,,,False,False,False,,,False
gare,91345,Longjumeau,commune,,21996,ign_chef_lieu,2.296,48.694,17.926,18.504,93.000,99.000,108.000,15.000,,28.662,10.865,155.000,248.000,93.000,0.275,17.789,3.454,3.000,False,False,False,,,False
gare,78196,Davron,commune,,295,ign_chef_lieu,1.944,48.865,18.035,29.977,,,,,,23.688,,,,,,,,,False,False,False,,,False
gare,91275,Gometz-le-Châtel,commune,,2630,ign_chef_lieu,2.138,48.678,18.134,25.295,,,,,,32.128,,,,,,,,,False,False,False,,,False
gare,91432,Morangis,commune,,14129,ign_chef_lieu,2.332,48.706,18.252,16.844,94.000,101.000,110.000,16.000,,29.820,10.843,156.000,256.500,100.500,0.297,18.979,3.387,4.000,True,False,False,,,False
gare,95203,Eaubonne,commune,,26211,ign_chef_lieu,2.280,48.991,18.310,15.908,70.000,76.000,84.000,14.000,,31.173,14.455,157.000,123.500,-33.500,-0.099,-10.627,2.438,2.000,False,False,False,,,False
gare,94046,Maisons-Alfort,commune,,56799,ign_chef_lieu,2.431,48.801,18.397,8.415,51.000,57.000,65.000,14.000,,34.510,19.365,158.000,57.000,-101.000,-0.299,-33.145,1.652,2.000,False,False,False,,,False
gare,94022,Choisy-le-Roi,commune,,45946,ign_chef_lieu,2.410,48.762,18.431,11.258,70.000,76.000,85.000,15.000,,29.205,14.551,159.000,123.500,-35.500,-0.105,-10.951,2.602,3.000,False,False,False,,,False
gare,95197,Deuil-la-Barre,commune,,23099,ign_chef_lieu,2.328,48.975,18.433,13.331,72.000,80.000,95.000,23.000,,34.027,13.825,160.000,143.000,-17.000,-0.050,-6.271,2.351,3.000,False,False,False,,,False
gare,95491,Le Plessis-Bouchard,commune,,8518,ign_chef_lieu,2.235,49.001,18.447,18.256,76.000,81.000,88.000,12.000,,31.617,13.665,161.000,151.500,-9.500,-0.028,-5.139,2.562,3.000,False,False,False,,,False
gare,78015,Andrésy,commune,,13834,ign_chef_lieu,2.061,48.982,18.476,25.565,73.000,97.000,112.000,39.000,,32.373,11.428,162.000,239.500,77.500,0.229,13.501,2.996,1.000,False,False,False,,,False
gare,95598,Soisy-sous-Montmorency,commune,,18008,ign_chef_lieu,2.300,48.987,18.541,15.060,75.000,81.000,89.000,14.000,,30.070,13.734,163.000,151.500,-11.500,-0.034,-5.403,2.694,2.000,False,False,False,,,False
gare,78172,Conflans-Sainte-Honorine,commune,,36958,ign_chef_lieu,2.095,48.994,18.547,24.293,75.000,86.000,94.000,19.000,,32.842,12.940,164.000,176.500,12.500,0.037,0.417,2.619,1.000,False,False,False,,,False
gare,94080,Vincennes,commune,,48193,ign_chef_lieu,2.440,48.848,18.615,6.477,51.000,57.000,66.000,15.000,,35.517,19.595,165.000,57.000,-108.000,-0.320,-33.580,1.605,1.000,False,False,False,,,False
gare,91560,Saint-Jean-de-Beauregard,commune,,471,ign_chef_lieu,2.168,48.670,18.816,24.824,109.000,115.000,125.000,16.000,,29.638,9.817,166.000,288.500,122.500,0.362,33.217,3.880,3.000,False,False,False,,,False
gare,93048,Montreuil,commune,,111934,ign_chef_lieu,2.441,48.862,18.863,6.526,55.000,61.000,72.000,17.000,,38.897,18.554,167.000,70.000,-97.000,-0.287,-29.435,1.568,2.000,False,False,False,,,False
gare,78384,Médan,commune,,1289,ign_chef_lieu,1.996,48.953,18.904,28.247,92.000,126.000,149.000,57.000,,24.292,9.002,168.000,311.500,143.500,0.425,45.582,5.187,2.000,False,False,False,,,False
gare,93063,Romainville,commune,,37152,ign_chef_lieu,2.435,48.886,18.961,6.858,66.000,72.000,80.000,14.000,,37.875,15.801,169.000,106.500,-62.500,-0.185,-16.948,1.901,3.000,False,False,False,,,False
gare,94054,Orly,commune,,24658,ign_chef_lieu,2.401,48.743,18.962,13.085,81.000,90.000,101.000,20.000,,31.608,12.641,170.000,200.000,30.000,0.089,3.813,2.847,2.000,False,False,False,,,False
gare,78644,La Verrière,commune,,5994,ign_chef_lieu,1.958,48.758,19.053,31.001,76.000,94.000,104.000,28.000,,22.757,12.161,171.000,224.500,53.500,0.158,8.139,4.131,3.000,False,False,False,,,False
gare,91274,Gometz-la-Ville,commune,,1536,ign_chef_lieu,2.125,48.672,19.071,26.475,,,,,,32.160,,,,,,,,,False,False,False,,,False
gare,78208,Élancourt,commune,,26365,ign_chef_lieu,1.949,48.768,19.085,31.186,80.000,100.000,108.000,28.000,,21.288,11.451,172.000,252.500,80.500,0.238,14.937,4.697,3.000,False,False,False,,,False
gare,91479,Paray-Vieille-Poste,commune,,8202,ign_chef_lieu,2.364,48.713,19.100,15.999,89.000,94.000,102.000,13.000,,30.910,12.192,173.000,224.500,51.500,0.152,7.991,3.041,4.000,True,False,False,,,False
gare,95427,Montmagny,commune,,15105,ign_chef_lieu,2.346,48.975,19.166,13.199,72.000,87.000,99.000,27.000,,31.898,13.218,174.000,182.000,8.000,0.024,-0.239,2.727,3.000,False,False,False,,,False
gare,95051,Beauchamp,commune,,9849,ign_chef_lieu,2.200,49.012,19.283,20.563,73.000,78.000,87.000,14.000,,33.335,14.833,175.000,133.000,-42.000,-0.124,-10.859,2.340,2.000,False,False,False,,,False
gare,78138,Chanteloup-les-Vignes,commune,,10861,ign_chef_lieu,2.030,48.978,19.337,27.240,82.000,89.000,97.000,15.000,,29.162,13.036,176.000,194.000,18.000,0.053,1.555,3.052,2.000,False,False,False,,,False
gare,93072,Stains,commune,,41388,ign_chef_lieu,2.382,48.955,19.393,11.236,75.000,81.000,91.000,16.000,,31.503,14.365,177.000,151.500,-25.500,-0.075,-7.721,2.571,3.000,False,False,False,,,False
gare,95428,Montmorency,commune,,21763,ign_chef_lieu,2.321,48.989,19.477,14.985,82.000,91.000,108.000,26.000,,35.092,12.842,178.000,204.500,26.500,0.078,3.424,2.593,3.000,False,False,False,,,False
gare,95574,Saint-Prix,commune,,7612,ign_chef_lieu,2.262,49.007,19.513,17.955,82.000,88.000,96.000,14.000,,33.115,13.304,179.000,188.000,9.000,0.027,-0.087,2.657,2.000,False,False,False,,,False
gare,95369,Margency,commune,,3012,ign_chef_lieu,2.287,49.001,19.564,16.798,74.000,79.000,87.000,13.000,,33.370,14.859,180.000,136.500,-43.500,-0.129,-10.435,2.367,3.000,False,False,False,,,False
gare,91044,Ballainvilliers,commune,,4904,ign_chef_lieu,2.290,48.676,19.580,20.562,102.000,110.000,119.000,17.000,,32.987,10.680,181.000,283.000,102.000,0.302,24.654,3.335,3.000,False,False,False,,,False
gare,78383,Maurepas,commune,,20629,ign_chef_lieu,1.945,48.762,19.637,31.683,74.000,95.000,105.000,31.000,,21.787,12.402,182.000,230.000,48.000,0.142,7.484,4.360,2.000,False,False,False,,,False
gare,78615,Thiverval-Grignon,commune,,1023,ign_chef_lieu,1.918,48.850,19.771,31.915,,,,,,25.655,,,,,,,,,False,False,False,,,False
gare,78382,Maurecourt,commune,,4454,ign_chef_lieu,2.063,48.997,19.789,26.334,76.000,103.000,116.000,40.000,,34.445,11.528,183.000,264.000,81.000,0.240,16.038,2.990,1.000,False,False,False,,,False
gare,78189,Crespières,commune,,1719,ign_chef_lieu,1.924,48.882,19.865,31.570,,,,,,24.708,,,,,,,,,False,False,False,,,False
gare,94077,Villeneuve-le-Roi,commune,,21000,ign_chef_lieu,2.408,48.735,19.894,14.074,88.000,97.000,108.000,20.000,,32.317,12.305,184.000,239.500,55.500,0.164,8.962,3.002,2.000,False,False,False,,,False
gare,78397,Le Mesnil-Saint-Denis,commune,,7276,ign_chef_lieu,1.960,48.740,19.907,31.594,90.000,100.000,,,,25.717,11.944,185.000,252.500,67.500,0.200,12.290,3.889,3.000,False,False,False,,,False
gare,78548,Saint-Forget,commune,,436,ign_chef_lieu,1.993,48.710,20.104,30.986,,,,,,28.797,,,,,,,,,False,False,False,,,False
gare,95288,Groslay,commune,,8453,ign_chef_lieu,2.346,48.987,20.234,14.521,81.000,94.000,105.000,24.000,,35.797,12.915,186.000,224.500,38.500,0.114,4.608,2.626,3.000,False,False,False,,,False
gare,91458,Nozay,commune,,4471,ign_chef_lieu,2.243,48.660,20.250,23.277,,,,,,32.773,,,,,,,,,False,False,False,,,False
gare,95426,Montlignon,commune,,3038,ign_chef_lieu,2.285,49.009,20.283,17.653,75.000,83.000,90.000,15.000,,35.055,14.663,187.000,163.500,-23.500,-0.070,-7.757,2.368,3.000,False,False,False,,,False
gare,93053,Noisy-le-Sec,commune,,45510,ign_chef_lieu,2.452,48.890,20.296,8.191,59.000,65.000,80.000,21.000,,34.650,18.735,188.000,80.000,-108.000,-0.320,-27.787,1.876,2.000,False,False,False,,,False
gare,91411,Les Molières,commune,,1975,ign_chef_lieu,2.070,48.673,20.300,29.129,,,,,,37.797,,,,,,,,,False,False,False,,,False
gare,95014,Andilly,commune,,2742,ign_chef_lieu,2.301,49.005,20.375,17.002,88.000,94.000,101.000,13.000,,35.853,13.005,189.000,224.500,35.500,0.105,4.208,2.622,3.000,False,False,False,,,False
gare,93008,Bobigny,commune,,56927,ign_chef_lieu,2.445,48.906,20.410,8.759,65.000,72.000,83.000,18.000,,31.832,17.009,190.000,106.500,-83.500,-0.247,-20.258,2.262,2.000,False,False,False,,,False
gare,91093,Boullay-les-Troux,commune,,624,ign_chef_lieu,2.050,48.678,20.446,29.791,,,,,,37.363,,,,,,,,,False,False,False,,,False
gare,93013,Le Bourget,commune,,15925,ign_chef_lieu,2.425,48.935,20.500,10.195,63.000,69.000,77.000,14.000,,30.312,17.826,191.000,95.000,-96.000,-0.284,-23.765,2.276,2.000,False,False,False,,,False
gare,95563,Saint-Leu-la-Forêt,commune,,16138,ign_chef_lieu,2.244,49.019,20.526,19.756,88.000,96.000,105.000,17.000,,33.627,12.829,192.000,235.000,43.000,0.127,5.993,2.855,2.000,False,False,False,,,False
gare,91665,La Ville-du-Bois,commune,,8161,ign_chef_lieu,2.269,48.661,20.617,22.572,114.000,122.000,133.000,19.000,,31.965,10.139,193.000,300.500,107.500,0.318,34.371,3.817,3.000,False,False,False,,,False
gare,95488,Pierrelaye,commune,,10130,ign_chef_lieu,2.156,49.023,20.666,23.464,81.000,87.000,96.000,15.000,,35.433,14.252,194.000,182.000,-12.000,-0.036,-4.303,2.455,2.000,False,False,False,,,False
gare,94042,Joinville-le-Pont,commune,,20525,ign_chef_lieu,2.467,48.818,20.704,9.400,56.000,62.000,71.000,15.000,,34.537,20.036,195.000,73.500,-121.500,-0.359,-31.872,1.795,1.000,False,False,False,,,False
gare,94028,Créteil,commune,,93397,ign_chef_lieu,2.453,48.778,20.706,11.442,76.000,82.000,91.000,15.000,,35.772,15.151,196.000,157.000,-39.000,-0.115,-9.902,2.292,4.000,True,False,False,,,False
gare,78624,Triel-sur-Seine,commune,,12206,ign_chef_lieu,2.003,48.981,20.803,29.133,75.000,83.000,127.000,52.000,,28.618,15.039,197.000,163.500,-33.500,-0.099,-9.038,2.900,2.000,False,False,False,,,False
gare,91027,Athis-Mons,commune,,36613,ign_chef_lieu,2.389,48.708,20.825,16.768,90.000,99.000,109.000,19.000,,32.782,12.621,198.000,248.000,50.000,0.148,8.434,3.020,4.000,True,False,False,,,False
gare,78193,Dampierre-en-Yvelines,commune,,1008,ign_chef_lieu,1.986,48.705,20.908,31.766,,,,,,29.345,,,,,,,,,False,False,False,,,False
gare,78162,Choisel,commune,,540,ign_chef_lieu,2.018,48.687,20.942,31.009,,,,,,33.703,,,,,,,,,False,False,False,,,False
gare,91216,Épinay-sur-Orge,commune,,10722,ign_chef_lieu,2.324,48.673,21.017,20.542,82.000,88.000,97.000,15.000,,32.520,14.330,199.000,188.000,-11.000,-0.033,-4.100,2.706,3.000,False,False,False,,,False
gare,78643,Vernouillet,commune,,9699,ign_chef_lieu,1.983,48.973,21.087,29.979,88.000,101.000,116.000,28.000,,27.268,12.527,200.000,256.500,56.500,0.167,9.866,3.704,2.000,False,False,False,,,False
gare,95607,Taverny,commune,,27593,ign_chef_lieu,2.226,49.026,21.091,21.044,91.000,98.000,109.000,18.000,,33.465,12.913,201.000,243.000,42.000,0.124,6.591,2.928,2.000,False,False,False,,,False
gare,78550,Saint-Germain-de-la-Grange,commune,,1847,ign_chef_lieu,1.899,48.834,21.112,33.378,,,,,,26.562,,,,,,,,,False,False,False,,,False
gare,91589,Savigny-sur-Orge,commune,,37601,ign_chef_lieu,2.346,48.680,21.174,19.657,79.000,85.000,93.000,14.000,,31.610,14.946,202.000,173.000,-29.000,-0.086,-7.748,2.689,3.000,False,False,False,,,False
gare,93029,Drancy,commune,,72390,ign_chef_lieu,2.445,48.923,21.185,10.075,69.000,75.000,85.000,16.000,,32.353,16.948,203.000,118.500,-84.500,-0.250,-18.625,2.318,3.000,False,False,False,,,False
gare,94033,Fontenay-sous-Bois,commune,,53757,ign_chef_lieu,2.475,48.849,21.191,9.014,61.000,67.000,76.000,15.000,,40.575,18.977,204.000,87.000,-117.000,-0.346,-27.317,1.651,1.000,False,False,False,,,False
gare,78431,Morainvilliers,commune,,3120,ign_chef_lieu,1.932,48.929,21.194,31.849,,,,,,24.417,,,,,,,,,False,False,False,,,False
gare,95218,Éragny-sur-Oise,commune,,18436,ign_chef_lieu,2.091,49.019,21.296,26.369,73.000,95.000,106.000,33.000,,33.518,13.450,205.000,230.000,25.000,0.074,2.778,2.834,1.000,False,False,False,,,False
gare,78442,Neauphle-le-Château,commune,,3250,ign_chef_lieu,1.899,48.814,21.305,33.643,100.000,108.000,115.000,15.000,,21.562,11.836,206.000,278.000,72.000,0.213,16.815,5.009,3.000,False,False,False,,,False
gare,93030,Dugny,commune,,11700,ign_chef_lieu,2.418,48.955,21.363,12.001,76.000,83.000,90.000,14.000,,32.433,15.443,207.000,163.500,-43.500,-0.129,-10.361,2.559,3.000,False,False,False,,,False
gare,91326,Juvisy-sur-Orge,commune,,19292,ign_chef_lieu,2.372,48.691,21.366,18.487,75.000,80.000,89.000,14.000,,34.702,16.024,208.000,143.000,-65.000,-0.192,-13.608,2.305,3.000,False,False,False,,,False
gare,78010,Les Alluets-le-Roi,commune,,1390,ign_chef_lieu,1.919,48.914,21.368,32.452,,,,,,25.595,,,,,,,,,False,False,False,,,False
gare,78321,Jouars-Pontchartrain,commune,,6039,ign_chef_lieu,1.901,48.802,21.371,33.713,,,,,,20.438,,,,,,,,,False,False,False,,,False
gare,91319,Janvry,commune,,654,ign_chef_lieu,2.156,48.647,21.413,27.402,,,,,,35.678,,,,,,,,,False,False,False,,,False
gare,94001,Ablon-sur-Seine,commune,,5988,ign_chef_lieu,2.422,48.725,21.427,15.492,90.000,98.000,108.000,18.000,,34.883,13.118,209.000,243.000,34.000,0.101,5.665,2.809,3.000,False,False,False,,,False
gare,95450,Neuville-sur-Oise,commune,,2058,ign_chef_lieu,2.063,49.014,21.506,27.508,66.000,110.000,118.000,52.000,,35.847,11.730,210.000,283.000,73.000,0.216,18.363,3.069,3.000,False,False,False,,,False
gare,95268,Garges-lès-Gonesse,commune,,41791,ign_chef_lieu,2.401,48.972,21.595,13.303,76.000,89.000,100.000,24.000,,35.673,14.558,211.000,194.000,-17.000,-0.050,-4.451,2.495,2.000,False,False,False,,,False
gare,95539,Saint-Brice-sous-Forêt,commune,,15063,ign_chef_lieu,2.357,48.998,21.681,15.706,86.000,99.000,110.000,24.000,,36.300,13.140,212.000,248.000,36.000,0.107,6.050,2.727,3.000,False,False,False,,,False
gare,78683,Villiers-Saint-Frédéric,commune,,3395,ign_chef_lieu,1.891,48.820,21.772,34.096,116.000,127.000,143.000,27.000,,24.012,10.286,213.000,314.000,101.000,0.299,35.730,5.289,2.000,False,False,False,,,False
gare,91685,Villiers-sur-Orge,commune,,4545,ign_chef_lieu,2.300,48.657,21.785,22.458,92.000,98.000,106.000,14.000,,34.817,13.338,214.000,243.000,29.000,0.086,4.701,2.815,3.000,False,False,False,,,False
gare,78334,Lévis-Saint-Nom,commune,,1603,ign_chef_lieu,1.949,48.721,21.796,33.260,,,,,,29.917,,,,,,,,,False,False,False,,,False
gare,91363,Marcoussis,commune,,8618,ign_chef_lieu,2.231,48.643,21.985,25.376,,,,,,36.308,,,,,,,,,False,False,False,,,False
gare,78642,Verneuil-sur-Seine,commune,,16280,ign_chef_lieu,1.975,48.979,22.008,30.817,82.000,123.000,138.000,56.000,,27.195,10.735,215.000,304.000,89.000,0.263,30.676,4.523,2.000,False,False,False,,,False
gare,78168,Coignières,commune,,4321,ign_chef_lieu,1.918,48.748,22.173,34.145,85.000,95.000,106.000,21.000,,24.232,14.004,216.000,230.000,14.000,0.041,0.512,3.920,2.000,False,False,False,,,False
gare,95323,Jouy-le-Moutier,commune,,17854,ign_chef_lieu,2.047,49.016,22.202,28.527,75.000,122.000,133.000,58.000,,38.908,10.919,217.000,300.500,83.500,0.247,28.987,3.136,3.000,False,False,False,,,False
gare,91667,Villemoisson-sur-Orge,commune,,7332,ign_chef_lieu,2.330,48.662,22.272,21.694,87.000,92.000,101.000,14.000,,33.432,14.525,218.000,211.000,-7.000,-0.021,-2.901,2.752,3.000,False,False,False,,,False
gare,94068,Saint-Maur-des-Fossés,commune,,76572,ign_chef_lieu,2.485,48.803,22.294,11.426,60.000,66.000,75.000,15.000,,38.800,20.267,219.000,83.500,-135.500,-0.401,-30.379,1.701,1.000,False,False,False,,,False
gare,94052,Nogent-sur-Marne,commune,,32455,ign_chef_lieu,2.492,48.839,22.388,10.381,66.000,72.000,83.000,17.000,,38.277,18.657,220.000,106.500,-113.500,-0.336,-24.227,1.881,2.000,False,False,False,,,False
gare,95060,Bessancourt,commune,,8869,ign_chef_lieu,2.217,49.039,22.389,22.566,93.000,104.000,115.000,22.000,,35.630,12.917,221.000,268.000,47.000,0.139,9.447,2.919,2.000,False,False,False,,,False
gare,93064,Rosny-sous-Bois,commune,,47180,ign_chef_lieu,2.488,48.872,22.442,10.098,60.000,67.000,83.000,23.000,,37.998,20.097,222.000,87.000,-135.000,-0.399,-29.582,1.763,1.000,False,False,False,,,False
gare,95489,Piscop,commune,,768,ign_chef_lieu,2.343,49.012,22.477,17.337,,,,,,39.865,,,,,,,,,False,False,False,,,False
gare,95585,Sarcelles,commune,,59173,ign_chef_lieu,2.378,48.997,22.596,15.801,88.000,102.000,113.000,25.000,,38.775,13.292,223.000,261.000,38.000,0.112,6.799,2.631,3.000,False,False,False,,,False
gare,78590,Senlisse,commune,,511,ign_chef_lieu,1.982,48.687,22.601,33.144,,,,,,33.293,,,,,,,,,False,False,False,,,False
gare,94078,Villeneuve-Saint-Georges,commune,,36221,ign_chef_lieu,2.448,48.731,22.609,15.622,85.000,91.000,99.000,14.000,,37.675,14.907,224.000,204.500,-19.500,-0.058,-4.750,2.415,4.000,True,False,False,,,False
gare,93010,Bondy,commune,,50595,ign_chef_lieu,2.481,48.902,22.751,10.718,66.000,73.000,98.000,32.000,,34.688,18.700,225.000,111.500,-113.500,-0.336,-23.854,2.104,1.000,False,False,False,,,False
gare,78206,Ecquevilly,commune,,4279,ign_chef_lieu,1.924,48.949,22.841,33.050,,,,,,23.250,,,,,,,,,False,False,False,,,False
gare,91434,Morsang-sur-Orge,commune,,21667,ign_chef_lieu,2.346,48.662,22.861,21.631,90.000,96.000,106.000,16.000,,32.688,14.288,226.000,235.000,9.000,0.027,-0.127,2.937,3.000,False,False,False,,,False
gare,91338,Limours,commune,,6517,ign_chef_lieu,2.077,48.646,22.870,30.955,,,,,,39.095,,,,,,,,,False,False,False,,,False
gare,91657,Vigneux-sur-Seine,commune,,31466,ign_chef_lieu,2.417,48.700,22.874,18.008,81.000,88.000,99.000,18.000,,41.620,15.596,227.000,188.000,-39.000,-0.115,-8.479,2.114,4.000,True,False,False,,,False
gare,78062,Beynes,commune,,7704,ign_chef_lieu,1.876,48.856,22.888,34.976,105.000,127.000,,,,29.013,10.813,228.000,314.000,86.000,0.254,32.035,4.377,3.000,False,False,False,,,False
gare,91347,Longpont-sur-Orge,commune,,6482,ign_chef_lieu,2.293,48.642,23.142,24.185,98.000,104.000,113.000,15.000,,36.755,13.351,229.000,268.000,39.000,0.115,7.468,2.830,3.000,False,False,False,,,False
gare,91687,Viry-Châtillon,commune,,30838,ign_chef_lieu,2.375,48.671,23.172,20.644,80.000,87.000,95.000,15.000,,33.868,15.981,230.000,182.000,-48.000,-0.142,-10.164,2.569,4.000,True,False,False,,,False
gare,93007,Le Blanc-Mesnil,commune,,62376,ign_chef_lieu,2.464,48.939,23.192,12.266,70.000,76.000,84.000,14.000,,35.160,18.309,231.000,123.500,-107.500,-0.318,-21.560,2.162,2.000,False,False,False,,,False
gare,94011,Bonneuil-sur-Marne,commune,,18270,ign_chef_lieu,2.487,48.774,23.225,13.474,75.000,81.000,91.000,16.000,,38.142,17.204,232.000,151.500,-80.500,-0.238,-16.465,2.124,3.000,False,False,False,,,False
gare,78305,Herbeville,commune,,228,ign_chef_lieu,1.887,48.906,23.234,34.591,,,,,,28.183,,,,,,,,,False,False,False,,,False
gare,91425,Montlhéry,commune,,9772,ign_chef_lieu,2.270,48.637,23.248,25.168,117.000,125.000,135.000,18.000,,35.677,11.159,233.000,309.500,76.500,0.226,28.842,3.504,3.000,False,False,False,,,False
gare,94074,Valenton,commune,,14406,ign_chef_lieu,2.470,48.744,23.284,15.148,77.000,83.000,92.000,15.000,,38.370,16.831,234.000,163.500,-70.500,-0.209,-14.521,2.163,3.000,False,False,False,,,False
gare,95199,Domont,commune,,16065,ign_chef_lieu,2.327,49.027,23.392,19.106,116.000,128.000,139.000,23.000,,40.790,10.965,235.000,316.500,81.500,0.241,31.485,3.138,3.000,False,False,False,,,False
gare,78140,Chapet,commune,,1331,ign_chef_lieu,1.934,48.967,23.419,33.062,,,,,,25.242,,,,,,,,,False,False,False,,,False
gare,93049,Neuilly-Plaisance,commune,,21941,ign_chef_lieu,2.506,48.861,23.605,11.301,74.000,80.000,90.000,16.000,,41.365,17.703,236.000,143.000,-93.000,-0.275,-18.231,1.934,1.000,False,False,False,,,False
gare,91482,Pecqueuse,commune,,580,ign_chef_lieu,2.049,48.647,23.605,32.295,,,,,,40.748,,,,,,,,,False,False,False,,,False
gare,94058,Le Perreux-sur-Marne,commune,,35260,ign_chef_lieu,2.508,48.841,23.610,11.557,76.000,83.000,94.000,18.000,,39.882,17.068,237.000,163.500,-73.500,-0.217,-15.177,2.081,2.000,False,False,False,,,False
gare,95088,Bonneuil-en-France,commune,,1185,ign_chef_lieu,2.433,48.976,23.642,14.514,98.000,104.000,115.000,17.000,,37.265,13.639,238.000,268.000,30.000,0.089,6.207,2.791,3.000,False,False,False,,,False
gare,91201,Draveil,commune,,30098,ign_chef_lieu,2.405,48.682,23.655,19.735,84.000,93.000,105.000,21.000,,40.273,15.261,239.000,218.500,-20.500,-0.061,-5.057,2.309,4.000,True,False,False,,,False
gare,95572,Saint-Ouen-l'Aumône,commune,,25578,ign_chef_lieu,2.106,49.044,23.658,27.613,80.000,87.000,98.000,18.000,,38.863,16.316,240.000,182.000,-58.000,-0.172,-11.187,2.239,2.000,False,False,False,,,False
gare,95256,Frépillon,commune,,3317,ign_chef_lieu,2.206,49.051,23.688,24.152,95.000,110.000,121.000,26.000,,37.718,12.921,241.000,283.000,42.000,0.124,12.213,2.916,2.000,False,False,False,,,False
gare,94044,Limeil-Brévannes,commune,,27406,ign_chef_lieu,2.480,48.749,23.760,15.180,79.000,84.000,91.000,12.000,,37.622,16.971,242.000,169.500,-72.500,-0.214,-14.453,2.233,3.000,False,False,False,,,False
gare,91339,Linas,commune,,7987,ign_chef_lieu,2.267,48.631,23.772,25.816,122.000,128.000,135.000,13.000,,35.728,11.143,243.000,316.500,73.500,0.217,30.321,3.583,4.000,True,False,False,,,False
gare,78623,Le Tremblay-sur-Mauldre,commune,,930,ign_chef_lieu,1.875,48.778,23.827,36.115,,,,,,25.190,,,,,,,,,False,False,False,,,False
gare,78443,Neauphle-le-Vieux,commune,,937,ign_chef_lieu,1.864,48.815,23.849,36.180,115.000,126.000,142.000,27.000,,25.618,11.356,244.000,311.500,67.500,0.200,28.056,4.918,2.000,False,False,False,,,False
gare,95680,Villiers-le-Bel,commune,,30053,ign_chef_lieu,2.388,49.008,23.905,17.006,86.000,97.000,110.000,24.000,,38.335,14.786,245.000,239.500,-5.500,-0.016,-1.545,2.530,3.000,False,False,False,,,False
gare,94017,Champigny-sur-Marne,commune,,78072,ign_chef_lieu,2.511,48.813,23.967,12.570,67.000,73.000,83.000,16.000,,40.123,19.699,246.000,111.500,-134.500,-0.398,-26.011,1.819,1.000,False,False,False,,,False
gare,95019,Arnouville,commune,,15023,ign_chef_lieu,2.421,48.990,24.051,15.646,76.000,87.000,98.000,22.000,,39.357,16.587,247.000,182.000,-65.000,-0.192,-11.992,2.211,2.000,False,False,False,,,False
gare,93077,Villemomble,commune,,29795,ign_chef_lieu,2.508,48.882,24.074,11.751,68.000,75.000,106.000,38.000,,38.338,19.259,248.000,118.500,-129.500,-0.383,-24.170,1.956,1.000,False,False,False,,,False
gare,91191,Crosne,commune,,9610,ign_chef_lieu,2.458,48.716,24.115,17.388,82.000,90.000,97.000,15.000,,39.900,16.077,249.000,200.000,-49.000,-0.145,-9.091,2.256,2.000,False,False,False,,,False
gare,78576,Saint-Rémy-l'Honoré,commune,,1689,ign_chef_lieu,1.882,48.756,24.186,36.330,,,,,,28.660,,,,,,,,,False,False,False,,,False
gare,91111,Briis-sous-Forges,commune,,3342,ign_chef_lieu,2.124,48.625,24.191,30.750,111.000,123.000,146.000,35.000,,40.530,11.800,250.000,304.000,54.000,0.160,24.027,3.035,3.000,False,False,False,,,False
gare,95091,Bouffémont,commune,,6593,ign_chef_lieu,2.299,49.043,24.228,21.132,106.000,145.000,156.000,50.000,,44.228,10.025,251.000,327.000,76.000,0.225,46.089,3.278,3.000,False,False,False,,,False
gare,78128,Cernay-la-Ville,commune,,1516,ign_chef_lieu,1.971,48.673,24.233,34.633,,,,,,35.722,,,,,,,,,False,False,False,,,False
gare,91249,Forges-les-Bains,commune,,4241,ign_chef_lieu,2.100,48.628,24.237,31.461,,,,,,43.892,,,,,,,,,False,False,False,,,False
gare,91549,Sainte-Geneviève-des-Bois,commune,,35438,ign_chef_lieu,2.327,48.641,24.297,24.073,96.000,102.000,110.000,14.000,,37.217,14.292,252.000,261.000,9.000,0.027,2.605,2.741,4.000,True,False,False,,,False
gare,95061,Béthemont-la-Forêt,commune,,435,ign_chef_lieu,2.252,49.053,24.321,23.061,,,,,,41.780,,,,,,,,,False,False,False,,,False
gare,78368,Mareil-sur-Mauldre,commune,,1776,ign_chef_lieu,1.866,48.894,24.355,35.964,113.000,135.000,,,,28.417,10.824,253.000,321.000,68.000,0.201,35.622,4.751,3.000,False,False,False,,,False
gare,95074,Boisemont,commune,,892,ign_chef_lieu,2.002,49.021,24.400,31.543,99.000,146.000,157.000,58.000,,38.585,10.028,254.000,328.500,74.500,0.220,46.520,3.784,3.000,False,False,False,,,False
gare,94015,Bry-sur-Marne,commune,,18503,ign_chef_lieu,2.520,48.835,24.452,12.487,76.000,83.000,93.000,17.000,,38.488,17.676,255.000,163.500,-91.500,-0.271,-16.801,2.156,1.000,False,False,False,,,False
gare,95500,Pontoise,commune,,31970,ign_chef_lieu,2.101,49.051,24.459,28.422,83.000,96.000,107.000,24.000,,39.687,15.287,256.000,235.000,-21.000,-0.062,-3.785,2.419,2.000,False,False,False,,,False
gare,91243,Fontenay-lès-Briis,commune,,2350,ign_chef_lieu,2.156,48.619,24.462,30.068,,,,,,36.968,,,,,,,,,False,False,False,,,False
gare,78415,Montainville,commune,,589,ign_chef_lieu,1.860,48.882,24.476,36.271,140.000,162.000,,,,31.763,9.065,257.000,337.000,80.000,0.237,62.299,5.100,3.000,False,False,False,,,False
gare,95205,Écouen,commune,,7202,ign_chef_lieu,2.379,49.018,24.486,18.124,98.000,118.000,130.000,32.000,,40.570,12.450,258.000,291.500,33.500,0.099,18.193,2.909,3.000,False,False,False,,,False
gare,95637,Vauréal,commune,,16079,ign_chef_lieu,2.021,49.030,24.512,31.004,79.000,124.000,135.000,56.000,,40.135,11.861,259.000,307.000,48.000,0.142,24.129,3.090,3.000,False,False,False,,,False
gare,93057,Les Pavillons-sous-Bois,commune,,25804,ign_chef_lieu,2.507,48.903,24.576,12.448,69.000,76.000,89.000,20.000,,37.117,19.402,260.000,123.500,-136.500,-0.404,-24.030,2.048,2.000,False,False,False,,10.000,False
gare,91570,Saint-Michel-sur-Orge,commune,,21776,ign_chef_lieu,2.303,48.630,24.666,25.414,88.000,94.000,102.000,14.000,,36.712,15.744,261.000,224.500,-36.500,-0.108,-6.227,2.560,3.000,False,False,False,,,False
gare,95151,Chauvry,commune,,297,ign_chef_lieu,2.267,49.054,24.703,22.876,,,,,,41.925,,,,,,,,,False,False,False,,,False
gare,78638,Vaux-sur-Seine,commune,,5202,ign_chef_lieu,1.963,49.006,24.815,33.018,81.000,92.000,132.000,51.000,,34.332,16.184,262.000,211.000,-51.000,-0.151,-8.527,2.680,2.000,False,False,False,,,False
gare,78050,Bazoches-sur-Guyonne,commune,,721,ign_chef_lieu,1.860,48.778,24.898,37.196,,,,,,24.305,,,,,,,,,False,False,False,,,False
gare,91286,Grigny,commune,,26842,ign_chef_lieu,2.385,48.656,24.959,22.380,88.000,93.000,101.000,13.000,,34.333,16.103,263.000,218.500,-44.500,-0.132,-7.827,2.709,4.000,True,False,False,,,False
gare,91421,Montgeron,commune,,24022,ign_chef_lieu,2.460,48.704,25.083,18.725,75.000,82.000,90.000,15.000,,42.067,18.353,264.000,157.000,-107.000,-0.317,-18.951,1.949,2.000,False,False,False,,,False
gare,93062,Le Raincy,commune,,14735,ign_chef_lieu,2.516,48.899,25.085,12.881,66.000,74.000,89.000,23.000,,38.172,20.339,265.000,116.000,-149.000,-0.441,-26.862,1.939,2.000,False,False,False,,6.000,False
gare,95229,Ézanville,commune,,9858,ign_chef_lieu,2.362,49.032,25.087,19.541,110.000,121.000,131.000,21.000,,41.330,12.440,266.000,297.000,31.000,0.092,19.585,2.928,3.000,False,False,False,,,False
gare,95394,Méry-sur-Oise,commune,,9983,ign_chef_lieu,2.185,49.064,25.147,26.196,105.000,114.000,125.000,20.000,,39.417,13.235,267.000,287.000,20.000,0.059,12.519,2.892,2.000,False,False,False,,,False
gare,93050,Neuilly-sur-Marne,commune,,39800,ign_chef_lieu,2.528,48.857,25.182,12.915,74.000,80.000,91.000,17.000,,42.538,18.886,268.000,143.000,-125.000,-0.370,-21.100,1.881,2.000,False,False,False,,,False
gare,78220,Les Essarts-le-Roi,commune,,6831,ign_chef_lieu,1.895,48.718,25.307,37.012,96.000,104.000,113.000,17.000,,28.302,14.600,269.000,268.000,-1.000,-0.003,2.290,3.675,2.000,False,False,False,,,False
gare,93005,Aulnay-sous-Bois,commune,,87599,ign_chef_lieu,2.500,48.934,25.349,13.861,63.000,69.000,77.000,14.000,,38.373,22.043,270.000,95.000,-175.000,-0.518,-32.197,1.798,2.000,False,False,False,,2.000,False
gare,91333,Leuville-sur-Orge,commune,,4271,ign_chef_lieu,2.264,48.616,25.352,27.494,125.000,131.000,138.000,13.000,,36.408,11.612,271.000,318.000,47.000,0.139,28.719,3.598,4.000,True,False,False,,,False
gare,95277,Gonesse,commune,,27707,ign_chef_lieu,2.450,48.986,25.369,16.121,96.000,105.000,115.000,19.000,,39.633,14.497,272.000,272.000,0.000,0.000,3.134,2.649,3.000,False,False,False,,,False
gare,95678,Villiers-Adam,commune,,858,ign_chef_lieu,2.235,49.064,25.392,24.691,107.000,156.000,,,,40.277,9.766,273.000,335.000,62.000,0.183,53.150,3.873,3.000,False,False,False,,,False
gare,78366,Mareil-le-Guyon,commune,,420,ign_chef_lieu,1.847,48.790,25.494,37.830,,,,,,26.992,,,,,,,,,False,False,False,,,False
gare,95388,Menucourt,commune,,6184,ign_chef_lieu,1.984,49.025,25.501,32.872,106.000,,,,,38.175,,,,,,,,,False,False,False,,,False
gare,78090,Bouafle,commune,,2234,ign_chef_lieu,1.897,48.966,25.522,35.533,111.000,165.000,,,,25.302,9.281,274.000,338.000,64.000,0.189,61.532,6.521,3.000,False,False,False,,,False
gare,78049,Bazemont,commune,,1727,ign_chef_lieu,1.865,48.928,25.583,36.598,,,,,,31.682,,,,,,,,,False,False,False,,,False
gare,78588,Saulx-Marchais,commune,,950,ign_chef_lieu,1.836,48.838,25.699,37.929,,,,,,31.083,,,,,,,,,False,False,False,,,False
gare,95183,Courdimanche,commune,,7311,ign_chef_lieu,2.002,49.035,25.758,32.500,95.000,138.000,150.000,55.000,,39.873,11.199,275.000,324.500,49.500,0.146,34.415,3.461,2.000,False,False,False,,,False
gare,95409,Moisselles,commune,,1261,ign_chef_lieu,2.337,49.048,25.799,21.344,108.000,138.000,150.000,42.000,,41.375,11.217,276.000,324.500,48.500,0.143,34.297,3.335,3.000,False,False,False,,,False
gare,95039,Auvers-sur-Oise,commune,,6863,ign_chef_lieu,2.172,49.070,25.805,27.207,131.000,,,,,42.312,,,,,,,,,False,False,False,,,False
gare,94019,Chennevières-sur-Marne,commune,,18710,ign_chef_lieu,2.533,48.796,25.840,14.818,84.000,93.000,102.000,18.000,,44.462,16.671,277.000,218.500,-58.500,-0.173,-9.575,2.092,2.000,False,False,False,,,False
gare,94071,Sucy-en-Brie,commune,,27764,ign_chef_lieu,2.524,48.771,25.903,15.789,78.000,85.000,96.000,18.000,,41.537,18.285,278.000,173.000,-105.000,-0.311,-17.466,2.046,2.000,False,False,False,,,False
gare,91691,Yerres,commune,,27906,ign_chef_lieu,2.488,48.717,25.943,18.417,82.000,90.000,97.000,15.000,,43.820,17.296,279.000,200.000,-79.000,-0.234,-12.685,2.054,3.000,False,False,False,,,False
gare,78653,Vicq,commune,,389,ign_chef_lieu,1.835,48.815,25.967,38.292,,,,,,26.567,,,,,,,,,False,False,False,,,False
gare,94004,Boissy-Saint-Léger,commune,,17325,ign_chef_lieu,2.513,48.748,26.011,16.866,77.000,83.000,92.000,15.000,,39.483,18.803,280.000,163.500,-116.500,-0.345,-19.592,2.102,1.000,False,False,False,,,False
gare,78380,Maule,commune,,6083,ign_chef_lieu,1.848,48.909,26.032,37.443,121.000,143.000,,,,32.595,10.923,281.000,326.000,45.000,0.133,38.472,4.387,3.000,False,False,False,,,False
gare,94079,Villiers-sur-Marne,commune,,33162,ign_chef_lieu,2.541,48.826,26.045,14.228,71.000,80.000,90.000,19.000,,41.337,19.533,282.000,143.000,-139.000,-0.411,-22.554,1.935,1.000,False,False,False,,9.000,False
gare,93032,Gagny,commune,,42313,ign_chef_lieu,2.537,48.885,26.204,13.876,66.000,74.000,113.000,47.000,,41.517,21.247,283.000,116.000,-167.000,-0.494,-28.603,1.782,2.000,False,False,False,,3.000,False
gare,95127,Cergy,commune,,70906,ign_chef_lieu,2.035,49.053,26.267,31.864,69.000,110.000,122.000,53.000,,41.722,14.328,284.000,283.000,-1.000,-0.003,5.990,2.637,2.000,False,False,False,,,False
gare,78227,Évecquemont,commune,,754,ign_chef_lieu,1.944,49.014,26.395,34.671,106.000,117.000,156.000,50.000,,33.162,13.536,285.000,290.000,5.000,0.015,12.432,3.528,3.000,False,False,False,,,False
gare,91235,Fleury-Mérogis,commune,,13721,ign_chef_lieu,2.361,48.630,26.481,25.188,100.000,106.000,114.000,14.000,,38.905,14.989,286.000,274.000,-12.000,-0.036,1.680,2.725,4.000,True,False,False,,,False
gare,95042,Baillet-en-France,commune,,2021,ign_chef_lieu,2.300,49.065,26.578,23.539,111.000,149.000,160.000,49.000,,45.727,10.703,287.000,331.000,44.000,0.130,42.637,3.258,3.000,False,False,False,,,False
gare,91521,Ris-Orangis,commune,,31189,ign_chef_lieu,2.416,48.654,26.579,23.016,94.000,104.000,117.000,23.000,,39.372,15.334,288.000,268.000,-20.000,-0.059,-0.442,2.641,2.000,False,False,False,,,False
gare,94055,Ormesson-sur-Marne,commune,,10977,ign_chef_lieu,2.540,48.786,26.649,15.889,91.000,101.000,110.000,19.000,,43.610,15.831,289.000,256.500,-32.500,-0.096,-3.454,2.316,2.000,False,False,False,,,False
gare,78440,Les Mureaux,commune,,34632,ign_chef_lieu,1.909,48.993,26.651,35.876,84.000,102.000,114.000,30.000,,25.718,15.677,290.000,261.000,-29.000,-0.086,-2.503,3.966,2.000,False,False,False,,,False
gare,91634,Vaugrigneuse,commune,,1458,ign_chef_lieu,2.121,48.603,26.657,32.966,,,,,,41.648,,,,,,,,,False,False,False,,,False
gare,91103,Brétigny-sur-Orge,commune,,26658,ign_chef_lieu,2.306,48.611,26.724,27.452,87.000,93.000,101.000,14.000,,39.003,17.241,291.000,218.500,-72.500,-0.214,-11.239,2.384,3.000,False,False,False,,,False
gare,95392,Mériel,commune,,5347,ign_chef_lieu,2.205,49.079,26.800,27.012,98.000,105.000,116.000,18.000,,41.845,15.314,292.000,272.000,-20.000,-0.059,0.057,2.509,2.000,False,False,False,,,False
gare,78030,Auffargis,commune,,1963,ign_chef_lieu,1.887,48.700,26.819,38.336,,,,,,31.013,,,,,,,,,False,False,False,,,False
gare,93051,Noisy-le-Grand,commune,,72978,ign_chef_lieu,2.552,48.850,26.884,14.690,75.000,81.000,91.000,16.000,,42.148,19.914,293.000,151.500,-141.500,-0.419,-22.946,1.922,2.000,False,False,False,,8.000,False
gare,95476,Osny,commune,,17954,ign_chef_lieu,2.062,49.066,26.942,31.598,87.000,133.000,144.000,57.000,,43.858,12.154,294.000,319.500,25.500,0.075,26.369,3.032,2.000,False,False,False,,,False
gare,95028,Attainville,commune,,1904,ign_chef_lieu,2.346,49.057,26.965,22.317,113.000,133.000,,,,44.493,12.165,295.000,319.500,24.500,0.072,26.310,2.989,3.000,False,False,False,,,False
gare,78034,Auteuil,commune,,1020,ign_chef_lieu,1.819,48.841,27.007,39.220,,,,,,29.552,,,,,,,,,False,False,False,,,False
gare,78238,Flins-sur-Seine,commune,,2447,ign_chef_lieu,1.870,48.963,27.018,37.295,,,,,,24.848,,,,,,,,,False,False,False,,,False
gare,78013,Andelu,commune,,550,ign_chef_lieu,1.824,48.879,27.019,38.888,,,,,,36.078,,,,,,,,,False,False,False,,,False
gare,95094,Bouqueval,commune,,314,ign_chef_lieu,2.424,49.024,27.056,19.420,,,,,,43.400,,,,,,,,,False,False,False,,,False
gare,78364,Marcq,commune,,802,ign_chef_lieu,1.819,48.860,27.075,39.145,,,,,,31.658,,,,,,,,,False,False,False,,,False
gare,95211,Ennery,commune,,2243,ign_chef_lieu,2.106,49.076,27.080,30.368,,,,,,43.137,,,,,,,,,False,False,False,,,False
gare,78033,Aulnay-sur-Mauldre,commune,,1180,ign_chef_lieu,1.844,48.929,27.096,38.176,135.000,157.000,,,,33.022,10.355,296.000,336.000,40.000,0.118,48.703,4.754,3.000,False,False,False,,,False
gare,78087,Bonnelles,commune,,2165,ign_chef_lieu,2.028,48.618,27.103,35.639,,,,,,44.497,,,,,,,,,False,False,False,,,False
gare,95510,Puiseux-Pontoise,commune,,603,ign_chef_lieu,2.022,49.057,27.127,32.908,84.000,125.000,137.000,53.000,,40.908,13.021,297.000,309.500,12.500,0.037,18.321,3.056,2.000,False,False,False,,,False
gare,91494,Le Plessis-Pâté,commune,,4154,ign_chef_lieu,2.325,48.612,27.150,27.230,108.000,119.000,130.000,22.000,,42.060,13.689,298.000,293.000,-5.000,-0.015,12.589,2.829,4.000,True,False,False,,,False
gare,78398,Les Mesnuls,commune,,910,ign_chef_lieu,1.837,48.758,27.176,39.400,,,,,,28.678,,,,,,,,,False,False,False,,,False
gare,93046,Livry-Gargan,commune,,47228,ign_chef_lieu,2.536,48.919,27.197,15.193,77.000,86.000,96.000,19.000,,39.380,18.975,299.000,176.500,-122.500,-0.362,-18.711,2.184,3.000,False,False,False,,,False
gare,91115,Bruyères-le-Châtel,commune,,3788,ign_chef_lieu,2.193,48.593,27.242,31.522,,,,,,42.128,,,,,,,,,False,False,False,,,False
gare,95492,Le Plessis-Gassot,commune,,102,ign_chef_lieu,2.412,49.033,27.276,20.173,,,,,,44.198,,,,,,,,,False,False,False,,,False
gare,93071,Sevran,commune,,52535,ign_chef_lieu,2.526,48.940,27.307,15.716,76.000,82.000,90.000,14.000,,42.105,19.981,300.000,157.000,-143.000,-0.423,-22.665,1.948,3.000,False,False,False,,7.000,False
gare,95430,Montsoult,commune,,4023,ign_chef_lieu,2.312,49.071,27.409,24.007,100.000,137.000,148.000,48.000,,45.990,12.004,301.000,322.500,21.500,0.064,28.941,2.979,3.000,False,False,False,,,False
gare,91186,Courson-Monteloup,commune,,563,ign_chef_lieu,2.145,48.593,27.456,33.033,,,,,,40.803,,,,,,,,,False,False,False,,,False
gare,78401,Meulan-en-Yvelines,commune,,8950,ign_chef_lieu,1.910,49.005,27.475,36.404,83.000,93.000,112.000,29.000,,27.682,17.726,302.000,218.500,-83.500,-0.247,-12.588,3.360,3.000,False,False,False,,,False
gare,78389,Méré,commune,,1731,ign_chef_lieu,1.820,48.788,27.504,39.841,,,,,,26.335,,,,,,,,,False,False,False,,,False
gare,94053,Noiseau,commune,,4628,ign_chef_lieu,2.549,48.775,27.524,17.032,83.000,96.000,114.000,31.000,,45.547,17.203,303.000,235.000,-68.000,-0.201,-9.856,2.108,2.000,False,False,False,,,False
gare,95120,Butry-sur-Oise,commune,,2252,ign_chef_lieu,2.198,49.086,27.537,27.909,113.000,121.000,130.000,17.000,,43.937,13.655,304.000,297.000,-7.000,-0.021,13.590,2.754,2.000,False,False,False,,,False
gare,93014,Clichy-sous-Bois,commune,,29354,ign_chef_lieu,2.546,48.911,27.568,15.426,82.000,90.000,103.000,21.000,,40.812,18.379,305.000,200.000,-105.000,-0.311,-15.564,2.205,2.000,False,False,False,,,False
gare,91552,Saint-Germain-lès-Arpajon,commune,,11623,ign_chef_lieu,2.256,48.595,27.579,29.966,110.000,118.000,126.000,16.000,,38.883,14.023,306.000,291.500,-14.500,-0.043,10.681,3.035,4.000,True,False,False,,,False
gare,91461,Ollainville,commune,,5455,ign_chef_lieu,2.217,48.591,27.589,31.145,129.000,137.000,144.000,15.000,,41.477,12.083,307.000,322.500,15.500,0.046,28.475,3.303,4.000,True,False,False,,,False
gare,95612,Le Thillay,commune,,4560,ign_chef_lieu,2.470,49.002,27.590,18.314,99.000,110.000,121.000,22.000,,40.723,15.049,308.000,283.000,-25.000,-0.074,3.154,2.701,3.000,False,False,False,,,False
gare,78029,Aubergenville,commune,,12723,ign_chef_lieu,1.856,48.959,27.714,38.154,111.000,121.000,144.000,33.000,,26.050,13.742,309.000,297.000,-12.000,-0.036,13.189,4.645,2.000,False,False,False,,,False
gare,78120,Bullion,commune,,1916,ign_chef_lieu,1.999,48.621,27.824,36.885,,,,,,41.850,,,,,,,,,False,False,False,,,False
gare,78125,La Celle-les-Bordes,commune,,840,ign_chef_lieu,1.955,48.640,27.867,37.866,,,,,,40.840,,,,,,,,,False,False,False,,,False
gare,95353,Maffliers,commune,,1856,ign_chef_lieu,2.308,49.076,27.911,24.650,109.000,146.000,157.000,48.000,,47.273,11.470,310.000,328.500,18.500,0.055,36.041,3.088,3.000,False,False,False,,,False
gare,91021,Arpajon,commune,,11698,ign_chef_lieu,2.248,48.590,27.964,30.594,115.000,123.000,131.000,16.000,,38.947,13.641,311.000,304.000,-7.000,-0.021,14.489,3.158,4.000,True,False,False,,,False
gare,91114,Brunoy,commune,,25643,ign_chef_lieu,2.504,48.698,28.107,20.863,75.000,82.000,90.000,15.000,,47.367,20.566,312.000,157.000,-155.000,-0.459,-23.887,1.731,2.000,False,False,False,,4.000,False
gare,78036,Autouillet,commune,,665,ign_chef_lieu,1.804,48.850,28.136,40.287,,,,,,31.403,,,,,,,,,False,False,False,,,False
gare,95395,Le Mesnil-Aubry,commune,,914,ign_chef_lieu,2.400,49.051,28.326,21.898,,,,,,44.338,,,,,,,,,False,False,False,,,False
gare,78451,Nézel,commune,,1139,ign_chef_lieu,1.836,48.946,28.363,39.171,128.000,150.000,,,,29.275,11.345,313.000,332.000,19.000,0.056,38.535,5.124,3.000,False,False,False,,,False
gare,95633,Vaudherland,commune,,104,ign_chef_lieu,2.487,49.001,28.473,18.838,108.000,120.000,131.000,23.000,,39.812,14.236,314.000,294.500,-19.500,-0.058,10.591,3.014,3.000,False,False,False,,,False
gare,78609,Tessancourt-sur-Aubette,commune,,966,ign_chef_lieu,1.919,49.024,28.474,36.817,116.000,,,,,31.752,,,,,,,,,False,False,False,,,False
gare,93033,Gournay-sur-Marne,commune,,7320,ign_chef_lieu,2.573,48.865,28.497,16.191,85.000,92.000,104.000,19.000,,47.117,18.585,315.000,211.000,-104.000,-0.308,-15.254,1.953,1.000,False,False,False,,,False
gare,91457,La Norville,commune,,4268,ign_chef_lieu,2.259,48.587,28.498,30.770,114.000,122.000,130.000,16.000,,41.068,14.016,316.000,300.500,-15.500,-0.046,12.379,2.971,4.000,True,False,False,,,False
gare,78299,Hardricourt,commune,,2599,ign_chef_lieu,1.894,49.008,28.528,37.562,94.000,103.000,119.000,25.000,,29.693,16.618,317.000,264.000,-53.000,-0.157,-5.177,3.469,2.000,False,False,False,,,False
gare,78420,Montfort-l'Amaury,commune,,2779,ign_chef_lieu,1.809,48.778,28.542,40.864,,,,,,26.972,,,,,,,,,False,False,False,,,False
gare,94059,Le Plessis-Trévise,commune,,21112,ign_chef_lieu,2.573,48.809,28.553,17.014,84.000,92.000,103.000,19.000,,47.085,18.621,318.000,211.000,-107.000,-0.317,-15.345,1.954,2.000,False,False,False,,,False
gare,78230,La Falaise,commune,,609,ign_chef_lieu,1.832,48.945,28.581,39.417,132.000,154.000,,,,30.092,11.135,319.000,334.000,15.000,0.044,41.628,5.118,3.000,False,False,False,,,False
gare,94075,Villecresnes,commune,,11647,ign_chef_lieu,2.533,48.722,28.582,20.000,87.000,92.000,98.000,11.000,,43.693,18.641,320.000,211.000,-109.000,-0.322,-15.392,2.106,3.000,False,False,False,,,False
gare,78084,Boissy-sans-Avoir,commune,,616,ign_chef_lieu,1.798,48.819,28.637,40.944,,,,,,26.772,,,,,,,,,False,False,False,,,False
gare,95628,Valmondois,commune,,1208,ign_chef_lieu,2.190,49.096,28.692,29.206,116.000,124.000,133.000,17.000,,47.415,13.883,321.000,307.000,-14.000,-0.041,13.794,2.615,2.000,False,False,False,,,False
gare,95445,Nerville-la-Forêt,commune,,756,ign_chef_lieu,2.277,49.089,28.693,26.490,,,,,,45.058,,,,,,,,,False,False,False,,,False
gare,78403,Mézy-sur-Seine,commune,,2242,ign_chef_lieu,1.881,49.000,28.695,38.054,102.000,111.000,127.000,25.000,,30.847,15.511,322.000,286.000,-36.000,-0.107,1.858,3.598,2.000,False,False,False,,,False
gare,95170,Condécourt,commune,,564,ign_chef_lieu,1.941,49.040,28.728,36.382,114.000,,,,,34.098,,,,,,,,,False,False,False,,,False
gare,91086,Bondoufle,commune,,10767,ign_chef_lieu,2.380,48.613,28.801,27.114,120.000,127.000,136.000,16.000,,40.507,13.607,323.000,314.000,-9.000,-0.027,16.305,3.135,4.000,True,False,False,,,False
gare,78616,Thoiry,commune,,1434,ign_chef_lieu,1.795,48.865,28.857,40.886,,,,,,33.377,,,,,,,,,False,False,False,,,False
gare,91207,Égly,commune,,7166,ign_chef_lieu,2.222,48.580,28.863,32.222,116.000,124.000,131.000,15.000,,41.772,13.966,324.000,307.000,-17.000,-0.050,13.423,2.969,4.000,True,False,False,,,False
gare,91017,Angervilliers,commune,,1772,ign_chef_lieu,2.065,48.592,28.880,36.281,,,,,,45.403,,,,,,,,,False,False,False,,,False
gare,91215,Épinay-sous-Sénart,commune,,11611,ign_chef_lieu,2.515,48.695,28.928,21.565,85.000,92.000,100.000,15.000,,48.662,18.866,325.000,211.000,-114.000,-0.337,-15.953,1.891,2.000,False,False,False,,,False
gare,95078,Boissy-l'Aillerie,commune,,2120,ign_chef_lieu,2.029,49.077,28.934,34.103,,,,,,44.133,,,,,,,,,False,False,False,,,False
gare,91568,Saint-Maurice-Montcouronne,commune,,1543,ign_chef_lieu,2.124,48.581,28.951,34.900,,,,,,43.848,,,,,,,,,False,False,False,,,False
gare,91600,Soisy-sur-Seine,commune,,7418,ign_chef_lieu,2.452,48.646,28.984,24.527,111.000,122.000,146.000,35.000,,43.328,14.254,326.000,300.500,-25.500,-0.075,11.336,2.816,2.000,False,False,False,,,False
gare,94060,La Queue-en-Brie,commune,,12241,ign_chef_lieu,2.575,48.791,29.002,17.886,84.000,93.000,101.000,17.000,,48.972,18.711,327.000,218.500,-108.500,-0.321,-15.159,1.899,2.000,False,False,False,,,False
gare,93047,Montfermeil,commune,,28703,ign_chef_lieu,2.571,48.902,29.067,16.801,82.000,89.000,106.000,24.000,,44.833,19.596,328.000,194.000,-134.000,-0.396,-18.909,1.985,2.000,False,False,False,,,False
gare,78262,Galluis,commune,,1298,ign_chef_lieu,1.796,48.796,29.068,41.412,,,,,,26.432,,,,,,,,,False,False,False,,,False
gare,93078,Villepinte,commune,,41470,ign_chef_lieu,2.535,48.964,29.090,17.917,81.000,86.000,96.000,15.000,,41.487,20.295,329.000,176.500,-152.500,-0.451,-21.675,2.073,3.000,False,False,False,,5.000,False
gare,95271,Génicourt,commune,,514,ign_chef_lieu,2.066,49.088,29.096,33.190,109.000,147.000,158.000,49.000,,42.740,11.876,330.000,330.000,0.000,0.000,33.864,3.439,2.000,False,False,False,,,False
gare,95535,Sagy,commune,,1096,ign_chef_lieu,1.952,49.050,29.131,36.391,,,,,,35.935,,,,,,,,,False,False,False,,,False
gare,94048,Marolles-en-Brie,commune,,4781,ign_chef_lieu,2.550,48.733,29.180,20.000,102.000,107.000,118.000,16.000,,45.617,16.363,331.000,275.500,-55.500,-0.164,-2.716,2.346,3.000,False,False,False,,,False
gare,78486,Le Perray-en-Yvelines,commune,,6480,ign_chef_lieu,1.855,48.695,29.180,40.787,91.000,99.000,108.000,17.000,,33.237,17.685,332.000,248.000,-84.000,-0.249,-9.990,2.979,2.000,False,False,False,,,False
gare,95660,Villaines-sous-Bois,commune,,778,ign_chef_lieu,2.357,49.077,29.329,24.532,142.000,153.000,166.000,24.000,,47.338,11.501,333.000,333.000,0.000,0.000,38.717,3.232,3.000,False,False,False,,,False
gare,95341,Livilliers,commune,,389,ign_chef_lieu,2.095,49.095,29.349,32.576,,,,,,44.355,,,,,,,,,False,False,False,,,False
gare,95308,Hérouville-en-Vexin,commune,,584,ign_chef_lieu,2.131,49.101,29.504,31.683,,,,,,45.452,,,,,,,,,False,False,False,,,False
gare,78655,Vieille-Église-en-Yvelines,commune,,652,ign_chef_lieu,1.875,48.670,29.549,40.732,,,,,,36.688,,,,,,,,,False,False,False,,,False
gare,95181,Courcelles-sur-Viosne,commune,,310,ign_chef_lieu,2.003,49.077,29.761,35.449,,,,,,43.567,,,,,,,,,False,False,False,,,False
gare,93074,Vaujours,commune,,8007,ign_chef_lieu,2.567,48.932,29.807,17.861,95.000,101.000,109.000,14.000,,41.752,17.707,334.000,256.500,-77.500,-0.229,-9.242,2.419,2.000,False,False,False,,,False
gare,78261,Gaillon-sur-Montcient,commune,,689,ign_chef_lieu,1.892,49.024,29.875,38.550,,,,,,30.615,,,,,,,,,False,False,False,,,False
gare,93015,Coubron,commune,,5175,ign_chef_lieu,2.577,48.916,29.898,17.733,89.000,99.000,109.000,20.000,,43.537,18.120,335.000,248.000,-87.000,-0.257,-11.190,2.274,2.000,False,False,False,,,False
gare,77108,Chelles,commune,,54620,ign_chef_lieu,2.590,48.878,29.935,17.593,73.000,81.000,99.000,26.000,,49.245,22.174,336.000,151.500,-184.500,-0.546,-27.386,1.645,1.000,False,False,False,,1.000,False
gare,95422,Montgeroult,commune,,361,ign_chef_lieu,2.007,49.081,29.980,35.515,,,,,,44.983,,,,,,,,,False,False,False,,,False
gare,95682,Villiers-le-Sec,commune,,205,ign_chef_lieu,2.390,49.072,30.002,24.189,,,,,,47.280,,,,,,,,,False,False,False,,,False
gare,95280,Goussainville,commune,,31301,ign_chef_lieu,2.473,49.032,30.112,21.474,84.000,94.000,106.000,22.000,,46.538,19.220,337.000,224.500,-112.500,-0.333,-16.006,2.020,2.000,False,False,False,,,False
gare,95313,L'Isle-Adam,commune,,12493,ign_chef_lieu,2.218,49.112,30.557,30.126,112.000,120.000,129.000,17.000,,46.240,15.279,338.000,294.500,-43.500,-0.129,6.361,2.595,2.000,False,False,False,,,False
