origin_id,unit_id,name,level,parent_id,population,point_source,lon,lat,dist_km,dist_km_core,travel_time_p25,t_tc,travel_time_p75,t_tc_spread,walk_time,car_time,v_eff_kmh,rank_dist,rank_time,paradox_index,paradox_norm,time_excess_pct,ratio_tc_car,transfers,transfers_censored,walk_only,dead_zone,top_nah_fern,top_fern_nah,is_origin_commune
centre,92033,Garches,commune,,17743,ign_chef_lieu,2.188,48.844,0.000,12.175,0.000,0.000,0.000,0.000,0.000,0.000,,,,,,,,0.000,False,True,False,,,True
centre,92047,Marnes-la-Coquette,commune,,1752,ign_chef_lieu,2.178,48.830,1.666,13.169,24.000,26.000,26.000,2.000,26.000,6.340,3.845,1.000,3.000,2.000,0.005,4.004,4.101,0.000,False,True,False,,,False
centre,92077,Ville-d'Avray,commune,,11089,ign_chef_lieu,2.190,48.828,1.690,12.361,31.000,34.000,36.000,5.000,35.000,7.352,2.983,2.000,5.000,3.000,0.008,34.964,4.625,1.000,False,False,False,,,False
centre,92076,Vaucresson,commune,,8432,ign_chef_lieu,2.158,48.839,2.233,14.401,22.000,25.000,29.000,7.000,34.000,4.690,5.360,3.000,2.000,-1.000,-0.003,-14.397,5.330,0.000,False,False,False,,,False
centre,92064,Saint-Cloud,commune,,29855,ign_chef_lieu,2.219,48.844,2.301,9.890,21.000,23.000,25.000,4.000,34.000,6.492,6.003,4.000,1.000,-3.000,-0.008,-22.485,3.543,0.000,False,False,False,,,False
centre,92072,Sèvres,commune,,22303,ign_chef_lieu,2.213,48.825,2.777,10.853,37.000,39.000,41.000,4.000,49.000,10.847,4.273,5.000,9.500,4.500,0.012,18.961,3.596,2.000,False,False,False,,,False
centre,92022,Chaville,commune,,20594,ign_chef_lieu,2.188,48.810,3.734,13.115,32.000,36.000,39.000,7.000,68.000,14.970,6.223,6.000,8.000,2.000,0.005,-6.141,2.405,1.000,False,False,False,,,False
centre,78126,La Celle-Saint-Cloud,commune,,20460,ign_chef_lieu,2.136,48.848,3.820,15.897,29.000,33.000,36.000,7.000,57.000,9.535,6.945,7.000,4.000,-3.000,-0.008,-14.999,3.461,1.000,False,False,False,,,False
centre,92063,Rueil-Malmaison,commune,,82874,ign_chef_lieu,2.181,48.878,3.857,12.835,45.000,49.000,53.000,8.000,64.000,10.962,4.723,8.000,23.000,15.000,0.039,25.570,4.470,1.000,False,False,False,,,False
centre,92012,Boulogne-Billancourt,commune,,119019,ign_chef_lieu,2.241,48.836,3.967,8.524,35.000,39.000,43.000,8.000,60.000,9.915,6.103,9.000,9.500,0.500,0.001,-1.532,3.933,1.000,False,False,False,,,False
centre,78092,Bougival,commune,,9134,ign_chef_lieu,2.140,48.861,4.006,15.612,38.000,42.000,46.000,8.000,64.000,12.343,5.723,10.000,12.500,2.500,0.007,5.482,3.403,0.000,False,False,False,,,False
centre,92073,Suresnes,commune,,48956,ign_chef_lieu,2.225,48.871,4.112,9.487,32.000,35.000,38.000,6.000,61.000,8.897,7.050,11.000,6.500,-4.500,-0.012,-13.308,3.934,1.000,False,False,False,,,False
centre,78158,Le Chesnay-Rocquencourt,commune,,30689,ign_chef_lieu,2.125,48.826,4.962,17.006,40.000,44.000,47.000,7.000,78.000,9.432,6.766,12.000,14.500,2.500,0.007,-1.346,4.665,1.000,False,False,False,,,False
centre,78686,Viroflay,commune,,17237,ign_chef_lieu,2.173,48.800,4.992,14.594,41.000,45.000,49.000,8.000,82.000,17.177,6.656,13.000,16.500,3.500,0.009,0.570,2.620,1.000,False,False,False,,,False
centre,92048,Meudon,commune,,46334,ign_chef_lieu,2.239,48.813,5.042,9.653,51.000,54.000,57.000,6.000,82.000,15.690,5.602,14.000,34.000,20.000,0.052,20.049,3.442,1.000,False,False,False,,,False
centre,78190,Croissy-sur-Seine,commune,,11013,ign_chef_lieu,2.148,48.881,5.054,15.263,53.000,56.000,60.000,7.000,100.000,16.795,5.415,15.000,40.000,25.000,0.065,24.334,3.334,1.000,False,False,False,,,False
centre,92050,Nanterre,commune,,97783,ign_chef_lieu,2.207,48.892,5.577,11.372,47.000,50.000,54.000,7.000,89.000,15.410,6.692,16.000,25.000,9.000,0.023,5.368,3.245,2.000,False,False,False,,,False
centre,78146,Chatou,commune,,30598,ign_chef_lieu,2.158,48.890,5.612,14.779,51.000,54.000,58.000,7.000,96.000,15.258,6.236,17.000,34.000,17.000,0.044,13.418,3.539,1.000,False,False,False,,,False
centre,92062,Puteaux,commune,,44002,ign_chef_lieu,2.238,48.884,5.828,8.936,31.000,35.000,38.000,7.000,86.000,13.647,9.991,18.000,6.500,-11.500,-0.030,-27.949,2.565,0.000,False,False,False,,,False
centre,78350,Louveciennes,commune,,7990,ign_chef_lieu,2.113,48.862,5.886,17.620,38.000,42.000,46.000,8.000,89.000,11.680,8.409,19.000,12.500,-6.500,-0.017,-13.991,3.596,0.000,False,False,False,,,False
centre,78646,Versailles,commune,,84095,ign_chef_lieu,2.130,48.801,6.330,17.444,45.000,48.000,52.000,7.000,99.000,12.352,7.913,20.000,19.500,-0.500,-0.001,-5.422,3.886,2.000,False,False,False,,,False
centre,92040,Issy-les-Moulineaux,commune,,67669,ign_chef_lieu,2.274,48.825,6.663,6.776,50.000,53.000,57.000,7.000,99.000,16.033,7.543,21.000,29.500,8.500,0.022,1.632,3.306,2.000,False,False,False,,,False
centre,78640,Vélizy-Villacoublay,commune,,23011,ign_chef_lieu,2.191,48.783,6.763,14.434,58.000,62.000,66.000,8.000,113.000,19.100,6.545,22.000,61.000,39.000,0.102,17.954,3.246,2.000,False,False,True,,,False
centre,78502,Le Port-Marly,commune,,5559,ign_chef_lieu,2.112,48.878,6.794,17.836,49.000,53.000,57.000,8.000,108.000,17.037,7.692,23.000,29.500,6.500,0.017,0.582,3.111,0.000,False,False,False,,,False
centre,78650,Le Vésinet,commune,,15554,ign_chef_lieu,2.135,48.895,6.879,16.525,54.000,57.000,61.000,7.000,,18.282,7.241,24.000,42.500,18.500,0.048,7.465,3.118,1.000,False,False,False,,,False
centre,75116,Paris 16e Arrondissement,district,75056,159386,ign_chef_lieu_arrondissement,2.277,48.864,6.889,5.633,46.000,48.000,52.000,6.000,107.000,16.780,8.611,25.000,19.500,-5.500,-0.014,-9.571,2.861,2.000,False,False,False,,,False
centre,78124,Carrières-sur-Seine,commune,,14791,ign_chef_lieu,2.176,48.906,7.004,14.048,59.000,66.000,73.000,14.000,,22.765,6.367,26.000,73.500,47.500,0.124,23.251,2.899,2.000,False,False,True,,,False
centre,78372,Marly-le-Roi,commune,,16756,ign_chef_lieu,2.097,48.868,7.199,18.789,36.000,40.000,44.000,8.000,110.000,14.270,10.799,27.000,11.000,-16.000,-0.042,-26.384,2.803,0.000,False,False,False,,,False
centre,92023,Clamart,commune,,58576,ign_chef_lieu,2.263,48.801,7.287,9.044,63.000,67.000,70.000,7.000,117.000,21.622,6.526,28.000,75.000,47.000,0.122,22.513,3.099,2.000,False,False,True,,,False
centre,92051,Neuilly-sur-Seine,commune,,59538,ign_chef_lieu,2.270,48.885,7.566,6.847,45.000,49.000,52.000,7.000,116.000,16.155,9.264,29.000,23.000,-6.000,-0.016,-12.167,3.033,1.000,False,False,False,,,False
centre,92026,Courbevoie,commune,,82902,ign_chef_lieu,2.256,48.895,7.620,8.332,40.000,44.000,48.000,8.000,113.000,15.502,10.390,30.000,14.500,-15.500,-0.040,-21.424,2.838,0.000,False,False,False,,,False
centre,78418,Montesson,commune,,14549,ign_chef_lieu,2.150,48.909,7.757,15.966,62.000,68.000,73.000,11.000,,22.607,6.844,31.000,77.000,46.000,0.120,20.292,3.008,2.000,False,False,True,,,False
centre,92075,Vanves,commune,,28622,ign_chef_lieu,2.289,48.821,7.864,6.048,55.000,58.000,62.000,7.000,116.000,18.437,8.136,32.000,46.500,14.500,0.038,1.853,3.146,2.000,False,False,False,,,False
centre,78043,Bailly,commune,,3731,ign_chef_lieu,2.079,48.840,8.004,20.169,57.000,63.000,68.000,11.000,,12.590,7.623,33.000,65.000,32.000,0.083,9.607,5.004,1.000,False,False,False,,,False
centre,75115,Paris 15e Arrondissement,district,75056,229713,ign_chef_lieu_arrondissement,2.300,48.841,8.268,4.177,52.000,55.000,59.000,7.000,,21.285,9.019,34.000,37.500,3.500,0.009,-5.943,2.584,2.000,False,False,False,,,False
centre,92035,La Garenne-Colombes,commune,,30197,ign_chef_lieu,2.247,48.907,8.269,9.590,45.000,49.000,53.000,8.000,,17.825,10.125,35.000,23.000,-12.000,-0.031,-16.211,2.749,0.000,False,False,False,,,False
centre,78481,Le Pecq,commune,,16059,ign_chef_lieu,2.106,48.897,8.463,18.628,58.000,63.000,70.000,12.000,,19.680,8.060,36.000,65.000,29.000,0.076,6.409,3.201,1.000,False,False,False,,,False
centre,92046,Malakoff,commune,,30557,ign_chef_lieu,2.302,48.821,8.732,5.440,61.000,65.000,68.000,7.000,,19.307,8.060,37.000,71.500,34.500,0.090,7.985,3.367,1.000,False,False,False,,,False
centre,92060,Le Plessis-Robinson,commune,,28848,ign_chef_lieu,2.262,48.782,8.751,10.588,74.000,76.000,81.000,7.000,,20.603,6.909,38.000,108.500,70.500,0.184,26.113,3.689,3.000,False,False,False,,,False
centre,78311,Houilles,commune,,33983,ign_chef_lieu,2.187,48.923,8.857,14.259,45.000,48.000,52.000,7.000,,26.035,11.071,39.000,19.500,-19.500,-0.051,-20.859,1.844,1.000,False,False,False,,,False
centre,78322,Jouy-en-Josas,commune,,7981,ign_chef_lieu,2.169,48.765,8.875,16.922,59.000,63.000,69.000,10.000,,19.678,8.453,40.000,65.000,25.000,0.065,3.761,3.201,2.000,False,False,False,,,False
centre,92020,Châtillon,commune,,36705,ign_chef_lieu,2.290,48.800,8.945,7.810,70.000,75.000,79.000,9.000,,22.637,7.156,41.000,106.500,65.500,0.171,23.017,3.313,2.000,False,False,False,,,False
centre,78117,Buc,commune,,5816,ign_chef_lieu,2.126,48.774,8.957,18.992,68.000,77.000,83.000,15.000,,20.285,6.980,42.000,114.500,72.500,0.189,26.201,3.796,3.000,False,False,False,,,False
centre,78224,L'Étang-la-Ville,commune,,5157,ign_chef_lieu,2.073,48.871,8.991,20.599,41.000,45.000,49.000,8.000,,20.692,11.989,43.000,16.500,-26.500,-0.069,-26.395,2.175,0.000,False,False,False,,,False
centre,78455,Noisy-le-Roi,commune,,7713,ign_chef_lieu,2.064,48.844,9.047,21.184,53.000,58.000,63.000,10.000,,15.310,9.359,44.000,46.500,2.500,0.007,-5.440,3.788,1.000,False,False,False,,,False
centre,92044,Levallois-Perret,commune,,68092,ign_chef_lieu,2.288,48.893,9.151,6.243,52.000,56.000,60.000,8.000,,19.363,9.804,45.000,40.000,-5.000,-0.013,-9.251,2.892,1.000,False,False,False,,,False
centre,78367,Mareil-Marly,commune,,4141,ign_chef_lieu,2.077,48.882,9.187,20.408,55.000,59.000,63.000,8.000,,22.832,9.342,46.000,51.500,5.500,0.014,-4.589,2.584,1.000,False,False,False,,,False
centre,78551,Saint-Germain-en-Laye,commune,,45931,ign_chef_lieu,2.094,48.899,9.244,19.555,52.000,55.000,59.000,7.000,,22.088,10.084,47.000,37.500,-9.500,-0.025,-11.351,2.490,1.000,False,False,False,,,False
centre,92032,Fontenay-aux-Roses,commune,,24070,ign_chef_lieu,2.287,48.791,9.299,8.717,78.000,82.000,86.000,8.000,,24.925,6.804,48.000,152.000,104.000,0.271,31.755,3.290,3.000,False,False,False,,,False
centre,78343,Les Loges-en-Josas,commune,,1645,ign_chef_lieu,2.140,48.764,9.475,18.643,69.000,74.000,79.000,10.000,,21.607,7.683,49.000,103.000,54.000,0.141,17.721,3.425,3.000,False,False,False,,,False
centre,95063,Bezons,commune,,36434,ign_chef_lieu,2.216,48.928,9.606,12.772,56.000,59.000,63.000,7.000,,20.948,9.769,50.000,51.500,1.500,0.004,-6.823,2.816,1.000,False,False,False,,,False
centre,92009,Bois-Colombes,commune,,28909,ign_chef_lieu,2.268,48.914,9.818,8.946,49.000,53.000,57.000,8.000,,20.505,11.115,51.000,29.500,-21.500,-0.056,-17.261,2.585,0.000,False,False,False,,,False
centre,92007,Bagneux,commune,,44572,ign_chef_lieu,2.304,48.799,9.850,7.267,77.000,79.000,83.000,6.000,,25.098,7.481,52.000,127.500,75.500,0.197,23.118,3.148,4.000,True,False,False,,,False
centre,75107,Paris 7e Arrondissement,district,75056,48015,ign_chef_lieu_arrondissement,2.320,48.857,9.860,2.354,56.000,58.000,61.000,5.000,,26.068,10.200,53.000,46.500,-6.500,-0.017,-9.658,2.225,2.000,False,False,False,,,False
centre,92025,Colombes,commune,,91053,ign_chef_lieu,2.254,48.923,10.052,10.285,56.000,59.000,63.000,7.000,,21.555,10.223,54.000,51.500,-2.500,-0.007,-9.039,2.737,1.000,False,False,False,,,False
centre,78545,Saint-Cyr-l'École,commune,,21268,ign_chef_lieu,2.067,48.800,10.116,21.884,56.000,62.000,65.000,9.000,,16.862,9.790,55.000,61.000,6.000,0.016,-4.734,3.677,1.000,False,False,False,,,False
centre,92049,Montrouge,commune,,46324,ign_chef_lieu,2.320,48.819,10.128,4.797,62.000,64.000,68.000,6.000,,21.012,9.495,56.000,68.500,12.500,0.033,-1.725,3.046,3.000,False,False,False,,,False
centre,91064,Bièvres,commune,,4686,ign_chef_lieu,2.215,48.754,10.136,15.191,73.000,81.000,88.000,15.000,,20.482,7.508,57.000,143.500,86.500,0.225,24.333,3.955,2.000,False,False,False,,,False
centre,75108,Paris 8e Arrondissement,district,75056,35317,ign_chef_lieu_arrondissement,2.318,48.878,10.251,3.475,47.000,51.000,55.000,8.000,,23.205,12.060,58.000,26.500,-31.500,-0.082,-22.184,2.198,0.000,False,False,False,,,False
centre,92071,Sceaux,commune,,20884,ign_chef_lieu,2.288,48.780,10.258,9.750,82.000,85.000,88.000,6.000,,24.737,7.241,59.000,171.500,112.500,0.293,29.648,3.436,3.000,False,False,False,9.000,,False
centre,75114,Paris 14e Arrondissement,district,75056,136455,ign_chef_lieu_arrondissement,2.327,48.833,10.282,3.201,60.000,62.000,65.000,5.000,,24.068,9.950,60.000,61.000,1.000,0.003,-5.551,2.576,2.000,False,False,False,,,False
centre,92004,Asnières-sur-Seine,commune,,93941,ign_chef_lieu,2.289,48.911,10.531,7.635,50.000,54.000,57.000,7.000,,19.130,11.701,61.000,34.000,-27.000,-0.070,-18.777,2.823,1.000,False,False,False,,,False
centre,78396,Le Mesnil-le-Roi,commune,,6332,ign_chef_lieu,2.122,48.928,10.539,18.651,71.000,80.000,87.000,16.000,,25.793,7.904,62.000,135.500,73.500,0.191,20.284,3.102,2.000,False,False,False,,,False
centre,75106,Paris 6e Arrondissement,district,75056,40389,ign_chef_lieu_arrondissement,2.332,48.851,10.638,1.616,55.000,57.000,60.000,5.000,,28.293,11.198,63.000,42.500,-20.500,-0.053,-14.725,2.015,2.000,False,False,False,,,False
centre,78518,Rennemoulin,commune,,116,ign_chef_lieu,2.043,48.832,10.737,22.913,92.000,114.000,130.000,38.000,,16.383,5.651,64.000,308.500,244.500,0.637,69.714,6.958,2.000,False,False,False,1.000,,False
centre,92019,Châtenay-Malabry,commune,,35825,ign_chef_lieu,2.278,48.767,10.742,11.320,85.000,88.000,93.000,8.000,,21.985,7.324,65.000,188.500,123.500,0.322,30.978,4.003,3.000,False,False,False,7.000,,False
centre,92024,Clichy,commune,,64410,ign_chef_lieu,2.305,48.903,10.832,6.232,54.000,58.000,61.000,7.000,,20.282,11.206,66.000,46.500,-19.500,-0.051,-14.057,2.860,1.000,False,False,False,,,False
centre,75117,Paris 17e Arrondissement,district,75056,159212,ign_chef_lieu_arrondissement,2.322,48.885,10.864,3.852,50.000,54.000,58.000,8.000,,24.748,12.072,67.000,34.000,-33.000,-0.086,-20.109,2.182,1.000,False,False,False,,,False
centre,78242,Fontenay-le-Fleury,commune,,13680,ign_chef_lieu,2.046,48.811,11.045,23.086,67.000,72.000,76.000,9.000,,18.693,9.204,68.000,89.500,21.500,0.056,5.596,3.852,2.000,False,False,False,,,False
centre,78586,Sartrouville,commune,,52763,ign_chef_lieu,2.158,48.941,11.064,17.073,49.000,53.000,57.000,8.000,,28.423,12.525,69.000,29.500,-39.500,-0.103,-22.340,1.865,1.000,False,False,False,,,False
centre,75105,Paris 5e Arrondissement,district,75056,55252,ign_chef_lieu_arrondissement,2.344,48.846,11.500,1.300,55.000,58.000,61.000,6.000,,29.603,11.897,70.000,46.500,-23.500,-0.061,-16.742,1.959,2.000,False,False,False,,,False
centre,91312,Igny,commune,,10833,ign_chef_lieu,2.226,48.742,11.618,15.746,78.000,86.000,93.000,15.000,,20.963,8.106,71.000,177.500,106.500,0.277,22.785,4.102,2.000,False,False,False,,,False
centre,94003,Arcueil,commune,,22200,ign_chef_lieu,2.335,48.804,11.648,5.922,68.000,72.000,75.000,7.000,,26.632,9.706,72.000,89.500,17.500,0.046,2.660,2.704,2.000,False,False,False,,,False
centre,75109,Paris 9e Arrondissement,district,75056,57271,ign_chef_lieu_arrondissement,2.341,48.872,11.723,1.965,47.000,51.000,54.000,7.000,,28.158,13.792,73.000,26.500,-46.500,-0.121,-27.531,1.811,2.000,False,False,False,,,False
centre,78297,Guyancourt,commune,,29778,ign_chef_lieu,2.070,48.771,11.827,22.806,78.000,84.000,91.000,13.000,,18.740,8.448,74.000,165.500,91.500,0.238,18.805,4.482,2.000,False,False,False,,,False
centre,78358,Maisons-Laffitte,commune,,23093,ign_chef_lieu,2.145,48.946,11.833,18.204,45.000,48.000,52.000,7.000,,31.487,14.791,75.000,19.500,-55.500,-0.145,-32.130,1.524,1.000,False,False,False,,,False
centre,92014,Bourg-la-Reine,commune,,21019,ign_chef_lieu,2.316,48.779,11.840,9.025,64.000,68.000,72.000,8.000,,25.667,10.447,76.000,77.000,1.000,0.003,-3.882,2.649,2.000,False,False,False,,,False
centre,92036,Gennevilliers,commune,,50979,ign_chef_lieu,2.293,48.925,11.959,8.823,67.000,71.000,74.000,7.000,,21.908,10.106,77.000,84.500,7.500,0.020,-0.172,3.241,2.000,False,False,False,,,False
centre,94016,Cachan,commune,,31103,ign_chef_lieu,2.334,48.795,12.047,7.005,75.000,78.000,82.000,7.000,,27.133,9.267,78.000,121.500,43.500,0.113,9.243,2.875,2.000,False,False,False,,,False
centre,78620,Toussus-le-Noble,commune,,1172,ign_chef_lieu,2.114,48.746,12.125,21.378,73.000,84.000,100.000,27.000,,24.867,8.661,79.000,165.500,86.500,0.225,17.246,3.378,2.000,False,False,False,,,False
centre,94037,Gentilly,commune,,19963,ign_chef_lieu,2.348,48.816,12.174,4.547,69.000,72.000,76.000,7.000,,23.648,10.145,80.000,89.500,9.500,0.025,0.281,3.045,2.000,False,False,False,,,False
centre,91635,Vauhallan,commune,,1945,ign_chef_lieu,2.207,48.734,12.250,17.276,94.000,105.000,111.000,17.000,,23.373,7.000,81.000,278.500,197.500,0.514,45.759,4.492,3.000,False,False,False,2.000,,False
centre,91645,Verrières-le-Buisson,commune,,15057,ign_chef_lieu,2.267,48.746,12.292,13.745,85.000,89.000,93.000,8.000,,24.780,8.287,82.000,192.500,110.500,0.288,23.324,3.592,3.000,False,False,False,10.000,,False
centre,78571,Saint-Nom-la-Bretèche,commune,,4965,ign_chef_lieu,2.021,48.860,12.345,24.303,79.000,101.000,114.000,35.000,,18.480,7.334,83.000,257.500,174.500,0.454,39.634,5.465,2.000,False,False,False,3.000,,False
centre,75113,Paris 13e Arrondissement,district,75056,181271,ign_chef_lieu_arrondissement,2.356,48.833,12.378,2.656,62.000,65.000,68.000,6.000,,29.978,11.426,84.000,71.500,-12.500,-0.033,-10.264,2.168,2.000,False,False,False,,,False
centre,78073,Bois-d'Arcy,commune,,16586,ign_chef_lieu,2.031,48.801,12.429,24.381,66.000,73.000,81.000,15.000,,14.977,10.215,85.000,96.500,11.500,0.030,0.562,4.874,2.000,False,False,False,,,False
centre,95018,Argenteuil,commune,,106130,ign_chef_lieu,2.249,48.948,12.434,12.694,68.000,72.000,75.000,7.000,,25.648,10.362,86.000,89.500,3.500,0.009,-0.838,2.807,1.000,False,False,False,,,False
centre,91534,Saclay,commune,,4437,ign_chef_lieu,2.172,48.731,12.566,19.220,85.000,91.000,98.000,13.000,,24.502,8.285,87.000,205.500,118.500,0.309,24.630,3.714,3.000,False,False,False,8.000,,False
centre,75118,Paris 18e Arrondissement,district,75056,183127,ign_chef_lieu_arrondissement,2.344,48.892,12.699,4.011,55.000,59.000,62.000,7.000,,27.548,12.914,88.000,51.500,-36.500,-0.095,-19.645,2.142,2.000,False,False,False,,,False
centre,92002,Antony,commune,,64263,ign_chef_lieu,2.296,48.754,12.752,12.157,70.000,74.000,78.000,8.000,,25.382,10.339,89.000,103.000,14.000,0.036,0.561,2.915,2.000,False,False,False,,,False
centre,75110,Paris 10e Arrondissement,district,75056,83873,ign_chef_lieu_arrondissement,2.358,48.872,12.865,1.758,52.000,56.000,59.000,7.000,,32.170,13.784,90.000,40.000,-50.000,-0.130,-24.256,1.741,2.000,False,False,False,,,False
centre,78133,Chambourcy,commune,,5847,ign_chef_lieu,2.040,48.906,12.885,23.586,79.000,84.000,90.000,11.000,,21.605,9.204,91.000,165.500,74.500,0.194,13.524,3.888,2.000,False,False,False,,,False
centre,94043,Le Kremlin-Bicêtre,commune,,24110,ign_chef_lieu,2.357,48.812,12.894,4.911,69.000,72.000,76.000,7.000,,24.892,10.745,92.000,89.500,-2.500,-0.007,-2.730,2.893,2.000,False,False,False,,,False
centre,75100,Paris Centre,district,75056,94472,ign_chef_lieu_arrondissement,2.362,48.864,12.964,1.072,56.000,60.000,63.000,7.000,,31.575,12.964,93.000,54.500,-38.500,-0.100,-19.174,1.900,2.000,False,False,False,,,False
centre,94038,L'Haÿ-les-Roses,commune,,31188,ign_chef_lieu,2.337,48.779,13.113,8.651,74.000,78.000,82.000,8.000,,28.135,10.087,94.000,121.500,27.500,0.072,4.438,2.772,3.000,False,False,False,,,False
centre,93070,Saint-Ouen-sur-Seine,commune,,53615,ign_chef_lieu,2.334,48.912,13.159,6.288,54.000,58.000,62.000,8.000,,23.693,13.613,95.000,46.500,-48.500,-0.126,-22.484,2.448,1.000,False,False,False,,,False
centre,78674,Villepreux,commune,,11931,ign_chef_lieu,2.005,48.830,13.486,25.662,86.000,90.000,96.000,10.000,,21.540,8.991,96.000,197.500,101.500,0.264,18.725,4.178,3.000,False,False,False,,,False
centre,78143,Châteaufort,commune,,1564,ign_chef_lieu,2.092,48.737,13.744,23.265,76.000,87.000,96.000,20.000,,25.450,9.479,97.000,184.000,87.000,0.227,13.620,3.418,2.000,False,False,False,,,False
centre,78423,Montigny-le-Bretonneux,commune,,32465,ign_chef_lieu,2.038,48.770,13.760,25.063,77.000,85.000,92.000,15.000,,19.892,9.713,98.000,171.500,73.500,0.191,10.941,4.273,2.000,False,False,False,,,False
centre,78688,Voisins-le-Bretonneux,commune,,10624,ign_chef_lieu,2.051,48.759,13.762,24.645,83.000,90.000,98.000,15.000,,21.183,9.175,99.000,197.500,98.500,0.257,17.456,4.249,2.000,False,False,False,,,False
centre,91679,Villiers-le-Bâcle,commune,,1031,ign_chef_lieu,2.126,48.726,13.897,22.132,97.000,101.000,106.000,9.000,,26.018,8.255,100.000,257.500,157.500,0.410,31.135,3.882,4.000,True,False,False,4.000,,False
centre,94034,Fresnes,commune,,29528,ign_chef_lieu,2.322,48.755,13.931,11.487,82.000,85.000,89.000,7.000,,24.158,9.834,101.000,171.500,70.500,0.184,10.215,3.518,3.000,False,False,False,,,False
centre,91377,Massy,commune,,51729,ign_chef_lieu,2.271,48.731,13.947,15.173,82.000,85.000,90.000,8.000,,28.305,9.845,102.000,171.500,69.500,0.181,10.151,3.003,3.000,False,False,False,,,False
centre,78007,Aigremont,commune,,1075,ign_chef_lieu,2.018,48.902,14.066,25.067,96.000,99.000,103.000,7.000,,20.967,8.525,103.000,244.500,141.500,0.368,27.713,4.722,2.000,False,False,False,5.000,,False
centre,94076,Villejuif,commune,,60183,ign_chef_lieu,2.363,48.792,14.104,7.213,78.000,81.000,84.000,6.000,,30.127,10.447,104.000,143.500,39.500,0.103,4.345,2.689,2.000,False,False,False,,,False
centre,78498,Poissy,commune,,40983,ign_chef_lieu,2.043,48.927,14.143,24.049,67.000,73.000,77.000,10.000,,24.697,11.625,105.000,96.500,-8.500,-0.022,-6.101,2.956,2.000,False,False,False,,,False
centre,75111,Paris 11e Arrondissement,district,75056,138170,ign_chef_lieu_arrondissement,2.379,48.859,14.159,1.984,56.000,60.000,64.000,8.000,,35.920,14.159,106.000,54.500,-51.500,-0.134,-22.867,1.670,2.000,False,False,False,,,False
centre,94021,Chevilly-Larue,commune,,19826,ign_chef_lieu,2.347,48.771,14.200,9.467,77.000,80.000,84.000,7.000,,28.730,10.650,107.000,135.500,28.500,0.074,2.686,2.785,2.000,False,False,False,,,False
centre,95257,La Frette-sur-Seine,commune,,4570,ign_chef_lieu,2.178,48.974,14.515,18.267,79.000,83.000,87.000,8.000,,30.285,10.493,108.000,159.000,51.000,0.133,5.305,2.741,1.000,False,False,False,,,False
centre,91538,Saint-Aubin,commune,,661,ign_chef_lieu,2.140,48.715,14.692,22.132,91.000,96.000,104.000,13.000,,26.030,9.182,109.000,236.000,127.000,0.331,21.017,3.688,3.000,False,False,False,6.000,,False
centre,75112,Paris 12e Arrondissement,district,75056,138024,ign_chef_lieu_arrondissement,2.388,48.841,14.721,3.142,57.000,61.000,65.000,8.000,,34.650,14.479,110.000,57.000,-53.000,-0.138,-23.183,1.760,2.000,False,False,False,,,False
centre,95176,Cormeilles-en-Parisis,commune,,27292,ign_chef_lieu,2.199,48.976,14.762,17.405,77.000,81.000,85.000,8.000,,30.167,10.935,111.000,143.500,32.500,0.085,1.850,2.685,1.000,False,False,False,,,False
centre,92078,Villeneuve-la-Garenne,commune,,26021,ign_chef_lieu,2.333,48.936,14.809,8.957,66.000,71.000,74.000,8.000,,23.537,12.515,112.000,84.500,-27.500,-0.072,-10.874,3.017,2.000,False,False,False,,,False
centre,78152,Chavenay,commune,,1723,ign_chef_lieu,1.986,48.854,14.821,26.866,128.000,,,,,21.153,,,,,,,,,False,False,False,,,False
centre,75119,Paris 19e Arrondissement,district,75056,178691,ign_chef_lieu_arrondissement,2.382,48.883,14.908,3.660,58.000,62.000,65.000,7.000,,34.905,14.427,113.000,61.000,-52.000,-0.135,-22.445,1.776,2.000,False,False,False,,,False
centre,91477,Palaiseau,commune,,37471,ign_chef_lieu,2.246,48.715,14.969,17.616,78.000,82.000,86.000,8.000,,25.592,10.953,114.000,152.000,38.000,0.099,2.351,3.204,2.000,False,False,False,,,False
centre,78165,Les Clayes-sous-Bois,commune,,16804,ign_chef_lieu,1.986,48.821,14.992,27.160,75.000,81.000,86.000,11.000,,23.290,11.105,115.000,143.500,28.500,0.074,1.018,3.478,3.000,False,False,False,,,False
centre,94041,Ivry-sur-Seine,commune,,65064,ign_chef_lieu,2.388,48.812,15.082,5.567,73.000,77.000,81.000,8.000,,30.155,11.752,116.000,114.500,-1.500,-0.004,-4.274,2.553,3.000,False,False,False,,,False
centre,95582,Sannois,commune,,26924,ign_chef_lieu,2.256,48.972,15.114,14.631,69.000,73.000,76.000,7.000,,29.387,12.423,117.000,96.500,-20.500,-0.053,-9.350,2.484,2.000,False,False,False,,,False
centre,93031,Épinay-sur-Seine,commune,,52833,ign_chef_lieu,2.313,48.952,15.135,10.964,77.000,81.000,84.000,7.000,,28.025,11.211,118.000,143.500,25.500,0.066,0.510,2.890,2.000,False,False,False,,,False
centre,93039,L'Île-Saint-Denis,commune,,8696,ign_chef_lieu,2.341,48.936,15.178,8.853,60.000,64.000,68.000,8.000,,24.555,14.230,119.000,68.500,-50.500,-0.132,-20.704,2.606,2.000,False,False,False,,,False
centre,78356,Magny-les-Hameaux,commune,,9386,ign_chef_lieu,2.084,48.724,15.322,24.615,91.000,102.000,118.000,27.000,,29.773,9.013,120.000,263.500,143.500,0.374,25.747,3.426,2.000,False,False,False,,,False
centre,78005,Achères,commune,,22241,ign_chef_lieu,2.070,48.961,15.636,23.743,69.000,74.000,80.000,11.000,,31.952,12.678,121.000,103.000,-18.000,-0.047,-9.748,2.316,2.000,False,False,False,,,False
centre,75120,Paris 20e Arrondissement,district,75056,185140,ign_chef_lieu_arrondissement,2.399,48.865,15.721,3.582,60.000,64.000,67.000,7.000,,38.787,14.738,122.000,68.500,-53.500,-0.139,-22.168,1.650,2.000,False,False,False,,,False
centre,78621,Trappes,commune,,34689,ign_chef_lieu,1.999,48.776,15.740,27.429,69.000,77.000,84.000,15.000,,19.472,12.265,123.000,114.500,-8.500,-0.022,-6.419,3.954,1.000,False,False,False,,,False
centre,95555,Saint-Gratien,commune,,21336,ign_chef_lieu,2.283,48.971,15.781,13.687,79.000,83.000,88.000,9.000,,28.155,11.408,124.000,159.000,35.000,0.091,0.736,2.948,3.000,False,False,False,,,False
centre,94065,Rungis,commune,,5611,ign_chef_lieu,2.347,48.748,15.790,12.003,89.000,93.000,98.000,9.000,,28.302,10.187,125.000,220.000,95.000,0.247,12.836,3.286,3.000,False,False,False,,,False
centre,78123,Carrières-sous-Poissy,commune,,20825,ign_chef_lieu,2.034,48.944,15.842,25.277,74.000,80.000,89.000,15.000,,28.438,11.881,126.000,135.500,9.500,0.025,-3.103,2.813,3.000,False,False,False,,,False
centre,94081,Vitry-sur-Seine,commune,,93963,ign_chef_lieu,2.388,48.789,15.960,7.992,84.000,87.000,91.000,7.000,,30.692,11.007,127.000,184.000,57.000,0.148,4.961,2.835,3.000,False,False,False,,,False
centre,95424,Montigny-lès-Cormeilles,commune,,22457,ign_chef_lieu,2.188,48.988,16.022,18.943,82.000,86.000,90.000,8.000,,33.258,11.178,128.000,177.500,49.500,0.129,3.541,2.586,2.000,False,False,False,,,False
centre,91471,Orsay,commune,,16498,ign_chef_lieu,2.187,48.699,16.032,21.260,88.000,91.000,95.000,7.000,,25.998,10.571,129.000,205.500,76.500,0.199,9.522,3.500,2.000,False,False,False,,,False
centre,78233,Feucherolles,commune,,3043,ign_chef_lieu,1.974,48.874,16.065,27.851,97.000,104.000,125.000,28.000,,22.495,9.268,130.000,274.500,144.500,0.376,25.033,4.623,3.000,False,False,False,,,False
centre,91689,Wissous,commune,,7151,ign_chef_lieu,2.327,48.732,16.097,13.968,88.000,92.000,96.000,8.000,,30.275,10.498,131.000,213.500,82.500,0.215,10.491,3.039,3.000,False,False,False,,,False
centre,95252,Franconville,commune,,37754,ign_chef_lieu,2.230,48.986,16.150,16.991,81.000,86.000,90.000,9.000,,30.583,11.268,132.000,177.500,45.500,0.118,3.102,2.812,3.000,False,False,False,,,False
centre,91661,Villebon-sur-Yvette,commune,,10291,ign_chef_lieu,2.228,48.700,16.203,19.636,95.000,99.000,102.000,7.000,,31.020,9.820,133.000,244.500,111.500,0.290,18.482,3.191,2.000,False,False,False,,,False
centre,93066,Saint-Denis,commune,,149077,ign_chef_lieu,2.358,48.936,16.209,8.883,65.000,68.000,72.000,7.000,,29.242,14.302,134.000,77.000,-57.000,-0.148,-18.633,2.325,2.000,False,False,False,,,False
centre,91272,Gif-sur-Yvette,commune,,22544,ign_chef_lieu,2.134,48.702,16.247,23.524,97.000,101.000,105.000,8.000,,30.332,9.652,135.000,257.500,122.500,0.319,20.701,3.330,2.000,False,False,False,,,False
centre,93001,Aubervilliers,commune,,88365,ign_chef_lieu,2.382,48.915,16.279,6.820,68.000,71.000,75.000,7.000,,28.973,13.757,136.000,84.500,-51.500,-0.134,-15.238,2.451,2.000,False,False,False,,,False
centre,91136,Champlan,commune,,2615,ign_chef_lieu,2.274,48.708,16.302,17.443,90.000,94.000,98.000,8.000,,29.698,10.405,137.000,226.000,89.000,0.232,12.136,3.165,3.000,False,False,False,,,False
centre,95306,Herblay-sur-Seine,commune,,31779,ign_chef_lieu,2.165,48.990,16.360,20.210,73.000,77.000,81.000,8.000,,34.042,12.748,138.000,114.500,-23.500,-0.061,-8.316,2.262,1.000,False,False,False,,,False
centre,93061,Le Pré-Saint-Gervais,commune,,16993,ign_chef_lieu,2.403,48.883,16.380,4.727,70.000,73.000,77.000,7.000,,34.068,13.463,139.000,96.500,-42.500,-0.111,-13.135,2.143,2.000,False,False,False,,,False
centre,91122,Bures-sur-Yvette,commune,,9548,ign_chef_lieu,2.164,48.697,16.399,22.505,87.000,91.000,95.000,8.000,,29.418,10.812,140.000,205.500,65.500,0.171,8.216,3.093,2.000,False,False,False,,,False
centre,78406,Milon-la-Chapelle,commune,,295,ign_chef_lieu,2.049,48.726,16.528,26.558,124.000,135.000,145.000,21.000,,29.612,7.346,141.000,364.000,223.000,0.581,59.874,4.559,3.000,False,False,False,,,False
centre,95210,Enghien-les-Bains,commune,,11432,ign_chef_lieu,2.307,48.970,16.545,13.049,68.000,72.000,77.000,9.000,,30.910,13.787,142.000,89.500,-52.500,-0.137,-14.779,2.329,2.000,False,False,False,,,False
centre,93055,Pantin,commune,,61929,ign_chef_lieu,2.401,48.897,16.749,5.754,50.000,54.000,58.000,8.000,,33.383,18.611,143.000,34.000,-109.000,-0.284,-36.500,1.618,1.000,False,False,False,,,False
centre,94018,Charenton-le-Pont,commune,,28830,ign_chef_lieu,2.416,48.820,16.976,6.201,70.000,74.000,77.000,7.000,,34.643,13.764,144.000,103.000,-41.000,-0.107,-13.599,2.136,2.000,False,False,False,,,False
centre,94067,Saint-Mandé,commune,,21071,ign_chef_lieu,2.419,48.843,16.985,5.106,60.000,64.000,67.000,7.000,,34.918,15.924,145.000,68.500,-76.500,-0.199,-25.297,1.833,2.000,False,False,False,,,False
centre,93006,Bagnolet,commune,,43086,ign_chef_lieu,2.417,48.869,17.025,4.902,70.000,74.000,77.000,7.000,,37.172,13.804,146.000,103.000,-43.000,-0.112,-13.731,1.991,2.000,False,False,False,,,False
centre,93045,Les Lilas,commune,,23843,ign_chef_lieu,2.416,48.879,17.205,5.305,65.000,69.000,72.000,7.000,,36.345,14.961,147.000,79.500,-67.500,-0.176,-20.009,1.898,3.000,False,False,False,,,False
centre,95219,Ermont,commune,,29489,ign_chef_lieu,2.259,48.992,17.299,16.558,80.000,84.000,88.000,8.000,,31.385,12.356,148.000,165.500,17.500,0.046,-2.899,2.676,3.000,False,False,False,,,False
centre,94073,Thiais,commune,,32918,ign_chef_lieu,2.391,48.764,17.339,10.629,83.000,87.000,91.000,8.000,,30.260,11.958,149.000,184.000,35.000,0.091,0.444,2.875,3.000,False,False,False,,,False
centre,93079,Villetaneuse,commune,,12530,ign_chef_lieu,2.344,48.961,17.387,11.671,72.000,77.000,80.000,8.000,,30.482,13.548,150.000,114.500,-35.500,-0.092,-11.231,2.526,3.000,False,False,False,,,False
centre,93027,La Courneuve,commune,,47167,ign_chef_lieu,2.390,48.927,17.453,8.277,67.000,71.000,74.000,7.000,,28.607,14.749,151.000,84.500,-66.500,-0.173,-18.311,2.482,2.000,False,False,False,,,False
centre,78575,Saint-Rémy-lès-Chevreuse,commune,,7747,ign_chef_lieu,2.073,48.706,17.479,26.507,92.000,101.000,106.000,14.000,,33.288,10.384,152.000,257.500,105.500,0.275,16.112,3.034,2.000,False,False,False,,,False
centre,78672,Villennes-sur-Seine,commune,,5952,ign_chef_lieu,1.999,48.940,17.537,27.546,69.000,77.000,84.000,15.000,,23.340,13.665,153.000,114.500,-38.500,-0.100,-11.635,3.299,2.000,False,False,False,,,False
centre,78561,Saint-Lambert,commune,,447,ign_chef_lieu,2.020,48.731,17.545,28.117,,,,,,26.620,,,,,,,,,False,False,False,,,False
centre,94002,Alfortville,commune,,45531,ign_chef_lieu,2.420,48.805,17.595,7.545,59.000,62.000,66.000,7.000,,35.695,17.028,154.000,61.000,-93.000,-0.242,-28.973,1.737,2.000,False,False,False,,,False
centre,78466,Orgeval,commune,,7252,ign_chef_lieu,1.975,48.918,17.694,28.542,98.000,103.000,108.000,10.000,,23.498,10.307,155.000,269.000,114.000,0.297,17.648,4.383,2.000,False,False,False,,,False
centre,95203,Eaubonne,commune,,26211,ign_chef_lieu,2.280,48.991,17.742,15.908,79.000,82.000,86.000,7.000,,32.232,12.982,156.000,152.000,-4.000,-0.010,-6.474,2.544,3.000,False,False,False,,,False
centre,94069,Saint-Maurice,commune,,14506,ign_chef_lieu,2.427,48.818,17.757,6.894,78.000,82.000,85.000,7.000,,32.472,12.993,157.000,152.000,-5.000,-0.013,-6.516,2.525,3.000,False,False,False,,,False
centre,91587,Saulx-les-Chartreux,commune,,6733,ign_chef_lieu,2.264,48.691,17.831,19.461,100.000,106.000,113.000,13.000,,31.380,10.093,158.000,281.500,123.500,0.322,20.579,3.378,3.000,False,False,False,,,False
centre,95491,Le Plessis-Bouchard,commune,,8518,ign_chef_lieu,2.235,49.001,17.864,18.256,91.000,95.000,99.000,8.000,,32.675,11.283,159.000,232.000,73.000,0.190,7.960,2.907,3.000,False,False,False,,,False
centre,95197,Deuil-la-Barre,commune,,23099,ign_chef_lieu,2.328,48.975,17.909,13.331,78.000,82.000,85.000,7.000,,35.085,13.104,160.000,152.000,-8.000,-0.021,-6.937,2.337,2.000,False,False,False,,,False
centre,78490,Plaisir,commune,,31811,ign_chef_lieu,1.947,48.817,17.916,30.085,82.000,90.000,97.000,15.000,,22.508,11.944,161.000,197.500,36.500,0.095,2.118,3.999,3.000,False,False,False,,,False
centre,95598,Soisy-sous-Montmorency,commune,,18008,ign_chef_lieu,2.300,48.987,17.986,15.060,80.000,83.000,88.000,8.000,,31.128,13.002,162.000,159.000,-3.000,-0.008,-6.017,2.666,3.000,False,False,False,,,False
centre,78015,Andrésy,commune,,13834,ign_chef_lieu,2.061,48.982,18.024,25.565,75.000,79.000,86.000,11.000,,34.375,13.689,163.000,127.500,-35.500,-0.092,-10.646,2.298,2.000,False,False,False,,,False
centre,78196,Davron,commune,,295,ign_chef_lieu,1.944,48.865,18.035,29.977,,,,,,25.690,,,,,,,,,False,False,False,,,False
centre,78172,Conflans-Sainte-Honorine,commune,,36958,ign_chef_lieu,2.095,48.994,18.043,24.293,75.000,79.000,84.000,9.000,,34.843,13.704,164.000,127.500,-36.500,-0.095,-10.698,2.267,2.000,False,False,False,,,False
centre,91692,Les Ulis,commune,,25886,ign_chef_lieu,2.170,48.681,18.074,23.626,98.000,103.000,107.000,9.000,,30.018,10.528,165.000,269.000,104.000,0.271,16.329,3.431,3.000,False,False,False,,,False
centre,91161,Chilly-Mazarin,commune,,20443,ign_chef_lieu,2.313,48.703,18.167,17.360,97.000,101.000,104.000,7.000,,30.853,10.792,166.000,257.500,91.500,0.238,13.760,3.274,4.000,True,False,False,,,False
centre,91666,Villejust,commune,,2558,ign_chef_lieu,2.237,48.682,18.283,21.145,106.000,114.000,121.000,15.000,,32.448,9.623,167.000,308.500,141.500,0.368,27.968,3.513,3.000,False,False,False,,,False
centre,91345,Longjumeau,commune,,21996,ign_chef_lieu,2.296,48.694,18.406,18.504,96.000,100.000,104.000,8.000,,30.390,11.043,168.000,251.500,83.500,0.217,11.855,3.291,3.000,False,False,False,,,False
centre,78160,Chevreuse,commune,,5502,ign_chef_lieu,2.044,48.707,18.445,28.061,112.000,,,,,33.698,,,,,,,,,False,False,False,,,False
centre,94046,Maisons-Alfort,commune,,56799,ign_chef_lieu,2.431,48.801,18.449,8.415,57.000,61.000,65.000,8.000,,36.238,18.147,169.000,57.000,-112.000,-0.292,-31.854,1.683,2.000,False,False,False,,,False
centre,94080,Vincennes,commune,,48193,ign_chef_lieu,2.440,48.848,18.503,6.477,57.000,61.000,64.000,7.000,,37.245,18.200,170.000,57.000,-113.000,-0.294,-31.959,1.638,1.000,False,False,False,,,False
centre,78384,Médan,commune,,1289,ign_chef_lieu,1.996,48.953,18.586,28.247,86.000,92.000,99.000,13.000,,26.293,12.121,171.000,213.500,42.500,0.111,2.376,3.499,2.000,False,False,False,,,False
centre,94022,Choisy-le-Roi,commune,,45946,ign_chef_lieu,2.410,48.762,18.624,11.258,76.000,80.000,84.000,8.000,,30.933,13.968,172.000,135.500,-36.500,-0.095,-11.074,2.586,3.000,False,False,False,,,False
centre,95427,Montmagny,commune,,15105,ign_chef_lieu,2.346,48.975,18.656,13.199,77.000,81.000,84.000,7.000,,32.957,13.819,173.000,143.500,-29.500,-0.077,-10.045,2.458,2.000,False,False,False,,,False
centre,91432,Morangis,commune,,14129,ign_chef_lieu,2.332,48.706,18.672,16.844,99.000,103.000,106.000,7.000,,31.548,10.877,174.000,269.000,95.000,0.247,14.337,3.265,3.000,False,False,False,,,False
centre,93048,Montreuil,commune,,111934,ign_chef_lieu,2.441,48.862,18.701,6.526,62.000,66.000,69.000,7.000,,40.625,17.001,175.000,73.500,-101.500,-0.264,-26.797,1.625,2.000,False,False,False,,,False
centre,95051,Beauchamp,commune,,9849,ign_chef_lieu,2.200,49.012,18.702,20.563,87.000,92.000,97.000,10.000,,34.393,12.197,176.000,213.500,37.500,0.098,2.039,2.675,2.000,False,False,False,,,False
centre,91275,Gometz-le-Châtel,commune,,2630,ign_chef_lieu,2.138,48.678,18.717,25.295,119.000,128.000,136.000,17.000,,33.857,8.774,177.000,350.500,173.500,0.452,41.905,3.781,4.000,True,False,False,,,False
centre,93063,Romainville,commune,,37152,ign_chef_lieu,2.435,48.886,18.723,6.858,75.000,78.000,82.000,7.000,,38.933,14.402,178.000,121.500,-56.500,-0.147,-13.541,2.003,2.000,False,False,False,,,False
centre,78138,Chanteloup-les-Vignes,commune,,10861,ign_chef_lieu,2.030,48.978,18.928,27.240,86.000,91.000,98.000,12.000,,31.163,12.480,179.000,205.500,26.500,0.069,0.288,2.920,3.000,False,False,False,,,False
centre,95574,Saint-Prix,commune,,7612,ign_chef_lieu,2.262,49.007,18.935,17.955,90.000,94.000,98.000,8.000,,34.173,12.086,180.000,226.000,46.000,0.120,3.575,2.751,3.000,False,False,False,,,False
centre,95428,Montmorency,commune,,21763,ign_chef_lieu,2.321,48.989,18.935,14.985,86.000,91.000,99.000,13.000,,36.150,12.485,181.000,205.500,24.500,0.064,0.268,2.517,3.000,False,False,False,,,False
centre,93072,Stains,commune,,41388,ign_chef_lieu,2.382,48.955,18.943,11.236,84.000,88.000,91.000,7.000,,32.562,12.916,182.000,188.500,6.500,0.017,-3.058,2.703,3.000,False,False,False,,,False
centre,95369,Margency,commune,,3012,ign_chef_lieu,2.287,49.001,18.997,16.798,87.000,91.000,95.000,8.000,,34.428,12.525,183.000,205.500,22.500,0.059,0.095,2.643,3.000,False,False,False,,,False
centre,94054,Orly,commune,,24658,ign_chef_lieu,2.401,48.743,19.217,13.085,88.000,91.000,96.000,8.000,,33.337,12.671,184.000,205.500,21.500,0.056,-0.516,2.730,3.000,False,False,False,,,False
centre,78382,Maurecourt,commune,,4454,ign_chef_lieu,2.063,48.997,19.320,26.334,74.000,79.000,85.000,11.000,,36.447,14.673,185.000,127.500,-57.500,-0.150,-13.877,2.168,2.000,False,False,False,,,False
centre,91560,Saint-Jean-de-Beauregard,commune,,471,ign_chef_lieu,2.168,48.670,19.398,24.824,112.000,117.000,121.000,9.000,,31.367,9.948,186.000,317.500,131.500,0.342,27.276,3.730,3.000,False,False,False,,,False
centre,78208,Élancourt,commune,,26365,ign_chef_lieu,1.949,48.768,19.406,31.186,76.000,84.000,91.000,15.000,,23.290,13.862,187.000,165.500,-21.500,-0.056,-8.643,3.607,2.000,False,False,False,,,False
centre,78644,La Verrière,commune,,5994,ign_chef_lieu,1.958,48.758,19.408,31.001,76.000,84.000,91.000,15.000,,24.758,13.863,188.000,165.500,-22.500,-0.059,-8.648,3.393,1.000,False,False,False,,,False
centre,91479,Paray-Vieille-Poste,commune,,8202,ign_chef_lieu,2.364,48.713,19.467,15.999,95.000,99.000,103.000,8.000,,32.638,11.798,189.000,244.500,55.500,0.145,7.491,3.033,4.000,True,False,False,,,False
centre,91274,Gometz-la-Ville,commune,,1536,ign_chef_lieu,2.125,48.672,19.652,26.475,118.000,131.000,137.000,19.000,,33.888,9.001,190.000,358.500,168.500,0.439,41.524,3.866,3.000,False,False,False,,,False
centre,95426,Montlignon,commune,,3038,ign_chef_lieu,2.285,49.009,19.713,17.653,94.000,99.000,106.000,12.000,,36.113,11.947,191.000,244.500,53.500,0.139,6.779,2.741,4.000,True,False,False,,,False
centre,95288,Groslay,commune,,8453,ign_chef_lieu,2.346,48.987,19.713,14.521,83.000,87.000,91.000,8.000,,36.855,13.595,192.000,184.000,-8.000,-0.021,-6.165,2.361,2.000,False,False,False,,,False
centre,95014,Andilly,commune,,2742,ign_chef_lieu,2.301,49.005,19.813,17.002,93.000,99.000,105.000,12.000,,36.912,12.008,193.000,244.500,51.500,0.134,6.492,2.682,3.000,False,False,False,,,False
centre,78189,Crespières,commune,,1719,ign_chef_lieu,1.924,48.882,19.819,31.570,,,,,,26.710,,,,,,,,,False,False,False,,,False
centre,78615,Thiverval-Grignon,commune,,1023,ign_chef_lieu,1.918,48.850,19.830,31.915,107.000,118.000,132.000,25.000,,27.657,10.083,194.000,320.500,126.500,0.329,26.872,4.267,4.000,True,False,False,,,False
centre,95563,Saint-Leu-la-Forêt,commune,,16138,ign_chef_lieu,2.244,49.019,19.943,19.756,85.000,92.000,100.000,15.000,,34.685,13.006,195.000,213.500,18.500,0.048,-1.380,2.652,3.000,False,False,False,,,False
centre,78383,Maurepas,commune,,20629,ign_chef_lieu,1.945,48.762,19.970,31.683,73.000,80.000,88.000,15.000,,23.788,14.978,196.000,135.500,-60.500,-0.158,-14.306,3.363,2.000,False,False,False,,,False
centre,93053,Noisy-le-Sec,commune,,45510,ign_chef_lieu,2.452,48.890,20.054,8.191,66.000,70.000,74.000,8.000,,35.708,17.189,197.000,81.500,-115.500,-0.301,-25.185,1.960,1.000,False,False,False,,,False
centre,91044,Ballainvilliers,commune,,4904,ign_chef_lieu,2.290,48.676,20.080,20.562,102.000,107.000,111.000,9.000,,34.715,11.260,198.000,283.500,85.500,0.223,14.284,3.082,4.000,True,False,False,,,False
centre,95488,Pierrelaye,commune,,10130,ign_chef_lieu,2.156,49.023,20.102,23.464,90.000,95.000,99.000,9.000,,36.492,12.696,199.000,232.000,33.000,0.086,1.408,2.603,2.000,False,False,False,,,False
centre,93008,Bobigny,commune,,56927,ign_chef_lieu,2.445,48.906,20.121,8.759,73.000,77.000,81.000,8.000,,32.890,15.679,200.000,114.500,-85.500,-0.223,-17.847,2.341,2.000,False,False,False,,,False
centre,93013,Le Bourget,commune,,15925,ign_chef_lieu,2.425,48.935,20.128,10.195,69.000,73.000,76.000,7.000,,31.370,16.543,201.000,96.500,-104.500,-0.272,-22.129,2.327,2.000,False,False,False,,,False
centre,94077,Villeneuve-le-Roi,commune,,21000,ign_chef_lieu,2.408,48.735,20.161,14.074,95.000,99.000,104.000,9.000,,34.045,12.218,202.000,244.500,42.500,0.111,5.514,2.908,3.000,False,False,False,,,False
centre,78397,Le Mesnil-Saint-Denis,commune,,7276,ign_chef_lieu,1.960,48.740,20.302,31.594,83.000,90.000,98.000,15.000,,27.718,13.535,203.000,197.500,-5.500,-0.014,-4.434,3.247,2.000,False,False,False,,,False
centre,78624,Triel-sur-Seine,commune,,12206,ign_chef_lieu,2.003,48.981,20.425,29.133,80.000,86.000,92.000,12.000,,30.620,14.250,204.000,177.500,-26.500,-0.069,-8.973,2.809,2.000,False,False,False,,,False
centre,95607,Taverny,commune,,27593,ign_chef_lieu,2.226,49.026,20.507,21.044,90.000,97.000,105.000,15.000,,34.523,12.685,205.000,237.500,32.500,0.085,2.452,2.810,3.000,False,False,False,,,False
centre,78548,Saint-Forget,commune,,436,ign_chef_lieu,1.993,48.710,20.577,30.986,127.000,,,,,30.798,,,,,,,,,False,False,False,,,False
centre,94042,Joinville-le-Pont,commune,,20525,ign_chef_lieu,2.467,48.818,20.685,9.400,66.000,69.000,73.000,7.000,,36.265,17.987,206.000,79.500,-126.500,-0.329,-27.455,1.903,1.000,False,False,False,,,False
centre,78643,Vernouillet,commune,,9699,ign_chef_lieu,1.983,48.973,20.745,29.979,84.000,90.000,97.000,13.000,,29.270,13.830,207.000,197.500,-9.500,-0.025,-5.521,3.075,2.000,False,False,False,,,False
centre,95218,Éragny-sur-Oise,commune,,18436,ign_chef_lieu,2.091,49.019,20.782,26.369,75.000,79.000,84.000,9.000,,35.520,15.784,208.000,127.500,-80.500,-0.210,-17.146,2.224,1.000,False,False,False,,,False
centre,91458,Nozay,commune,,4471,ign_chef_lieu,2.243,48.660,20.798,23.277,114.000,122.000,133.000,19.000,,34.502,10.228,209.000,334.000,125.000,0.326,27.900,3.536,3.000,False,False,False,,,False
centre,94028,Créteil,commune,,93397,ign_chef_lieu,2.453,48.778,20.817,11.442,80.000,84.000,88.000,8.000,,37.500,14.870,210.000,165.500,-44.500,-0.116,-11.983,2.240,3.000,False,False,False,,,False
centre,93029,Drancy,commune,,72390,ign_chef_lieu,2.445,48.923,20.853,10.075,76.000,79.000,83.000,7.000,,33.412,15.838,211.000,127.500,-83.500,-0.217,-17.297,2.364,3.000,False,False,False,,,False
centre,91411,Les Molières,commune,,1975,ign_chef_lieu,2.070,48.673,20.860,29.129,,,,,,39.525,,,,,,,,,False,False,False,,,False
centre,93030,Dugny,commune,,11700,ign_chef_lieu,2.418,48.955,20.945,12.001,85.000,89.000,93.000,8.000,,33.492,14.120,212.000,192.500,-19.500,-0.051,-7.044,2.657,3.000,False,False,False,,,False
centre,91093,Boullay-les-Troux,commune,,624,ign_chef_lieu,2.050,48.678,20.993,29.791,,,,,,39.365,,,,,,,,,False,False,False,,,False
centre,78431,Morainvilliers,commune,,3120,ign_chef_lieu,1.932,48.929,21.003,31.849,101.000,111.000,120.000,19.000,,26.418,11.353,213.000,296.500,83.500,0.217,15.762,4.202,2.000,False,False,False,,,False
centre,95450,Neuville-sur-Oise,commune,,2058,ign_chef_lieu,2.063,49.014,21.022,27.508,76.000,81.000,87.000,11.000,,37.848,15.572,214.000,143.500,-70.500,-0.184,-15.565,2.140,1.000,False,False,False,,,False
centre,94033,Fontenay-sous-Bois,commune,,53757,ign_chef_lieu,2.475,48.849,21.077,9.014,70.000,73.000,77.000,7.000,,42.303,17.324,215.000,96.500,-118.500,-0.309,-24.011,1.726,1.000,False,False,False,,,False
centre,95268,Garges-lès-Gonesse,commune,,41791,ign_chef_lieu,2.401,48.972,21.137,13.303,97.000,100.000,104.000,7.000,,36.732,12.682,216.000,251.500,35.500,0.092,3.940,2.722,4.000,True,False,False,,,False
centre,91665,La Ville-du-Bois,commune,,8161,ign_chef_lieu,2.269,48.661,21.144,22.572,115.000,119.000,124.000,9.000,,33.693,10.661,217.000,325.000,108.000,0.281,23.666,3.532,4.000,True,False,False,,,False
centre,95539,Saint-Brice-sous-Forêt,commune,,15063,ign_chef_lieu,2.357,48.998,21.160,15.706,89.000,93.000,96.000,7.000,,37.358,13.652,218.000,220.000,2.000,0.005,-3.392,2.489,2.000,False,False,False,,,False
centre,91027,Athis-Mons,commune,,36613,ign_chef_lieu,2.389,48.708,21.170,16.768,102.000,105.000,109.000,7.000,,34.510,12.097,219.000,278.500,59.500,0.155,9.046,3.043,3.000,False,False,False,,,False
centre,78550,Saint-Germain-de-la-Grange,commune,,1847,ign_chef_lieu,1.899,48.834,21.221,33.378,145.000,156.000,168.000,23.000,,28.563,8.162,220.000,381.500,161.500,0.421,61.804,5.462,4.000,True,False,False,,,False
centre,78010,Les Alluets-le-Roi,commune,,1390,ign_chef_lieu,1.919,48.914,21.229,32.452,,,,,,27.597,,,,,,,,,False,False,False,,,False
centre,78193,Dampierre-en-Yvelines,commune,,1008,ign_chef_lieu,1.986,48.705,21.382,31.766,136.000,,,,,31.347,,,,,,,,,False,False,False,,,False
centre,78162,Choisel,commune,,540,ign_chef_lieu,2.018,48.687,21.461,31.009,,,,,,35.705,,,,,,,,,False,False,False,,,False
centre,78442,Neauphle-le-Château,commune,,3250,ign_chef_lieu,1.899,48.814,21.473,33.643,84.000,95.000,103.000,19.000,,23.563,13.562,221.000,232.000,11.000,0.029,-2.080,4.032,2.000,False,False,False,,,False
centre,91216,Épinay-sur-Orge,commune,,10722,ign_chef_lieu,2.324,48.673,21.483,20.542,101.000,105.000,109.000,8.000,,34.248,12.276,222.000,278.500,56.500,0.147,8.200,3.066,4.000,True,False,False,,,False
centre,78321,Jouars-Pontchartrain,commune,,6039,ign_chef_lieu,1.901,48.802,21.573,33.713,88.000,99.000,107.000,19.000,,22.440,13.074,223.000,244.500,21.500,0.056,1.792,4.412,2.000,False,False,False,,,False
centre,91589,Savigny-sur-Orge,commune,,37601,ign_chef_lieu,2.346,48.680,21.609,19.657,100.000,104.000,108.000,8.000,,33.338,12.467,224.000,274.500,50.500,0.132,6.838,3.120,3.000,False,False,False,,,False
centre,78642,Verneuil-sur-Seine,commune,,16280,ign_chef_lieu,1.975,48.979,21.664,30.817,80.000,87.000,95.000,15.000,,29.197,14.940,225.000,184.000,-41.000,-0.107,-10.746,2.980,2.000,False,False,False,,,False
centre,94001,Ablon-sur-Seine,commune,,5988,ign_chef_lieu,2.422,48.725,21.701,15.492,103.000,109.000,114.000,11.000,,36.612,11.945,226.000,289.500,63.500,0.165,11.723,2.977,4.000,True,False,False,,,False
centre,95323,Jouy-le-Moutier,commune,,17854,ign_chef_lieu,2.047,49.016,21.732,28.527,96.000,100.000,106.000,10.000,,40.910,13.039,227.000,251.500,24.500,0.064,2.420,2.444,2.000,False,False,False,,,False
centre,91326,Juvisy-sur-Orge,commune,,19292,ign_chef_lieu,2.372,48.691,21.757,18.487,91.000,95.000,99.000,8.000,,36.430,13.741,228.000,232.000,4.000,0.010,-2.761,2.608,2.000,False,False,False,,,False
centre,95060,Bessancourt,commune,,8869,ign_chef_lieu,2.217,49.039,21.806,22.566,96.000,103.000,111.000,15.000,,36.688,12.703,229.000,269.000,40.000,0.104,5.302,2.807,3.000,False,False,False,,,False
centre,78683,Villiers-Saint-Frédéric,commune,,3395,ign_chef_lieu,1.891,48.820,21.921,34.096,93.000,102.000,110.000,17.000,,26.013,12.895,230.000,263.500,33.500,0.087,3.989,3.921,3.000,False,False,False,,,False
centre,95489,Piscop,commune,,768,ign_chef_lieu,2.343,49.012,21.936,17.337,114.000,119.000,127.000,13.000,,40.923,11.060,231.000,325.000,94.000,0.245,21.276,2.908,3.000,False,False,False,,,False
centre,91319,Janvry,commune,,654,ign_chef_lieu,2.156,48.647,21.996,27.402,,,,,,37.407,,,,,,,,,False,False,False,,,False
centre,95585,Sarcelles,commune,,59173,ign_chef_lieu,2.378,48.997,22.091,15.801,91.000,95.000,99.000,8.000,,39.833,13.952,232.000,232.000,0.000,0.000,-3.542,2.385,2.000,False,False,False,,,False
centre,78334,Lévis-Saint-Nom,commune,,1603,ign_chef_lieu,1.949,48.721,22.214,33.260,,,,,,31.918,,,,,,,,,False,False,False,,,False
centre,93064,Rosny-sous-Bois,commune,,47180,ign_chef_lieu,2.488,48.872,22.264,10.098,66.000,70.000,74.000,8.000,,39.057,19.084,233.000,81.500,-151.500,-0.395,-29.220,1.792,1.000,False,False,False,,10.000,False
centre,91685,Villiers-sur-Orge,commune,,4545,ign_chef_lieu,2.300,48.657,22.286,22.458,113.000,117.000,121.000,8.000,,36.545,11.429,234.000,317.500,83.500,0.217,18.241,3.202,3.000,False,False,False,,,False
centre,94052,Nogent-sur-Marne,commune,,32455,ign_chef_lieu,2.492,48.839,22.304,10.381,73.000,77.000,81.000,8.000,,40.005,17.380,235.000,114.500,-120.500,-0.314,-22.216,1.925,2.000,False,False,False,,,False
centre,94068,Saint-Maur-des-Fossés,commune,,76572,ign_chef_lieu,2.485,48.803,22.315,11.426,70.000,73.000,77.000,7.000,,40.528,18.341,236.000,96.500,-139.500,-0.363,-26.277,1.801,1.000,False,False,False,,,False
centre,93010,Bondy,commune,,50595,ign_chef_lieu,2.481,48.902,22.493,10.718,72.000,76.000,80.000,8.000,,35.747,17.758,237.000,108.500,-128.500,-0.335,-23.570,2.126,1.000,False,False,False,,,False
centre,78168,Coignières,commune,,4321,ign_chef_lieu,1.918,48.748,22.519,34.145,75.000,82.000,90.000,15.000,,26.233,16.477,238.000,152.000,-86.000,-0.224,-17.586,3.126,1.000,False,False,False,,,False
centre,91363,Marcoussis,commune,,8618,ign_chef_lieu,2.231,48.643,22.543,25.376,113.000,120.000,126.000,13.000,,38.037,11.271,239.000,329.500,90.500,0.236,20.538,3.155,3.000,False,False,False,,,False
centre,78206,Ecquevilly,commune,,4279,ign_chef_lieu,1.924,48.949,22.609,33.050,104.000,110.000,116.000,12.000,,25.252,12.332,240.000,293.000,53.000,0.138,10.321,4.356,3.000,False,False,False,,,False
centre,91667,Villemoisson-sur-Orge,commune,,7332,ign_chef_lieu,2.330,48.662,22.741,21.694,108.000,112.000,116.000,8.000,,35.160,12.183,241.000,301.000,60.000,0.156,11.981,3.185,3.000,False,False,False,,,False
centre,95199,Domont,commune,,16065,ign_chef_lieu,2.327,49.027,22.835,19.106,99.000,104.000,111.000,12.000,,41.848,13.174,242.000,274.500,32.500,0.085,3.755,2.485,3.000,False,False,False,,,False
centre,93007,Le Blanc-Mesnil,commune,,62376,ign_chef_lieu,2.464,48.939,22.840,12.266,77.000,80.000,84.000,7.000,,36.218,17.130,243.000,135.500,-107.500,-0.280,-20.198,2.209,2.000,False,False,False,,,False
centre,94078,Villeneuve-Saint-Georges,commune,,36221,ign_chef_lieu,2.448,48.731,22.845,15.622,90.000,94.000,98.000,8.000,,39.403,14.582,244.000,226.000,-18.000,-0.047,-6.244,2.386,3.000,False,False,False,,,False
centre,78062,Beynes,commune,,7704,ign_chef_lieu,1.876,48.856,22.932,34.976,115.000,124.000,131.000,16.000,,31.015,11.096,245.000,340.500,95.500,0.249,23.430,3.998,4.000,True,False,False,,,False
centre,78590,Senlisse,commune,,511,ign_chef_lieu,1.982,48.687,23.092,33.144,,,,,,35.295,,,,,,,,,False,False,False,,,False
centre,95256,Frépillon,commune,,3317,ign_chef_lieu,2.206,49.051,23.107,24.152,102.000,109.000,117.000,15.000,,38.777,12.719,246.000,289.500,43.500,0.113,8.064,2.811,3.000,False,False,False,,,False
centre,95572,Saint-Ouen-l'Aumône,commune,,25578,ign_chef_lieu,2.106,49.044,23.122,27.613,89.000,93.000,97.000,8.000,,39.922,14.917,247.000,220.000,-27.000,-0.070,-7.831,2.330,2.000,False,False,False,,,False
centre,78305,Herbeville,commune,,228,ign_chef_lieu,1.887,48.906,23.137,34.591,,,,,,30.185,,,,,,,,,False,False,False,,,False
centre,78140,Chapet,commune,,1331,ign_chef_lieu,1.934,48.967,23.140,33.062,108.000,114.000,121.000,13.000,,27.243,12.179,248.000,308.500,60.500,0.158,12.934,4.185,3.000,False,False,False,,,False
centre,91657,Vigneux-sur-Seine,commune,,31466,ign_chef_lieu,2.417,48.700,23.200,18.008,88.000,91.000,95.000,7.000,,43.348,15.297,249.000,205.500,-43.500,-0.113,-9.975,2.099,3.000,False,False,False,,,False
centre,95088,Bonneuil-en-France,commune,,1185,ign_chef_lieu,2.433,48.976,23.204,14.514,111.000,115.000,120.000,9.000,,38.323,12.106,250.000,313.500,63.500,0.165,13.758,3.001,3.000,False,False,False,,,False
centre,91434,Morsang-sur-Orge,commune,,21667,ign_chef_lieu,2.346,48.662,23.313,21.631,112.000,116.000,119.000,7.000,,34.417,12.059,251.000,316.000,65.000,0.169,14.462,3.370,3.000,False,False,False,,,False
centre,94011,Bonneuil-sur-Marne,commune,,18270,ign_chef_lieu,2.487,48.774,23.324,13.474,82.000,86.000,89.000,7.000,,39.870,16.272,252.000,177.500,-74.500,-0.194,-15.161,2.157,3.000,False,False,False,,,False
centre,95680,Villiers-le-Bel,commune,,30053,ign_chef_lieu,2.388,49.008,23.398,17.006,105.000,110.000,116.000,11.000,,39.393,12.762,253.000,293.000,40.000,0.104,8.334,2.792,4.000,True,False,False,,,False
centre,91338,Limours,commune,,6517,ign_chef_lieu,2.077,48.646,23.441,30.955,128.000,142.000,153.000,25.000,,40.823,9.905,254.000,374.500,120.500,0.314,39.710,3.478,3.000,False,False,False,,,False
centre,93049,Neuilly-Plaisance,commune,,21941,ign_chef_lieu,2.506,48.861,23.461,11.301,76.000,79.000,83.000,7.000,,42.423,17.819,255.000,127.500,-127.500,-0.332,-22.309,1.862,1.000,False,False,False,,,False
centre,94074,Valenton,commune,,14406,ign_chef_lieu,2.470,48.744,23.470,15.148,87.000,92.000,98.000,11.000,,40.098,15.306,256.000,213.500,-42.500,-0.111,-9.541,2.294,3.000,False,False,False,,,False
centre,94058,Le Perreux-sur-Marne,commune,,35260,ign_chef_lieu,2.508,48.841,23.522,11.557,78.000,81.000,85.000,7.000,,41.610,17.423,257.000,143.500,-113.500,-0.296,-20.450,1.947,2.000,False,False,False,,,False
centre,91687,Viry-Châtillon,commune,,30838,ign_chef_lieu,2.375,48.671,23.585,20.644,100.000,103.000,107.000,7.000,,35.597,13.739,258.000,269.000,11.000,0.029,1.011,2.894,2.000,False,False,False,,,False
centre,95019,Arnouville,commune,,15023,ign_chef_lieu,2.421,48.990,23.586,15.646,110.000,114.000,118.000,8.000,,40.415,12.414,259.000,308.500,49.500,0.129,11.796,2.821,3.000,False,False,False,,,False
centre,95091,Bouffémont,commune,,6593,ign_chef_lieu,2.299,49.043,23.655,21.132,118.000,129.000,145.000,27.000,,45.287,11.002,260.000,353.500,93.500,0.243,26.310,2.849,3.000,False,False,False,,,False
centre,91347,Longpont-sur-Orge,commune,,6482,ign_chef_lieu,2.293,48.642,23.657,24.185,119.000,123.000,127.000,8.000,,38.483,11.540,261.000,337.500,76.500,0.199,20.432,3.196,3.000,False,False,False,,,False
centre,95061,Béthemont-la-Forêt,commune,,435,ign_chef_lieu,2.252,49.053,23.738,23.061,,,,,,42.838,,,,,,,,,False,False,False,,,False
centre,91425,Montlhéry,commune,,9772,ign_chef_lieu,2.270,48.637,23.782,25.168,119.000,123.000,128.000,9.000,,37.405,11.601,262.000,337.500,75.500,0.197,20.094,3.288,4.000,True,False,False,,,False
centre,93077,Villemomble,commune,,29795,ign_chef_lieu,2.508,48.882,23.876,11.751,74.000,78.000,82.000,8.000,,39.397,18.366,263.000,121.500,-141.500,-0.368,-24.001,1.980,1.000,False,False,False,,,False
centre,95500,Pontoise,commune,,31970,ign_chef_lieu,2.101,49.051,23.925,28.422,88.000,92.000,97.000,9.000,,40.745,15.603,264.000,213.500,-50.500,-0.132,-10.458,2.258,2.000,False,False,False,,,False
centre,94044,Limeil-Brévannes,commune,,27406,ign_chef_lieu,2.480,48.749,23.926,15.180,85.000,89.000,93.000,8.000,,39.350,16.130,265.000,192.500,-72.500,-0.189,-13.380,2.262,4.000,True,False,False,,,False
centre,94017,Champigny-sur-Marne,commune,,78072,ign_chef_lieu,2.511,48.813,23.952,12.570,76.000,79.000,83.000,7.000,,41.852,18.192,266.000,127.500,-138.500,-0.361,-23.158,1.888,2.000,False,False,False,,,False
centre,95205,Écouen,commune,,7202,ign_chef_lieu,2.379,49.018,23.964,18.124,102.000,108.000,114.000,12.000,,41.628,13.313,267.000,286.000,19.000,0.049,5.023,2.594,4.000,True,False,False,,,False
centre,95074,Boisemont,commune,,892,ign_chef_lieu,2.002,49.021,23.972,31.543,105.000,115.000,123.000,18.000,,40.587,12.507,268.000,313.500,45.500,0.118,11.810,2.833,2.000,False,False,False,,,False
centre,78443,Neauphle-le-Vieux,commune,,937,ign_chef_lieu,1.864,48.815,24.005,36.180,92.000,101.000,109.000,17.000,,27.620,14.260,269.000,257.500,-11.500,-0.030,-1.873,3.657,3.000,False,False,False,,,False
centre,91201,Draveil,commune,,30098,ign_chef_lieu,2.405,48.682,24.022,19.735,103.000,107.000,111.000,8.000,,42.002,13.470,270.000,283.500,13.500,0.035,3.917,2.548,3.000,False,False,False,,,False
centre,95637,Vauréal,commune,,16079,ign_chef_lieu,2.021,49.030,24.056,31.004,96.000,101.000,107.000,11.000,,42.137,14.291,271.000,257.500,-13.500,-0.035,-1.984,2.397,2.000,False,False,False,,,False
centre,78623,Le Tremblay-sur-Mauldre,commune,,930,ign_chef_lieu,1.875,48.778,24.078,36.115,114.000,136.000,159.000,45.000,,27.192,10.622,272.000,365.500,93.500,0.243,31.920,5.002,2.000,False,False,False,,,False
centre,95151,Chauvry,commune,,297,ign_chef_lieu,2.267,49.054,24.122,22.876,,,,,,42.983,,,,,,,,,False,False,False,,,False
centre,91482,Pecqueuse,commune,,580,ign_chef_lieu,2.049,48.647,24.165,32.295,149.000,163.000,174.000,25.000,,42.713,8.895,273.000,384.000,111.000,0.289,57.808,3.816,3.000,False,False,False,,,False
centre,78368,Mareil-sur-Mauldre,commune,,1776,ign_chef_lieu,1.866,48.894,24.298,35.964,118.000,125.000,134.000,16.000,,30.418,11.663,274.000,343.500,69.500,0.181,20.664,4.109,4.000,True,False,False,,,False
centre,91339,Linas,commune,,7987,ign_chef_lieu,2.267,48.631,24.310,25.816,119.000,124.000,131.000,12.000,,37.457,11.763,275.000,340.500,65.500,0.171,19.669,3.310,3.000,False,False,False,,,False
centre,93057,Les Pavillons-sous-Bois,commune,,25804,ign_chef_lieu,2.507,48.903,24.328,12.448,76.000,80.000,84.000,8.000,,38.175,18.246,276.000,135.500,-140.500,-0.366,-22.826,2.096,2.000,False,False,False,,,False
centre,91191,Crosne,commune,,9610,ign_chef_lieu,2.458,48.716,24.372,17.388,86.000,90.000,94.000,8.000,,41.628,16.248,277.000,197.500,-79.500,-0.207,-13.261,2.162,2.000,False,False,False,,,False
centre,94015,Bry-sur-Marne,commune,,18503,ign_chef_lieu,2.520,48.835,24.377,12.487,78.000,82.000,86.000,8.000,,40.217,17.837,278.000,152.000,-126.000,-0.328,-20.981,2.039,1.000,False,False,False,,,False
centre,78638,Vaux-sur-Seine,commune,,5202,ign_chef_lieu,1.963,49.006,24.443,33.018,87.000,93.000,99.000,12.000,,36.333,15.769,279.000,220.000,-59.000,-0.154,-10.507,2.560,2.000,False,False,False,,,False
centre,78415,Montainville,commune,,589,ign_chef_lieu,1.860,48.882,24.454,36.271,,,,,,33.765,,,,,,,,,False,False,False,,,False
centre,78576,Saint-Rémy-l'Honoré,commune,,1689,ign_chef_lieu,1.882,48.756,24.490,36.330,117.000,139.000,162.000,45.000,,30.662,10.571,280.000,370.500,90.500,0.236,33.621,4.533,2.000,False,False,False,,,False
centre,95229,Ézanville,commune,,9858,ign_chef_lieu,2.362,49.032,24.547,19.541,95.000,102.000,110.000,15.000,,42.388,14.440,281.000,263.500,-17.500,-0.046,-2.069,2.406,3.000,False,False,False,,,False
centre,95394,Méry-sur-Oise,commune,,9983,ign_chef_lieu,2.185,49.064,24.571,26.196,105.000,110.000,115.000,10.000,,40.475,13.402,282.000,293.000,11.000,0.029,5.559,2.718,3.000,False,False,False,,,False
centre,78128,Cernay-la-Ville,commune,,1516,ign_chef_lieu,1.971,48.673,24.729,34.633,,,,,,37.723,,,,,,,,,False,False,False,,,False
centre,91111,Briis-sous-Forges,commune,,3342,ign_chef_lieu,2.124,48.625,24.774,30.750,110.000,120.000,128.000,18.000,,42.258,12.387,283.000,329.500,46.500,0.121,14.652,2.840,3.000,False,False,False,,,False
centre,91549,Sainte-Geneviève-des-Bois,commune,,35438,ign_chef_lieu,2.327,48.641,24.783,24.073,115.000,118.000,122.000,7.000,,38.945,12.602,284.000,320.500,36.500,0.095,12.719,3.030,4.000,True,False,False,,,False
centre,95678,Villiers-Adam,commune,,858,ign_chef_lieu,2.235,49.064,24.808,24.691,120.000,136.000,153.000,33.000,,41.335,10.945,285.000,365.500,80.500,0.210,29.844,3.290,3.000,False,False,False,,,False
centre,91249,Forges-les-Bains,commune,,4241,ign_chef_lieu,2.100,48.628,24.817,31.461,,,,,,45.620,,,,,,,,,False,False,False,,,False
centre,93062,Le Raincy,commune,,14735,ign_chef_lieu,2.516,48.899,24.851,12.881,73.000,77.000,81.000,8.000,,39.230,19.364,286.000,114.500,-171.500,-0.447,-26.552,1.963,2.000,False,False,False,,7.000,False
centre,95277,Gonesse,commune,,27707,ign_chef_lieu,2.450,48.986,24.930,16.121,104.000,108.000,112.000,8.000,,40.692,13.850,287.000,286.000,-1.000,-0.003,2.845,2.654,4.000,True,False,False,,,False
centre,93005,Aulnay-sous-Bois,commune,,87599,ign_chef_lieu,2.500,48.934,25.030,13.861,69.000,73.000,77.000,8.000,,39.432,20.573,288.000,96.500,-191.500,-0.499,-30.632,1.851,2.000,False,False,False,,6.000,False
centre,91243,Fontenay-lès-Briis,commune,,2350,ign_chef_lieu,2.156,48.619,25.044,30.068,,,,,,38.697,,,,,,,,,False,False,False,,,False
centre,93050,Neuilly-sur-Marne,commune,,39800,ign_chef_lieu,2.528,48.857,25.052,12.915,76.000,80.000,84.000,8.000,,43.605,18.789,289.000,135.500,-153.500,-0.400,-24.016,1.835,2.000,False,False,False,,9.000,False
centre,95388,Menucourt,commune,,6184,ign_chef_lieu,1.984,49.025,25.086,32.872,100.000,108.000,115.000,15.000,,40.177,13.937,290.000,286.000,-4.000,-0.010,2.503,2.688,2.000,False,False,False,,,False
centre,78050,Bazoches-sur-Guyonne,commune,,721,ign_chef_lieu,1.860,48.778,25.142,37.196,116.000,138.000,161.000,45.000,,26.307,10.931,291.000,368.000,77.000,0.201,30.823,5.246,2.000,False,False,False,,,False
centre,91570,Saint-Michel-sur-Orge,commune,,21776,ign_chef_lieu,2.303,48.630,25.179,25.414,109.000,113.000,117.000,8.000,,38.440,13.369,292.000,304.500,12.500,0.033,7.041,2.940,3.000,False,False,False,,,False
centre,95039,Auvers-sur-Oise,commune,,6863,ign_chef_lieu,2.172,49.070,25.232,27.207,104.000,111.000,121.000,17.000,,43.370,13.639,293.000,296.500,3.500,0.009,5.028,2.559,3.000,False,False,False,,,False
centre,95409,Moisselles,commune,,1261,ign_chef_lieu,2.337,49.048,25.239,21.344,105.000,112.000,119.000,14.000,,42.433,13.521,294.000,301.000,7.000,0.018,5.957,2.639,3.000,False,False,False,,,False
centre,78090,Bouafle,commune,,2234,ign_chef_lieu,1.897,48.966,25.279,35.533,105.000,113.000,120.000,15.000,,27.303,13.422,295.000,304.500,9.500,0.025,6.815,4.139,3.000,False,False,False,,,False
centre,95183,Courdimanche,commune,,7311,ign_chef_lieu,2.002,49.035,25.315,32.500,95.000,103.000,110.000,15.000,,41.875,14.747,296.000,269.000,-27.000,-0.070,-2.712,2.460,2.000,False,False,False,,,False
centre,91421,Montgeron,commune,,24022,ign_chef_lieu,2.460,48.704,25.360,18.725,79.000,82.000,86.000,7.000,,43.795,18.556,297.000,152.000,-145.000,-0.378,-22.620,1.872,2.000,False,False,False,,,False
centre,91286,Grigny,commune,,26842,ign_chef_lieu,2.385,48.656,25.378,22.380,102.000,106.000,110.000,8.000,,36.062,14.365,298.000,281.500,-16.500,-0.043,-0.010,2.939,2.000,False,False,False,,,False
centre,78049,Bazemont,commune,,1727,ign_chef_lieu,1.865,48.928,25.444,36.598,,,,,,33.683,,,,,,,,,False,False,False,,,False
centre,78220,Les Essarts-le-Roi,commune,,6831,ign_chef_lieu,1.895,48.718,25.691,37.012,81.000,88.000,96.000,15.000,,30.303,17.517,299.000,188.500,-110.500,-0.288,-17.527,2.904,1.000,False,False,False,,,False
centre,78366,Mareil-le-Guyon,commune,,420,ign_chef_lieu,1.847,48.790,25.707,37.830,134.000,156.000,179.000,45.000,,28.993,9.887,300.000,381.500,81.500,0.212,46.152,5.381,2.000,False,False,False,,,False
centre,95127,Cergy,commune,,70906,ign_chef_lieu,2.035,49.053,25.783,31.864,70.000,75.000,81.000,11.000,,42.780,20.626,301.000,106.500,-194.500,-0.507,-29.843,1.753,1.000,False,False,False,,4.000,False
centre,78588,Saulx-Marchais,commune,,950,ign_chef_lieu,1.836,48.838,25.793,37.929,100.000,111.000,127.000,27.000,,33.085,13.942,302.000,296.500,-5.500,-0.014,3.810,3.355,2.000,False,False,False,,,False
centre,94019,Chennevières-sur-Marne,commune,,18710,ign_chef_lieu,2.533,48.796,25.863,14.818,89.000,93.000,97.000,8.000,,46.190,16.686,303.000,220.000,-83.000,-0.216,-13.149,2.013,2.000,False,False,False,,,False
centre,91333,Leuville-sur-Orge,commune,,4271,ign_chef_lieu,2.264,48.616,25.896,27.494,128.000,132.000,138.000,10.000,,38.137,11.771,304.000,360.000,56.000,0.146,23.190,3.461,3.000,False,False,False,,,False
centre,78380,Maule,commune,,6083,ign_chef_lieu,1.848,48.909,25.947,37.443,121.000,128.000,140.000,19.000,,34.597,12.163,305.000,350.500,45.500,0.118,19.332,3.700,4.000,True,False,False,,,False
centre,94071,Sucy-en-Brie,commune,,27764,ign_chef_lieu,2.524,48.771,25.991,15.789,84.000,88.000,92.000,8.000,,43.265,17.721,306.000,188.500,-117.500,-0.306,-18.034,2.034,2.000,False,False,False,,,False
centre,94079,Villiers-sur-Marne,commune,,33162,ign_chef_lieu,2.541,48.826,25.992,14.228,82.000,86.000,90.000,8.000,,43.065,18.134,307.000,177.500,-129.500,-0.337,-19.898,1.997,2.000,False,False,False,,,False
centre,95042,Baillet-en-France,commune,,2021,ign_chef_lieu,2.300,49.065,26.003,23.539,115.000,122.000,130.000,15.000,,46.785,12.788,308.000,334.000,26.000,0.068,13.608,2.608,2.000,False,False,False,,,False
centre,93032,Gagny,commune,,42313,ign_chef_lieu,2.537,48.885,26.008,13.876,74.000,77.000,81.000,7.000,,42.575,20.266,309.000,114.500,-194.500,-0.507,-28.305,1.809,2.000,False,False,False,,3.000,False
centre,78227,Évecquemont,commune,,754,ign_chef_lieu,1.944,49.014,26.031,34.671,119.000,130.000,142.000,23.000,,35.163,12.014,310.000,356.000,46.000,0.120,20.988,3.697,3.000,False,False,False,,,False
centre,78653,Vicq,commune,,389,ign_chef_lieu,1.835,48.815,26.117,38.292,119.000,141.000,164.000,45.000,,28.568,11.114,311.000,372.500,61.500,0.160,30.996,4.936,2.000,False,False,False,,,False
centre,94004,Boissy-Saint-Léger,commune,,17325,ign_chef_lieu,2.513,48.748,26.157,16.866,87.000,91.000,95.000,8.000,,41.212,17.247,312.000,205.500,-106.500,-0.277,-15.525,2.208,1.000,False,False,False,,,False
centre,91691,Yerres,commune,,27906,ign_chef_lieu,2.488,48.717,26.172,18.417,91.000,95.000,99.000,8.000,,45.548,16.530,313.000,232.000,-81.000,-0.211,-11.839,2.086,3.000,False,False,False,,,False
centre,95392,Mériel,commune,,5347,ign_chef_lieu,2.205,49.079,26.219,27.012,97.000,104.000,112.000,15.000,,42.903,15.126,314.000,274.500,-39.500,-0.103,-3.578,2.424,3.000,False,False,False,,,False
centre,78440,Les Mureaux,commune,,34632,ign_chef_lieu,1.909,48.993,26.349,35.876,81.000,86.000,93.000,12.000,,27.720,18.383,315.000,177.500,-137.500,-0.358,-20.475,3.102,2.000,False,False,False,,,False
centre,95028,Attainville,commune,,1904,ign_chef_lieu,2.346,49.057,26.407,22.317,115.000,122.000,129.000,14.000,,45.552,12.987,316.000,334.000,18.000,0.047,12.683,2.678,3.000,False,False,False,,,False
centre,95476,Osny,commune,,17954,ign_chef_lieu,2.062,49.066,26.430,31.598,88.000,93.000,99.000,11.000,,44.917,17.052,317.000,220.000,-97.000,-0.253,-14.143,2.071,2.000,False,False,False,,,False
centre,95211,Ennery,commune,,2243,ign_chef_lieu,2.106,49.076,26.536,30.368,119.000,126.000,146.000,27.000,,44.195,12.636,318.000,345.500,27.500,0.072,16.076,2.851,3.000,False,False,False,,,False
centre,95094,Bouqueval,commune,,314,ign_chef_lieu,2.424,49.024,26.559,19.420,,,,,,44.458,,,,,,,,,False,False,False,,,False
centre,95510,Puiseux-Pontoise,commune,,603,ign_chef_lieu,2.022,49.057,26.651,32.908,84.000,89.000,95.000,11.000,,41.967,17.967,319.000,192.500,-126.500,-0.329,-18.197,2.121,1.000,False,False,False,,,False
centre,94055,Ormesson-sur-Marne,commune,,10977,ign_chef_lieu,2.540,48.786,26.695,15.889,95.000,99.000,102.000,7.000,,45.338,16.179,320.000,244.500,-75.500,-0.197,-9.085,2.184,2.000,False,False,False,,,False
centre,95492,Le Plessis-Gassot,commune,,102,ign_chef_lieu,2.412,49.033,26.765,20.173,,,,,,45.257,,,,,,,,,False,False,False,,,False
centre,93051,Noisy-le-Grand,commune,,72978,ign_chef_lieu,2.552,48.850,26.773,14.690,79.000,83.000,87.000,8.000,,43.877,19.354,321.000,159.000,-162.000,-0.422,-23.897,1.892,1.000,False,False,False,,8.000,False
centre,78238,Flins-sur-Seine,commune,,2447,ign_chef_lieu,1.870,48.963,26.803,37.295,127.000,134.000,142.000,15.000,,26.850,12.001,322.000,362.500,40.500,0.105,22.793,4.991,3.000,False,False,False,,,False
centre,95430,Montsoult,commune,,4023,ign_chef_lieu,2.312,49.071,26.836,24.007,104.000,111.000,119.000,15.000,,47.048,14.506,323.000,296.500,-26.500,-0.069,1.651,2.359,2.000,False,False,False,,,False
centre,93046,Livry-Gargan,commune,,47228,ign_chef_lieu,2.536,48.919,26.927,15.193,87.000,91.000,95.000,8.000,,40.438,17.754,324.000,205.500,-118.500,-0.309,-16.815,2.250,2.000,False,False,False,,,False
centre,91235,Fleury-Mérogis,commune,,13721,ign_chef_lieu,2.361,48.630,26.945,25.188,123.000,126.000,130.000,7.000,,40.633,12.831,325.000,345.500,20.500,0.053,15.139,3.101,3.000,False,False,False,,,False
centre,95120,Butry-sur-Oise,commune,,2252,ign_chef_lieu,2.198,49.086,26.957,27.909,108.000,114.000,122.000,14.000,,44.995,14.188,326.000,308.500,-17.500,-0.046,4.148,2.534,3.000,False,False,False,,,False
centre,78033,Aulnay-sur-Mauldre,commune,,1180,ign_chef_lieu,1.844,48.929,26.968,38.176,128.000,139.000,151.000,23.000,,35.023,11.641,327.000,370.500,43.500,0.113,26.960,3.969,4.000,True,False,False,,,False
centre,91521,Ris-Orangis,commune,,31189,ign_chef_lieu,2.416,48.654,26.971,23.016,107.000,112.000,116.000,9.000,,41.100,14.449,328.000,301.000,-27.000,-0.070,2.292,2.725,3.000,False,False,False,,,False
centre,93071,Sevran,commune,,52535,ign_chef_lieu,2.526,48.940,26.992,15.716,83.000,86.000,90.000,7.000,,43.163,18.832,329.000,177.500,-151.500,-0.395,-21.486,1.992,3.000,False,False,False,,,False
centre,78013,Andelu,commune,,550,ign_chef_lieu,1.824,48.879,27.014,38.888,,,,,,38.080,,,,,,,,,False,False,False,,,False
centre,78034,Auteuil,commune,,1020,ign_chef_lieu,1.819,48.841,27.094,39.220,104.000,115.000,131.000,27.000,,31.553,14.136,330.000,313.500,-16.500,-0.043,4.779,3.645,2.000,False,False,False,,,False
centre,78364,Marcq,commune,,802,ign_chef_lieu,1.819,48.860,27.117,39.145,130.000,141.000,157.000,27.000,,33.660,11.539,331.000,372.500,41.500,0.108,28.410,4.189,2.000,False,False,False,,,False
centre,95612,Le Thillay,commune,,4560,ign_chef_lieu,2.470,49.002,27.145,18.314,106.000,109.000,113.000,7.000,,41.782,14.942,332.000,289.500,-42.500,-0.111,-0.786,2.609,4.000,True,False,False,,,False
centre,78401,Meulan-en-Yvelines,commune,,8950,ign_chef_lieu,1.910,49.005,27.154,36.404,89.000,97.000,102.000,13.000,,29.683,16.797,333.000,237.500,-95.500,-0.249,-11.725,3.268,2.000,False,False,False,,,False
centre,78030,Auffargis,commune,,1963,ign_chef_lieu,1.887,48.700,27.224,38.336,112.000,119.000,127.000,15.000,,33.015,13.726,334.000,325.000,-9.000,-0.023,8.149,3.604,2.000,False,False,False,,,False
centre,91634,Vaugrigneuse,commune,,1458,ign_chef_lieu,2.121,48.603,27.240,32.966,,,,,,43.377,,,,,,,,,False,False,False,,,False
centre,91103,Brétigny-sur-Orge,commune,,26658,ign_chef_lieu,2.306,48.611,27.241,27.452,108.000,112.000,116.000,8.000,,40.732,14.593,335.000,301.000,-34.000,-0.089,1.754,2.750,3.000,False,False,False,,,False
centre,93014,Clichy-sous-Bois,commune,,29354,ign_chef_lieu,2.546,48.911,27.318,15.426,91.000,95.000,98.000,7.000,,41.870,17.254,336.000,232.000,-104.000,-0.271,-13.821,2.269,2.000,False,False,False,,,False
centre,95353,Maffliers,commune,,1856,ign_chef_lieu,2.308,49.076,27.336,24.650,113.000,120.000,128.000,15.000,,48.332,13.668,337.000,329.500,-7.500,-0.020,8.820,2.483,2.000,False,False,False,,,False
centre,78398,Les Mesnuls,commune,,910,ign_chef_lieu,1.837,48.758,27.452,39.400,133.000,155.000,178.000,45.000,,30.680,10.627,338.000,380.000,42.000,0.109,40.244,5.052,2.000,False,False,False,,,False
centre,78029,Aubergenville,commune,,12723,ign_chef_lieu,1.856,48.959,27.515,38.154,110.000,118.000,125.000,15.000,,28.052,13.991,339.000,320.500,-18.500,-0.048,6.636,4.207,2.000,False,False,False,,,False
centre,94053,Noiseau,commune,,4628,ign_chef_lieu,2.549,48.775,27.592,17.032,96.000,99.000,103.000,7.000,,47.275,16.722,340.000,244.500,-95.500,-0.249,-10.666,2.094,2.000,False,False,False,,,False
centre,91494,Le Plessis-Pâté,commune,,4154,ign_chef_lieu,2.325,48.612,27.653,27.230,123.000,128.000,133.000,10.000,,43.788,12.962,341.000,350.500,9.500,0.025,15.369,2.923,4.000,True,False,False,,,False
centre,78087,Bonnelles,commune,,2165,ign_chef_lieu,2.028,48.618,27.662,35.639,,,,,,46.225,,,,,,,,,False,False,False,,,False
centre,78389,Méré,commune,,1731,ign_chef_lieu,1.820,48.788,27.713,39.841,122.000,144.000,167.000,45.000,,28.337,11.547,342.000,376.000,34.000,0.089,29.640,5.082,2.000,False,False,False,,,False
centre,95395,Le Mesnil-Aubry,commune,,914,ign_chef_lieu,2.400,49.051,27.797,21.898,,,,,,45.397,,,,,,,,,False,False,False,,,False
centre,91115,Bruyères-le-Châtel,commune,,3788,ign_chef_lieu,2.193,48.593,27.818,31.522,,,,,,43.857,,,,,,,,,False,False,False,,,False
centre,91186,Courson-Monteloup,commune,,563,ign_chef_lieu,2.145,48.593,28.039,33.033,,,,,,42.532,,,,,,,,,False,False,False,,,False
centre,95633,Vaudherland,commune,,104,ign_chef_lieu,2.487,49.001,28.040,18.838,120.000,124.000,128.000,8.000,,40.870,13.568,343.000,340.500,-2.500,-0.007,10.941,3.034,3.000,False,False,False,,,False
centre,95445,Nerville-la-Forêt,commune,,756,ign_chef_lieu,2.277,49.089,28.111,26.490,,,,,,46.117,,,,,,,,,False,False,False,,,False
centre,95628,Valmondois,commune,,1208,ign_chef_lieu,2.190,49.096,28.115,29.206,113.000,119.000,125.000,12.000,,48.473,14.175,344.000,325.000,-19.000,-0.049,6.318,2.455,3.000,False,False,False,,,False
centre,78609,Tessancourt-sur-Aubette,commune,,966,ign_chef_lieu,1.919,49.024,28.119,36.817,119.000,130.000,142.000,23.000,,33.753,12.978,345.000,356.000,11.000,0.029,16.136,3.851,3.000,False,False,False,,,False
centre,91552,Saint-Germain-lès-Arpajon,commune,,11623,ign_chef_lieu,2.256,48.595,28.130,29.966,123.000,130.000,138.000,15.000,,40.612,12.983,346.000,356.000,10.000,0.026,16.112,3.201,3.000,False,False,False,,,False
centre,91461,Ollainville,commune,,5455,ign_chef_lieu,2.217,48.591,28.157,31.145,131.000,138.000,146.000,15.000,,43.205,12.242,347.000,368.000,21.000,0.055,23.194,3.194,3.000,False,False,False,,,False
centre,78036,Autouillet,commune,,665,ign_chef_lieu,1.804,48.850,28.202,40.287,108.000,119.000,135.000,27.000,,33.405,14.220,348.000,325.000,-23.000,-0.060,6.143,3.562,2.000,False,False,False,,,False
centre,78451,Nézel,commune,,1139,ign_chef_lieu,1.836,48.946,28.204,39.171,123.000,134.000,142.000,19.000,,31.277,12.629,349.000,362.500,13.500,0.035,19.518,4.284,4.000,True,False,False,,,False
centre,78299,Hardricourt,commune,,2599,ign_chef_lieu,1.894,49.008,28.217,37.562,92.000,100.000,111.000,19.000,,31.695,16.930,350.000,251.500,-98.500,-0.257,-10.829,3.155,2.000,False,False,False,,,False
centre,95170,Condécourt,commune,,564,ign_chef_lieu,1.941,49.040,28.335,36.382,120.000,131.000,142.000,22.000,,36.100,12.978,351.000,358.500,7.500,0.020,16.555,3.629,2.000,False,False,False,,,False
centre,93033,Gournay-sur-Marne,commune,,7320,ign_chef_lieu,2.573,48.865,28.355,16.191,91.000,94.000,98.000,7.000,,48.845,18.099,352.000,226.000,-126.000,-0.328,-16.396,1.924,1.000,False,False,False,,,False
centre,91114,Brunoy,commune,,25643,ign_chef_lieu,2.504,48.698,28.358,20.863,79.000,83.000,87.000,8.000,,49.095,20.499,353.000,159.000,-194.000,-0.505,-26.183,1.691,2.000,False,False,False,,5.000,False
centre,78120,Bullion,commune,,1916,ign_chef_lieu,1.999,48.621,28.369,36.885,,,,,,43.852,,,,,,,,,False,False,False,,,False
centre,78125,La Celle-les-Bordes,commune,,840,ign_chef_lieu,1.955,48.640,28.378,37.866,,,,,,42.842,,,,,,,,,False,False,False,,,False
centre,78403,Mézy-sur-Seine,commune,,2242,ign_chef_lieu,1.881,49.000,28.407,38.054,106.000,115.000,127.000,21.000,,32.848,14.821,354.000,313.500,-40.500,-0.105,2.182,3.501,2.000,False,False,False,,,False
centre,78230,La Falaise,commune,,609,ign_chef_lieu,1.832,48.945,28.426,39.417,127.000,138.000,150.000,23.000,,32.093,12.359,355.000,368.000,13.000,0.034,22.575,4.300,4.000,True,False,False,,,False
centre,95078,Boissy-l'Aillerie,commune,,2120,ign_chef_lieu,2.029,49.077,28.442,34.103,105.000,112.000,120.000,15.000,,45.192,15.237,356.000,301.000,-55.000,-0.143,-0.548,2.478,1.000,False,False,False,,,False
centre,91021,Arpajon,commune,,11698,ign_chef_lieu,2.248,48.590,28.520,30.594,122.000,128.000,134.000,12.000,,40.675,13.369,357.000,350.500,-6.500,-0.017,13.493,3.147,3.000,False,False,False,,,False
centre,94059,Le Plessis-Trévise,commune,,21112,ign_chef_lieu,2.573,48.809,28.536,17.014,95.000,99.000,104.000,9.000,,48.813,17.294,358.000,244.500,-113.500,-0.296,-12.245,2.028,2.000,False,False,False,,,False
centre,95271,Génicourt,commune,,514,ign_chef_lieu,2.066,49.088,28.574,33.190,112.000,118.000,124.000,12.000,,43.798,14.529,359.000,320.500,-38.500,-0.100,4.522,2.694,2.000,False,False,False,,,False
centre,95535,Sagy,commune,,1096,ign_chef_lieu,1.952,49.050,28.720,36.391,,,,,,37.937,,,,,,,,,False,False,False,,,False
centre,93078,Villepinte,commune,,41470,ign_chef_lieu,2.535,48.964,28.738,17.917,97.000,101.000,105.000,8.000,,42.545,17.072,360.000,257.500,-102.500,-0.267,-10.808,2.374,3.000,False,False,False,,,False
centre,78420,Montfort-l'Amaury,commune,,2779,ign_chef_lieu,1.809,48.778,28.767,40.864,130.000,152.000,175.000,45.000,,28.973,11.355,361.000,379.000,18.000,0.047,34.159,5.246,2.000,False,False,False,,,False
centre,94075,Villecresnes,commune,,11647,ign_chef_lieu,2.533,48.722,28.769,20.000,101.000,105.000,110.000,9.000,,45.422,16.439,362.000,278.500,-83.500,-0.217,-7.328,2.312,2.000,False,False,False,,,False
centre,95660,Villaines-sous-Bois,commune,,778,ign_chef_lieu,2.357,49.077,28.769,24.532,113.000,124.000,135.000,22.000,,48.397,13.921,363.000,340.500,-22.500,-0.059,9.441,2.562,2.000,False,False,False,,,False
centre,78084,Boissy-sans-Avoir,commune,,616,ign_chef_lieu,1.798,48.819,28.772,40.944,138.000,160.000,,,,28.773,10.790,364.000,383.000,19.000,0.049,41.207,5.561,2.000,False,False,False,,,False
centre,95341,Livilliers,commune,,389,ign_chef_lieu,2.095,49.095,28.808,32.576,131.000,142.000,154.000,23.000,,45.413,12.172,365.000,374.500,9.500,0.025,25.238,3.127,2.000,False,False,False,,,False
centre,93047,Montfermeil,commune,,28703,ign_chef_lieu,2.571,48.902,28.844,16.801,90.000,94.000,98.000,8.000,,45.892,18.411,366.000,226.000,-140.000,-0.365,-17.151,2.048,2.000,False,False,False,,,False
centre,78616,Thoiry,commune,,1434,ign_chef_lieu,1.795,48.865,28.889,40.886,111.000,122.000,138.000,27.000,,35.378,14.208,367.000,334.000,-33.000,-0.086,7.438,3.448,2.000,False,False,False,,,False
centre,95308,Hérouville-en-Vexin,commune,,584,ign_chef_lieu,2.131,49.101,28.945,31.683,136.000,147.000,159.000,23.000,,46.510,11.814,368.000,377.500,9.500,0.025,29.321,3.161,2.000,False,False,False,,,False
centre,94060,La Queue-en-Brie,commune,,12241,ign_chef_lieu,2.575,48.791,29.026,17.886,93.000,98.000,103.000,10.000,,50.700,17.771,369.000,239.000,-130.000,-0.339,-13.913,1.933,2.000,False,False,False,,,False
centre,91457,La Norville,commune,,4268,ign_chef_lieu,2.259,48.587,29.049,30.770,122.000,129.000,137.000,15.000,,42.797,13.511,370.000,353.500,-16.500,-0.043,13.271,3.014,3.000,False,False,False,,,False
centre,91215,Épinay-sous-Sénart,commune,,11611,ign_chef_lieu,2.515,48.695,29.177,21.565,89.000,93.000,97.000,8.000,,50.390,18.824,371.000,220.000,-151.000,-0.393,-18.529,1.846,2.000,False,False,False,,,False
centre,78262,Galluis,commune,,1298,ign_chef_lieu,1.796,48.796,29.252,41.412,125.000,147.000,170.000,45.000,,28.433,11.940,372.000,377.500,5.500,0.014,28.600,5.170,2.000,False,False,False,,,False
centre,91086,Bondoufle,commune,,10767,ign_chef_lieu,2.380,48.613,29.260,27.114,129.000,133.000,137.000,8.000,,42.235,13.200,373.000,361.000,-12.000,-0.031,16.335,3.149,3.000,False,False,False,,,False
centre,95181,Courcelles-sur-Viosne,commune,,310,ign_chef_lieu,2.003,49.077,29.288,35.449,,,,,,44.625,,,,,,,,,False,False,False,,,False
centre,94048,Marolles-en-Brie,commune,,4781,ign_chef_lieu,2.550,48.733,29.336,20.000,110.000,114.000,118.000,8.000,,47.345,15.440,374.000,308.500,-65.500,-0.171,-0.421,2.408,2.000,False,False,False,,,False
centre,91600,Soisy-sur-Seine,commune,,7418,ign_chef_lieu,2.452,48.646,29.353,24.527,119.000,122.000,126.000,7.000,,45.057,14.436,375.000,334.000,-41.000,-0.107,6.534,2.708,4.000,True,False,False,,,False
centre,91207,Égly,commune,,7166,ign_chef_lieu,2.222,48.580,29.430,32.222,120.000,127.000,135.000,15.000,,43.500,13.904,376.000,347.500,-28.500,-0.074,10.747,2.920,3.000,False,False,False,,,False
centre,91017,Angervilliers,commune,,1772,ign_chef_lieu,2.065,48.592,29.456,36.281,,,,,,47.132,,,,,,,,,False,False,False,,,False
centre,95682,Villiers-le-Sec,commune,,205,ign_chef_lieu,2.390,49.072,29.458,24.189,,,,,,48.338,,,,,,,,,False,False,False,,,False
centre,95422,Montgeroult,commune,,361,ign_chef_lieu,2.007,49.081,29.501,35.515,120.000,127.000,135.000,15.000,,46.042,13.938,377.000,347.500,-29.500,-0.077,10.604,2.758,1.000,False,False,False,,,False
centre,93074,Vaujours,commune,,8007,ign_chef_lieu,2.567,48.932,29.525,17.861,100.000,103.000,107.000,7.000,,42.810,17.199,378.000,269.000,-109.000,-0.284,-10.336,2.406,3.000,False,False,False,,,False
centre,91568,Saint-Maurice-Montcouronne,commune,,1543,ign_chef_lieu,2.124,48.581,29.535,34.900,,,,,,45.577,,,,,,,,,False,False,False,,,False
centre,78261,Gaillon-sur-Montcient,commune,,689,ign_chef_lieu,1.892,49.024,29.542,38.550,114.000,125.000,137.000,23.000,,32.617,14.180,379.000,343.500,-35.500,-0.092,8.782,3.832,2.000,False,False,False,,,False
centre,78486,Le Perray-en-Yvelines,commune,,6480,ign_chef_lieu,1.855,48.695,29.573,40.787,77.000,84.000,92.000,15.000,,35.238,21.123,380.000,165.500,-214.500,-0.559,-26.938,2.384,1.000,False,False,False,,2.000,False
centre,95280,Goussainville,commune,,31301,ign_chef_lieu,2.473,49.032,29.638,21.474,102.000,109.000,117.000,15.000,,47.597,16.315,381.000,289.500,-91.500,-0.238,-5.304,2.290,3.000,False,False,False,,,False
centre,93015,Coubron,commune,,5175,ign_chef_lieu,2.577,48.916,29.651,17.733,97.000,102.000,109.000,12.000,,44.595,17.441,382.000,263.500,-118.500,-0.309,-11.406,2.287,2.000,False,False,False,,,False
centre,77108,Chelles,commune,,54620,ign_chef_lieu,2.590,48.878,29.767,17.593,78.000,82.000,86.000,8.000,,50.303,21.781,383.000,152.000,-231.000,-0.602,-28.925,1.630,2.000,False,False,False,,1.000,False
centre,95313,L'Isle-Adam,commune,,12493,ign_chef_lieu,2.218,49.112,29.975,30.126,115.000,120.000,127.000,12.000,,47.298,14.988,384.000,329.500,-54.500,-0.142,3.628,2.537,3.000,False,False,False,,,False
centre,78655,Vieille-Église-en-Yvelines,commune,,652,ign_chef_lieu,1.875,48.670,29.984,40.732,,,,,,38.690,,,,,,,,,False,False,False,,,False
gare,92033,Garches,commune,,17743,ign_chef_lieu,2.188,48.844,0.584,12.175,9.000,9.000,9.000,0.000,9.000,1.572,3.892,,,,,,5.726,0.000,False,True,False,,,True
gare,92047,Marnes-la-Coquette,commune,,1752,ign_chef_lieu,2.178,48.830,1.125,13.169,17.000,17.000,17.000,0.000,17.000,4.338,3.972,1.000,1.500,0.500,0.001,7.109,3.919,0.000,False,True,False,,,False
gare,92077,Ville-d'Avray,commune,,11089,ign_chef_lieu,2.190,48.828,1.130,12.361,26.000,26.000,26.000,0.000,26.000,5.623,2.607,2.000,5.500,3.500,0.009,63.462,4.624,0.000,False,True,False,,,False
gare,92076,Vaucresson,commune,,8432,ign_chef_lieu,2.158,48.839,2.100,14.401,15.000,18.000,21.000,6.000,30.000,2.688,7.000,3.000,3.000,0.000,0.000,-21.170,6.696,0.000,False,False,False,,,False
gare,92072,Sèvres,commune,,22303,ign_chef_lieu,2.213,48.825,2.442,10.853,29.000,32.000,35.000,6.000,43.000,8.845,4.579,4.000,10.000,6.000,0.015,28.332,3.618,1.000,False,False,False,,,False
gare,92064,Saint-Cloud,commune,,29855,ign_chef_lieu,2.219,48.844,2.465,9.890,13.000,17.000,20.000,7.000,34.000,4.763,8.701,5.000,1.500,-3.500,-0.009,-32.199,3.569,0.000,False,False,False,,,False
gare,92022,Chaville,commune,,20594,ign_chef_lieu,2.188,48.810,3.159,13.115,23.000,27.000,31.000,8.000,59.000,12.968,7.020,6.000,7.500,1.500,0.004,-6.814,2.082,1.000,False,False,False,,,False
gare,78126,La Celle-Saint-Cloud,commune,,20460,ign_chef_lieu,2.136,48.848,3.859,15.897,20.000,24.000,27.000,7.000,59.000,7.533,9.646,7.000,4.000,-3.000,-0.008,-26.289,3.186,1.000,False,False,False,,,False
gare,92012,Boulogne-Billancourt,commune,,119019,ign_chef_lieu,2.241,48.836,3.974,8.524,32.000,35.000,38.000,6.000,60.000,8.187,6.812,8.000,14.000,6.000,0.015,5.669,4.275,1.000,False,False,False,,,False
gare,78092,Bougival,commune,,9134,ign_chef_lieu,2.140,48.861,4.242,15.612,29.000,33.000,37.000,8.000,66.000,10.342,7.712,9.000,11.500,2.500,0.006,-4.089,3.191,0.000,False,False,False,,,False
gare,78686,Viroflay,commune,,17237,ign_chef_lieu,2.173,48.800,4.410,14.594,32.000,36.000,40.000,8.000,73.000,15.175,7.349,10.000,16.500,6.500,0.017,2.286,2.372,1.000,False,False,False,,,False
gare,92063,Rueil-Malmaison,commune,,82874,ign_chef_lieu,2.181,48.878,4.420,12.835,43.000,47.000,50.000,7.000,72.000,9.903,5.642,11.000,36.500,25.500,0.066,33.358,4.746,1.000,False,False,False,,,False
gare,92073,Suresnes,commune,,48956,ign_chef_lieu,2.225,48.871,4.612,9.487,23.000,27.000,31.000,8.000,69.000,7.838,10.250,12.000,7.500,-4.500,-0.012,-25.272,3.445,1.000,False,False,False,,,False
gare,78158,Le Chesnay-Rocquencourt,commune,,30689,ign_chef_lieu,2.125,48.826,4.687,17.006,31.000,35.000,39.000,8.000,72.000,7.430,8.034,13.000,14.000,1.000,0.003,-4.029,4.711,1.000,False,False,False,,,False
gare,92048,Meudon,commune,,46334,ign_chef_lieu,2.239,48.813,4.744,9.653,44.000,48.000,51.000,7.000,77.000,13.962,5.930,14.000,39.500,25.500,0.066,30.683,3.438,1.000,False,False,False,,,False
gare,78190,Croissy-sur-Seine,commune,,11013,ign_chef_lieu,2.148,48.881,5.488,15.263,44.000,47.000,52.000,8.000,102.000,14.793,7.006,15.000,36.500,21.500,0.055,17.546,3.177,1.000,False,False,False,,,False
gare,78646,Versailles,commune,,84095,ign_chef_lieu,2.130,48.801,5.851,17.444,37.000,40.000,44.000,7.000,90.000,10.350,8.777,16.000,21.000,5.000,0.013,-3.631,3.865,1.000,False,False,False,,,False
gare,78350,Louveciennes,commune,,7990,ign_chef_lieu,2.113,48.862,6.031,17.620,29.000,33.000,37.000,8.000,91.000,9.678,10.966,17.000,11.500,-5.500,-0.014,-21.890,3.410,0.000,False,False,False,,,False
gare,78146,Chatou,commune,,30598,ign_chef_lieu,2.158,48.890,6.115,14.779,42.000,45.000,49.000,7.000,104.000,14.200,8.154,18.000,31.500,13.500,0.035,5.658,3.169,1.000,False,False,False,,,False
gare,92050,Nanterre,commune,,97783,ign_chef_lieu,2.207,48.892,6.158,11.372,38.000,42.000,46.000,8.000,97.000,14.352,8.797,19.000,24.000,5.000,0.013,-1.782,2.926,2.000,False,False,False,,,False
gare,78640,Vélizy-Villacoublay,commune,,23011,ign_chef_lieu,2.191,48.783,6.190,14.434,49.000,53.000,57.000,8.000,104.000,17.098,7.007,20.000,59.500,39.500,0.102,23.568,3.100,2.000,False,False,False,,,False
gare,92062,Puteaux,commune,,44002,ign_chef_lieu,2.238,48.884,6.338,8.936,22.000,26.000,30.000,8.000,94.000,12.588,14.625,21.000,5.500,-15.500,-0.040,-40.211,2.065,0.000,False,False,False,,,False
gare,92040,Issy-les-Moulineaux,commune,,67669,ign_chef_lieu,2.274,48.825,6.589,6.776,45.000,49.000,52.000,7.000,99.000,14.305,8.068,22.000,43.000,21.000,0.054,10.152,3.425,2.000,False,False,False,,,False
gare,92023,Clamart,commune,,58576,ign_chef_lieu,2.263,48.801,6.994,9.044,55.000,60.000,64.000,9.000,112.000,19.893,6.994,23.000,78.500,55.500,0.143,30.265,3.016,2.000,False,False,False,,,False
gare,78502,Le Port-Marly,commune,,5559,ign_chef_lieu,2.112,48.878,7.071,17.836,40.000,44.000,48.000,8.000,109.000,15.035,9.642,24.000,28.000,4.000,0.010,-5.077,2.927,0.000,False,False,False,,,False
gare,75116,Paris 16e Arrondissement,district,75056,159386,ign_chef_lieu_arrondissement,2.277,48.864,7.179,5.633,39.000,43.000,46.000,7.000,109.000,15.722,10.017,25.000,26.000,1.000,0.003,-8.050,2.735,2.000,False,False,False,,,False
gare,78650,Le Vésinet,commune,,15554,ign_chef_lieu,2.135,48.895,7.316,16.525,45.000,48.000,52.000,7.000,,17.223,9.146,26.000,39.500,13.500,0.035,1.510,2.787,1.000,False,False,False,,,False
gare,78372,Marly-le-Roi,commune,,16756,ign_chef_lieu,2.097,48.868,7.360,18.789,27.000,31.000,35.000,8.000,112.000,12.268,14.245,27.000,9.000,-18.000,-0.046,-34.667,2.527,0.000,False,False,False,,,False
gare,78124,Carrières-sur-Seine,commune,,14791,ign_chef_lieu,2.176,48.906,7.568,14.048,50.000,57.000,64.000,14.000,,21.707,7.966,28.000,71.000,43.000,0.111,18.189,2.626,2.000,False,False,False,,,False
gare,92075,Vanves,commune,,28622,ign_chef_lieu,2.289,48.821,7.789,6.048,51.000,54.000,57.000,6.000,116.000,16.708,8.654,29.000,62.500,33.500,0.086,10.105,3.232,1.000,False,False,False,,,False
gare,78043,Bailly,commune,,3731,ign_chef_lieu,2.079,48.840,7.905,20.169,49.000,54.000,59.000,10.000,114.000,10.588,8.784,30.000,62.500,32.500,0.084,9.157,5.100,1.000,False,False,False,,,False
gare,92051,Neuilly-sur-Seine,commune,,59538,ign_chef_lieu,2.270,48.885,7.997,6.847,37.000,40.000,44.000,7.000,,15.097,11.995,31.000,21.000,-10.000,-0.026,-19.683,2.650,1.000,False,False,False,,,False
gare,92026,Courbevoie,commune,,82902,ign_chef_lieu,2.256,48.895,8.120,8.332,31.000,35.000,39.000,8.000,,14.443,13.921,32.000,14.000,-18.000,-0.046,-30.348,2.423,0.000,False,False,False,,,False
gare,78418,Montesson,commune,,14549,ign_chef_lieu,2.150,48.909,8.269,15.966,53.000,59.000,66.000,13.000,,21.548,8.409,33.000,75.000,42.000,0.108,16.180,2.738,2.000,False,False,False,,,False
gare,78322,Jouy-en-Josas,commune,,7981,ign_chef_lieu,2.169,48.765,8.291,16.922,51.000,56.000,62.000,11.000,,17.677,8.884,34.000,69.000,35.000,0.090,10.095,3.168,2.000,False,False,False,,,False
gare,75115,Paris 15e Arrondissement,district,75056,229713,ign_chef_lieu_arrondissement,2.300,48.841,8.360,4.177,48.000,51.000,54.000,6.000,,19.557,9.835,35.000,51.500,16.500,0.043,-0.213,2.608,2.000,False,False,False,,,False
gare,92060,Le Plessis-Robinson,commune,,28848,ign_chef_lieu,2.262,48.782,8.367,10.588,67.000,70.000,74.000,7.000,,18.875,7.172,36.000,125.000,89.000,0.229,36.894,3.709,3.000,False,False,False,,,False
gare,78117,Buc,commune,,5816,ign_chef_lieu,2.126,48.774,8.418,18.992,59.000,67.000,75.000,16.000,,18.283,7.539,37.000,106.500,69.500,0.179,30.562,3.665,3.000,False,False,False,,,False
gare,92046,Malakoff,commune,,30557,ign_chef_lieu,2.302,48.821,8.669,5.440,57.000,60.000,63.000,6.000,,17.578,8.669,38.000,78.500,40.500,0.104,14.935,3.413,1.000,False,False,False,,,False
gare,92020,Châtillon,commune,,36705,ign_chef_lieu,2.290,48.800,8.720,7.810,64.000,69.000,74.000,10.000,,20.908,7.583,39.000,119.500,80.500,0.207,31.724,3.300,2.000,False,False,False,,,False
gare,92035,La Garenne-Colombes,commune,,30197,ign_chef_lieu,2.247,48.907,8.810,9.590,36.000,40.000,44.000,8.000,,16.767,13.215,40.000,21.000,-19.000,-0.049,-24.095,2.386,0.000,False,False,False,,,False
gare,78481,Le Pecq,commune,,16059,ign_chef_lieu,2.106,48.897,8.823,18.628,49.000,54.000,61.000,12.000,,17.678,9.803,41.000,62.500,21.500,0.055,2.388,3.055,1.000,False,False,False,,,False
gare,78343,Les Loges-en-Josas,commune,,1645,ign_chef_lieu,2.140,48.764,8.907,18.643,62.000,67.000,72.000,10.000,,19.605,7.976,42.000,106.500,64.500,0.166,26.334,3.417,3.000,False,False,False,,,False
gare,78455,Noisy-le-Roi,commune,,7713,ign_chef_lieu,2.064,48.844,8.978,21.184,45.000,50.000,54.000,9.000,,13.308,10.774,43.000,47.000,4.000,0.010,-6.159,3.757,1.000,False,False,False,,,False
gare,92032,Fontenay-aux-Roses,commune,,24070,ign_chef_lieu,2.287,48.791,9.021,8.717,72.000,76.000,80.000,8.000,,23.197,7.122,44.000,165.000,121.000,0.312,42.244,3.276,3.000,False,False,False,,,False
gare,78224,L'Étang-la-Ville,commune,,5157,ign_chef_lieu,2.073,48.871,9.125,20.599,32.000,36.000,40.000,8.000,,18.690,15.208,45.000,16.500,-28.500,-0.073,-33.069,1.926,0.000,False,False,False,,,False
gare,78367,Mareil-Marly,commune,,4141,ign_chef_lieu,2.077,48.882,9.395,20.408,47.000,50.000,55.000,8.000,,20.830,11.274,46.000,47.000,1.000,0.003,-8.610,2.400,1.000,False,False,False,,,False
gare,78311,Houilles,commune,,33983,ign_chef_lieu,2.187,48.923,9.434,14.259,36.000,39.000,43.000,7.000,,24.977,14.514,47.000,18.500,-28.500,-0.073,-28.886,1.561,1.000,False,False,False,,,False
gare,92044,Levallois-Perret,commune,,68092,ign_chef_lieu,2.288,48.893,9.576,6.243,43.000,47.000,51.000,8.000,,18.305,12.224,48.000,36.500,-11.500,-0.030,-15.041,2.568,1.000,False,False,False,,,False
gare,78551,Saint-Germain-en-Laye,commune,,45931,ign_chef_lieu,2.094,48.899,9.576,19.555,43.000,46.000,50.000,7.000,,20.087,12.490,49.000,34.000,-15.000,-0.039,-16.850,2.290,1.000,False,False,False,,,False
gare,91064,Bièvres,commune,,4686,ign_chef_lieu,2.215,48.754,9.590,15.191,67.000,74.000,82.000,15.000,,18.753,7.776,50.000,155.500,105.500,0.272,33.650,3.946,2.000,False,False,False,,,False
gare,92007,Bagneux,commune,,44572,ign_chef_lieu,2.304,48.799,9.654,7.267,70.000,73.000,77.000,7.000,,23.370,7.935,51.000,146.000,95.000,0.245,31.329,3.124,4.000,True,False,False,,,False
gare,78545,Saint-Cyr-l'École,commune,,21268,ign_chef_lieu,2.067,48.800,9.771,21.884,50.000,54.000,58.000,8.000,,14.860,10.857,52.000,62.500,10.500,0.027,-3.532,3.634,1.000,False,False,False,,,False
gare,92071,Sceaux,commune,,20884,ign_chef_lieu,2.288,48.780,9.933,9.750,74.000,77.000,81.000,7.000,,23.008,7.740,53.000,171.000,118.000,0.304,36.246,3.347,3.000,False,False,False,,,False
gare,75107,Paris 7e Arrondissement,district,75056,48015,ign_chef_lieu_arrondissement,2.320,48.857,10.053,2.354,47.000,51.000,54.000,7.000,,24.675,11.827,54.000,51.500,-2.500,-0.006,-10.388,2.067,2.000,False,False,False,,,False
gare,92049,Montrouge,commune,,46324,ign_chef_lieu,2.320,48.819,10.074,4.797,55.000,58.000,62.000,7.000,,19.283,10.421,55.000,73.000,18.000,0.046,1.788,3.008,3.000,False,False,False,,,False
gare,95063,Bezons,commune,,36434,ign_chef_lieu,2.216,48.928,10.189,12.772,46.000,51.000,55.000,9.000,,19.890,11.987,56.000,51.500,-4.500,-0.012,-11.088,2.564,1.000,False,False,False,,,False
gare,75114,Paris 14e Arrondissement,district,75056,136455,ign_chef_lieu_arrondissement,2.327,48.833,10.321,3.201,51.000,55.000,59.000,8.000,,22.340,11.259,57.000,66.500,9.500,0.024,-4.833,2.462,2.000,False,False,False,,,False
gare,92009,Bois-Colombes,commune,,28909,ign_chef_lieu,2.268,48.914,10.337,8.946,40.000,44.000,48.000,8.000,,19.447,14.096,58.000,28.000,-30.000,-0.077,-23.935,2.263,0.000,False,False,False,,,False
gare,92019,Châtenay-Malabry,commune,,35825,ign_chef_lieu,2.278,48.767,10.350,11.320,76.000,80.000,84.000,8.000,,20.257,7.763,59.000,190.000,131.000,0.338,38.198,3.949,3.000,False,False,False,9.000,,False
gare,75108,Paris 8e Arrondissement,district,75056,35317,ign_chef_lieu_arrondissement,2.318,48.878,10.558,3.475,38.000,42.000,46.000,8.000,,22.147,15.083,60.000,24.000,-36.000,-0.093,-28.283,1.896,0.000,False,False,False,,,False
gare,78518,Rennemoulin,commune,,116,ign_chef_lieu,2.043,48.832,10.595,22.913,81.000,96.000,119.000,38.000,,14.382,6.622,61.000,274.000,213.000,0.549,63.589,6.675,2.000,False,False,False,2.000,,False
gare,92025,Colombes,commune,,91053,ign_chef_lieu,2.254,48.923,10.601,10.285,47.000,50.000,54.000,7.000,,20.497,12.722,62.000,47.000,-15.000,-0.039,-14.826,2.439,1.000,False,False,False,,,False
gare,78242,Fontenay-le-Fleury,commune,,13680,ign_chef_lieu,2.046,48.811,10.785,23.086,61.000,64.000,68.000,7.000,,16.692,10.111,63.000,95.500,32.500,0.084,7.939,3.834,3.000,False,False,False,,,False
gare,75106,Paris 6e Arrondissement,district,75056,40389,ign_chef_lieu_arrondissement,2.332,48.851,10.785,1.616,48.000,51.000,55.000,7.000,,26.732,12.688,64.000,51.500,-12.500,-0.032,-13.986,1.908,2.000,False,False,False,,,False
gare,92004,Asnières-sur-Seine,commune,,93941,ign_chef_lieu,2.289,48.911,11.008,7.635,41.000,45.000,48.000,7.000,,18.072,14.678,65.000,31.500,-33.500,-0.086,-25.009,2.490,1.000,False,False,False,,,False
gare,78396,Le Mesnil-le-Roi,commune,,6332,ign_chef_lieu,2.122,48.928,11.018,18.651,62.000,73.000,81.000,19.000,,23.792,9.056,66.000,146.000,80.000,0.206,21.589,3.068,2.000,False,False,False,,,False
gare,91312,Igny,commune,,10833,ign_chef_lieu,2.226,48.742,11.082,15.746,72.000,79.000,87.000,15.000,,19.235,8.417,67.000,186.000,119.000,0.307,31.141,4.107,2.000,False,False,False,,,False
gare,75117,Paris 17e Arrondissement,district,75056,159212,ign_chef_lieu_arrondissement,2.322,48.885,11.198,3.852,41.000,45.000,49.000,8.000,,23.690,14.931,68.000,31.500,-36.500,-0.094,-25.753,1.900,1.000,False,False,False,,,False
gare,92024,Clichy,commune,,64410,ign_chef_lieu,2.305,48.903,11.261,6.232,45.000,49.000,52.000,7.000,,19.223,13.789,69.000,43.000,-26.000,-0.067,-19.418,2.549,1.000,False,False,False,,,False
gare,78297,Guyancourt,commune,,29778,ign_chef_lieu,2.070,48.771,11.373,22.806,70.000,77.000,85.000,15.000,,16.738,8.862,70.000,171.000,101.000,0.260,25.900,4.600,3.000,False,False,False,,,False
gare,94003,Arcueil,commune,,22200,ign_chef_lieu,2.335,48.804,11.529,5.922,59.000,63.000,67.000,8.000,,24.903,10.980,71.000,89.500,18.500,0.048,2.198,2.530,2.000,False,False,False,,,False
gare,78620,Toussus-le-Noble,commune,,1172,ign_chef_lieu,2.114,48.746,11.570,21.378,64.000,75.000,91.000,27.000,,22.865,9.256,72.000,161.500,89.500,0.231,21.410,3.280,2.000,False,False,False,,,False
gare,92014,Bourg-la-Reine,commune,,21019,ign_chef_lieu,2.316,48.779,11.572,9.025,55.000,59.000,63.000,8.000,,23.938,11.768,73.000,75.000,2.000,0.005,-4.498,2.465,2.000,False,False,False,,,False
gare,78586,Sartrouville,commune,,52763,ign_chef_lieu,2.158,48.941,11.614,17.073,40.000,44.000,48.000,8.000,,27.365,15.837,74.000,28.000,-46.000,-0.119,-28.931,1.608,1.000,False,False,False,,,False
gare,75105,Paris 5e Arrondissement,district,75056,55252,ign_chef_lieu_arrondissement,2.344,48.846,11.617,1.300,46.000,49.000,53.000,7.000,,27.875,14.225,75.000,43.000,-32.000,-0.082,-20.867,1.758,2.000,False,False,False,,,False
gare,91635,Vauhallan,commune,,1945,ign_chef_lieu,2.207,48.734,11.689,17.276,88.000,98.000,104.000,16.000,,21.645,7.156,76.000,283.000,207.000,0.534,57.701,4.528,3.000,False,False,False,3.000,,False
gare,91645,Verrières-le-Buisson,commune,,15057,ign_chef_lieu,2.267,48.746,11.832,13.745,76.000,80.000,84.000,8.000,,23.052,8.874,77.000,190.000,113.000,0.291,27.822,3.470,3.000,False,False,False,,,False
gare,94016,Cachan,commune,,31103,ign_chef_lieu,2.334,48.795,11.879,7.005,66.000,69.000,73.000,7.000,,25.405,10.329,78.000,119.500,41.500,0.107,9.996,2.716,2.000,False,False,False,,,False
gare,75109,Paris 9e Arrondissement,district,75056,57271,ign_chef_lieu_arrondissement,2.341,48.872,11.978,1.965,38.000,42.000,45.000,7.000,,27.100,17.112,79.000,24.000,-55.000,-0.142,-33.372,1.550,2.000,False,False,False,,,False
gare,91534,Saclay,commune,,4437,ign_chef_lieu,2.172,48.731,11.983,19.220,79.000,85.000,92.000,13.000,,22.773,8.459,80.000,225.000,145.000,0.374,34.809,3.732,3.000,False,False,False,6.000,,False
gare,94037,Gentilly,commune,,19963,ign_chef_lieu,2.348,48.816,12.127,4.547,60.000,64.000,68.000,8.000,,21.920,11.369,81.000,95.500,14.500,0.037,0.802,2.920,2.000,False,False,False,,,False
gare,78073,Bois-d'Arcy,commune,,16586,ign_chef_lieu,2.031,48.801,12.139,24.381,59.000,67.000,74.000,15.000,,12.975,10.871,82.000,106.500,24.500,0.063,5.465,5.164,2.000,False,False,False,,,False
gare,78571,Saint-Nom-la-Bretèche,commune,,4965,ign_chef_lieu,2.021,48.860,12.357,24.303,68.000,83.000,105.000,37.000,,16.478,8.932,83.000,208.000,125.000,0.322,29.304,5.037,2.000,False,False,False,10.000,,False
gare,92002,Antony,commune,,64263,ign_chef_lieu,2.296,48.754,12.363,12.157,61.000,65.000,69.000,8.000,,23.653,11.412,84.000,101.000,17.000,0.044,1.234,2.748,2.000,False,False,False,,,False
gare,78358,Maisons-Laffitte,commune,,23093,ign_chef_lieu,2.145,48.946,12.368,18.204,36.000,39.000,43.000,7.000,,29.725,19.028,85.000,18.500,-66.500,-0.171,-39.276,1.312,1.000,False,False,False,,,False
gare,75113,Paris 13e Arrondissement,district,75056,181271,ign_chef_lieu_arrondissement,2.356,48.833,12.424,2.656,53.000,57.000,61.000,8.000,,28.250,13.077,86.000,71.000,-15.000,-0.039,-11.480,2.018,2.000,False,False,False,,,False
gare,92036,Gennevilliers,commune,,50979,ign_chef_lieu,2.293,48.925,12.460,8.823,57.000,61.000,65.000,8.000,,20.850,12.255,87.000,82.000,-5.000,-0.013,-5.429,2.926,2.000,False,False,False,,,False
gare,94043,Le Kremlin-Bicêtre,commune,,24110,ign_chef_lieu,2.357,48.812,12.837,4.911,60.000,63.000,67.000,7.000,,23.163,12.226,88.000,89.500,1.500,0.004,-4.015,2.720,2.000,False,False,False,,,False
gare,94038,L'Haÿ-les-Roses,commune,,31188,ign_chef_lieu,2.337,48.779,12.884,8.651,65.000,69.000,73.000,8.000,,26.407,11.203,89.000,119.500,30.500,0.079,4.905,2.613,3.000,False,False,False,,,False
gare,95018,Argenteuil,commune,,106130,ign_chef_lieu,2.249,48.948,13.005,12.694,59.000,63.000,66.000,7.000,,24.590,12.386,90.000,89.500,-0.500,-0.001,-4.738,2.562,1.000,False,False,False,,,False
gare,75118,Paris 18e Arrondissement,district,75056,183127,ign_chef_lieu_arrondissement,2.344,48.892,13.034,4.011,45.000,49.000,53.000,8.000,,26.490,15.959,91.000,43.000,-48.000,-0.124,-26.002,1.850,2.000,False,False,False,,,False
gare,75110,Paris 10e Arrondissement,district,75056,83873,ign_chef_lieu_arrondissement,2.358,48.872,13.104,1.758,43.000,47.000,51.000,8.000,,31.112,16.728,92.000,36.500,-55.500,-0.143,-29.244,1.511,2.000,False,False,False,,,False
gare,78133,Chambourcy,commune,,5847,ign_chef_lieu,2.040,48.906,13.133,23.586,70.000,75.000,81.000,11.000,,19.603,10.507,93.000,161.500,68.500,0.177,12.759,3.826,2.000,False,False,False,,,False
gare,75100,Paris Centre,district,75056,94472,ign_chef_lieu_arrondissement,2.362,48.864,13.164,1.072,47.000,51.000,54.000,7.000,,30.517,15.487,94.000,51.500,-42.500,-0.110,-23.427,1.671,2.000,False,False,False,,,False
gare,78143,Châteaufort,commune,,1564,ign_chef_lieu,2.092,48.737,13.205,23.265,67.000,78.000,88.000,21.000,,23.448,10.158,95.000,180.000,85.000,0.219,16.898,3.326,2.000,False,False,False,,,False
gare,78688,Voisins-le-Bretonneux,commune,,10624,ign_chef_lieu,2.051,48.759,13.308,24.645,76.000,84.000,92.000,16.000,,19.182,9.506,96.000,218.000,122.000,0.314,25.322,4.379,2.000,False,False,False,,,False
gare,91679,Villiers-le-Bâcle,commune,,1031,ign_chef_lieu,2.126,48.726,13.323,22.132,89.000,94.000,99.000,10.000,,24.118,8.504,97.000,263.500,166.500,0.429,40.149,3.897,4.000,True,False,False,4.000,,False
gare,78674,Villepreux,commune,,11931,ign_chef_lieu,2.005,48.830,13.347,25.662,79.000,83.000,89.000,10.000,,19.538,9.648,98.000,208.000,110.000,0.284,23.619,4.248,3.000,False,False,False,,,False
gare,78423,Montigny-le-Bretonneux,commune,,32465,ign_chef_lieu,2.038,48.770,13.351,25.063,71.000,78.000,86.000,15.000,,17.890,10.270,99.000,180.000,81.000,0.209,16.152,4.360,2.000,False,False,False,,,False
gare,91377,Massy,commune,,51729,ign_chef_lieu,2.271,48.731,13.472,15.173,74.000,78.000,82.000,8.000,,26.577,10.363,100.000,180.000,80.000,0.206,15.544,2.935,3.000,False,False,False,,,False
gare,93070,Saint-Ouen-sur-Seine,commune,,53615,ign_chef_lieu,2.334,48.912,13.570,6.288,46.000,49.000,53.000,7.000,,22.635,16.617,101.000,43.000,-58.000,-0.149,-27.723,2.165,1.000,False,False,False,,,False
gare,94034,Fresnes,commune,,29528,ign_chef_lieu,2.322,48.755,13.595,11.487,73.000,77.000,80.000,7.000,,22.430,10.593,102.000,171.000,69.000,0.178,13.458,3.433,3.000,False,False,False,,,False
gare,94021,Chevilly-Larue,commune,,19826,ign_chef_lieu,2.347,48.771,13.957,9.467,67.000,71.000,75.000,8.000,,27.002,11.794,103.000,130.500,27.500,0.071,3.027,2.629,2.000,False,False,False,,,False
gare,94076,Villejuif,commune,,60183,ign_chef_lieu,2.363,48.792,13.961,7.213,69.000,73.000,76.000,7.000,,28.398,11.475,104.000,146.000,42.000,0.108,5.908,2.571,2.000,False,False,False,,,False
gare,91538,Saint-Aubin,commune,,661,ign_chef_lieu,2.140,48.715,14.110,22.132,85.000,90.000,98.000,13.000,,24.302,9.407,105.000,244.000,139.000,0.358,29.766,3.703,3.000,False,False,False,7.000,,False
gare,78007,Aigremont,commune,,1075,ign_chef_lieu,2.018,48.902,14.267,25.067,86.000,90.000,95.000,9.000,,18.965,9.512,106.000,244.000,138.000,0.356,28.932,4.746,2.000,False,False,False,8.000,,False
gare,75111,Paris 11e Arrondissement,district,75056,138170,ign_chef_lieu_arrondissement,2.379,48.859,14.327,1.984,47.000,51.000,55.000,8.000,,34.862,16.856,107.000,51.500,-55.500,-0.143,-27.117,1.463,2.000,False,False,False,,,False
gare,91477,Palaiseau,commune,,37471,ign_chef_lieu,2.246,48.715,14.443,17.616,69.000,73.000,77.000,8.000,,23.863,11.871,108.000,146.000,38.000,0.098,3.835,3.059,2.000,False,False,False,,,False
gare,78498,Poissy,commune,,40983,ign_chef_lieu,2.043,48.927,14.466,24.049,57.000,62.000,68.000,11.000,,22.695,14.000,109.000,85.500,-23.500,-0.061,-11.895,2.732,2.000,False,False,False,,,False
gare,78356,Magny-les-Hameaux,commune,,9386,ign_chef_lieu,2.084,48.724,14.779,24.615,82.000,93.000,104.000,22.000,,27.772,9.535,110.000,258.000,148.000,0.381,30.518,3.349,2.000,False,False,False,5.000,,False
gare,78152,Chavenay,commune,,1723,ign_chef_lieu,1.986,48.854,14.790,26.866,119.000,141.000,,,,19.152,6.294,111.000,378.500,267.500,0.689,97.796,7.362,4.000,True,False,False,1.000,,False
gare,75112,Paris 12e Arrondissement,district,75056,138024,ign_chef_lieu_arrondissement,2.388,48.841,14.809,3.142,48.000,52.000,56.000,8.000,,32.922,17.088,112.000,56.500,-55.500,-0.143,-27.108,1.580,2.000,False,False,False,,,False
gare,78165,Les Clayes-sous-Bois,commune,,16804,ign_chef_lieu,1.986,48.821,14.820,27.160,69.000,74.000,80.000,11.000,,21.288,12.016,113.000,155.500,42.500,0.110,3.687,3.476,3.000,False,False,False,,,False
gare,94041,Ivry-sur-Seine,commune,,65064,ign_chef_lieu,2.388,48.812,15.046,5.567,64.000,68.000,72.000,8.000,,28.427,13.276,114.000,113.000,-1.000,-0.003,-5.556,2.392,3.000,False,False,False,,,False
gare,95257,La Frette-sur-Seine,commune,,4570,ign_chef_lieu,2.178,48.974,15.087,18.267,70.000,74.000,78.000,8.000,,29.227,12.233,115.000,155.500,40.500,0.104,2.611,2.532,1.000,False,False,False,,,False
gare,75119,Paris 19e Arrondissement,district,75056,178691,ign_chef_lieu_arrondissement,2.382,48.883,15.171,3.660,48.000,52.000,56.000,8.000,,33.847,17.506,116.000,56.500,-59.500,-0.153,-28.128,1.536,2.000,False,False,False,,,False
gare,92078,Villeneuve-la-Garenne,commune,,26021,ign_chef_lieu,2.333,48.936,15.277,8.957,58.000,62.000,66.000,8.000,,22.478,14.785,117.000,85.500,-31.500,-0.081,-14.654,2.758,2.000,False,False,False,,,False
gare,95176,Cormeilles-en-Parisis,commune,,27292,ign_chef_lieu,2.199,48.976,15.344,17.405,68.000,72.000,76.000,8.000,,29.108,12.786,118.000,137.000,19.000,0.049,-1.138,2.474,1.000,False,False,False,,,False
gare,78621,Trappes,commune,,34689,ign_chef_lieu,1.999,48.776,15.395,27.429,63.000,70.000,78.000,15.000,,17.470,13.196,119.000,125.000,6.000,0.015,-4.072,4.007,1.000,False,False,False,,,False
gare,91471,Orsay,commune,,16498,ign_chef_lieu,2.187,48.699,15.455,21.260,80.000,84.000,88.000,8.000,,24.270,11.040,120.000,218.000,98.000,0.253,14.852,3.461,2.000,False,False,False,,,False
gare,94065,Rungis,commune,,5611,ign_chef_lieu,2.347,48.748,15.478,12.003,80.000,84.000,89.000,9.000,,26.573,11.056,121.000,218.000,97.000,0.250,14.755,3.161,3.000,False,False,False,,,False
gare,93039,L'Île-Saint-Denis,commune,,8696,ign_chef_lieu,2.341,48.936,15.638,8.853,51.000,55.000,59.000,8.000,,23.497,17.059,122.000,66.500,-55.500,-0.143,-25.312,2.341,2.000,False,False,False,,,False
gare,93031,Épinay-sur-Seine,commune,,52833,ign_chef_lieu,2.313,48.952,15.650,10.964,68.000,72.000,76.000,8.000,,26.967,13.041,123.000,137.000,14.000,0.036,-2.270,2.670,2.000,False,False,False,,,False
gare,91661,Villebon-sur-Yvette,commune,,10291,ign_chef_lieu,2.228,48.700,15.653,19.636,86.000,90.000,93.000,7.000,,29.292,10.435,124.000,244.000,120.000,0.309,22.148,3.073,2.000,False,False,False,,,False
gare,91272,Gif-sur-Yvette,commune,,22544,ign_chef_lieu,2.134,48.702,15.666,23.524,88.000,92.000,96.000,8.000,,28.603,10.217,125.000,253.000,128.000,0.330,24.800,3.216,2.000,False,False,False,,,False
gare,95582,Sannois,commune,,26924,ign_chef_lieu,2.256,48.972,15.688,14.631,60.000,64.000,67.000,7.000,,28.328,14.708,126.000,95.500,-30.500,-0.079,-13.254,2.259,2.000,False,False,False,,,False
gare,91689,Wissous,commune,,7151,ign_chef_lieu,2.327,48.732,15.714,13.968,79.000,83.000,87.000,8.000,,28.547,11.360,127.000,208.000,81.000,0.209,12.391,2.908,3.000,False,False,False,,,False
gare,91136,Champlan,commune,,2615,ign_chef_lieu,2.274,48.708,15.807,17.443,81.000,85.000,90.000,9.000,,27.970,11.158,128.000,225.000,97.000,0.250,14.703,3.039,3.000,False,False,False,,,False
gare,91122,Bures-sur-Yvette,commune,,9548,ign_chef_lieu,2.164,48.697,15.816,22.505,78.000,82.000,86.000,8.000,,27.690,11.572,129.000,198.500,69.500,0.179,10.620,2.961,2.000,False,False,False,,,False
gare,94081,Vitry-sur-Seine,commune,,93963,ign_chef_lieu,2.388,48.789,15.831,7.992,75.000,78.000,82.000,7.000,,28.963,12.178,130.000,180.000,50.000,0.129,5.165,2.693,3.000,False,False,False,,,False
gare,75120,Paris 20e Arrondissement,district,75056,185140,ign_chef_lieu_arrondissement,2.399,48.865,15.907,3.582,51.000,55.000,59.000,8.000,,37.178,17.354,131.000,66.500,-64.500,-0.166,-26.053,1.479,2.000,False,False,False,,,False
gare,78406,Milon-la-Chapelle,commune,,295,ign_chef_lieu,2.049,48.726,16.022,26.558,112.000,125.000,138.000,26.000,,27.610,7.690,132.000,363.000,231.000,0.595,67.360,4.527,3.000,False,False,False,,,False
gare,78005,Achères,commune,,22241,ign_chef_lieu,2.070,48.961,16.073,23.743,60.000,66.000,70.000,10.000,,29.950,14.612,133.000,103.000,-30.000,-0.077,-11.800,2.204,2.000,False,False,False,,,False
gare,78233,Feucherolles,commune,,3043,ign_chef_lieu,1.974,48.874,16.114,27.851,91.000,101.000,118.000,27.000,,20.493,9.572,134.000,293.000,159.000,0.410,34.777,4.928,3.000,False,False,False,,,False
gare,78123,Carrières-sous-Poissy,commune,,20825,ign_chef_lieu,2.034,48.944,16.192,25.277,64.000,68.000,77.000,13.000,,26.437,14.287,135.000,113.000,-22.000,-0.057,-9.516,2.572,3.000,False,False,False,,,False
gare,95555,Saint-Gratien,commune,,21336,ign_chef_lieu,2.283,48.971,16.338,13.687,70.000,74.000,79.000,9.000,,27.097,13.247,136.000,155.500,19.500,0.050,-2.045,2.731,3.000,False,False,False,,,False
gare,95424,Montigny-lès-Cormeilles,commune,,22457,ign_chef_lieu,2.188,48.988,16.599,18.943,73.000,77.000,81.000,8.000,,32.200,12.934,137.000,171.000,34.000,0.088,0.988,2.391,2.000,False,False,False,,,False
gare,93061,Le Pré-Saint-Gervais,commune,,16993,ign_chef_lieu,2.403,48.883,16.628,4.727,60.000,64.000,68.000,8.000,,33.010,15.589,138.000,95.500,-42.500,-0.110,-16.148,1.939,2.000,False,False,False,,,False
gare,93001,Aubervilliers,commune,,88365,ign_chef_lieu,2.382,48.915,16.643,6.820,58.000,62.000,66.000,8.000,,27.915,16.106,139.000,85.500,-53.500,-0.138,-18.811,2.221,2.000,False,False,False,,,False
gare,93066,Saint-Denis,commune,,149077,ign_chef_lieu,2.358,48.936,16.649,8.883,56.000,59.000,63.000,7.000,,28.183,16.931,140.000,75.000,-65.000,-0.168,-22.755,2.093,2.000,False,False,False,,,False
gare,95252,Franconville,commune,,37754,ign_chef_lieu,2.230,48.986,16.734,16.991,73.000,77.000,81.000,8.000,,29.525,13.039,141.000,171.000,30.000,0.077,0.513,2.608,3.000,False,False,False,,,False
gare,95306,Herblay-sur-Seine,commune,,31779,ign_chef_lieu,2.165,48.990,16.926,20.210,64.000,68.000,72.000,8.000,,32.983,14.935,142.000,113.000,-29.000,-0.075,-11.825,2.062,1.000,False,False,False,,,False
gare,78575,Saint-Rémy-lès-Chevreuse,commune,,7747,ign_chef_lieu,2.073,48.706,16.933,26.507,83.000,92.000,99.000,16.000,,31.287,11.043,143.000,253.000,110.000,0.284,19.268,2.941,2.000,False,False,False,,,False
gare,94018,Charenton-le-Pont,commune,,28830,ign_chef_lieu,2.416,48.820,16.984,6.201,61.000,65.000,69.000,8.000,,32.915,15.678,144.000,101.000,-43.000,-0.111,-15.883,1.975,2.000,False,False,False,,,False
gare,93055,Pantin,commune,,61929,ign_chef_lieu,2.401,48.897,17.045,5.754,41.000,45.000,49.000,8.000,,32.325,22.726,145.000,31.500,-113.500,-0.293,-41.886,1.392,1.000,False,False,False,,,False
gare,78561,Saint-Lambert,commune,,447,ign_chef_lieu,2.020,48.731,17.076,28.117,,,,,,24.618,,,,,,,,,False,False,False,,,False
gare,95210,Enghien-les-Bains,commune,,11432,ign_chef_lieu,2.307,48.970,17.083,13.049,59.000,63.000,68.000,9.000,,29.852,16.269,146.000,89.500,-56.500,-0.146,-18.747,2.110,2.000,False,False,False,,,False
gare,94067,Saint-Mandé,commune,,21071,ign_chef_lieu,2.419,48.843,17.083,5.106,51.000,55.000,59.000,8.000,,33.190,18.636,147.000,66.500,-80.500,-0.207,-29.065,1.657,2.000,False,False,False,,,False
gare,94073,Thiais,commune,,32918,ign_chef_lieu,2.391,48.764,17.131,10.629,75.000,78.000,82.000,7.000,,28.532,13.178,148.000,180.000,32.000,0.082,0.434,2.734,3.000,False,False,False,,,False
gare,93006,Bagnolet,commune,,43086,ign_chef_lieu,2.417,48.869,17.217,4.902,61.000,65.000,68.000,7.000,,35.443,15.893,149.000,101.000,-48.000,-0.124,-16.550,1.834,2.000,False,False,False,,,False
gare,91587,Saulx-les-Chartreux,commune,,6733,ign_chef_lieu,2.264,48.691,17.313,19.461,93.000,98.000,106.000,13.000,,29.652,10.600,150.000,283.000,133.000,0.343,25.411,3.305,3.000,False,False,False,,,False
gare,93045,Les Lilas,commune,,23843,ign_chef_lieu,2.416,48.879,17.434,5.305,56.000,60.000,64.000,8.000,,35.287,17.434,151.000,78.500,-72.500,-0.187,-23.529,1.700,3.000,False,False,False,,,False
gare,91692,Les Ulis,commune,,25886,ign_chef_lieu,2.170,48.681,17.492,23.626,93.000,96.000,101.000,8.000,,28.290,10.932,152.000,274.000,122.000,0.314,22.118,3.393,3.000,False,False,False,,,False
gare,94002,Alfortville,commune,,45531,ign_chef_lieu,2.420,48.805,17.552,7.545,50.000,53.000,57.000,7.000,,33.967,19.870,153.000,59.500,-93.500,-0.241,-32.716,1.560,2.000,False,False,False,,,False
gare,91161,Chilly-Mazarin,commune,,20443,ign_chef_lieu,2.313,48.703,17.717,17.360,88.000,92.000,96.000,8.000,,29.125,11.555,154.000,253.000,99.000,0.255,16.160,3.159,4.000,True,False,False,,,False
gare,91666,Villejust,commune,,2558,ign_chef_lieu,2.237,48.682,17.736,21.145,100.000,107.000,115.000,15.000,,30.720,9.945,155.000,312.500,157.500,0.406,35.016,3.483,3.000,False,False,False,,,False
gare,78490,Plaisir,commune,,31811,ign_chef_lieu,1.947,48.817,17.745,30.085,76.000,83.000,91.000,15.000,,20.507,12.828,156.000,208.000,52.000,0.134,4.701,4.047,3.000,False,False,False,,,False
gare,94069,Saint-Maurice,commune,,14506,ign_chef_lieu,2.427,48.818,17.763,6.894,68.000,73.000,76.000,8.000,,30.743,14.600,157.000,146.000,-11.000,-0.028,-7.969,2.374,3.000,False,False,False,,,False
gare,78672,Villennes-sur-Seine,commune,,5952,ign_chef_lieu,1.999,48.940,17.830,27.546,60.000,67.000,75.000,15.000,,21.338,15.968,158.000,106.500,-51.500,-0.133,-15.719,3.140,2.000,False,False,False,,,False
gare,93027,La Courneuve,commune,,47167,ign_chef_lieu,2.390,48.927,17.839,8.277,58.000,62.000,66.000,8.000,,27.548,17.264,159.000,85.500,-73.500,-0.189,-22.032,2.251,2.000,False,False,False,,,False
gare,95219,Ermont,commune,,29489,ign_chef_lieu,2.259,48.992,17.876,16.558,72.000,75.000,79.000,7.000,,30.327,14.301,160.000,161.500,1.500,0.004,-5.797,2.473,3.000,False,False,False,,,False
gare,93079,Villetaneuse,commune,,12530,ign_chef_lieu,2.344,48.961,17.883,11.671,63.000,68.000,71.000,8.000,,29.423,15.779,161.000,113.000,-48.000,-0.124,-14.607,2.311,3.000,False,False,False,,,False
gare,78466,Orgeval,commune,,7252,ign_chef_lieu,1.975,48.918,17.896,28.542,91.000,96.000,101.000,10.000,,21.497,11.185,162.000,274.000,112.000,0.289,20.502,4.466,2.000,False,False,False,,,False
gare,78160,Chevreuse,commune,,5502,ign_chef_lieu,2.044,48.707,17.924,28.061,104.000,122.000,,,,31.697,8.815,163.000,357.500,194.500,0.501,53.000,3.849,3.000,False,False,False,,,False
gare,91345,Longjumeau,commune,,21996,ign_chef_lieu,2.296,48.694,17.926,18.504,87.000,91.000,96.000,9.000,,28.662,11.820,164.000,249.000,85.000,0.219,14.113,3.175,3.000,False,False,False,,,False
gare,78196,Davron,commune,,295,ign_chef_lieu,1.944,48.865,18.035,29.977,,,,,,23.688,,,,,,,,,False,False,False,,,False
gare,91275,Gometz-le-Châtel,commune,,2630,ign_chef_lieu,2.138,48.678,18.134,25.295,103.000,119.000,129.000,26.000,,32.128,9.143,165.000,348.500,183.500,0.473,48.225,3.704,4.000,True,False,False,,,False
gare,91432,Morangis,commune,,14129,ign_chef_lieu,2.332,48.706,18.252,16.844,90.000,94.000,98.000,8.000,,29.820,11.650,166.000,263.500,97.500,0.251,16.643,3.152,3.000,False,False,False,,,False
gare,95203,Eaubonne,commune,,26211,ign_chef_lieu,2.280,48.991,18.310,15.908,69.000,73.000,78.000,9.000,,31.173,15.049,167.000,146.000,-21.000,-0.054,-9.582,2.342,3.000,False,False,False,,,False
gare,94046,Maisons-Alfort,commune,,56799,ign_chef_lieu,2.431,48.801,18.397,8.415,48.000,52.000,56.000,8.000,,34.510,21.227,168.000,56.500,-111.500,-0.287,-35.770,1.507,2.000,False,False,False,,,False
gare,94022,Choisy-le-Roi,commune,,45946,ign_chef_lieu,2.410,48.762,18.431,11.258,68.000,71.000,75.000,7.000,,29.205,15.575,169.000,130.500,-38.500,-0.099,-12.396,2.431,3.000,False,False,False,,,False
gare,95197,Deuil-la-Barre,commune,,23099,ign_chef_lieu,2.328,48.975,18.433,13.331,69.000,73.000,76.000,7.000,,34.027,15.151,170.000,146.000,-24.000,-0.062,-9.936,2.145,2.000,False,False,False,,,False
gare,95491,Le Plessis-Bouchard,commune,,8518,ign_chef_lieu,2.235,49.001,18.447,18.256,82.000,86.000,90.000,8.000,,31.617,12.870,171.000,231.500,60.500,0.156,6.056,2.720,3.000,False,False,False,,,False
gare,78015,Andrésy,commune,,13834,ign_chef_lieu,2.061,48.982,18.476,25.565,67.000,72.000,79.000,12.000,,32.373,15.397,172.000,137.000,-35.000,-0.090,-11.289,2.224,2.000,False,False,False,,,False
gare,95598,Soisy-sous-Montmorency,commune,,18008,ign_chef_lieu,2.300,48.987,18.541,15.060,71.000,74.000,79.000,8.000,,30.070,15.033,173.000,155.500,-17.500,-0.045,-9.010,2.461,3.000,False,False,False,,,False
gare,78172,Conflans-Sainte-Honorine,commune,,36958,ign_chef_lieu,2.095,48.994,18.547,24.293,66.000,70.000,75.000,9.000,,32.842,15.897,174.000,125.000,-49.000,-0.126,-13.946,2.131,2.000,False,False,False,,,False
gare,94080,Vincennes,commune,,48193,ign_chef_lieu,2.440,48.848,18.615,6.477,48.000,52.000,56.000,8.000,,35.517,21.479,175.000,56.500,-118.500,-0.305,-36.211,1.464,1.000,False,False,False,,,False
gare,91560,Saint-Jean-de-Beauregard,commune,,471,ign_chef_lieu,2.168,48.670,18.816,24.824,106.000,110.000,115.000,9.000,,29.638,10.263,176.000,319.500,143.500,0.370,34.098,3.711,3.000,False,False,False,,,False
gare,93048,Montreuil,commune,,111934,ign_chef_lieu,2.441,48.862,18.863,6.526,53.000,57.000,60.000,7.000,,38.897,19.856,177.000,71.000,-106.000,-0.273,-30.614,1.465,2.000,False,False,False,,,False
gare,78384,Médan,commune,,1289,ign_chef_lieu,1.996,48.953,18.904,28.247,77.000,84.000,91.000,14.000,,24.292,13.503,178.000,218.000,40.000,0.103,2.123,3.458,2.000,False,False,False,,,False
gare,93063,Romainville,commune,,37152,ign_chef_lieu,2.435,48.886,18.961,6.858,66.000,69.000,73.000,7.000,,37.875,16.488,179.000,119.500,-59.500,-0.153,-16.261,1.822,2.000,False,False,False,,,False
gare,94054,Orly,commune,,24658,ign_chef_lieu,2.401,48.743,18.962,13.085,79.000,82.000,87.000,8.000,,31.608,13.874,180.000,198.500,18.500,0.048,-0.485,2.594,3.000,False,False,False,,,False
gare,78644,La Verrière,commune,,5994,ign_chef_lieu,1.958,48.758,19.053,31.001,69.000,77.000,85.000,16.000,,22.757,14.846,181.000,171.000,-10.000,-0.026,-6.815,3.384,2.000,False,False,False,,,False
gare,91274,Gometz-la-Ville,commune,,1536,ign_chef_lieu,2.125,48.672,19.071,26.475,102.000,122.000,130.000,28.000,,32.160,9.379,182.000,357.500,175.500,0.452,47.565,3.794,4.000,True,False,False,,,False
gare,78208,Élancourt,commune,,26365,ign_chef_lieu,1.949,48.768,19.085,31.186,70.000,77.000,85.000,15.000,,21.288,14.871,183.000,171.000,-12.000,-0.031,-6.905,3.617,2.000,False,False,False,,,False
gare,91479,Paray-Vieille-Poste,commune,,8202,ign_chef_lieu,2.364,48.713,19.100,15.999,86.000,90.000,95.000,9.000,,30.910,12.734,184.000,244.000,60.000,0.155,8.760,2.912,4.000,True,False,False,,,False
gare,95427,Montmagny,commune,,15105,ign_chef_lieu,2.346,48.975,19.166,13.199,68.000,72.000,75.000,7.000,,31.898,15.971,185.000,137.000,-48.000,-0.124,-13.165,2.257,2.000,False,False,False,,,False
gare,95051,Beauchamp,commune,,9849,ign_chef_lieu,2.200,49.012,19.283,20.563,78.000,83.000,88.000,10.000,,33.335,13.939,186.000,208.000,22.000,0.057,-0.253,2.490,2.000,False,False,False,,,False
gare,78138,Chanteloup-les-Vignes,commune,,10861,ign_chef_lieu,2.030,48.978,19.337,27.240,79.000,83.000,90.000,11.000,,29.162,13.978,187.000,208.000,21.000,0.054,-0.416,2.846,3.000,False,False,False,,,False
gare,93072,Stains,commune,,41388,ign_chef_lieu,2.382,48.955,19.393,11.236,75.000,79.000,83.000,8.000,,31.503,14.729,188.000,186.000,-2.000,-0.005,-5.375,2.508,3.000,False,False,False,,,False
gare,95428,Montmorency,commune,,21763,ign_chef_lieu,2.321,48.989,19.477,14.985,78.000,83.000,92.000,14.000,,35.092,14.080,189.000,208.000,19.000,0.049,-0.834,2.365,3.000,False,False,False,,,False
gare,95574,Saint-Prix,commune,,7612,ign_chef_lieu,2.262,49.007,19.513,17.955,82.000,86.000,90.000,8.000,,33.115,13.614,190.000,231.500,41.500,0.107,2.639,2.597,3.000,False,False,False,,,False
gare,95369,Margency,commune,,3012,ign_chef_lieu,2.287,49.001,19.564,16.798,79.000,82.000,86.000,7.000,,33.370,14.315,191.000,198.500,7.500,0.019,-2.284,2.457,3.000,False,False,False,,,False
gare,91044,Ballainvilliers,commune,,4904,ign_chef_lieu,2.290,48.676,19.580,20.562,94.000,98.000,102.000,8.000,,32.987,11.988,192.000,283.000,91.000,0.235,16.726,2.971,4.000,True,False,False,,,False
gare,78383,Maurepas,commune,,20629,ign_chef_lieu,1.945,48.762,19.637,31.683,67.000,74.000,82.000,15.000,,21.787,15.922,193.000,155.500,-37.500,-0.097,-12.008,3.397,2.000,False,False,False,,,False
gare,78615,Thiverval-Grignon,commune,,1023,ign_chef_lieu,1.918,48.850,19.771,31.915,98.000,114.000,125.000,27.000,,25.655,10.406,194.000,334.000,140.000,0.361,35.018,4.444,4.000,True,False,False,,,False
gare,78382,Maurecourt,commune,,4454,ign_chef_lieu,2.063,48.997,19.789,26.334,65.000,72.000,78.000,13.000,,34.445,16.491,195.000,137.000,-58.000,-0.149,-14.772,2.090,2.000,False,False,False,,,False
gare,78189,Crespières,commune,,1719,ign_chef_lieu,1.924,48.882,19.865,31.570,,,,,,24.708,,,,,,,,,False,False,False,,,False
gare,94077,Villeneuve-le-Roi,commune,,21000,ign_chef_lieu,2.408,48.735,19.894,14.074,86.000,90.000,95.000,9.000,,32.317,13.263,196.000,244.000,48.000,0.124,6.209,2.785,3.000,False,False,False,,,False
gare,78397,Le Mesnil-Saint-Denis,commune,,7276,ign_chef_lieu,1.960,48.740,19.907,31.594,76.000,84.000,91.000,15.000,,25.717,14.220,197.000,218.000,21.000,0.054,-0.911,3.266,2.000,False,False,False,,,False
gare,78548,Saint-Forget,commune,,436,ign_chef_lieu,1.993,48.710,20.104,30.986,119.000,130.000,,,,28.797,9.279,198.000,368.500,170.500,0.439,52.478,4.514,3.000,False,False,False,,,False
gare,95288,Groslay,commune,,8453,ign_chef_lieu,2.346,48.987,20.234,14.521,74.000,78.000,82.000,8.000,,35.797,15.565,199.000,180.000,-19.000,-0.049,-8.858,2.179,2.000,False,False,False,,,False
gare,91458,Nozay,commune,,4471,ign_chef_lieu,2.243,48.660,20.250,23.277,107.000,115.000,127.000,20.000,,32.773,10.565,200.000,337.000,137.000,0.353,34.316,3.509,3.000,False,False,False,,,False
gare,95426,Montlignon,commune,,3038,ign_chef_lieu,2.285,49.009,20.283,17.653,87.000,92.000,98.000,11.000,,35.055,13.228,201.000,253.000,52.000,0.134,7.348,2.624,4.000,True,False,False,,,False
gare,93053,Noisy-le-Sec,commune,,45510,ign_chef_lieu,2.452,48.890,20.296,8.191,57.000,61.000,65.000,8.000,,34.650,19.963,202.000,82.000,-120.000,-0.309,-28.850,1.760,1.000,False,False,False,,,False
gare,91411,Les Molières,commune,,1975,ign_chef_lieu,2.070,48.673,20.300,29.129,,,,,,37.797,,,,,,,,,False,False,False,,,False
gare,95014,Andilly,commune,,2742,ign_chef_lieu,2.301,49.005,20.375,17.002,83.000,89.000,96.000,13.000,,35.853,13.736,203.000,238.500,35.500,0.091,3.575,2.482,3.000,False,False,False,,,False
gare,93008,Bobigny,commune,,56927,ign_chef_lieu,2.445,48.906,20.410,8.759,64.000,68.000,72.000,8.000,,31.832,18.009,204.000,113.000,-91.000,-0.235,-20.944,2.136,2.000,False,False,False,,,False
gare,91093,Boullay-les-Troux,commune,,624,ign_chef_lieu,2.050,48.678,20.446,29.791,,,,,,37.363,,,,,,,,,False,False,False,,,False
gare,93013,Le Bourget,commune,,15925,ign_chef_lieu,2.425,48.935,20.500,10.195,60.000,64.000,68.000,8.000,,30.312,19.219,205.000,95.500,-109.500,-0.282,-25.784,2.111,2.000,False,False,False,,,False
gare,95563,Saint-Leu-la-Forêt,commune,,16138,ign_chef_lieu,2.244,49.019,20.526,19.756,76.000,83.000,91.000,15.000,,33.627,14.838,206.000,208.000,2.000,0.005,-3.822,2.468,3.000,False,False,False,,,False
gare,91665,La Ville-du-Bois,commune,,8161,ign_chef_lieu,2.269,48.661,20.617,22.572,106.000,110.000,114.000,8.000,,31.965,11.245,207.000,319.500,112.500,0.290,27.137,3.441,4.000,True,False,False,,,False
gare,95488,Pierrelaye,commune,,10130,ign_chef_lieu,2.156,49.023,20.666,23.464,81.000,86.000,90.000,9.000,,35.433,14.418,208.000,231.500,23.500,0.061,-0.739,2.427,2.000,False,False,False,,,False
gare,94042,Joinville-le-Pont,commune,,20525,ign_chef_lieu,2.467,48.818,20.704,9.400,57.000,60.000,64.000,7.000,,34.537,20.704,209.000,78.500,-130.500,-0.336,-30.823,1.737,1.000,False,False,False,,,False
gare,94028,Créteil,commune,,93397,ign_chef_lieu,2.453,48.778,20.706,11.442,72.000,75.000,79.000,7.000,,35.772,16.565,210.000,161.500,-48.500,-0.125,-13.535,2.097,3.000,False,False,False,,,False
gare,78624,Triel-sur-Seine,commune,,12206,ign_chef_lieu,2.003,48.981,20.803,29.133,72.000,77.000,83.000,11.000,,28.618,16.210,211.000,171.000,-40.000,-0.103,-11.471,2.691,2.000,False,False,False,,,False
gare,91027,Athis-Mons,commune,,36613,ign_chef_lieu,2.389,48.708,20.825,16.768,93.000,96.000,100.000,7.000,,32.782,13.016,212.000,274.000,62.000,0.160,10.306,2.928,3.000,False,False,False,,,False
gare,78193,Dampierre-en-Yvelines,commune,,1008,ign_chef_lieu,1.986,48.705,20.908,31.766,128.000,139.000,,,,29.345,9.025,213.000,376.500,163.500,0.421,59.345,4.737,3.000,False,False,False,,,False
gare,78162,Choisel,commune,,540,ign_chef_lieu,2.018,48.687,20.942,31.009,,,,,,33.703,,,,,,,,,False,False,False,,,False
gare,91216,Épinay-sur-Orge,commune,,10722,ign_chef_lieu,2.324,48.673,21.017,20.542,92.000,96.000,100.000,8.000,,32.520,13.136,214.000,274.000,60.000,0.155,9.719,2.952,4.000,True,False,False,,,False
gare,78643,Vernouillet,commune,,9699,ign_chef_lieu,1.983,48.973,21.087,29.979,75.000,83.000,89.000,14.000,,27.268,15.243,215.000,208.000,-7.000,-0.018,-5.322,3.044,2.000,False,False,False,,,False
gare,95607,Taverny,commune,,27593,ign_chef_lieu,2.226,49.026,21.091,21.044,81.000,88.000,96.000,15.000,,33.465,14.380,216.000,236.000,20.000,0.052,0.369,2.630,3.000,False,False,False,,,False
gare,78550,Saint-Germain-de-la-Grange,commune,,1847,ign_chef_lieu,1.899,48.834,21.112,33.378,137.000,151.000,163.000,26.000,,26.562,8.389,217.000,383.000,166.000,0.428,72.125,5.685,4.000,True,False,False,,,False
gare,91589,Savigny-sur-Orge,commune,,37601,ign_chef_lieu,2.346,48.680,21.174,19.657,91.000,95.000,99.000,8.000,,31.610,13.373,218.000,268.500,50.500,0.130,8.107,3.005,3.000,False,False,False,,,False
gare,93029,Drancy,commune,,72390,ign_chef_lieu,2.445,48.923,21.185,10.075,67.000,70.000,74.000,7.000,,32.353,18.158,219.000,125.000,-94.000,-0.242,-20.367,2.164,3.000,False,False,False,,,False
gare,94033,Fontenay-sous-Bois,commune,,53757,ign_chef_lieu,2.475,48.849,21.191,9.014,60.000,64.000,68.000,8.000,,40.575,19.866,220.000,95.500,-124.500,-0.321,-27.205,1.577,1.000,False,False,False,,,False
gare,78431,Morainvilliers,commune,,3120,ign_chef_lieu,1.932,48.929,21.194,31.849,92.000,100.000,109.000,17.000,,24.417,12.716,221.000,289.500,68.500,0.177,13.733,4.096,2.000,False,False,False,,,False
gare,95218,Éragny-sur-Oise,commune,,18436,ign_chef_lieu,2.091,49.019,21.296,26.369,67.000,71.000,75.000,8.000,,33.518,17.996,222.000,130.500,-91.500,-0.236,-19.475,2.118,1.000,False,False,False,,,False
gare,78442,Neauphle-le-Château,commune,,3250,ign_chef_lieu,1.899,48.814,21.305,33.643,81.000,90.000,98.000,17.000,,21.562,14.203,223.000,244.000,21.000,0.054,2.049,4.174,4.000,True,False,False,,,False
gare,93030,Dugny,commune,,11700,ign_chef_lieu,2.418,48.955,21.363,12.001,75.000,80.000,84.000,9.000,,32.433,16.022,224.000,190.000,-34.000,-0.088,-9.435,2.467,3.000,False,False,False,,,False
gare,91326,Juvisy-sur-Orge,commune,,19292,ign_chef_lieu,2.372,48.691,21.366,18.487,82.000,86.000,90.000,8.000,,34.702,14.907,225.000,231.500,6.500,0.017,-2.650,2.478,2.000,False,False,False,,,False
gare,78010,Les Alluets-le-Roi,commune,,1390,ign_chef_lieu,1.919,48.914,21.368,32.452,,,,,,25.595,,,,,,,,,False,False,False,,,False
gare,78321,Jouars-Pontchartrain,commune,,6039,ign_chef_lieu,1.901,48.802,21.371,33.713,84.000,93.000,101.000,17.000,,20.438,13.788,226.000,258.000,32.000,0.082,5.260,4.550,4.000,True,False,False,,,False
gare,91319,Janvry,commune,,654,ign_chef_lieu,2.156,48.647,21.413,27.402,,,,,,35.678,,,,,,,,,False,False,False,,,False
gare,94001,Ablon-sur-Seine,commune,,5988,ign_chef_lieu,2.422,48.725,21.427,15.492,94.000,100.000,105.000,11.000,,34.883,12.856,227.000,289.500,62.500,0.161,13.010,2.867,4.000,True,False,False,,,False
gare,95450,Neuville-sur-Oise,commune,,2058,ign_chef_lieu,2.063,49.014,21.506,27.508,68.000,73.000,78.000,10.000,,35.847,17.676,228.000,146.000,-82.000,-0.211,-17.679,2.036,1.000,False,False,False,,,False
gare,95268,Garges-lès-Gonesse,commune,,41791,ign_chef_lieu,2.401,48.972,21.595,13.303,87.000,91.000,96.000,9.000,,35.673,14.238,229.000,249.000,20.000,0.052,2.373,2.551,4.000,True,False,False,,,False
gare,95539,Saint-Brice-sous-Forêt,commune,,15063,ign_chef_lieu,2.357,48.998,21.681,15.706,80.000,84.000,88.000,8.000,,36.300,15.486,230.000,218.000,-12.000,-0.031,-5.722,2.314,2.000,False,False,False,,,False
gare,78683,Villiers-Saint-Frédéric,commune,,3395,ign_chef_lieu,1.891,48.820,21.772,34.096,90.000,97.000,105.000,15.000,,24.012,13.467,231.000,279.000,48.000,0.124,8.603,4.040,3.000,False,False,False,,,False
gare,91685,Villiers-sur-Orge,commune,,4545,ign_chef_lieu,2.300,48.657,21.785,22.458,104.000,108.000,112.000,8.000,,34.817,12.103,232.000,315.500,83.500,0.215,20.876,3.102,3.000,False,False,False,,,False
gare,78334,Lévis-Saint-Nom,commune,,1603,ign_chef_lieu,1.949,48.721,21.796,33.260,,,,,,29.917,,,,,,,,,False,False,False,,,False
gare,91363,Marcoussis,commune,,8618,ign_chef_lieu,2.231,48.643,21.985,25.376,104.000,111.000,119.000,15.000,,36.308,11.884,233.000,323.500,90.500,0.233,23.575,3.057,3.000,False,False,False,,,False
gare,78642,Verneuil-sur-Seine,commune,,16280,ign_chef_lieu,1.975,48.979,22.008,30.817,71.000,78.000,86.000,15.000,,27.195,16.929,234.000,180.000,-54.000,-0.139,-13.216,2.868,2.000,False,False,False,,,False
gare,78168,Coignières,commune,,4321,ign_chef_lieu,1.918,48.748,22.173,34.145,68.000,76.000,83.000,15.000,,24.232,17.505,235.000,165.000,-70.000,-0.180,-15.811,3.136,1.000,False,False,False,,,False
gare,95323,Jouy-le-Moutier,commune,,17854,ign_chef_lieu,2.047,49.016,22.202,28.527,88.000,93.000,97.000,9.000,,38.908,14.324,236.000,258.000,22.000,0.057,2.944,2.390,2.000,False,False,False,,,False
gare,91667,Villemoisson-sur-Orge,commune,,7332,ign_chef_lieu,2.330,48.662,22.272,21.694,99.000,103.000,107.000,8.000,,33.432,12.974,237.000,300.500,63.500,0.164,13.803,3.081,3.000,False,False,False,,,False
gare,94068,Saint-Maur-des-Fossés,commune,,76572,ign_chef_lieu,2.485,48.803,22.294,11.426,61.000,64.000,68.000,7.000,,38.800,20.900,238.000,95.500,-142.500,-0.367,-29.327,1.649,1.000,False,False,False,,,False
gare,94052,Nogent-sur-Marne,commune,,32455,ign_chef_lieu,2.492,48.839,22.388,10.381,63.000,69.000,73.000,10.000,,38.277,19.468,239.000,119.500,-119.500,-0.308,-23.994,1.803,2.000,False,False,False,,,False
gare,95060,Bessancourt,commune,,8869,ign_chef_lieu,2.217,49.039,22.389,22.566,87.000,94.000,102.000,15.000,,35.630,14.291,240.000,263.500,23.500,0.061,3.543,2.638,3.000,False,False,False,,,False
gare,93064,Rosny-sous-Bois,commune,,47180,ign_chef_lieu,2.488,48.872,22.442,10.098,57.000,61.000,65.000,8.000,,37.998,22.074,241.000,82.000,-159.000,-0.410,-32.899,1.605,1.000,False,False,False,,10.000,False
gare,95489,Piscop,commune,,768,ign_chef_lieu,2.343,49.012,22.477,17.337,105.000,110.000,118.000,13.000,,39.865,12.260,242.000,319.500,77.500,0.200,20.891,2.759,3.000,False,False,False,,,False
gare,95585,Sarcelles,commune,,59173,ign_chef_lieu,2.378,48.997,22.596,15.801,82.000,86.000,90.000,8.000,,38.775,15.765,243.000,231.500,-11.500,-0.030,-5.776,2.218,2.000,False,False,False,,,False
gare,78590,Senlisse,commune,,511,ign_chef_lieu,1.982,48.687,22.601,33.144,,,,,,33.293,,,,,,,,,False,False,False,,,False
gare,94078,Villeneuve-Saint-Georges,commune,,36221,ign_chef_lieu,2.448,48.731,22.609,15.622,82.000,86.000,89.000,7.000,,37.675,15.774,244.000,231.500,-12.500,-0.032,-5.809,2.283,3.000,False,False,False,,,False
gare,93010,Bondy,commune,,50595,ign_chef_lieu,2.481,48.902,22.751,10.718,63.000,67.000,71.000,8.000,,34.688,20.374,245.000,106.500,-138.500,-0.357,-26.886,1.931,1.000,False,False,False,,,False
gare,78206,Ecquevilly,commune,,4279,ign_chef_lieu,1.924,48.949,22.841,33.050,95.000,102.000,109.000,14.000,,23.250,13.436,246.000,295.500,49.500,0.128,11.054,4.387,3.000,False,False,False,,,False
gare,91434,Morsang-sur-Orge,commune,,21667,ign_chef_lieu,2.346,48.662,22.861,21.631,102.000,106.000,111.000,9.000,,32.688,12.940,247.000,309.000,62.000,0.160,15.350,3.243,4.000,True,False,False,,,False
gare,91338,Limours,commune,,6517,ign_chef_lieu,2.077,48.646,22.870,30.955,112.000,134.000,145.000,33.000,,39.095,10.240,248.000,371.000,123.000,0.317,45.785,3.428,3.000,False,False,False,,,False
gare,91657,Vigneux-sur-Seine,commune,,31466,ign_chef_lieu,2.417,48.700,22.874,18.008,79.000,82.000,86.000,7.000,,41.620,16.737,249.000,198.500,-50.500,-0.130,-10.797,1.970,3.000,False,False,False,,,False
gare,78062,Beynes,commune,,7704,ign_chef_lieu,1.876,48.856,22.888,34.976,110.000,116.000,123.000,13.000,,29.013,11.839,250.000,339.000,89.000,0.229,26.143,3.998,4.000,True,False,False,,,False
gare,91347,Longpont-sur-Orge,commune,,6482,ign_chef_lieu,2.293,48.642,23.142,24.185,110.000,114.000,118.000,8.000,,36.755,12.180,251.000,334.000,83.000,0.214,23.174,3.102,3.000,False,False,False,,,False
gare,91687,Viry-Châtillon,commune,,30838,ign_chef_lieu,2.375,48.671,23.172,20.644,91.000,94.000,98.000,7.000,,33.868,14.791,252.000,263.500,11.500,0.030,1.487,2.775,2.000,False,False,False,,,False
gare,93007,Le Blanc-Mesnil,commune,,62376,ign_chef_lieu,2.464,48.939,23.192,12.266,68.000,72.000,76.000,8.000,,35.160,19.326,253.000,137.000,-116.000,-0.299,-22.303,2.048,2.000,False,False,False,,,False
gare,94011,Bonneuil-sur-Marne,commune,,18270,ign_chef_lieu,2.487,48.774,23.225,13.474,73.000,77.000,81.000,8.000,,38.142,18.097,254.000,171.000,-83.000,-0.214,-16.977,2.019,3.000,False,False,False,,,False
gare,78305,Herbeville,commune,,228,ign_chef_lieu,1.887,48.906,23.234,34.591,,,,,,28.183,,,,,,,,,False,False,False,,,False
gare,91425,Montlhéry,commune,,9772,ign_chef_lieu,2.270,48.637,23.248,25.168,110.000,114.000,118.000,8.000,,35.677,12.236,255.000,334.000,79.000,0.204,22.846,3.195,4.000,True,False,False,,,False
gare,94074,Valenton,commune,,14406,ign_chef_lieu,2.470,48.744,23.284,15.148,76.000,82.000,88.000,12.000,,38.370,17.037,256.000,198.500,-57.500,-0.148,-11.716,2.137,3.000,False,False,False,,,False
gare,95199,Domont,commune,,16065,ign_chef_lieu,2.327,49.027,23.392,19.106,89.000,95.000,102.000,13.000,,40.790,14.774,257.000,268.500,11.500,0.030,2.004,2.329,3.000,False,False,False,,,False
gare,78140,Chapet,commune,,1331,ign_chef_lieu,1.934,48.967,23.419,33.062,99.000,107.000,113.000,14.000,,25.242,13.132,258.000,312.500,54.500,0.140,14.811,4.239,3.000,False,False,False,,,False
gare,93049,Neuilly-Plaisance,commune,,21941,ign_chef_lieu,2.506,48.861,23.605,11.301,67.000,71.000,74.000,7.000,,41.365,19.947,259.000,130.500,-128.500,-0.331,-24.167,1.716,1.000,False,False,False,,,False
gare,91482,Pecqueuse,commune,,580,ign_chef_lieu,2.049,48.647,23.605,32.295,133.000,155.000,166.000,33.000,,40.748,9.137,260.000,385.500,125.500,0.323,65.549,3.804,3.000,False,False,False,,,False
gare,94058,Le Perreux-sur-Marne,commune,,35260,ign_chef_lieu,2.508,48.841,23.610,11.557,68.000,72.000,76.000,8.000,,39.882,19.675,261.000,137.000,-124.000,-0.320,-23.110,1.805,2.000,False,False,False,,,False
gare,95088,Bonneuil-en-France,commune,,1185,ign_chef_lieu,2.433,48.976,23.642,14.514,102.000,107.000,111.000,9.000,,37.265,13.257,262.000,312.500,50.500,0.130,14.179,2.871,3.000,False,False,False,,,False
gare,91201,Draveil,commune,,30098,ign_chef_lieu,2.405,48.682,23.655,19.735,94.000,98.000,102.000,8.000,,40.273,14.483,263.000,283.000,20.000,0.052,4.540,2.433,3.000,False,False,False,,,False
gare,95572,Saint-Ouen-l'Aumône,commune,,25578,ign_chef_lieu,2.106,49.044,23.658,27.613,79.000,83.000,88.000,9.000,,38.863,17.102,264.000,208.000,-56.000,-0.144,-11.466,2.136,2.000,False,False,False,,,False
gare,95256,Frépillon,commune,,3317,ign_chef_lieu,2.206,49.051,23.688,24.152,93.000,100.000,108.000,15.000,,37.718,14.213,265.000,289.500,24.500,0.063,6.588,2.651,3.000,False,False,False,,,False
gare,94044,Limeil-Brévannes,commune,,27406,ign_chef_lieu,2.480,48.749,23.760,15.180,76.000,80.000,84.000,8.000,,37.622,17.820,266.000,190.000,-76.000,-0.196,-14.880,2.126,4.000,True,False,False,,,False
gare,91339,Linas,commune,,7987,ign_chef_lieu,2.267,48.631,23.772,25.816,111.000,116.000,120.000,9.000,,35.728,12.296,267.000,339.000,72.000,0.186,23.388,3.247,3.000,False,False,False,,,False
gare,78623,Le Tremblay-sur-Mauldre,commune,,930,ign_chef_lieu,1.875,48.778,23.827,36.115,114.000,136.000,159.000,45.000,,25.190,10.512,268.000,372.000,104.000,0.268,44.466,5.399,2.000,False,False,False,,,False
gare,78443,Neauphle-le-Vieux,commune,,937,ign_chef_lieu,1.864,48.815,23.849,36.180,88.000,96.000,104.000,16.000,,25.618,14.905,269.000,274.000,5.000,0.013,1.922,3.747,3.000,False,False,False,,,False
gare,95680,Villiers-le-Bel,commune,,30053,ign_chef_lieu,2.388,49.008,23.905,17.006,97.000,102.000,107.000,10.000,,38.335,14.062,270.000,295.500,25.500,0.066,8.143,2.661,4.000,True,False,False,,,False
gare,94017,Champigny-sur-Marne,commune,,78072,ign_chef_lieu,2.511,48.813,23.967,12.570,67.000,70.000,74.000,7.000,,40.123,20.543,271.000,125.000,-146.000,-0.376,-25.896,1.745,2.000,False,False,False,,,False
gare,95019,Arnouville,commune,,15023,ign_chef_lieu,2.421,48.990,24.051,15.646,101.000,106.000,110.000,9.000,,39.357,13.614,272.000,309.000,37.000,0.095,11.985,2.693,3.000,False,False,False,,,False
gare,93077,Villemomble,commune,,29795,ign_chef_lieu,2.508,48.882,24.074,11.751,65.000,69.000,73.000,8.000,,38.338,20.934,273.000,119.500,-153.500,-0.396,-27.144,1.800,1.000,False,False,False,,,False
gare,91191,Crosne,commune,,9610,ign_chef_lieu,2.458,48.716,24.115,17.388,77.000,81.000,85.000,8.000,,39.900,17.863,274.000,193.500,-80.500,-0.207,-14.560,2.030,2.000,False,False,False,,,False
gare,78576,Saint-Rémy-l'Honoré,commune,,1689,ign_chef_lieu,1.882,48.756,24.186,36.330,117.000,139.000,162.000,45.000,,28.660,10.440,275.000,376.500,101.500,0.262,46.371,4.850,2.000,False,False,False,,,False
gare,91111,Briis-sous-Forges,commune,,3342,ign_chef_lieu,2.124,48.625,24.191,30.750,101.000,112.000,122.000,21.000,,40.530,12.959,276.000,326.500,50.500,0.130,17.924,2.763,3.000,False,False,False,,,False
gare,95091,Bouffémont,commune,,6593,ign_chef_lieu,2.299,49.043,24.228,21.132,109.000,120.000,136.000,27.000,,44.228,12.114,277.000,352.000,75.000,0.193,26.235,2.713,3.000,False,False,False,,,False
gare,78128,Cernay-la-Ville,commune,,1516,ign_chef_lieu,1.971,48.673,24.233,34.633,,,,,,35.722,,,,,,,,,False,False,False,,,False
gare,91249,Forges-les-Bains,commune,,4241,ign_chef_lieu,2.100,48.628,24.237,31.461,,,,,,43.892,,,,,,,,,False,False,False,,,False
gare,91549,Sainte-Geneviève-des-Bois,commune,,35438,ign_chef_lieu,2.327,48.641,24.297,24.073,106.000,110.000,113.000,7.000,,37.217,13.253,278.000,319.500,41.500,0.107,15.525,2.956,4.000,True,False,False,,,False
gare,95061,Béthemont-la-Forêt,commune,,435,ign_chef_lieu,2.252,49.053,24.321,23.061,,,,,,41.780,,,,,,,,,False,False,False,,,False
gare,78368,Mareil-sur-Mauldre,commune,,1776,ign_chef_lieu,1.866,48.894,24.355,35.964,109.000,117.000,126.000,17.000,,28.417,12.490,279.000,341.500,62.500,0.161,22.705,4.117,4.000,True,False,False,,,False
gare,95074,Boisemont,commune,,892,ign_chef_lieu,2.002,49.021,24.400,31.543,96.000,103.000,114.000,18.000,,38.585,14.214,280.000,300.500,20.500,0.053,7.904,2.669,3.000,False,False,False,,,False
gare,94015,Bry-sur-Marne,commune,,18503,ign_chef_lieu,2.520,48.835,24.452,12.487,70.000,73.000,77.000,7.000,,38.488,20.098,281.000,146.000,-135.000,-0.348,-23.618,1.897,1.000,False,False,False,,,False
gare,95500,Pontoise,commune,,31970,ign_chef_lieu,2.101,49.051,24.459,28.422,79.000,83.000,87.000,8.000,,39.687,17.681,282.000,208.000,-74.000,-0.191,-13.169,2.091,2.000,False,False,False,,,False
gare,91243,Fontenay-lès-Briis,commune,,2350,ign_chef_lieu,2.156,48.619,24.462,30.068,,,,,,36.968,,,,,,,,,False,False,False,,,False
gare,78415,Montainville,commune,,589,ign_chef_lieu,1.860,48.882,24.476,36.271,,,,,,31.763,,,,,,,,,False,False,False,,,False
gare,95205,Écouen,commune,,7202,ign_chef_lieu,2.379,49.018,24.486,18.124,93.000,100.000,105.000,12.000,,40.570,14.691,283.000,289.500,6.500,0.017,4.549,2.465,2.000,False,False,False,,,False
gare,95637,Vauréal,commune,,16079,ign_chef_lieu,2.021,49.030,24.512,31.004,88.000,94.000,98.000,10.000,,40.135,15.646,284.000,263.500,-20.500,-0.053,-1.786,2.342,2.000,False,False,False,,,False
gare,93057,Les Pavillons-sous-Bois,commune,,25804,ign_chef_lieu,2.507,48.903,24.576,12.448,67.000,71.000,75.000,8.000,,37.117,20.769,285.000,130.500,-154.500,-0.398,-25.930,1.913,2.000,False,False,False,,,False
gare,91570,Saint-Michel-sur-Orge,commune,,21776,ign_chef_lieu,2.303,48.630,24.666,25.414,100.000,104.000,108.000,8.000,,36.712,14.231,286.000,305.000,19.000,0.049,8.266,2.833,3.000,False,False,False,,,False
gare,95151,Chauvry,commune,,297,ign_chef_lieu,2.267,49.054,24.703,22.876,,,,,,41.925,,,,,,,,,False,False,False,,,False
gare,78638,Vaux-sur-Seine,commune,,5202,ign_chef_lieu,1.963,49.006,24.815,33.018,79.000,84.000,90.000,11.000,,34.332,17.725,287.000,218.000,-69.000,-0.178,-12.861,2.447,2.000,False,False,False,,,False
gare,78050,Bazoches-sur-Guyonne,commune,,721,ign_chef_lieu,1.860,48.778,24.898,37.196,116.000,138.000,161.000,45.000,,24.305,10.825,288.000,374.000,86.000,0.222,42.880,5.678,2.000,False,False,False,,,False
gare,91286,Grigny,commune,,26842,ign_chef_lieu,2.385,48.656,24.959,22.380,93.000,97.000,101.000,8.000,,34.333,15.439,289.000,279.000,-10.000,-0.026,0.286,2.825,2.000,False,False,False,,,False
gare,91421,Montgeron,commune,,24022,ign_chef_lieu,2.460,48.704,25.083,18.725,70.000,73.000,77.000,7.000,,42.067,20.616,290.000,146.000,-144.000,-0.371,-24.744,1.735,2.000,False,False,False,,,False
gare,93062,Le Raincy,commune,,14735,ign_chef_lieu,2.516,48.899,25.085,12.881,64.000,68.000,72.000,8.000,,38.172,22.134,291.000,113.000,-178.000,-0.459,-29.903,1.781,2.000,False,False,False,,7.000,False
gare,95229,Ézanville,commune,,9858,ign_chef_lieu,2.362,49.032,25.087,19.541,86.000,93.000,101.000,15.000,,41.330,16.185,292.000,258.000,-34.000,-0.088,-4.136,2.250,3.000,False,False,False,,,False
gare,95394,Méry-sur-Oise,commune,,9983,ign_chef_lieu,2.185,49.064,25.147,26.196,97.000,102.000,107.000,10.000,,39.417,14.792,293.000,295.500,2.500,0.006,4.995,2.588,3.000,False,False,False,,,False
gare,93050,Neuilly-sur-Marne,commune,,39800,ign_chef_lieu,2.528,48.857,25.182,12.915,67.000,71.000,75.000,8.000,,42.538,21.280,294.000,130.500,-163.500,-0.421,-26.974,1.669,2.000,False,False,False,,9.000,False
gare,78220,Les Essarts-le-Roi,commune,,6831,ign_chef_lieu,1.895,48.718,25.307,37.012,74.000,82.000,89.000,15.000,,28.302,18.517,295.000,198.500,-96.500,-0.249,-15.904,2.897,1.000,False,False,False,,,False
gare,93005,Aulnay-sous-Bois,commune,,87599,ign_chef_lieu,2.500,48.934,25.349,13.861,60.000,64.000,68.000,8.000,,38.373,23.765,296.000,95.500,-200.500,-0.517,-34.427,1.668,2.000,False,False,False,,4.000,False
gare,91333,Leuville-sur-Orge,commune,,4271,ign_chef_lieu,2.264,48.616,25.352,27.494,120.000,124.000,128.000,8.000,,36.408,12.267,297.000,361.500,64.500,0.166,27.037,3.406,3.000,False,False,False,,,False
gare,95277,Gonesse,commune,,27707,ign_chef_lieu,2.450,48.986,25.369,16.121,95.000,99.000,103.000,8.000,,39.633,15.375,298.000,286.000,-12.000,-0.031,1.386,2.498,4.000,True,False,False,,,False
gare,95678,Villiers-Adam,commune,,858,ign_chef_lieu,2.235,49.064,25.392,24.691,111.000,122.000,139.000,28.000,,40.277,12.488,299.000,357.500,58.500,0.151,24.873,3.029,2.000,False,False,False,,,False
gare,78366,Mareil-le-Guyon,commune,,420,ign_chef_lieu,1.847,48.790,25.494,37.830,134.000,156.000,179.000,45.000,,26.992,9.806,300.000,387.000,87.000,0.224,59.301,5.780,2.000,False,False,False,,,False
gare,95388,Menucourt,commune,,6184,ign_chef_lieu,1.984,49.025,25.501,32.872,91.000,98.000,106.000,15.000,,38.175,15.613,301.000,283.000,-18.000,-0.046,0.059,2.567,2.000,False,False,False,,,False
gare,78090,Bouafle,commune,,2234,ign_chef_lieu,1.897,48.966,25.522,35.533,96.000,104.000,113.000,17.000,,25.302,14.724,302.000,305.000,3.000,0.008,6.135,4.110,3.000,False,False,False,,,False
gare,78049,Bazemont,commune,,1727,ign_chef_lieu,1.865,48.928,25.583,36.598,,,,,,31.682,,,,,,,,,False,False,False,,,False
gare,78588,Saulx-Marchais,commune,,950,ign_chef_lieu,1.836,48.838,25.699,37.929,97.000,108.000,120.000,23.000,,31.083,14.277,303.000,315.500,12.500,0.032,9.772,3.475,2.000,False,False,False,,,False
gare,95183,Courdimanche,commune,,7311,ign_chef_lieu,2.002,49.035,25.758,32.500,86.000,93.000,101.000,15.000,,39.873,16.618,304.000,258.000,-46.000,-0.119,-5.599,2.332,2.000,False,False,False,,,False
gare,95409,Moisselles,commune,,1261,ign_chef_lieu,2.337,49.048,25.799,21.344,96.000,103.000,111.000,15.000,,41.375,15.028,305.000,300.500,-4.500,-0.012,4.455,2.489,3.000,False,False,False,,,False
gare,95039,Auvers-sur-Oise,commune,,6863,ign_chef_lieu,2.172,49.070,25.805,27.207,98.000,104.000,111.000,13.000,,42.312,14.887,306.000,305.000,-1.000,-0.003,5.454,2.458,3.000,False,False,False,,,False
gare,94019,Chennevières-sur-Marne,commune,,18710,ign_chef_lieu,2.533,48.796,25.840,14.818,80.000,84.000,88.000,8.000,,44.462,18.457,307.000,218.000,-89.000,-0.229,-14.893,1.889,2.000,False,False,False,,,False
gare,94071,Sucy-en-Brie,commune,,27764,ign_chef_lieu,2.524,48.771,25.903,15.789,75.000,79.000,83.000,8.000,,41.537,19.673,308.000,186.000,-122.000,-0.314,-20.073,1.902,2.000,False,False,False,,,False
gare,91691,Yerres,commune,,27906,ign_chef_lieu,2.488,48.717,25.943,18.417,82.000,86.000,90.000,8.000,,43.820,18.100,309.000,231.500,-77.500,-0.200,-13.070,1.963,3.000,False,False,False,,,False
gare,78653,Vicq,commune,,389,ign_chef_lieu,1.835,48.815,25.967,38.292,119.000,141.000,164.000,45.000,,26.567,11.050,310.000,378.500,68.500,0.177,42.449,5.307,2.000,False,False,False,,,False
gare,94004,Boissy-Saint-Léger,commune,,17325,ign_chef_lieu,2.513,48.748,26.011,16.866,79.000,82.000,86.000,7.000,,39.483,19.032,311.000,198.500,-112.500,-0.290,-17.238,2.077,1.000,False,False,False,,,False
gare,78380,Maule,commune,,6083,ign_chef_lieu,1.848,48.909,26.032,37.443,110.000,120.000,132.000,22.000,,32.595,13.016,312.000,352.000,40.000,0.103,21.057,3.682,4.000,True,False,False,,,False
gare,94079,Villiers-sur-Marne,commune,,33162,ign_chef_lieu,2.541,48.826,26.045,14.228,72.000,76.000,81.000,9.000,,41.337,20.562,313.000,165.000,-148.000,-0.381,-23.352,1.839,2.000,False,False,False,,,False
gare,93032,Gagny,commune,,42313,ign_chef_lieu,2.537,48.885,26.204,13.876,65.000,68.000,72.000,7.000,,41.517,23.121,314.000,113.000,-201.000,-0.518,-31.664,1.638,2.000,False,False,False,,3.000,False
gare,95127,Cergy,commune,,70906,ign_chef_lieu,2.035,49.053,26.267,31.864,62.000,67.000,72.000,10.000,,41.722,23.523,315.000,106.500,-208.500,-0.537,-32.763,1.606,1.000,False,False,False,,2.000,False
gare,78227,Évecquemont,commune,,754,ign_chef_lieu,1.944,49.014,26.395,34.671,106.000,122.000,134.000,28.000,,33.162,12.981,316.000,357.500,41.500,0.107,22.083,3.679,3.000,False,False,False,,,False
gare,91235,Fleury-Mérogis,commune,,13721,ign_chef_lieu,2.361,48.630,26.481,25.188,113.000,117.000,121.000,8.000,,38.905,13.580,317.000,341.500,24.500,0.063,16.860,3.007,3.000,False,False,False,,,False
gare,95042,Baillet-en-France,commune,,2021,ign_chef_lieu,2.300,49.065,26.578,23.539,106.000,113.000,121.000,15.000,,45.727,14.112,318.000,329.500,11.500,0.030,12.623,2.471,2.000,False,False,False,,,False
gare,91521,Ris-Orangis,commune,,31189,ign_chef_lieu,2.416,48.654,26.579,23.016,98.000,103.000,107.000,9.000,,39.372,15.483,319.000,300.500,-18.500,-0.048,2.655,2.616,3.000,False,False,False,,,False
gare,94055,Ormesson-sur-Marne,commune,,10977,ign_chef_lieu,2.540,48.786,26.649,15.889,85.000,90.000,94.000,9.000,,43.610,17.766,320.000,244.000,-76.000,-0.196,-10.439,2.064,2.000,False,False,False,,,False
gare,78440,Les Mureaux,commune,,34632,ign_chef_lieu,1.909,48.993,26.651,35.876,72.000,80.000,85.000,13.000,,25.718,19.988,321.000,190.000,-131.000,-0.338,-20.394,3.111,2.000,False,False,False,,,False
gare,91634,Vaugrigneuse,commune,,1458,ign_chef_lieu,2.121,48.603,26.657,32.966,,,,,,41.648,,,,,,,,,False,False,False,,,False
gare,91103,Brétigny-sur-Orge,commune,,26658,ign_chef_lieu,2.306,48.611,26.724,27.452,99.000,103.000,107.000,8.000,,39.003,15.567,322.000,300.500,-21.500,-0.055,2.329,2.641,3.000,False,False,False,,,False
gare,95392,Mériel,commune,,5347,ign_chef_lieu,2.205,49.079,26.800,27.012,88.000,95.000,103.000,15.000,,41.845,16.926,323.000,268.500,-54.500,-0.140,-5.774,2.270,3.000,False,False,False,,,False
gare,78030,Auffargis,commune,,1963,ign_chef_lieu,1.887,48.700,26.819,38.336,107.000,113.000,121.000,14.000,,31.013,14.240,324.000,329.500,5.500,0.014,12.033,3.644,2.000,False,False,False,,,False
gare,93051,Noisy-le-Grand,commune,,72978,ign_chef_lieu,2.552,48.850,26.884,14.690,70.000,74.000,78.000,8.000,,42.148,21.798,325.000,155.500,-169.500,-0.437,-26.737,1.756,1.000,False,False,False,,8.000,False
gare,95476,Osny,commune,,17954,ign_chef_lieu,2.062,49.066,26.942,31.598,81.000,85.000,89.000,8.000,,43.858,19.018,326.000,225.000,-101.000,-0.260,-15.952,1.938,2.000,False,False,False,,,False
gare,95028,Attainville,commune,,1904,ign_chef_lieu,2.346,49.057,26.965,22.317,106.000,113.000,121.000,15.000,,44.493,14.318,327.000,329.500,2.500,0.006,11.678,2.540,3.000,False,False,False,,,False
gare,78034,Auteuil,commune,,1020,ign_chef_lieu,1.819,48.841,27.007,39.220,101.000,112.000,124.000,23.000,,29.552,14.468,328.000,326.500,-1.500,-0.004,10.590,3.790,2.000,False,False,False,,,False
gare,78238,Flins-sur-Seine,commune,,2447,ign_chef_lieu,1.870,48.963,27.018,37.295,116.000,123.000,133.000,17.000,,24.848,13.179,329.000,360.000,31.000,0.080,21.422,4.950,3.000,False,False,False,,,False
gare,78013,Andelu,commune,,550,ign_chef_lieu,1.824,48.879,27.019,38.888,,,,,,36.078,,,,,,,,,False,False,False,,,False
gare,95094,Bouqueval,commune,,314,ign_chef_lieu,2.424,49.024,27.056,19.420,,,,,,43.400,,,,,,,,,False,False,False,,,False
gare,78364,Marcq,commune,,802,ign_chef_lieu,1.819,48.860,27.075,39.145,127.000,138.000,150.000,23.000,,31.658,11.772,330.000,374.000,44.000,0.113,36.062,4.359,2.000,False,False,False,,,False
gare,95211,Ennery,commune,,2243,ign_chef_lieu,2.106,49.076,27.080,30.368,110.000,118.000,137.000,27.000,,43.137,13.769,331.000,344.500,13.500,0.035,16.331,2.735,3.000,False,False,False,,,False
gare,78033,Aulnay-sur-Mauldre,commune,,1180,ign_chef_lieu,1.844,48.929,27.096,38.176,116.000,131.000,143.000,27.000,,33.022,12.411,332.000,370.000,38.000,0.098,29.101,3.967,4.000,True,False,False,,,False
gare,78087,Bonnelles,commune,,2165,ign_chef_lieu,2.028,48.618,27.103,35.639,,,,,,44.497,,,,,,,,,False,False,False,,,False
gare,95510,Puiseux-Pontoise,commune,,603,ign_chef_lieu,2.022,49.057,27.127,32.908,75.000,81.000,86.000,11.000,,40.908,20.094,333.000,193.500,-139.500,-0.360,-20.226,1.980,2.000,False,False,False,,,False
gare,91494,Le Plessis-Pâté,commune,,4154,ign_chef_lieu,2.325,48.612,27.150,27.230,113.000,119.000,124.000,11.000,,42.060,13.689,334.000,348.500,14.500,0.037,17.140,2.829,4.000,True,False,False,,,False
gare,78398,Les Mesnuls,commune,,910,ign_chef_lieu,1.837,48.758,27.176,39.400,133.000,155.000,178.000,45.000,,28.678,10.520,335.000,385.500,50.500,0.130,52.492,5.405,2.000,False,False,False,,,False
gare,93046,Livry-Gargan,commune,,47228,ign_chef_lieu,2.536,48.919,27.197,15.193,78.000,82.000,86.000,8.000,,39.380,19.900,336.000,198.500,-137.500,-0.354,-19.363,2.082,2.000,False,False,False,,,False
gare,91115,Bruyères-le-Châtel,commune,,3788,ign_chef_lieu,2.193,48.593,27.242,31.522,,,,,,42.128,,,,,,,,,False,False,False,,,False
gare,95492,Le Plessis-Gassot,commune,,102,ign_chef_lieu,2.412,49.033,27.276,20.173,,,,,,44.198,,,,,,,,,False,False,False,,,False
gare,93071,Sevran,commune,,52535,ign_chef_lieu,2.526,48.940,27.307,15.716,74.000,78.000,81.000,7.000,,42.105,21.005,337.000,180.000,-157.000,-0.405,-23.477,1.853,2.000,False,False,False,,,False
gare,95430,Montsoult,commune,,4023,ign_chef_lieu,2.312,49.071,27.409,24.007,95.000,102.000,110.000,15.000,,45.990,16.123,338.000,295.500,-42.500,-0.110,-0.148,2.218,2.000,False,False,False,,,False
gare,91186,Courson-Monteloup,commune,,563,ign_chef_lieu,2.145,48.593,27.456,33.033,,,,,,40.803,,,,,,,,,False,False,False,,,False
gare,78401,Meulan-en-Yvelines,commune,,8950,ign_chef_lieu,1.910,49.005,27.475,36.404,84.000,89.000,94.000,10.000,,27.682,18.523,339.000,238.500,-100.500,-0.259,-12.998,3.215,2.000,False,False,False,,,False
gare,78389,Méré,commune,,1731,ign_chef_lieu,1.820,48.788,27.504,39.841,122.000,144.000,167.000,45.000,,26.335,11.460,340.000,381.000,41.000,0.106,40.683,5.468,2.000,False,False,False,,,False
gare,94053,Noiseau,commune,,4628,ign_chef_lieu,2.549,48.775,27.524,17.032,87.000,91.000,95.000,8.000,,45.547,18.148,341.000,249.000,-92.000,-0.237,-11.135,1.998,2.000,False,False,False,,,False
gare,95120,Butry-sur-Oise,commune,,2252,ign_chef_lieu,2.198,49.086,27.537,27.909,101.000,107.000,114.000,13.000,,43.937,15.441,342.000,312.500,-29.500,-0.076,4.463,2.435,3.000,False,False,False,,,False
gare,93014,Clichy-sous-Bois,commune,,29354,ign_chef_lieu,2.546,48.911,27.568,15.426,82.000,86.000,89.000,7.000,,40.812,19.233,343.000,231.500,-111.500,-0.287,-16.095,2.107,2.000,False,False,False,,,False
gare,91552,Saint-Germain-lès-Arpajon,commune,,11623,ign_chef_lieu,2.256,48.595,27.579,29.966,114.000,121.000,129.000,15.000,,38.883,13.675,344.000,354.500,10.500,0.027,18.026,3.112,3.000,False,False,False,,,False
gare,91461,Ollainville,commune,,5455,ign_chef_lieu,2.217,48.591,27.589,31.145,122.000,129.000,137.000,15.000,,41.477,12.832,345.000,367.000,22.000,0.057,25.801,3.110,3.000,False,False,False,,,False
gare,95612,Le Thillay,commune,,4560,ign_chef_lieu,2.470,49.002,27.590,18.314,96.000,100.000,105.000,9.000,,40.723,16.554,346.000,289.500,-56.500,-0.146,-2.481,2.456,4.000,True,False,False,,,False
gare,78029,Aubergenville,commune,,12723,ign_chef_lieu,1.856,48.959,27.714,38.154,100.000,106.000,115.000,15.000,,26.050,15.687,347.000,309.000,-38.000,-0.098,3.100,4.069,2.000,False,False,False,,,False
gare,78120,Bullion,commune,,1916,ign_chef_lieu,1.999,48.621,27.824,36.885,,,,,,41.850,,,,,,,,,False,False,False,,,False
gare,78125,La Celle-les-Bordes,commune,,840,ign_chef_lieu,1.955,48.640,27.867,37.866,,,,,,40.840,,,,,,,,,False,False,False,,,False
gare,95353,Maffliers,commune,,1856,ign_chef_lieu,2.308,49.076,27.911,24.650,104.000,111.000,119.000,15.000,,47.273,15.087,348.000,323.500,-24.500,-0.063,7.517,2.348,2.000,False,False,False,,,False
gare,91021,Arpajon,commune,,11698,ign_chef_lieu,2.248,48.590,27.964,30.594,114.000,119.000,124.000,10.000,,38.947,14.100,349.000,348.500,-0.500,-0.001,15.138,3.055,3.000,False,False,False,,,False
gare,91114,Brunoy,commune,,25643,ign_chef_lieu,2.504,48.698,28.107,20.863,70.000,74.000,78.000,8.000,,47.367,22.789,350.000,155.500,-194.500,-0.501,-28.613,1.562,2.000,False,False,False,,6.000,False
gare,78036,Autouillet,commune,,665,ign_chef_lieu,1.804,48.850,28.136,40.287,105.000,116.000,128.000,23.000,,31.403,14.553,351.000,339.000,-12.000,-0.031,11.836,3.694,2.000,False,False,False,,,False
gare,95395,Le Mesnil-Aubry,commune,,914,ign_chef_lieu,2.400,49.051,28.326,21.898,,,,,,44.338,,,,,,,,,False,False,False,,,False
gare,78451,Nézel,commune,,1139,ign_chef_lieu,1.836,48.946,28.363,39.171,111.000,126.000,134.000,23.000,,29.275,13.506,352.000,365.000,13.000,0.034,20.910,4.304,4.000,True,False,False,,,False
gare,95633,Vaudherland,commune,,104,ign_chef_lieu,2.487,49.001,28.473,18.838,110.000,114.000,119.000,9.000,,39.812,14.986,353.000,334.000,-19.000,-0.049,9.147,2.863,3.000,False,False,False,,,False
gare,78609,Tessancourt-sur-Aubette,commune,,966,ign_chef_lieu,1.919,49.024,28.474,36.817,115.000,126.000,137.000,22.000,,31.752,13.559,354.000,365.000,11.000,0.028,20.633,3.968,3.000,False,False,False,,,False
gare,93033,Gournay-sur-Marne,commune,,7320,ign_chef_lieu,2.573,48.865,28.497,16.191,82.000,85.000,89.000,7.000,,47.117,20.116,355.000,225.000,-130.000,-0.335,-18.659,1.804,1.000,False,False,False,,,False
gare,91457,La Norville,commune,,4268,ign_chef_lieu,2.259,48.587,28.498,30.770,113.000,120.000,128.000,15.000,,41.068,14.249,356.000,352.000,-4.000,-0.010,14.832,2.922,3.000,False,False,False,,,False
gare,78299,Hardricourt,commune,,2599,ign_chef_lieu,1.894,49.008,28.528,37.562,86.000,96.000,105.000,19.000,,29.693,17.830,357.000,274.000,-83.000,-0.214,-8.190,3.233,2.000,False,False,False,,,False
gare,78420,Montfort-l'Amaury,commune,,2779,ign_chef_lieu,1.809,48.778,28.542,40.864,130.000,152.000,175.000,45.000,,26.972,11.266,358.000,384.000,26.000,0.067,45.325,5.636,2.000,False,False,False,,,False
gare,94059,Le Plessis-Trévise,commune,,21112,ign_chef_lieu,2.573,48.809,28.553,17.014,85.000,89.000,94.000,9.000,,47.085,19.249,359.000,238.500,-120.500,-0.311,-14.928,1.890,2.000,False,False,False,,,False
gare,78230,La Falaise,commune,,609,ign_chef_lieu,1.832,48.945,28.581,39.417,115.000,130.000,142.000,27.000,,30.092,13.191,360.000,368.500,8.500,0.022,24.191,4.320,4.000,True,False,False,,,False
gare,94075,Villecresnes,commune,,11647,ign_chef_lieu,2.533,48.722,28.582,20.000,92.000,97.000,101.000,9.000,,43.693,17.680,361.000,279.000,-82.000,-0.211,-7.336,2.220,2.000,False,False,False,,,False
gare,78084,Boissy-sans-Avoir,commune,,616,ign_chef_lieu,1.798,48.819,28.637,40.944,138.000,160.000,,,,26.772,10.739,362.000,388.000,26.000,0.067,52.677,5.976,2.000,False,False,False,,,False
gare,95628,Valmondois,commune,,1208,ign_chef_lieu,2.190,49.096,28.692,29.206,105.000,111.000,117.000,12.000,,47.415,15.509,363.000,323.500,-39.500,-0.102,5.800,2.341,3.000,False,False,False,,,False
gare,95445,Nerville-la-Forêt,commune,,756,ign_chef_lieu,2.277,49.089,28.693,26.490,,,,,,45.058,,,,,,,,,False,False,False,,,False
gare,78403,Mézy-sur-Seine,commune,,2242,ign_chef_lieu,1.881,49.000,28.695,38.054,100.000,111.000,119.000,19.000,,30.847,15.511,364.000,323.500,-40.500,-0.104,5.794,3.598,2.000,False,False,False,,,False
gare,95170,Condécourt,commune,,564,ign_chef_lieu,1.941,49.040,28.728,36.382,115.000,126.000,138.000,23.000,,34.098,13.680,365.000,365.000,0.000,0.000,20.011,3.695,2.000,False,False,False,,,False
gare,91086,Bondoufle,commune,,10767,ign_chef_lieu,2.380,48.613,28.801,27.114,120.000,124.000,128.000,8.000,,40.507,13.936,366.000,361.500,-4.500,-0.012,17.932,3.061,3.000,False,False,False,,,False
gare,78616,Thoiry,commune,,1434,ign_chef_lieu,1.795,48.865,28.857,40.886,107.000,118.000,131.000,24.000,,33.377,14.673,367.000,344.500,-22.500,-0.058,12.099,3.535,2.000,False,False,False,,,False
gare,91207,Égly,commune,,7166,ign_chef_lieu,2.222,48.580,28.863,32.222,111.000,118.000,126.000,15.000,,41.772,14.676,368.000,344.500,-23.500,-0.061,12.085,2.825,3.000,False,False,False,,,False
gare,91017,Angervilliers,commune,,1772,ign_chef_lieu,2.065,48.592,28.880,36.281,,,,,,45.403,,,,,,,,,False,False,False,,,False
gare,91215,Épinay-sous-Sénart,commune,,11611,ign_chef_lieu,2.515,48.695,28.928,21.565,80.000,84.000,88.000,8.000,,48.662,20.663,369.000,218.000,-151.000,-0.389,-20.316,1.726,2.000,False,False,False,,,False
gare,95078,Boissy-l'Aillerie,commune,,2120,ign_chef_lieu,2.029,49.077,28.934,34.103,96.000,103.000,111.000,15.000,,44.133,16.855,370.000,300.500,-69.500,-0.179,-2.305,2.334,1.000,False,False,False,,,False
gare,91568,Saint-Maurice-Montcouronne,commune,,1543,ign_chef_lieu,2.124,48.581,28.951,34.900,,,,,,43.848,,,,,,,,,False,False,False,,,False
gare,91600,Soisy-sur-Seine,commune,,7418,ign_chef_lieu,2.452,48.646,28.984,24.527,110.000,114.000,117.000,7.000,,43.328,15.255,371.000,334.000,-37.000,-0.095,8.021,2.631,3.000,False,False,False,,,False
gare,94060,La Queue-en-Brie,commune,,12241,ign_chef_lieu,2.575,48.791,29.002,17.886,84.000,89.000,94.000,10.000,,48.972,19.552,372.000,238.500,-133.500,-0.344,-15.699,1.817,2.000,False,False,False,,,False
gare,93047,Montfermeil,commune,,28703,ign_chef_lieu,2.571,48.902,29.067,16.801,81.000,85.000,89.000,8.000,,44.833,20.518,373.000,225.000,-148.000,-0.381,-19.593,1.896,2.000,False,False,False,,,False
gare,78262,Galluis,commune,,1298,ign_chef_lieu,1.796,48.796,29.068,41.412,125.000,147.000,170.000,45.000,,26.432,11.864,374.000,382.000,8.000,0.021,39.056,5.562,2.000,False,False,False,,,False
gare,93078,Villepinte,commune,,41470,ign_chef_lieu,2.535,48.964,29.090,17.917,88.000,92.000,96.000,8.000,,41.487,18.972,375.000,253.000,-122.000,-0.314,-13.010,2.218,3.000,False,False,False,,,False
gare,95271,Génicourt,commune,,514,ign_chef_lieu,2.066,49.088,29.096,33.190,103.000,109.000,114.000,11.000,,42.740,16.016,376.000,317.000,-59.000,-0.152,3.050,2.550,2.000,False,False,False,,,False
gare,95535,Sagy,commune,,1096,ign_chef_lieu,1.952,49.050,29.131,36.391,,,,,,35.935,,,,,,,,,False,False,False,,,False
gare,94048,Marolles-en-Brie,commune,,4781,ign_chef_lieu,2.550,48.733,29.180,20.000,100.000,105.000,109.000,9.000,,45.617,16.674,377.000,307.000,-70.000,-0.180,-0.898,2.302,2.000,False,False,False,,,False
gare,78486,Le Perray-en-Yvelines,commune,,6480,ign_chef_lieu,1.855,48.695,29.180,40.787,70.000,78.000,85.000,15.000,,33.237,22.447,378.000,180.000,-198.000,-0.510,-26.382,2.347,1.000,False,False,False,,5.000,False
gare,95660,Villaines-sous-Bois,commune,,778,ign_chef_lieu,2.357,49.077,29.329,24.532,108.000,119.000,131.000,23.000,,47.338,14.788,379.000,348.500,-30.500,-0.079,11.984,2.514,2.000,False,False,False,,,False
gare,95341,Livilliers,commune,,389,ign_chef_lieu,2.095,49.095,29.349,32.576,127.000,138.000,149.000,22.000,,44.355,12.760,380.000,374.000,-6.000,-0.015,29.811,3.111,2.000,False,False,False,,,False
gare,95308,Hérouville-en-Vexin,commune,,584,ign_chef_lieu,2.131,49.101,29.504,31.683,132.000,143.000,154.000,22.000,,45.452,12.379,381.000,380.000,-1.000,-0.003,34.101,3.146,2.000,False,False,False,,,False
gare,78655,Vieille-Église-en-Yvelines,commune,,652,ign_chef_lieu,1.875,48.670,29.549,40.732,,,,,,36.688,,,,,,,,,False,False,False,,,False
gare,95181,Courcelles-sur-Viosne,commune,,310,ign_chef_lieu,2.003,49.077,29.761,35.449,,,,,,43.567,,,,,,,,,False,False,False,,,False
gare,93074,Vaujours,commune,,8007,ign_chef_lieu,2.567,48.932,29.807,17.861,91.000,95.000,99.000,8.000,,41.752,18.825,382.000,268.500,-113.500,-0.293,-11.440,2.275,3.000,False,False,False,,,False
gare,78261,Gaillon-sur-Montcient,commune,,689,ign_chef_lieu,1.892,49.024,29.875,38.550,110.000,121.000,132.000,22.000,,30.615,14.814,383.000,354.500,-28.500,-0.073,12.647,3.952,2.000,False,False,False,,,False
gare,93015,Coubron,commune,,5175,ign_chef_lieu,2.577,48.916,29.898,17.733,88.000,94.000,100.000,12.000,,43.537,19.084,384.000,263.500,-120.500,-0.311,-12.529,2.159,2.000,False,False,False,,,False
gare,77108,Chelles,commune,,54620,ign_chef_lieu,2.590,48.878,29.935,17.593,69.000,73.000,77.000,8.000,,49.245,24.604,385.000,146.000,-239.000,-0.616,-32.119,1.482,2.000,False,False,False,,1.000,False
gare,95422,Montgeroult,commune,,361,ign_chef_lieu,2.007,49.081,29.980,35.515,111.000,118.000,126.000,15.000,,44.983,15.244,386.000,344.500,-41.500,-0.107,9.629,2.623,1.000,False,False,False,,,False
gare,95682,Villiers-le-Sec,commune,,205,ign_chef_lieu,2.390,49.072,30.002,24.189,,,,,,47.280,,,,,,,,,False,False,False,,,False
gare,95280,Goussainville,commune,,31301,ign_chef_lieu,2.473,49.032,30.112,21.474,93.000,100.000,108.000,15.000,,46.538,18.067,387.000,289.500,-97.500,-0.251,-7.331,2.149,3.000,False,False,False,,,False
gare,95313,L'Isle-Adam,commune,,12493,ign_chef_lieu,2.218,49.112,30.557,30.126,106.000,113.000,119.000,13.000,,46.240,16.225,388.000,329.500,-58.500,-0.151,3.823,2.444,3.000,False,False,False,,,False
