origin_id,unit_id,name,level,parent_id,population,point_source,lon,lat,dist_km,dist_km_core,travel_time_p25,t_tc,travel_time_p75,t_tc_spread,walk_time,car_time,v_eff_kmh,rank_dist,rank_time,paradox_index,paradox_norm,time_excess_pct,ratio_tc_car,transfers,transfers_censored,walk_only,dead_zone,top_nah_fern,top_fern_nah,is_origin_commune
centre,92033,Garches,commune,,17743,ign_chef_lieu,2.188,48.844,0.000,12.175,0.000,0.000,0.000,0.000,0.000,0.000,,,,,,,,0.000,False,True,False,,,True
centre,92047,Marnes-la-Coquette,commune,,1752,ign_chef_lieu,2.178,48.830,1.666,13.169,23.000,25.000,26.000,3.000,26.000,6.340,3.998,1.000,3.000,2.000,0.005,-0.912,3.943,0.000,False,False,False,,,False
centre,92077,Ville-d'Avray,commune,,11089,ign_chef_lieu,2.190,48.828,1.690,12.361,33.000,35.000,38.000,5.000,35.000,7.352,2.898,2.000,7.000,5.000,0.013,37.752,4.761,0.000,False,True,False,,,False
centre,92076,Vaucresson,commune,,8432,ign_chef_lieu,2.158,48.839,2.233,14.401,22.000,24.000,26.000,4.000,34.000,4.690,5.584,3.000,2.000,-1.000,-0.003,-17.493,5.117,0.000,False,False,False,,,False
centre,92064,Saint-Cloud,commune,,29855,ign_chef_lieu,2.219,48.844,2.301,9.890,20.000,22.000,24.000,4.000,34.000,6.492,6.276,4.000,1.000,-3.000,-0.007,-25.459,3.389,0.000,False,False,False,,,False
centre,92072,Sèvres,commune,,22303,ign_chef_lieu,2.213,48.825,2.777,10.853,39.000,41.000,44.000,5.000,49.000,10.847,4.064,5.000,13.500,8.500,0.021,26.796,3.780,1.000,False,False,False,,,False
centre,92022,Chaville,commune,,20594,ign_chef_lieu,2.188,48.810,3.734,13.115,33.000,37.000,40.000,7.000,68.000,14.970,6.055,6.000,8.500,2.500,0.006,-0.887,2.472,1.000,False,False,False,,,False
centre,78126,La Celle-Saint-Cloud,commune,,20460,ign_chef_lieu,2.136,48.848,3.820,15.897,29.000,31.000,34.000,5.000,57.000,9.535,7.393,7.000,4.000,-3.000,-0.007,-17.875,3.251,1.000,False,False,False,,,False
centre,92063,Rueil-Malmaison,commune,,82874,ign_chef_lieu,2.181,48.878,3.857,12.835,47.000,49.000,51.000,4.000,64.000,10.962,4.723,8.000,27.500,19.500,0.049,29.205,4.470,0.000,False,False,False,,,False
centre,92012,Boulogne-Billancourt,commune,,119019,ign_chef_lieu,2.241,48.836,3.967,8.524,38.000,41.000,43.000,5.000,60.000,9.915,5.805,9.000,13.500,4.500,0.011,6.648,4.135,1.000,False,False,False,,,False
centre,78092,Bougival,commune,,9134,ign_chef_lieu,2.140,48.861,4.006,15.612,36.000,39.000,42.000,6.000,64.000,12.343,6.164,10.000,11.500,1.500,0.004,0.955,3.160,0.000,False,False,False,,,False
centre,92073,Suresnes,commune,,48956,ign_chef_lieu,2.225,48.871,4.112,9.487,30.000,33.000,36.000,6.000,61.000,8.897,7.477,11.000,5.500,-5.500,-0.014,-15.653,3.709,1.000,False,False,False,,,False
centre,78158,Le Chesnay-Rocquencourt,commune,,30689,ign_chef_lieu,2.125,48.826,4.962,17.006,34.000,39.000,43.000,9.000,78.000,9.432,7.633,12.000,11.500,-0.500,-0.001,-9.002,4.135,1.000,False,False,False,,,False
centre,78686,Viroflay,commune,,17237,ign_chef_lieu,2.173,48.800,4.992,14.594,40.000,45.000,51.000,11.000,82.000,17.177,6.656,13.000,17.000,4.000,0.010,4.688,2.620,2.000,False,False,False,,,False
centre,92048,Meudon,commune,,46334,ign_chef_lieu,2.239,48.813,5.042,9.653,47.000,49.000,51.000,4.000,82.000,15.690,6.174,14.000,27.500,13.500,0.034,13.445,3.123,1.000,False,False,False,,,False
centre,78190,Croissy-sur-Seine,commune,,11013,ign_chef_lieu,2.148,48.881,5.054,15.263,49.000,52.000,55.000,6.000,100.000,16.795,5.832,15.000,37.500,22.500,0.056,20.247,3.096,2.000,False,False,False,,,False
centre,92050,Nanterre,commune,,97783,ign_chef_lieu,2.207,48.892,5.577,11.372,49.000,51.000,54.000,5.000,89.000,15.410,6.561,16.000,34.000,18.000,0.045,12.435,3.310,2.000,False,False,False,,,False
centre,78146,Chatou,commune,,30598,ign_chef_lieu,2.158,48.890,5.612,14.779,50.000,53.000,56.000,6.000,96.000,15.258,6.353,17.000,42.500,25.500,0.064,16.487,3.474,2.000,False,False,False,,,False
centre,92062,Puteaux,commune,,44002,ign_chef_lieu,2.238,48.884,5.828,8.936,31.000,33.000,36.000,5.000,86.000,13.647,10.597,18.000,5.500,-12.500,-0.031,-28.790,2.418,0.000,False,False,False,,,False
centre,78350,Louveciennes,commune,,7990,ign_chef_lieu,2.113,48.862,5.886,17.620,36.000,38.000,41.000,5.000,89.000,11.680,9.294,19.000,10.000,-9.000,-0.022,-18.394,3.253,0.000,False,False,False,,,False
centre,78646,Versailles,commune,,84095,ign_chef_lieu,2.130,48.801,6.330,17.444,45.000,47.000,50.000,5.000,99.000,12.352,8.081,20.000,24.000,4.000,0.010,-2.566,3.805,2.000,False,False,False,,,False
centre,92040,Issy-les-Moulineaux,commune,,67669,ign_chef_lieu,2.274,48.825,6.663,6.776,50.000,53.000,55.000,5.000,99.000,16.033,7.543,21.000,42.500,21.500,0.054,7.174,3.306,1.000,False,False,False,,,False
centre,78640,Vélizy-Villacoublay,commune,,23011,ign_chef_lieu,2.191,48.783,6.763,14.434,49.000,54.000,59.000,10.000,113.000,19.100,7.514,22.000,47.500,25.500,0.064,8.409,2.827,2.000,False,False,False,,,False
centre,78502,Le Port-Marly,commune,,5559,ign_chef_lieu,2.112,48.878,6.794,17.836,48.000,50.000,53.000,5.000,108.000,17.037,8.153,23.000,30.500,7.500,0.019,0.152,2.935,0.000,False,False,False,,,False
centre,78650,Le Vésinet,commune,,15554,ign_chef_lieu,2.135,48.895,6.879,16.525,55.000,58.000,61.000,6.000,,18.282,7.116,24.000,61.500,37.500,0.094,15.480,3.173,1.000,False,False,False,,,False
centre,75116,Paris 16e Arrondissement,district,75056,159386,ign_chef_lieu_arrondissement,2.277,48.864,6.889,5.633,44.000,46.000,49.000,5.000,107.000,16.780,8.985,25.000,20.000,-5.000,-0.013,-8.475,2.741,2.000,False,False,False,,,False
centre,78124,Carrières-sur-Seine,commune,,14791,ign_chef_lieu,2.176,48.906,7.004,14.048,55.000,57.000,60.000,5.000,,22.765,7.373,26.000,59.000,33.000,0.083,12.501,2.504,2.000,False,False,False,,,False
centre,78372,Marly-le-Roi,commune,,16756,ign_chef_lieu,2.097,48.868,7.199,18.789,35.000,37.000,40.000,5.000,110.000,14.270,11.674,27.000,8.500,-18.500,-0.046,-27.941,2.593,0.000,False,False,False,,,False
centre,92023,Clamart,commune,,58576,ign_chef_lieu,2.263,48.801,7.287,9.044,64.000,67.000,71.000,7.000,117.000,21.622,6.526,28.000,92.000,64.000,0.160,29.716,3.099,2.000,False,False,True,,,False
centre,92051,Neuilly-sur-Seine,commune,,59538,ign_chef_lieu,2.270,48.885,7.566,6.847,44.000,46.000,49.000,5.000,116.000,16.155,9.869,29.000,20.000,-9.000,-0.022,-12.549,2.847,1.000,False,False,False,,,False
centre,92026,Courbevoie,commune,,82902,ign_chef_lieu,2.256,48.895,7.620,8.332,40.000,43.000,45.000,5.000,113.000,15.502,10.632,30.000,15.500,-14.500,-0.036,-18.532,2.774,0.000,False,False,False,,,False
centre,78418,Montesson,commune,,14549,ign_chef_lieu,2.150,48.909,7.757,15.966,59.000,62.000,66.000,7.000,,22.607,7.507,31.000,73.000,42.000,0.105,16.452,2.743,2.000,False,False,True,,,False
centre,92075,Vanves,commune,,28622,ign_chef_lieu,2.289,48.821,7.864,6.048,59.000,62.000,65.000,6.000,116.000,18.437,7.611,32.000,73.000,41.000,0.102,15.675,3.363,2.000,False,False,True,,,False
centre,78043,Bailly,commune,,3731,ign_chef_lieu,2.079,48.840,8.004,20.169,45.000,48.000,51.000,6.000,,12.590,10.005,33.000,26.000,-7.000,-0.018,-11.206,3.813,1.000,False,False,False,,,False
centre,75115,Paris 15e Arrondissement,district,75056,229713,ign_chef_lieu_arrondissement,2.300,48.841,8.268,4.177,53.000,55.000,57.000,4.000,,21.285,9.019,34.000,52.000,18.000,0.045,0.153,2.584,2.000,False,False,False,,,False
centre,92035,La Garenne-Colombes,commune,,30197,ign_chef_lieu,2.247,48.907,8.269,9.590,45.000,47.000,50.000,5.000,,17.825,10.556,35.000,24.000,-11.000,-0.028,-14.421,2.637,0.000,False,False,False,,,False
centre,78481,Le Pecq,commune,,16059,ign_chef_lieu,2.106,48.897,8.463,18.628,54.000,57.000,59.000,5.000,,19.680,8.909,36.000,59.000,23.000,0.058,2.623,2.896,1.000,False,False,False,,,False
centre,92046,Malakoff,commune,,30557,ign_chef_lieu,2.302,48.821,8.732,5.440,62.000,64.000,67.000,5.000,,19.307,8.186,37.000,79.500,42.500,0.106,13.493,3.315,3.000,False,False,False,,,False
centre,92060,Le Plessis-Robinson,commune,,28848,ign_chef_lieu,2.262,48.782,8.751,10.588,75.000,77.000,80.000,5.000,,20.603,6.819,38.000,162.000,124.000,0.310,36.402,3.737,3.000,False,False,False,,,False
centre,78311,Houilles,commune,,33983,ign_chef_lieu,2.187,48.923,8.857,14.259,43.000,46.000,49.000,6.000,,26.035,11.553,39.000,20.000,-19.000,-0.048,-18.990,1.767,1.000,False,False,False,,,False
centre,78322,Jouy-en-Josas,commune,,7981,ign_chef_lieu,2.169,48.765,8.875,16.922,57.000,60.000,64.000,7.000,,19.678,8.875,40.000,67.000,27.000,0.068,5.561,3.049,2.000,False,False,False,,,False
centre,92020,Châtillon,commune,,36705,ign_chef_lieu,2.290,48.800,8.945,7.810,75.000,78.000,81.000,6.000,,22.637,6.880,41.000,170.500,129.500,0.324,36.712,3.446,3.000,False,False,False,10.000,,False
centre,78117,Buc,commune,,5816,ign_chef_lieu,2.126,48.774,8.957,18.992,64.000,68.000,72.000,8.000,,20.285,7.903,42.000,99.500,57.500,0.144,19.102,3.352,2.000,False,False,False,,,False
centre,78224,L'Étang-la-Ville,commune,,5157,ign_chef_lieu,2.073,48.871,8.991,20.599,41.000,43.000,46.000,5.000,,20.692,12.546,43.000,15.500,-27.500,-0.069,-24.824,2.078,0.000,False,False,False,,,False
centre,78455,Noisy-le-Roi,commune,,7713,ign_chef_lieu,2.064,48.844,9.047,21.184,44.000,46.000,49.000,5.000,,15.310,11.800,44.000,20.000,-24.000,-0.060,-19.819,3.005,1.000,False,False,False,,,False
centre,92044,Levallois-Perret,commune,,68092,ign_chef_lieu,2.288,48.893,9.151,6.243,50.000,53.000,55.000,5.000,,19.363,10.359,45.000,42.500,-2.500,-0.006,-8.127,2.737,1.000,False,False,False,,,False
centre,78367,Mareil-Marly,commune,,4141,ign_chef_lieu,2.077,48.882,9.187,20.408,50.000,52.000,55.000,5.000,,22.832,10.600,46.000,37.500,-8.500,-0.021,-10.033,2.278,1.000,False,False,False,,,False
centre,78551,Saint-Germain-en-Laye,commune,,45931,ign_chef_lieu,2.094,48.899,9.244,19.555,53.000,56.000,59.000,6.000,,22.088,9.904,47.000,56.000,9.000,0.022,-3.405,2.535,1.000,False,False,False,,,False
centre,92032,Fontenay-aux-Roses,commune,,24070,ign_chef_lieu,2.287,48.791,9.299,8.717,80.000,82.000,85.000,5.000,,24.925,6.804,48.000,196.500,148.500,0.371,41.038,3.290,3.000,False,False,False,7.000,,False
centre,78343,Les Loges-en-Josas,commune,,1645,ign_chef_lieu,2.140,48.764,9.475,18.643,63.000,67.000,71.000,8.000,,21.607,8.485,49.000,92.000,43.000,0.107,14.191,3.101,3.000,False,False,False,,,False
centre,95063,Bezons,commune,,36434,ign_chef_lieu,2.216,48.928,9.606,12.772,51.000,54.000,57.000,6.000,,20.948,10.674,50.000,47.500,-2.500,-0.006,-8.577,2.578,1.000,False,False,False,,,False
centre,92009,Bois-Colombes,commune,,28909,ign_chef_lieu,2.268,48.914,9.818,8.946,48.000,50.000,53.000,5.000,,20.505,11.782,51.000,30.500,-20.500,-0.051,-16.240,2.438,0.000,False,False,False,,,False
centre,92007,Bagneux,commune,,44572,ign_chef_lieu,2.304,48.799,9.850,7.267,71.000,73.000,76.000,5.000,,25.098,8.096,52.000,132.500,80.500,0.201,22.099,2.909,4.000,True,False,False,,,False
centre,75107,Paris 7e Arrondissement,district,75056,48015,ign_chef_lieu_arrondissement,2.320,48.857,9.860,2.354,52.000,55.000,58.000,6.000,,26.068,10.756,53.000,52.000,-1.000,-0.003,-8.054,2.110,2.000,False,False,False,,,False
centre,92025,Colombes,commune,,91053,ign_chef_lieu,2.254,48.923,10.052,10.285,52.000,54.000,58.000,6.000,,21.555,11.169,54.000,47.500,-6.500,-0.016,-10.569,2.505,2.000,False,False,False,,,False
centre,78545,Saint-Cyr-l'École,commune,,21268,ign_chef_lieu,2.067,48.800,10.116,21.884,52.000,56.000,58.000,6.000,,16.862,10.839,55.000,56.000,1.000,0.003,-7.541,3.321,1.000,False,False,False,,,False
centre,92049,Montrouge,commune,,46324,ign_chef_lieu,2.320,48.819,10.128,4.797,58.000,60.000,63.000,5.000,,21.012,10.128,56.000,67.000,11.000,0.028,-0.996,2.856,3.000,False,False,False,,,False
centre,91064,Bièvres,commune,,4686,ign_chef_lieu,2.215,48.754,10.136,15.191,66.000,68.000,71.000,5.000,,20.482,8.943,57.000,99.500,42.500,0.106,12.166,3.320,2.000,False,False,False,,,False
centre,75108,Paris 8e Arrondissement,district,75056,35317,ign_chef_lieu_arrondissement,2.318,48.878,10.251,3.475,47.000,50.000,52.000,5.000,,23.205,12.301,58.000,30.500,-27.500,-0.069,-17.976,2.155,0.000,False,False,False,,,False
centre,92071,Sceaux,commune,,20884,ign_chef_lieu,2.288,48.780,10.258,9.750,78.000,81.000,84.000,6.000,,24.737,7.598,59.000,190.500,131.500,0.329,32.836,3.274,3.000,False,False,False,9.000,,False
centre,75114,Paris 14e Arrondissement,district,75056,136455,ign_chef_lieu_arrondissement,2.327,48.833,10.282,3.201,56.000,59.000,61.000,5.000,,24.068,10.456,60.000,63.500,3.500,0.009,-3.353,2.451,2.000,False,False,False,,,False
centre,92004,Asnières-sur-Seine,commune,,93941,ign_chef_lieu,2.289,48.911,10.531,7.635,50.000,52.000,55.000,5.000,,19.130,12.151,61.000,37.500,-23.500,-0.059,-15.805,2.718,1.000,False,False,False,,,False
centre,78396,Le Mesnil-le-Roi,commune,,6332,ign_chef_lieu,2.122,48.928,10.539,18.651,67.000,71.000,75.000,8.000,,25.793,8.906,62.000,119.500,57.500,0.144,14.918,2.753,2.000,False,False,False,,,False
centre,75106,Paris 6e Arrondissement,district,75056,40389,ign_chef_lieu_arrondissement,2.332,48.851,10.638,1.616,51.000,54.000,56.000,5.000,,28.293,11.820,63.000,47.500,-15.500,-0.039,-12.996,1.909,3.000,False,False,False,,,False
centre,78518,Rennemoulin,commune,,116,ign_chef_lieu,2.043,48.832,10.737,22.913,59.000,66.000,74.000,15.000,,16.383,9.761,64.000,87.500,23.500,0.059,5.861,4.028,2.000,False,False,False,,,False
centre,92019,Châtenay-Malabry,commune,,35825,ign_chef_lieu,2.278,48.767,10.742,11.320,83.000,85.000,89.000,6.000,,21.985,7.583,65.000,221.000,156.000,0.390,36.308,3.866,4.000,True,False,False,6.000,,False
centre,92024,Clichy,commune,,64410,ign_chef_lieu,2.305,48.903,10.832,6.232,52.000,55.000,57.000,5.000,,20.282,11.817,66.000,52.000,-14.000,-0.035,-12.160,2.712,3.000,False,False,False,,,False
centre,75117,Paris 17e Arrondissement,district,75056,159212,ign_chef_lieu_arrondissement,2.322,48.885,10.864,3.852,49.000,51.000,54.000,5.000,,24.748,12.782,67.000,34.000,-33.000,-0.083,-18.664,2.061,2.000,False,False,False,,,False
centre,78242,Fontenay-le-Fleury,commune,,13680,ign_chef_lieu,2.046,48.811,11.045,23.086,64.000,66.000,68.000,4.000,,18.693,10.041,68.000,87.500,19.500,0.049,4.421,3.531,3.000,False,False,False,,,False
centre,78586,Sartrouville,commune,,52763,ign_chef_lieu,2.158,48.941,11.064,17.073,48.000,50.000,53.000,5.000,,28.423,13.276,69.000,30.500,-38.500,-0.096,-20.959,1.759,1.000,False,False,False,,,False
centre,75105,Paris 5e Arrondissement,district,75056,55252,ign_chef_lieu_arrondissement,2.344,48.846,11.500,1.300,50.000,53.000,56.000,6.000,,29.603,13.019,70.000,42.500,-27.500,-0.069,-17.778,1.790,2.000,False,False,False,,,False
centre,91312,Igny,commune,,10833,ign_chef_lieu,2.226,48.742,11.618,15.746,73.000,77.000,80.000,7.000,,20.963,9.053,71.000,162.000,91.000,0.228,18.865,3.673,2.000,False,False,False,,,False
centre,94003,Arcueil,commune,,22200,ign_chef_lieu,2.335,48.804,11.648,5.922,61.000,64.000,67.000,6.000,,26.632,10.920,72.000,79.500,7.500,0.019,-1.324,2.403,2.000,False,False,False,,,False
centre,75109,Paris 9e Arrondissement,district,75056,57271,ign_chef_lieu_arrondissement,2.341,48.872,11.723,1.965,45.000,47.000,50.000,5.000,,28.158,14.965,73.000,24.000,-49.000,-0.122,-27.761,1.669,2.000,False,False,False,,,False
centre,78297,Guyancourt,commune,,29778,ign_chef_lieu,2.070,48.771,11.827,22.806,70.000,73.000,76.000,6.000,,18.740,9.720,74.000,132.500,58.500,0.146,11.723,3.895,3.000,False,False,False,,,False
centre,78358,Maisons-Laffitte,commune,,23093,ign_chef_lieu,2.145,48.946,11.833,18.204,44.000,46.000,49.000,5.000,,31.487,15.434,75.000,20.000,-55.000,-0.138,-29.618,1.461,1.000,False,False,False,,,False
centre,92014,Bourg-la-Reine,commune,,21019,ign_chef_lieu,2.316,48.779,11.840,9.025,65.000,68.000,71.000,6.000,,25.667,10.447,76.000,99.500,23.500,0.059,4.014,2.649,2.000,False,False,False,,,False
centre,92036,Gennevilliers,commune,,50979,ign_chef_lieu,2.293,48.925,11.959,8.823,62.000,65.000,68.000,6.000,,21.908,11.039,77.000,83.000,6.000,0.015,-1.057,2.967,3.000,False,False,False,,,False
centre,94016,Cachan,commune,,31103,ign_chef_lieu,2.334,48.795,12.047,7.005,66.000,68.000,71.000,5.000,,27.133,10.630,78.000,99.500,21.500,0.054,3.141,2.506,3.000,False,False,False,,,False
centre,78620,Toussus-le-Noble,commune,,1172,ign_chef_lieu,2.114,48.746,12.125,21.378,70.000,74.000,78.000,8.000,,24.867,9.831,79.000,139.000,60.000,0.150,11.892,2.976,2.000,False,False,False,,,False
centre,94037,Gentilly,commune,,19963,ign_chef_lieu,2.348,48.816,12.174,4.547,61.000,64.000,67.000,6.000,,23.648,11.413,80.000,79.500,-0.500,-0.001,-3.419,2.706,2.000,False,False,False,,,False
centre,91635,Vauhallan,commune,,1945,ign_chef_lieu,2.207,48.734,12.250,17.276,85.000,91.000,95.000,10.000,,23.373,8.077,81.000,269.000,188.000,0.470,36.911,3.893,3.000,False,False,False,1.000,,False
centre,91645,Verrières-le-Buisson,commune,,15057,ign_chef_lieu,2.267,48.746,12.292,13.745,86.000,89.000,93.000,7.000,,24.780,8.287,82.000,251.500,169.500,0.424,33.679,3.592,3.000,False,False,False,4.000,,False
centre,78571,Saint-Nom-la-Bretèche,commune,,4965,ign_chef_lieu,2.021,48.860,12.345,24.303,51.000,55.000,59.000,8.000,,18.480,13.467,83.000,52.000,-31.000,-0.077,-17.561,2.976,1.000,False,False,False,,,False
centre,75113,Paris 13e Arrondissement,district,75056,181271,ign_chef_lieu_arrondissement,2.356,48.833,12.378,2.656,60.000,62.000,64.000,4.000,,29.978,11.979,84.000,73.000,-11.000,-0.028,-7.189,2.068,2.000,False,False,False,,,False
centre,78073,Bois-d'Arcy,commune,,16586,ign_chef_lieu,2.031,48.801,12.429,24.381,67.000,70.000,74.000,7.000,,14.977,10.653,85.000,114.000,29.000,0.072,4.579,4.674,2.000,False,False,False,,,False
centre,95018,Argenteuil,commune,,106130,ign_chef_lieu,2.249,48.948,12.434,12.694,65.000,68.000,72.000,7.000,,25.648,10.971,86.000,99.500,13.500,0.034,1.569,2.651,2.000,False,False,False,,,False
centre,91534,Saclay,commune,,4437,ign_chef_lieu,2.172,48.731,12.566,19.220,80.000,85.000,93.000,13.000,,24.502,8.870,87.000,221.000,134.000,0.335,26.313,3.469,3.000,False,False,False,8.000,,False
centre,75118,Paris 18e Arrondissement,district,75056,183127,ign_chef_lieu_arrondissement,2.344,48.892,12.699,4.011,51.000,53.000,56.000,5.000,,27.548,14.376,88.000,42.500,-45.500,-0.114,-21.641,1.924,2.000,False,False,False,,,False
centre,92002,Antony,commune,,64263,ign_chef_lieu,2.296,48.754,12.752,12.157,73.000,76.000,79.000,6.000,,25.382,10.067,89.000,153.000,64.000,0.160,12.136,2.994,2.000,False,False,False,,,False
centre,75110,Paris 10e Arrondissement,district,75056,83873,ign_chef_lieu_arrondissement,2.358,48.872,12.865,1.758,50.000,52.000,55.000,5.000,,32.170,14.845,90.000,37.500,-52.500,-0.131,-23.605,1.616,2.000,False,False,False,,,False
centre,78133,Chambourcy,commune,,5847,ign_chef_lieu,2.040,48.906,12.885,23.586,69.000,73.000,77.000,8.000,,21.605,10.590,91.000,132.500,41.500,0.104,7.169,3.379,2.000,False,False,False,,,False
centre,94043,Le Kremlin-Bicêtre,commune,,24110,ign_chef_lieu,2.357,48.812,12.894,4.911,66.000,68.000,71.000,5.000,,24.892,11.377,92.000,99.500,7.500,0.019,-0.206,2.732,2.000,False,False,False,,,False
centre,75100,Paris Centre,district,75056,94472,ign_chef_lieu_arrondissement,2.362,48.864,12.964,1.072,53.000,56.000,59.000,6.000,,31.575,13.890,93.000,56.000,-37.000,-0.092,-18.032,1.774,2.000,False,False,False,,,False
centre,94038,L'Haÿ-les-Roses,commune,,31188,ign_chef_lieu,2.337,48.779,13.113,8.651,77.000,79.000,82.000,5.000,,28.135,9.959,94.000,176.500,82.500,0.206,14.993,2.808,3.000,False,False,False,,,False
centre,93070,Saint-Ouen-sur-Seine,commune,,53615,ign_chef_lieu,2.334,48.912,13.159,6.288,50.000,53.000,56.000,6.000,,23.693,14.897,95.000,42.500,-52.500,-0.131,-22.983,2.237,3.000,False,False,False,,,False
centre,78674,Villepreux,commune,,11931,ign_chef_lieu,2.005,48.830,13.486,25.662,62.000,68.000,76.000,14.000,,21.540,11.900,96.000,99.500,3.500,0.009,-2.359,3.157,2.000,False,False,False,,,False
centre,78143,Châteaufort,commune,,1564,ign_chef_lieu,2.092,48.737,13.744,23.265,77.000,81.000,85.000,8.000,,25.450,10.181,97.000,190.500,93.500,0.234,15.243,3.183,2.000,False,False,False,,,False
centre,78423,Montigny-le-Bretonneux,commune,,32465,ign_chef_lieu,2.038,48.770,13.760,25.063,68.000,72.000,75.000,7.000,,19.892,11.467,98.000,125.000,27.000,0.068,2.382,3.620,2.000,False,False,False,,,False
centre,78688,Voisins-le-Bretonneux,commune,,10624,ign_chef_lieu,2.051,48.759,13.762,24.645,74.000,77.000,81.000,7.000,,21.183,10.724,99.000,162.000,63.000,0.158,9.482,3.635,2.000,False,False,False,,,False
centre,91679,Villiers-le-Bâcle,commune,,1031,ign_chef_lieu,2.126,48.726,13.897,22.132,91.000,94.000,98.000,7.000,,26.018,8.870,100.000,287.000,187.000,0.468,33.026,3.613,2.000,False,False,False,2.000,,False
centre,94034,Fresnes,commune,,29528,ign_chef_lieu,2.322,48.755,13.931,11.487,82.000,85.000,88.000,6.000,,24.158,9.834,101.000,221.000,120.000,0.300,20.144,3.518,3.000,False,False,False,,,False
centre,91377,Massy,commune,,51729,ign_chef_lieu,2.271,48.731,13.947,15.173,81.000,84.000,87.000,6.000,,28.305,9.962,102.000,208.500,106.500,0.266,18.667,2.968,3.000,False,False,False,,,False
centre,78007,Aigremont,commune,,1075,ign_chef_lieu,2.018,48.902,14.066,25.067,87.000,90.000,93.000,6.000,,20.967,9.378,103.000,260.000,157.000,0.393,26.616,4.293,2.000,False,False,False,5.000,,False
centre,94076,Villejuif,commune,,60183,ign_chef_lieu,2.363,48.792,14.104,7.213,74.000,77.000,80.000,6.000,,30.127,10.990,104.000,162.000,58.000,0.145,8.188,2.556,2.000,False,False,False,,,False
centre,78498,Poissy,commune,,40983,ign_chef_lieu,2.043,48.927,14.143,24.049,65.000,68.000,71.000,6.000,,24.697,12.480,105.000,99.500,-5.500,-0.014,-4.588,2.753,2.000,False,False,False,,,False
centre,75111,Paris 11e Arrondissement,district,75056,138170,ign_chef_lieu_arrondissement,2.379,48.859,14.159,1.984,53.000,55.000,59.000,6.000,,35.920,15.446,106.000,52.000,-54.000,-0.135,-22.869,1.531,2.000,False,False,False,,,False
centre,94021,Chevilly-Larue,commune,,19826,ign_chef_lieu,2.347,48.771,14.200,9.467,72.000,75.000,78.000,6.000,,28.730,11.360,107.000,145.500,38.500,0.096,5.031,2.611,3.000,False,False,False,,,False
centre,95257,La Frette-sur-Seine,commune,,4570,ign_chef_lieu,2.178,48.974,14.515,18.267,79.000,82.000,85.000,6.000,,30.285,10.620,108.000,196.500,88.500,0.221,13.618,2.708,2.000,False,False,False,,,False
centre,91538,Saint-Aubin,commune,,661,ign_chef_lieu,2.140,48.715,14.692,22.132,90.000,94.000,103.000,13.000,,26.030,9.378,109.000,287.000,178.000,0.445,29.479,3.611,4.000,True,False,False,3.000,,False
centre,75112,Paris 12e Arrondissement,district,75056,138024,ign_chef_lieu_arrondissement,2.388,48.841,14.721,3.142,56.000,59.000,62.000,6.000,,34.650,14.970,110.000,63.500,-46.500,-0.116,-18.808,1.703,2.000,False,False,False,,,False
centre,95176,Cormeilles-en-Parisis,commune,,27292,ign_chef_lieu,2.199,48.976,14.762,17.405,77.000,80.000,83.000,6.000,,30.167,11.072,111.000,183.500,72.500,0.181,9.940,2.652,2.000,False,False,False,,,False
centre,92078,Villeneuve-la-Garenne,commune,,26021,ign_chef_lieu,2.333,48.936,14.809,8.957,64.000,66.000,69.000,5.000,,23.537,13.463,112.000,87.500,-24.500,-0.061,-9.439,2.804,3.000,False,False,False,,,False
centre,78152,Chavenay,commune,,1723,ign_chef_lieu,1.986,48.854,14.821,26.866,64.000,68.000,74.000,10.000,,21.153,13.078,113.000,99.500,-13.500,-0.034,-6.732,3.215,2.000,False,False,False,,,False
centre,75119,Paris 19e Arrondissement,district,75056,178691,ign_chef_lieu_arrondissement,2.382,48.883,14.908,3.660,54.000,57.000,60.000,6.000,,34.905,15.692,114.000,59.000,-55.000,-0.138,-22.040,1.633,2.000,False,False,False,,,False
centre,91477,Palaiseau,commune,,37471,ign_chef_lieu,2.246,48.715,14.969,17.616,80.000,84.000,88.000,8.000,,25.592,10.692,115.000,208.500,93.500,0.234,14.662,3.282,3.000,False,False,False,,,False
centre,78165,Les Clayes-sous-Bois,commune,,16804,ign_chef_lieu,1.986,48.821,14.992,27.160,69.000,71.000,76.000,7.000,,23.290,12.669,116.000,119.500,3.500,0.009,-3.158,3.049,2.000,False,False,False,,,False
centre,94041,Ivry-sur-Seine,commune,,65064,ign_chef_lieu,2.388,48.812,15.082,5.567,64.000,68.000,72.000,8.000,,30.155,13.308,117.000,99.500,-17.500,-0.044,-7.518,2.255,3.000,False,False,False,,,False
centre,95582,Sannois,commune,,26924,ign_chef_lieu,2.256,48.972,15.114,14.631,65.000,69.000,74.000,9.000,,29.387,13.143,118.000,108.000,-10.000,-0.025,-6.256,2.348,2.000,False,False,False,,,False
centre,93031,Épinay-sur-Seine,commune,,52833,ign_chef_lieu,2.313,48.952,15.135,10.964,68.000,71.000,74.000,6.000,,28.025,12.790,119.000,119.500,0.500,0.001,-3.604,2.533,2.000,False,False,False,,,False
centre,93039,L'Île-Saint-Denis,commune,,8696,ign_chef_lieu,2.341,48.936,15.178,8.853,57.000,60.000,63.000,6.000,,24.555,15.178,120.000,67.000,-53.000,-0.133,-18.651,2.443,2.000,False,False,False,,,False
centre,78356,Magny-les-Hameaux,commune,,9386,ign_chef_lieu,2.084,48.724,15.322,24.615,85.000,91.000,95.000,10.000,,29.773,10.103,121.000,269.000,148.000,0.370,22.816,3.056,2.000,False,False,False,,,False
centre,78005,Achères,commune,,22241,ign_chef_lieu,2.070,48.961,15.636,23.743,67.000,70.000,74.000,7.000,,31.952,13.402,122.000,114.000,-8.000,-0.020,-6.452,2.191,2.000,False,False,False,,,False
centre,75120,Paris 20e Arrondissement,district,75056,185140,ign_chef_lieu_arrondissement,2.399,48.865,15.721,3.582,58.000,60.000,63.000,5.000,,38.787,15.721,123.000,67.000,-56.000,-0.140,-20.026,1.547,2.000,False,False,False,,,False
centre,78621,Trappes,commune,,34689,ign_chef_lieu,1.999,48.776,15.740,27.429,64.000,68.000,72.000,8.000,,19.472,13.888,124.000,99.500,-24.500,-0.061,-9.417,3.492,1.000,False,False,False,,,False
centre,95555,Saint-Gratien,commune,,21336,ign_chef_lieu,2.283,48.971,15.781,13.687,71.000,74.000,76.000,5.000,,28.155,12.795,125.000,139.000,14.000,0.035,-1.546,2.628,2.000,False,False,False,,,False
centre,94065,Rungis,commune,,5611,ign_chef_lieu,2.347,48.748,15.790,12.003,86.000,90.000,93.000,7.000,,28.302,10.527,126.000,260.000,134.000,0.335,19.705,3.180,3.000,False,False,False,,,False
centre,78123,Carrières-sous-Poissy,commune,,20825,ign_chef_lieu,2.034,48.944,15.842,25.277,72.000,76.000,80.000,8.000,,28.438,12.506,127.000,153.000,26.000,0.065,0.925,2.672,2.000,False,False,False,,,False
centre,94081,Vitry-sur-Seine,commune,,93963,ign_chef_lieu,2.388,48.789,15.960,7.992,82.000,85.000,88.000,6.000,,30.692,11.266,128.000,221.000,93.000,0.233,12.471,2.769,4.000,True,False,False,,,False
centre,95424,Montigny-lès-Cormeilles,commune,,22457,ign_chef_lieu,2.188,48.988,16.022,18.943,86.000,89.000,92.000,6.000,,33.258,10.801,129.000,251.500,122.500,0.306,17.542,2.676,2.000,False,False,False,,,False
centre,91471,Orsay,commune,,16498,ign_chef_lieu,2.187,48.699,16.032,21.260,87.000,91.000,95.000,8.000,,25.998,10.571,130.000,269.000,139.000,0.347,20.144,3.500,3.000,False,False,False,,,False
centre,78233,Feucherolles,commune,,3043,ign_chef_lieu,1.974,48.874,16.065,27.851,63.000,69.000,75.000,12.000,,22.495,13.970,131.000,108.000,-23.000,-0.058,-8.991,3.067,1.000,False,False,False,,,False
centre,91689,Wissous,commune,,7151,ign_chef_lieu,2.327,48.732,16.097,13.968,89.000,92.000,95.000,6.000,,30.275,10.498,132.000,277.500,145.500,0.364,21.229,3.039,3.000,False,False,False,,,False
centre,95252,Franconville,commune,,37754,ign_chef_lieu,2.230,48.986,16.150,16.991,78.000,81.000,84.000,6.000,,30.583,11.963,133.000,190.500,57.500,0.144,6.561,2.649,3.000,False,False,False,,,False
centre,91661,Villebon-sur-Yvette,commune,,10291,ign_chef_lieu,2.228,48.700,16.203,19.636,96.000,101.000,106.000,10.000,,31.020,9.626,134.000,327.000,193.000,0.482,32.662,3.256,4.000,True,False,False,,,False
centre,93066,Saint-Denis,commune,,149077,ign_chef_lieu,2.358,48.936,16.209,8.883,60.000,63.000,66.000,6.000,,29.242,15.437,135.000,76.500,-58.500,-0.146,-17.264,2.154,2.000,False,False,False,,,False
centre,91272,Gif-sur-Yvette,commune,,22544,ign_chef_lieu,2.134,48.702,16.247,23.524,96.000,100.000,103.000,7.000,,30.332,9.748,136.000,321.500,185.500,0.464,31.175,3.297,3.000,False,False,False,,,False
centre,93001,Aubervilliers,commune,,88365,ign_chef_lieu,2.382,48.915,16.279,6.820,63.000,65.000,68.000,5.000,,28.973,15.027,137.000,83.000,-54.000,-0.135,-14.816,2.243,2.000,False,False,False,,,False
centre,91136,Champlan,commune,,2615,ign_chef_lieu,2.274,48.708,16.302,17.443,92.000,95.000,99.000,7.000,,29.698,10.296,138.000,294.500,156.500,0.391,24.414,3.199,3.000,False,False,False,,,False
centre,95306,Herblay-sur-Seine,commune,,31779,ign_chef_lieu,2.165,48.990,16.360,20.210,74.000,77.000,81.000,7.000,,34.042,12.748,139.000,162.000,23.000,0.058,0.667,2.262,3.000,False,False,False,,,False
centre,93061,Le Pré-Saint-Gervais,commune,,16993,ign_chef_lieu,2.403,48.883,16.380,4.727,66.000,69.000,72.000,6.000,,34.068,14.243,140.000,108.000,-32.000,-0.080,-9.845,2.025,2.000,False,False,False,,,False
centre,91122,Bures-sur-Yvette,commune,,9548,ign_chef_lieu,2.164,48.697,16.399,22.505,86.000,90.000,93.000,7.000,,29.418,10.933,141.000,260.000,119.000,0.297,17.527,3.059,3.000,False,False,False,,,False
centre,78406,Milon-la-Chapelle,commune,,295,ign_chef_lieu,2.049,48.726,16.528,26.558,108.000,112.000,116.000,8.000,,29.612,8.854,142.000,373.000,231.000,0.578,45.700,3.782,3.000,False,False,False,,,False
centre,95210,Enghien-les-Bains,commune,,11432,ign_chef_lieu,2.307,48.970,16.545,13.049,65.000,67.000,70.000,5.000,,30.910,14.816,143.000,92.000,-51.000,-0.128,-12.883,2.168,2.000,False,False,False,,,False
centre,93055,Pantin,commune,,61929,ign_chef_lieu,2.401,48.897,16.749,5.754,48.000,51.000,54.000,6.000,,33.383,19.705,144.000,34.000,-110.000,-0.275,-34.082,1.528,1.000,False,False,False,,,False
centre,94018,Charenton-le-Pont,commune,,28830,ign_chef_lieu,2.416,48.820,16.976,6.201,67.000,70.000,73.000,6.000,,34.643,14.551,145.000,114.000,-31.000,-0.077,-10.112,2.021,2.000,False,False,False,,,False
centre,94067,Saint-Mandé,commune,,21071,ign_chef_lieu,2.419,48.843,16.985,5.106,59.000,61.000,64.000,5.000,,34.918,16.707,146.000,70.000,-76.000,-0.190,-21.690,1.747,2.000,False,False,False,,,False
centre,93006,Bagnolet,commune,,43086,ign_chef_lieu,2.417,48.869,17.025,4.902,68.000,70.000,73.000,5.000,,37.172,14.593,147.000,114.000,-33.000,-0.083,-10.237,1.883,2.000,False,False,False,,,False
centre,93045,Les Lilas,commune,,23843,ign_chef_lieu,2.416,48.879,17.205,5.305,62.000,64.000,67.000,5.000,,36.345,16.130,148.000,79.500,-68.500,-0.171,-18.351,1.761,3.000,False,False,False,,,False
centre,95219,Ermont,commune,,29489,ign_chef_lieu,2.259,48.992,17.299,16.558,73.000,75.000,78.000,5.000,,31.385,13.839,149.000,145.500,-3.500,-0.009,-4.569,2.390,3.000,False,False,False,,,False
centre,94073,Thiais,commune,,32918,ign_chef_lieu,2.391,48.764,17.339,10.629,81.000,84.000,88.000,7.000,,30.260,12.385,150.000,208.500,58.500,0.146,6.762,2.776,3.000,False,False,False,,,False
centre,93079,Villetaneuse,commune,,12530,ign_chef_lieu,2.344,48.961,17.387,11.671,65.000,68.000,71.000,6.000,,30.482,15.342,151.000,99.500,-51.500,-0.129,-13.689,2.231,3.000,False,False,False,,,False
centre,93027,La Courneuve,commune,,47167,ign_chef_lieu,2.390,48.927,17.453,8.277,61.000,63.000,66.000,5.000,,28.607,16.622,152.000,76.500,-75.500,-0.189,-20.181,2.202,2.000,False,False,False,,,False
centre,78575,Saint-Rémy-lès-Chevreuse,commune,,7747,ign_chef_lieu,2.073,48.706,17.479,26.507,92.000,96.000,100.000,8.000,,33.288,10.925,153.000,300.000,147.000,0.367,21.538,2.884,2.000,False,False,False,,,False
centre,78672,Villennes-sur-Seine,commune,,5952,ign_chef_lieu,1.999,48.940,17.537,27.546,73.000,77.000,82.000,9.000,,23.340,13.665,154.000,162.000,8.000,0.020,-2.673,3.299,2.000,False,False,False,,,False
centre,78561,Saint-Lambert,commune,,447,ign_chef_lieu,2.020,48.731,17.545,28.117,,,,,,26.620,,,,,,,,,False,False,False,,,False
centre,94002,Alfortville,commune,,45531,ign_chef_lieu,2.420,48.805,17.595,7.545,59.000,62.000,66.000,7.000,,35.695,17.028,155.000,73.000,-82.000,-0.205,-21.758,1.737,2.000,False,False,False,,,False
centre,78466,Orgeval,commune,,7252,ign_chef_lieu,1.975,48.918,17.694,28.542,75.000,78.000,81.000,6.000,,23.498,13.610,156.000,170.500,14.500,0.036,-1.833,3.319,2.000,False,False,False,,,False
centre,95203,Eaubonne,commune,,26211,ign_chef_lieu,2.280,48.991,17.742,15.908,72.000,75.000,80.000,8.000,,32.232,14.194,157.000,145.500,-11.500,-0.029,-5.734,2.327,3.000,False,False,False,,,False
centre,94069,Saint-Maurice,commune,,14506,ign_chef_lieu,2.427,48.818,17.757,6.894,76.000,79.000,82.000,6.000,,32.472,13.486,158.000,176.500,18.500,0.046,-0.746,2.433,3.000,False,False,False,,,False
centre,91587,Saulx-les-Chartreux,commune,,6733,ign_chef_lieu,2.264,48.691,17.831,19.461,104.000,108.000,112.000,8.000,,31.380,9.906,159.000,357.000,198.000,0.495,35.415,3.442,3.000,False,False,False,,,False
centre,95491,Le Plessis-Bouchard,commune,,8518,ign_chef_lieu,2.235,49.001,17.864,18.256,78.000,81.000,84.000,6.000,,32.675,13.233,160.000,190.500,30.500,0.076,1.470,2.479,3.000,False,False,False,,,False
centre,95197,Deuil-la-Barre,commune,,23099,ign_chef_lieu,2.328,48.975,17.909,13.331,73.000,76.000,80.000,7.000,,35.085,14.138,161.000,153.000,-8.000,-0.020,-4.909,2.166,2.000,False,False,False,,,False
centre,78490,Plaisir,commune,,31811,ign_chef_lieu,1.947,48.817,17.916,30.085,73.000,77.000,82.000,9.000,,22.508,13.961,162.000,162.000,0.000,0.000,-3.678,3.421,3.000,False,False,False,,,False
centre,95598,Soisy-sous-Montmorency,commune,,18008,ign_chef_lieu,2.300,48.987,17.986,15.060,77.000,80.000,83.000,6.000,,31.128,13.490,163.000,183.500,20.500,0.051,-0.114,2.570,3.000,False,False,False,,,False
centre,78015,Andrésy,commune,,13834,ign_chef_lieu,2.061,48.982,18.024,25.565,73.000,78.000,82.000,9.000,,34.375,13.864,164.000,170.500,6.500,0.016,-2.709,2.269,2.000,False,False,False,,,False
centre,78196,Davron,commune,,295,ign_chef_lieu,1.944,48.865,18.035,29.977,70.000,75.000,84.000,14.000,,25.690,14.428,165.000,145.500,-19.500,-0.049,-6.481,2.919,2.000,False,False,False,,,False
centre,78172,Conflans-Sainte-Honorine,commune,,36958,ign_chef_lieu,2.095,48.994,18.043,24.293,69.000,72.000,76.000,7.000,,34.843,15.036,166.000,125.000,-41.000,-0.102,-10.241,2.066,2.000,False,False,False,,,False
centre,91692,Les Ulis,commune,,25886,ign_chef_lieu,2.170,48.681,18.074,23.626,94.000,100.000,105.000,11.000,,30.018,10.844,167.000,321.500,154.500,0.386,24.564,3.331,3.000,False,False,False,,,False
centre,91161,Chilly-Mazarin,commune,,20443,ign_chef_lieu,2.313,48.703,18.167,17.360,95.000,98.000,101.000,6.000,,30.853,11.122,168.000,308.500,140.500,0.351,21.769,3.176,4.000,True,False,False,,,False
centre,91666,Villejust,commune,,2558,ign_chef_lieu,2.237,48.682,18.283,21.145,90.000,95.000,103.000,13.000,,32.448,11.547,169.000,294.500,125.500,0.314,17.676,2.928,3.000,False,False,False,,,False
centre,91345,Longjumeau,commune,,21996,ign_chef_lieu,2.296,48.694,18.406,18.504,96.000,99.000,103.000,7.000,,30.390,11.155,170.000,315.000,145.000,0.362,22.233,3.258,4.000,True,False,False,,,False
centre,78160,Chevreuse,commune,,5502,ign_chef_lieu,2.044,48.707,18.445,28.061,92.000,96.000,104.000,12.000,,33.698,11.528,171.000,300.000,129.000,0.323,18.405,2.849,3.000,False,False,False,,,False
centre,94046,Maisons-Alfort,commune,,56799,ign_chef_lieu,2.431,48.801,18.449,8.415,57.000,60.000,64.000,7.000,,36.238,18.449,172.000,67.000,-105.000,-0.263,-26.004,1.656,2.000,False,False,False,,,False
centre,94080,Vincennes,commune,,48193,ign_chef_lieu,2.440,48.848,18.503,6.477,56.000,58.000,61.000,5.000,,37.245,19.141,173.000,61.500,-111.500,-0.279,-28.572,1.557,1.000,False,False,False,,,False
centre,78384,Médan,commune,,1289,ign_chef_lieu,1.996,48.953,18.586,28.247,77.000,84.000,91.000,14.000,,26.293,13.276,174.000,208.500,34.500,0.086,3.223,3.195,3.000,False,False,False,,,False
centre,94022,Choisy-le-Roi,commune,,45946,ign_chef_lieu,2.410,48.762,18.624,11.258,69.000,72.000,75.000,6.000,,30.933,15.520,175.000,125.000,-50.000,-0.125,-11.611,2.328,3.000,False,False,False,,,False
centre,95427,Montmagny,commune,,15105,ign_chef_lieu,2.346,48.975,18.656,13.199,71.000,74.000,78.000,7.000,,32.957,15.127,176.000,139.000,-37.000,-0.092,-9.232,2.245,2.000,False,False,False,,,False
centre,91432,Morangis,commune,,14129,ign_chef_lieu,2.332,48.706,18.672,16.844,98.000,101.000,104.000,6.000,,31.548,11.092,177.000,327.000,150.000,0.375,23.836,3.201,4.000,True,False,False,,,False
centre,93048,Montreuil,commune,,111934,ign_chef_lieu,2.441,48.862,18.701,6.526,60.000,62.000,65.000,5.000,,40.625,18.098,178.000,73.000,-105.000,-0.263,-24.040,1.526,2.000,False,False,False,,,False
centre,95051,Beauchamp,commune,,9849,ign_chef_lieu,2.200,49.012,18.702,20.563,76.000,79.000,82.000,6.000,,34.393,14.204,179.000,176.500,-2.500,-0.006,-3.214,2.297,3.000,False,False,False,,,False
centre,91275,Gometz-le-Châtel,commune,,2630,ign_chef_lieu,2.138,48.678,18.717,25.295,110.000,116.000,124.000,14.000,,33.857,9.681,180.000,383.500,203.500,0.509,42.059,3.426,3.000,False,False,False,,,False
centre,93063,Romainville,commune,,37152,ign_chef_lieu,2.435,48.886,18.723,6.858,71.000,74.000,77.000,6.000,,38.933,15.181,181.000,139.000,-42.000,-0.105,-9.390,1.901,3.000,False,False,False,,,False
centre,78138,Chanteloup-les-Vignes,commune,,10861,ign_chef_lieu,2.030,48.978,18.928,27.240,87.000,90.000,94.000,7.000,,31.163,12.619,182.000,260.000,78.000,0.195,9.621,2.888,2.000,False,False,False,,,False
centre,95574,Saint-Prix,commune,,7612,ign_chef_lieu,2.262,49.007,18.935,17.955,80.000,84.000,87.000,7.000,,34.173,13.525,183.000,208.500,25.500,0.064,2.296,2.458,3.000,False,False,False,,,False
centre,95428,Montmorency,commune,,21763,ign_chef_lieu,2.321,48.989,18.935,14.985,79.000,83.000,87.000,8.000,,36.150,13.688,184.000,201.500,17.500,0.044,1.076,2.296,3.000,False,False,False,,,False
centre,93072,Stains,commune,,41388,ign_chef_lieu,2.382,48.955,18.943,11.236,74.000,76.000,80.000,6.000,,32.562,14.955,185.000,153.000,-32.000,-0.080,-7.466,2.334,3.000,False,False,False,,,False
centre,95369,Margency,commune,,3012,ign_chef_lieu,2.287,49.001,18.997,16.798,85.000,88.000,92.000,7.000,,34.428,12.952,186.000,244.500,58.500,0.146,6.996,2.556,3.000,False,False,False,,,False
centre,94054,Orly,commune,,24658,ign_chef_lieu,2.401,48.743,19.217,13.085,78.000,82.000,85.000,7.000,,33.337,14.061,187.000,196.500,9.500,0.024,-0.856,2.460,3.000,False,False,False,,,False
centre,78382,Maurecourt,commune,,4454,ign_chef_lieu,2.063,48.997,19.320,26.334,73.000,76.000,81.000,8.000,,36.447,15.252,188.000,153.000,-35.000,-0.087,-8.347,2.085,2.000,False,False,False,,,False
centre,91560,Saint-Jean-de-Beauregard,commune,,471,ign_chef_lieu,2.168,48.670,19.398,24.824,111.000,114.000,119.000,8.000,,31.367,10.209,189.000,380.000,191.000,0.477,37.210,3.634,3.000,False,False,False,,,False
centre,78208,Élancourt,commune,,26365,ign_chef_lieu,1.949,48.768,19.406,31.186,71.000,75.000,79.000,8.000,,23.290,15.525,190.000,145.500,-44.500,-0.111,-9.749,3.220,2.000,False,False,False,,,False
centre,78644,La Verrière,commune,,5994,ign_chef_lieu,1.958,48.758,19.408,31.001,72.000,76.000,80.000,8.000,,24.758,15.322,191.000,153.000,-38.000,-0.095,-8.550,3.070,2.000,False,False,False,,,False
centre,91479,Paray-Vieille-Poste,commune,,8202,ign_chef_lieu,2.364,48.713,19.467,15.999,96.000,99.000,102.000,6.000,,32.638,11.798,192.000,315.000,123.000,0.307,18.950,3.033,4.000,True,False,False,,,False
centre,91274,Gometz-la-Ville,commune,,1536,ign_chef_lieu,2.125,48.672,19.652,26.475,108.000,114.000,122.000,14.000,,33.888,10.343,193.000,380.000,187.000,0.468,36.345,3.364,3.000,False,False,False,,,False
centre,95426,Montlignon,commune,,3038,ign_chef_lieu,2.285,49.009,19.713,17.653,92.000,97.000,101.000,9.000,,36.113,12.194,194.000,304.500,110.500,0.276,15.839,2.686,3.000,False,False,False,,,False
centre,95288,Groslay,commune,,8453,ign_chef_lieu,2.346,48.987,19.713,14.521,77.000,80.000,84.000,7.000,,36.855,14.785,195.000,183.500,-11.500,-0.029,-4.463,2.171,2.000,False,False,False,,,False
centre,95014,Andilly,commune,,2742,ign_chef_lieu,2.301,49.005,19.813,17.002,90.000,94.000,98.000,8.000,,36.912,12.647,196.000,287.000,91.000,0.228,11.981,2.547,3.000,False,False,False,,,False
centre,78189,Crespières,commune,,1719,ign_chef_lieu,1.924,48.882,19.819,31.570,79.000,84.000,92.000,13.000,,26.710,14.156,197.000,208.500,11.500,0.029,0.055,3.145,2.000,False,False,False,,,False
centre,78615,Thiverval-Grignon,commune,,1023,ign_chef_lieu,1.918,48.850,19.830,31.915,75.000,81.000,88.000,13.000,,27.657,14.689,198.000,190.500,-7.500,-0.019,-3.546,2.929,3.000,False,False,False,,,False
centre,95563,Saint-Leu-la-Forêt,commune,,16138,ign_chef_lieu,2.244,49.019,19.943,19.756,77.000,80.000,82.000,5.000,,34.685,14.957,199.000,183.500,-15.500,-0.039,-4.999,2.306,3.000,False,False,False,,,False
centre,78383,Maurepas,commune,,20629,ign_chef_lieu,1.945,48.762,19.970,31.683,68.000,72.000,76.000,8.000,,23.788,16.642,200.000,125.000,-75.000,-0.188,-14.556,3.027,2.000,False,False,False,,,False
centre,93053,Noisy-le-Sec,commune,,45510,ign_chef_lieu,2.452,48.890,20.054,8.191,63.000,66.000,69.000,6.000,,35.708,18.231,201.000,87.500,-113.500,-0.284,-21.836,1.848,1.000,False,False,False,,,False
centre,91044,Ballainvilliers,commune,,4904,ign_chef_lieu,2.290,48.676,20.080,20.562,101.000,104.000,108.000,7.000,,34.715,11.584,202.000,341.000,139.000,0.347,23.092,2.996,4.000,True,False,False,,,False
centre,95488,Pierrelaye,commune,,10130,ign_chef_lieu,2.156,49.023,20.102,23.464,82.000,85.000,89.000,7.000,,36.492,14.190,203.000,221.000,18.000,0.045,0.550,2.329,3.000,False,False,False,,,False
centre,93008,Bobigny,commune,,56927,ign_chef_lieu,2.445,48.906,20.121,8.759,70.000,73.000,76.000,6.000,,32.890,16.538,204.000,132.500,-71.500,-0.179,-13.684,2.220,2.000,False,False,False,,,False
centre,93013,Le Bourget,commune,,15925,ign_chef_lieu,2.425,48.935,20.128,10.195,63.000,65.000,68.000,5.000,,31.370,18.579,205.000,83.000,-122.000,-0.305,-23.156,2.072,2.000,False,False,False,,,False
centre,94077,Villeneuve-le-Roi,commune,,21000,ign_chef_lieu,2.408,48.735,20.161,14.074,84.000,88.000,92.000,8.000,,34.045,13.746,206.000,244.500,38.500,0.096,3.952,2.585,3.000,False,False,False,,,False
centre,78397,Le Mesnil-Saint-Denis,commune,,7276,ign_chef_lieu,1.960,48.740,20.302,31.594,74.000,78.000,82.000,8.000,,27.718,15.617,207.000,170.500,-36.500,-0.091,-8.174,2.814,2.000,False,False,False,,,False
centre,78624,Triel-sur-Seine,commune,,12206,ign_chef_lieu,2.003,48.981,20.425,29.133,78.000,82.000,85.000,7.000,,30.620,14.945,208.000,196.500,-11.500,-0.029,-3.747,2.678,2.000,False,False,False,,,False
centre,95607,Taverny,commune,,27593,ign_chef_lieu,2.226,49.026,20.507,21.044,81.000,85.000,89.000,8.000,,34.523,14.476,209.000,221.000,12.000,0.030,-0.420,2.462,3.000,False,False,False,,,False
centre,78548,Saint-Forget,commune,,436,ign_chef_lieu,1.993,48.710,20.577,30.986,99.000,107.000,114.000,15.000,,30.798,11.538,210.000,350.500,140.500,0.351,25.148,3.474,2.000,False,False,False,,,False
centre,94042,Joinville-le-Pont,commune,,20525,ign_chef_lieu,2.467,48.818,20.685,9.400,63.000,66.000,68.000,5.000,,36.265,18.804,211.000,87.500,-123.500,-0.309,-23.002,1.820,1.000,False,False,False,,,False
centre,78643,Vernouillet,commune,,9699,ign_chef_lieu,1.983,48.973,20.745,29.979,69.000,72.000,75.000,6.000,,29.270,17.287,212.000,125.000,-87.000,-0.217,-16.120,2.460,1.000,False,False,False,,,False
centre,95218,Éragny-sur-Oise,commune,,18436,ign_chef_lieu,2.091,49.019,20.782,26.369,72.000,75.000,79.000,7.000,,35.520,16.625,213.000,145.500,-67.500,-0.169,-12.700,2.111,3.000,False,False,False,,,False
centre,91458,Nozay,commune,,4471,ign_chef_lieu,2.243,48.660,20.798,23.277,97.000,101.000,105.000,8.000,,34.502,12.355,214.000,327.000,113.000,0.282,17.520,2.927,3.000,False,False,False,,,False
centre,94028,Créteil,commune,,93397,ign_chef_lieu,2.453,48.778,20.817,11.442,81.000,84.000,87.000,6.000,,37.500,14.870,215.000,208.500,-6.500,-0.016,-2.306,2.240,3.000,False,False,False,,,False
centre,93029,Drancy,commune,,72390,ign_chef_lieu,2.445,48.923,20.853,10.075,68.000,71.000,73.000,5.000,,33.412,17.622,216.000,119.500,-96.500,-0.241,-17.494,2.125,3.000,False,False,False,,,False
centre,91411,Les Molières,commune,,1975,ign_chef_lieu,2.070,48.673,20.860,29.129,131.000,,,,,39.525,,,,,,,,,False,False,False,,,False
centre,93030,Dugny,commune,,11700,ign_chef_lieu,2.418,48.955,20.945,12.001,76.000,79.000,82.000,6.000,,33.492,15.907,217.000,176.500,-40.500,-0.101,-8.392,2.359,3.000,False,False,False,,,False
centre,91093,Boullay-les-Troux,commune,,624,ign_chef_lieu,2.050,48.678,20.993,29.791,123.000,,,,,39.365,,,,,,,,,False,False,False,,,False
centre,78431,Morainvilliers,commune,,3120,ign_chef_lieu,1.932,48.929,21.003,31.849,86.000,90.000,94.000,8.000,,26.418,14.002,218.000,260.000,42.000,0.105,4.222,3.407,2.000,False,False,False,,,False
centre,95450,Neuville-sur-Oise,commune,,2058,ign_chef_lieu,2.063,49.014,21.022,27.508,66.000,70.000,73.000,7.000,,37.848,18.019,219.000,114.000,-105.000,-0.263,-18.974,1.849,2.000,False,False,False,,,False
centre,94033,Fontenay-sous-Bois,commune,,53757,ign_chef_lieu,2.475,48.849,21.077,9.014,67.000,70.000,73.000,6.000,,42.303,18.066,220.000,114.000,-106.000,-0.265,-19.077,1.655,1.000,False,False,False,,,False
centre,95268,Garges-lès-Gonesse,commune,,41791,ign_chef_lieu,2.401,48.972,21.137,13.303,76.000,78.000,81.000,5.000,,36.732,16.259,221.000,170.500,-50.500,-0.126,-9.952,2.124,3.000,False,False,False,,,False
centre,91665,La Ville-du-Bois,commune,,8161,ign_chef_lieu,2.269,48.661,21.144,22.572,105.000,113.000,117.000,12.000,,33.693,11.227,222.000,376.500,154.500,0.386,30.433,3.354,4.000,True,False,False,,,False
centre,95539,Saint-Brice-sous-Forêt,commune,,15063,ign_chef_lieu,2.357,48.998,21.160,15.706,77.000,82.000,85.000,8.000,,37.358,15.483,223.000,196.500,-26.500,-0.066,-5.385,2.195,2.000,False,False,False,,,False
centre,91027,Athis-Mons,commune,,36613,ign_chef_lieu,2.389,48.708,21.170,16.768,88.000,91.000,94.000,6.000,,34.510,13.958,224.000,269.000,45.000,0.113,4.976,2.637,4.000,True,False,False,,,False
centre,78550,Saint-Germain-de-la-Grange,commune,,1847,ign_chef_lieu,1.899,48.834,21.221,33.378,99.000,108.000,115.000,16.000,,28.563,11.789,225.000,357.000,132.000,0.330,24.441,3.781,3.000,False,False,False,,,False
centre,78010,Les Alluets-le-Roi,commune,,1390,ign_chef_lieu,1.919,48.914,21.229,32.452,81.000,94.000,,,,27.597,13.550,226.000,287.000,61.000,0.152,8.291,3.406,2.000,False,False,False,,,False
centre,78193,Dampierre-en-Yvelines,commune,,1008,ign_chef_lieu,1.986,48.705,21.382,31.766,107.000,113.000,120.000,13.000,,31.347,11.353,227.000,376.500,149.500,0.374,29.727,3.605,3.000,False,False,False,,,False
centre,78162,Choisel,commune,,540,ign_chef_lieu,2.018,48.687,21.461,31.009,,,,,,35.705,,,,,,,,,False,False,False,,,False
centre,78442,Neauphle-le-Château,commune,,3250,ign_chef_lieu,1.899,48.814,21.473,33.643,81.000,88.000,96.000,15.000,,23.563,14.641,228.000,244.500,16.500,0.041,0.818,3.735,2.000,False,False,False,,,False
centre,91216,Épinay-sur-Orge,commune,,10722,ign_chef_lieu,2.324,48.673,21.483,20.542,88.000,92.000,97.000,9.000,,34.248,14.011,229.000,277.500,48.500,0.121,5.376,2.686,4.000,True,False,False,,,False
centre,78321,Jouars-Pontchartrain,commune,,6039,ign_chef_lieu,1.901,48.802,21.573,33.713,80.000,85.000,95.000,15.000,,22.440,15.228,230.000,221.000,-9.000,-0.022,-2.838,3.788,2.000,False,False,False,,,False
centre,91589,Savigny-sur-Orge,commune,,37601,ign_chef_lieu,2.346,48.680,21.609,19.657,85.000,89.000,94.000,9.000,,33.338,14.568,231.000,251.500,20.500,0.051,1.651,2.670,4.000,True,False,False,,,False
centre,78642,Verneuil-sur-Seine,commune,,16280,ign_chef_lieu,1.975,48.979,21.664,30.817,67.000,73.000,76.000,9.000,,29.197,17.806,232.000,132.500,-99.500,-0.249,-16.726,2.500,2.000,False,False,False,,,False
centre,94001,Ablon-sur-Seine,commune,,5988,ign_chef_lieu,2.422,48.725,21.701,15.492,79.000,82.000,86.000,7.000,,36.612,15.878,233.000,196.500,-36.500,-0.091,-6.536,2.240,3.000,False,False,False,,,False
centre,95323,Jouy-le-Moutier,commune,,17854,ign_chef_lieu,2.047,49.016,21.732,28.527,76.000,80.000,83.000,7.000,,40.910,16.299,234.000,183.500,-50.500,-0.126,-8.880,1.956,2.000,False,False,False,,,False
centre,91326,Juvisy-sur-Orge,commune,,19292,ign_chef_lieu,2.372,48.691,21.757,18.487,77.000,80.000,83.000,6.000,,36.430,16.318,235.000,183.500,-51.500,-0.129,-8.931,2.196,3.000,False,False,False,,,False
centre,95060,Bessancourt,commune,,8869,ign_chef_lieu,2.217,49.039,21.806,22.566,87.000,90.000,94.000,7.000,,36.688,14.537,236.000,260.000,24.000,0.060,2.341,2.453,3.000,False,False,False,,,False
centre,78683,Villiers-Saint-Frédéric,commune,,3395,ign_chef_lieu,1.891,48.820,21.921,34.096,90.000,96.000,104.000,14.000,,26.013,13.701,237.000,300.000,63.000,0.158,8.885,3.690,2.000,False,False,False,,,False
centre,95489,Piscop,commune,,768,ign_chef_lieu,2.343,49.012,21.936,17.337,97.000,102.000,111.000,14.000,,40.923,12.904,238.000,332.500,94.500,0.236,15.651,2.492,3.000,False,False,False,,,False
centre,91319,Janvry,commune,,654,ign_chef_lieu,2.156,48.647,21.996,27.402,,,,,,37.407,,,,,,,,,False,False,False,,,False
centre,95585,Sarcelles,commune,,59173,ign_chef_lieu,2.378,48.997,22.091,15.801,80.000,83.000,86.000,6.000,,39.833,15.969,239.000,201.500,-37.500,-0.094,-6.211,2.084,2.000,False,False,False,,,False
centre,78334,Lévis-Saint-Nom,commune,,1603,ign_chef_lieu,1.949,48.721,22.214,33.260,,,,,,31.918,,,,,,,,,False,False,False,,,False
centre,93064,Rosny-sous-Bois,commune,,47180,ign_chef_lieu,2.488,48.872,22.264,10.098,64.000,66.000,70.000,6.000,,39.057,20.240,240.000,87.500,-152.500,-0.381,-25.704,1.690,2.000,False,False,False,,,False
centre,91685,Villiers-sur-Orge,commune,,4545,ign_chef_lieu,2.300,48.657,22.286,22.458,93.000,97.000,101.000,8.000,,36.545,13.785,241.000,304.500,63.500,0.159,9.140,2.654,4.000,True,False,False,,,False
centre,94052,Nogent-sur-Marne,commune,,32455,ign_chef_lieu,2.492,48.839,22.304,10.381,74.000,77.000,80.000,6.000,,40.005,17.380,242.000,162.000,-80.000,-0.200,-13.396,1.925,2.000,False,False,False,,,False
centre,94068,Saint-Maur-des-Fossés,commune,,76572,ign_chef_lieu,2.485,48.803,22.315,11.426,67.000,70.000,73.000,6.000,,40.528,19.127,243.000,114.000,-129.000,-0.323,-21.289,1.727,1.000,False,False,False,,,False
centre,93010,Bondy,commune,,50595,ign_chef_lieu,2.481,48.902,22.493,10.718,71.000,73.000,76.000,5.000,,35.747,18.488,244.000,132.500,-111.500,-0.279,-18.232,2.042,1.000,False,False,False,,,False
centre,78168,Coignières,commune,,4321,ign_chef_lieu,1.918,48.748,22.519,34.145,81.000,85.000,88.000,7.000,,26.233,15.896,245.000,221.000,-24.000,-0.060,-4.843,3.240,2.000,False,False,False,,,False
centre,91363,Marcoussis,commune,,8618,ign_chef_lieu,2.231,48.643,22.543,25.376,107.000,111.000,115.000,8.000,,38.037,12.185,246.000,370.000,124.000,0.310,24.200,2.918,4.000,True,False,False,,,False
centre,78206,Ecquevilly,commune,,4279,ign_chef_lieu,1.924,48.949,22.609,33.050,78.000,81.000,85.000,7.000,,25.252,16.748,247.000,190.500,-56.500,-0.141,-9.497,3.208,2.000,False,False,False,,,False
centre,91667,Villemoisson-sur-Orge,commune,,7332,ign_chef_lieu,2.330,48.662,22.741,21.694,93.000,97.000,102.000,9.000,,35.160,14.067,248.000,304.500,56.500,0.141,8.074,2.759,4.000,True,False,False,,,False
centre,95199,Domont,commune,,16065,ign_chef_lieu,2.327,49.027,22.835,19.106,82.000,87.000,92.000,10.000,,41.848,15.748,249.000,237.500,-11.500,-0.029,-3.261,2.079,3.000,False,False,False,,,False
centre,93007,Le Blanc-Mesnil,commune,,62376,ign_chef_lieu,2.464,48.939,22.840,12.266,70.000,72.000,75.000,5.000,,36.218,19.034,250.000,125.000,-125.000,-0.312,-19.949,1.988,2.000,False,False,False,,,False
centre,94078,Villeneuve-Saint-Georges,commune,,36221,ign_chef_lieu,2.448,48.731,22.845,15.622,92.000,95.000,98.000,6.000,,39.403,14.429,251.000,294.500,43.500,0.109,5.611,2.411,4.000,True,False,False,,,False
centre,78062,Beynes,commune,,7704,ign_chef_lieu,1.876,48.856,22.932,34.976,82.000,87.000,91.000,9.000,,31.015,15.815,252.000,237.500,-14.500,-0.036,-3.460,2.805,3.000,False,False,False,,,False
centre,78590,Senlisse,commune,,511,ign_chef_lieu,1.982,48.687,23.092,33.144,121.000,,,,,35.295,,,,,,,,,False,False,False,,,False
centre,95256,Frépillon,commune,,3317,ign_chef_lieu,2.206,49.051,23.107,24.152,92.000,95.000,98.000,6.000,,38.777,14.594,253.000,294.500,41.500,0.104,5.030,2.450,3.000,False,False,False,,,False
centre,95572,Saint-Ouen-l'Aumône,commune,,25578,ign_chef_lieu,2.106,49.044,23.122,27.613,84.000,87.000,90.000,6.000,,39.922,15.946,254.000,237.500,-16.500,-0.041,-3.845,2.179,3.000,False,False,False,,,False
centre,78305,Herbeville,commune,,228,ign_chef_lieu,1.887,48.906,23.137,34.591,116.000,129.000,,,,30.185,10.761,255.000,393.500,138.500,0.346,42.530,4.274,2.000,False,False,False,,,False
centre,78140,Chapet,commune,,1331,ign_chef_lieu,1.934,48.967,23.140,33.062,83.000,85.000,89.000,6.000,,27.243,16.334,256.000,221.000,-35.000,-0.087,-6.092,3.120,2.000,False,False,False,,,False
centre,91657,Vigneux-sur-Seine,commune,,31466,ign_chef_lieu,2.417,48.700,23.200,18.008,79.000,84.000,90.000,11.000,,43.348,16.572,257.000,208.500,-48.500,-0.121,-7.314,1.938,3.000,False,False,False,,,False
centre,95088,Bonneuil-en-France,commune,,1185,ign_chef_lieu,2.433,48.976,23.204,14.514,89.000,94.000,98.000,9.000,,38.323,14.811,258.000,287.000,29.000,0.072,3.713,2.453,4.000,True,False,False,,,False
centre,91434,Morsang-sur-Orge,commune,,21667,ign_chef_lieu,2.346,48.662,23.313,21.631,94.000,98.000,104.000,10.000,,34.417,14.273,259.000,308.500,49.500,0.124,7.880,2.847,4.000,True,False,False,,,False
centre,94011,Bonneuil-sur-Marne,commune,,18270,ign_chef_lieu,2.487,48.774,23.324,13.474,82.000,85.000,88.000,6.000,,39.870,16.464,260.000,221.000,-39.000,-0.098,-6.452,2.132,2.000,False,False,False,,,False
centre,95680,Villiers-le-Bel,commune,,30053,ign_chef_lieu,2.388,49.008,23.398,17.006,86.000,89.000,92.000,6.000,,39.393,15.774,261.000,251.500,-9.500,-0.024,-2.199,2.259,3.000,False,False,False,,,False
centre,91338,Limours,commune,,6517,ign_chef_lieu,2.077,48.646,23.441,30.955,116.000,121.000,131.000,15.000,,40.823,11.624,262.000,387.500,125.500,0.314,32.844,2.964,4.000,True,False,False,,,False
centre,93049,Neuilly-Plaisance,commune,,21941,ign_chef_lieu,2.506,48.861,23.461,11.301,73.000,76.000,79.000,6.000,,42.423,18.522,263.000,153.000,-110.000,-0.275,-16.595,1.791,1.000,False,False,False,,,False
centre,94074,Valenton,commune,,14406,ign_chef_lieu,2.470,48.744,23.470,15.148,83.000,87.000,90.000,7.000,,40.098,16.186,264.000,237.500,-26.500,-0.066,-4.539,2.170,3.000,False,False,False,,,False
centre,94058,Le Perreux-sur-Marne,commune,,35260,ign_chef_lieu,2.508,48.841,23.522,11.557,76.000,79.000,82.000,6.000,,41.610,17.864,265.000,176.500,-88.500,-0.221,-13.411,1.899,2.000,False,False,False,,,False
centre,91687,Viry-Châtillon,commune,,30838,ign_chef_lieu,2.375,48.671,23.585,20.644,82.000,86.000,90.000,8.000,,35.597,16.455,266.000,231.000,-35.000,-0.087,-5.862,2.416,4.000,True,False,False,,,False
centre,95019,Arnouville,commune,,15023,ign_chef_lieu,2.421,48.990,23.586,15.646,76.000,78.000,81.000,5.000,,40.415,18.143,267.000,170.500,-96.500,-0.241,-14.621,1.930,2.000,False,False,False,,,False
centre,95091,Bouffémont,commune,,6593,ign_chef_lieu,2.299,49.043,23.655,21.132,102.000,110.000,122.000,20.000,,45.287,12.903,268.000,366.500,98.500,0.246,20.236,2.429,3.000,False,False,False,,,False
centre,91347,Longpont-sur-Orge,commune,,6482,ign_chef_lieu,2.293,48.642,23.657,24.185,94.000,100.000,104.000,10.000,,38.483,14.194,269.000,321.500,52.500,0.131,9.303,2.599,4.000,True,False,False,,,False
centre,95061,Béthemont-la-Forêt,commune,,435,ign_chef_lieu,2.252,49.053,23.738,23.061,,,,,,42.838,,,,,,,,,False,False,False,,,False
centre,91425,Montlhéry,commune,,9772,ign_chef_lieu,2.270,48.637,23.782,25.168,105.000,108.000,112.000,7.000,,37.405,13.212,270.000,357.000,87.000,0.217,17.744,2.887,4.000,True,False,False,,,False
centre,93077,Villemomble,commune,,29795,ign_chef_lieu,2.508,48.882,23.876,11.751,73.000,75.000,78.000,5.000,,39.397,19.101,271.000,145.500,-125.500,-0.314,-18.389,1.904,1.000,False,False,False,,,False
centre,95500,Pontoise,commune,,31970,ign_chef_lieu,2.101,49.051,23.925,28.422,84.000,87.000,90.000,6.000,,40.745,16.500,272.000,237.500,-34.500,-0.086,-5.426,2.135,3.000,False,False,False,,,False
centre,94044,Limeil-Brévannes,commune,,27406,ign_chef_lieu,2.480,48.749,23.926,15.180,89.000,92.000,95.000,6.000,,39.350,15.604,273.000,277.500,4.500,0.011,0.007,2.338,4.000,True,False,False,,,False
centre,94017,Champigny-sur-Marne,commune,,78072,ign_chef_lieu,2.511,48.813,23.952,12.570,75.000,77.000,80.000,5.000,,41.852,18.664,274.000,162.000,-112.000,-0.280,-16.343,1.840,1.000,False,False,False,,,False
centre,95205,Écouen,commune,,7202,ign_chef_lieu,2.379,49.018,23.964,18.124,83.000,88.000,95.000,12.000,,41.628,16.339,275.000,244.500,-30.500,-0.076,-4.414,2.114,3.000,False,False,False,,,False
centre,95074,Boisemont,commune,,892,ign_chef_lieu,2.002,49.021,23.972,31.543,98.000,101.000,105.000,7.000,,40.587,14.241,276.000,327.000,51.000,0.128,9.688,2.489,3.000,False,False,False,,,False
centre,78443,Neauphle-le-Vieux,commune,,937,ign_chef_lieu,1.864,48.815,24.005,36.180,84.000,89.000,99.000,15.000,,27.620,16.183,277.000,251.500,-25.500,-0.064,-3.409,3.222,2.000,False,False,False,,,False
centre,91201,Draveil,commune,,30098,ign_chef_lieu,2.405,48.682,24.022,19.735,82.000,86.000,93.000,11.000,,42.002,16.760,278.000,231.000,-47.000,-0.117,-6.697,2.048,4.000,True,False,False,,,False
centre,95637,Vauréal,commune,,16079,ign_chef_lieu,2.021,49.030,24.056,31.004,82.000,85.000,89.000,7.000,,42.137,16.981,279.000,221.000,-58.000,-0.145,-7.845,2.017,2.000,False,False,False,,,False
centre,78623,Le Tremblay-sur-Mauldre,commune,,930,ign_chef_lieu,1.875,48.778,24.078,36.115,96.000,103.000,108.000,12.000,,27.192,14.026,280.000,337.000,57.000,0.142,11.622,3.788,2.000,False,False,False,,,False
centre,95151,Chauvry,commune,,297,ign_chef_lieu,2.267,49.054,24.122,22.876,,,,,,42.983,,,,,,,,,False,False,False,,,False
centre,91482,Pecqueuse,commune,,580,ign_chef_lieu,2.049,48.647,24.165,32.295,137.000,143.000,153.000,16.000,,42.713,10.139,281.000,399.000,118.000,0.295,54.699,3.348,4.000,True,False,False,,,False
centre,78368,Mareil-sur-Mauldre,commune,,1776,ign_chef_lieu,1.866,48.894,24.298,35.964,83.000,90.000,101.000,18.000,,30.418,16.199,282.000,260.000,-22.000,-0.055,-2.898,2.959,2.000,False,False,False,,,False
centre,91339,Linas,commune,,7987,ign_chef_lieu,2.267,48.631,24.310,25.816,108.000,113.000,117.000,9.000,,37.457,12.908,283.000,376.500,93.500,0.234,21.889,3.017,4.000,True,False,False,,,False
centre,93057,Les Pavillons-sous-Bois,commune,,25804,ign_chef_lieu,2.507,48.903,24.328,12.448,75.000,77.000,80.000,5.000,,38.175,18.957,284.000,162.000,-122.000,-0.305,-16.974,2.017,2.000,False,False,False,,,False
centre,91191,Crosne,commune,,9610,ign_chef_lieu,2.458,48.716,24.372,17.388,90.000,94.000,98.000,8.000,,41.628,15.557,285.000,287.000,2.000,0.005,1.269,2.258,2.000,False,False,False,,,False
centre,94015,Bry-sur-Marne,commune,,18503,ign_chef_lieu,2.520,48.835,24.377,12.487,74.000,77.000,80.000,6.000,,40.217,18.995,286.000,162.000,-124.000,-0.310,-17.055,1.915,2.000,False,False,False,,,False
centre,78638,Vaux-sur-Seine,commune,,5202,ign_chef_lieu,1.963,49.006,24.443,33.018,85.000,91.000,98.000,13.000,,36.333,16.116,287.000,269.000,-18.000,-0.045,-2.101,2.505,2.000,False,False,False,,,False
centre,78415,Montainville,commune,,589,ign_chef_lieu,1.860,48.882,24.454,36.271,,,,,,33.765,,,,,,,,,False,False,False,,,False
centre,78576,Saint-Rémy-l'Honoré,commune,,1689,ign_chef_lieu,1.882,48.756,24.490,36.330,101.000,108.000,117.000,16.000,,30.662,13.605,288.000,357.000,69.000,0.172,16.079,3.522,2.000,False,False,False,,,False
centre,95229,Ézanville,commune,,9858,ign_chef_lieu,2.362,49.032,24.547,19.541,80.000,86.000,90.000,10.000,,42.388,17.126,289.000,231.000,-58.000,-0.145,-7.672,2.029,3.000,False,False,False,,,False
centre,95394,Méry-sur-Oise,commune,,9983,ign_chef_lieu,2.185,49.064,24.571,26.196,96.000,99.000,103.000,7.000,,40.475,14.891,290.000,315.000,25.000,0.062,6.236,2.446,3.000,False,False,False,,,False
centre,78128,Cernay-la-Ville,commune,,1516,ign_chef_lieu,1.971,48.673,24.729,34.633,116.000,,,,,37.723,,,,,,,,,False,False,False,,,False
centre,91111,Briis-sous-Forges,commune,,3342,ign_chef_lieu,2.124,48.625,24.774,30.750,102.000,106.000,110.000,8.000,,42.258,14.023,291.000,347.500,56.500,0.141,13.292,2.508,3.000,False,False,False,,,False
centre,91549,Sainte-Geneviève-des-Bois,commune,,35438,ign_chef_lieu,2.327,48.641,24.783,24.073,100.000,103.000,106.000,6.000,,38.945,14.437,292.000,337.000,45.000,0.113,10.067,2.645,4.000,True,False,False,,,False
centre,95678,Villiers-Adam,commune,,858,ign_chef_lieu,2.235,49.064,24.808,24.691,103.000,108.000,119.000,16.000,,41.335,13.782,293.000,357.000,64.000,0.160,15.353,2.613,2.000,False,False,False,,,False
centre,91249,Forges-les-Bains,commune,,4241,ign_chef_lieu,2.100,48.628,24.817,31.461,124.000,146.000,,,,45.620,10.199,294.000,400.000,106.000,0.265,55.914,3.200,4.000,True,False,False,,,False
centre,93062,Le Raincy,commune,,14735,ign_chef_lieu,2.516,48.899,24.851,12.881,70.000,73.000,76.000,6.000,,39.230,20.425,295.000,132.500,-162.500,-0.406,-22.094,1.861,2.000,False,False,False,,,False
centre,95277,Gonesse,commune,,27707,ign_chef_lieu,2.450,48.986,24.930,16.121,86.000,90.000,93.000,7.000,,40.692,16.620,296.000,260.000,-36.000,-0.090,-4.100,2.212,3.000,False,False,False,,,False
centre,93005,Aulnay-sous-Bois,commune,,87599,ign_chef_lieu,2.500,48.934,25.030,13.861,66.000,69.000,72.000,6.000,,39.432,21.765,297.000,108.000,-189.000,-0.472,-26.620,1.750,2.000,False,False,False,,3.000,False
centre,91243,Fontenay-lès-Briis,commune,,2350,ign_chef_lieu,2.156,48.619,25.044,30.068,119.000,,,,,38.697,,,,,,,,,False,False,False,,,False
centre,93050,Neuilly-sur-Marne,commune,,39800,ign_chef_lieu,2.528,48.857,25.052,12.915,70.000,73.000,76.000,6.000,,43.605,20.590,298.000,132.500,-165.500,-0.414,-22.398,1.674,2.000,False,False,False,,,False
centre,95388,Menucourt,commune,,6184,ign_chef_lieu,1.984,49.025,25.086,32.872,88.000,91.000,95.000,7.000,,40.177,16.541,299.000,269.000,-30.000,-0.075,-3.329,2.265,2.000,False,False,False,,,False
centre,78050,Bazoches-sur-Guyonne,commune,,721,ign_chef_lieu,1.860,48.778,25.142,37.196,98.000,105.000,114.000,16.000,,26.307,14.367,300.000,344.500,44.500,0.111,11.424,3.991,2.000,False,False,False,,,False
centre,91570,Saint-Michel-sur-Orge,commune,,21776,ign_chef_lieu,2.303,48.630,25.179,25.414,92.000,95.000,98.000,6.000,,38.440,15.902,301.000,294.500,-6.500,-0.016,0.741,2.471,4.000,True,False,False,,,False
centre,95039,Auvers-sur-Oise,commune,,6863,ign_chef_lieu,2.172,49.070,25.232,27.207,104.000,106.000,110.000,6.000,,43.370,14.282,302.000,347.500,45.500,0.114,12.291,2.444,4.000,True,False,False,,,False
centre,95409,Moisselles,commune,,1261,ign_chef_lieu,2.337,49.048,25.239,21.344,93.000,99.000,104.000,11.000,,42.433,15.297,303.000,315.000,12.000,0.030,4.860,2.333,2.000,False,False,False,,,False
centre,78090,Bouafle,commune,,2234,ign_chef_lieu,1.897,48.966,25.279,35.533,80.000,87.000,93.000,13.000,,27.303,17.434,304.000,237.500,-66.500,-0.166,-7.921,3.186,3.000,False,False,False,,,False
centre,95183,Courdimanche,commune,,7311,ign_chef_lieu,2.002,49.035,25.315,32.500,82.000,85.000,89.000,7.000,,41.875,17.870,305.000,221.000,-84.000,-0.210,-10.100,2.030,2.000,False,False,False,,,False
centre,91421,Montgeron,commune,,24022,ign_chef_lieu,2.460,48.704,25.360,18.725,83.000,86.000,91.000,8.000,,43.795,17.693,306.000,231.000,-75.000,-0.188,-9.120,1.964,2.000,False,False,False,,,False
centre,91286,Grigny,commune,,26842,ign_chef_lieu,2.385,48.656,25.378,22.380,91.000,94.000,98.000,7.000,,36.062,16.199,307.000,287.000,-20.000,-0.050,-0.701,2.607,4.000,True,False,False,,,False
centre,78049,Bazemont,commune,,1727,ign_chef_lieu,1.865,48.928,25.444,36.598,89.000,102.000,,,,33.683,14.967,308.000,332.500,24.500,0.061,7.614,3.028,2.000,False,False,False,,,False
centre,78220,Les Essarts-le-Roi,commune,,6831,ign_chef_lieu,1.895,48.718,25.691,37.012,87.000,91.000,95.000,8.000,,30.303,16.939,309.000,269.000,-40.000,-0.100,-4.440,3.003,2.000,False,False,False,,,False
centre,78366,Mareil-le-Guyon,commune,,420,ign_chef_lieu,1.847,48.790,25.707,37.830,116.000,123.000,132.000,16.000,,28.993,12.540,310.000,390.000,80.000,0.200,29.123,4.242,2.000,False,False,False,,,False
centre,95127,Cergy,commune,,70906,ign_chef_lieu,2.035,49.053,25.783,31.864,69.000,72.000,75.000,6.000,,42.780,21.486,311.000,125.000,-186.000,-0.465,-24.523,1.683,1.000,False,False,False,,6.000,False
centre,78588,Saulx-Marchais,commune,,950,ign_chef_lieu,1.836,48.838,25.793,37.929,97.000,105.000,112.000,15.000,,33.085,14.739,312.000,344.500,32.500,0.081,10.050,3.174,2.000,False,False,False,,,False
centre,94019,Chennevières-sur-Marne,commune,,18710,ign_chef_lieu,2.533,48.796,25.863,14.818,81.000,85.000,89.000,8.000,,46.190,18.256,313.000,221.000,-92.000,-0.230,-11.029,1.840,2.000,False,False,False,,,False
centre,91333,Leuville-sur-Orge,commune,,4271,ign_chef_lieu,2.264,48.616,25.896,27.494,106.000,111.000,115.000,9.000,,38.137,13.998,314.000,370.000,56.000,0.140,16.114,2.911,4.000,True,False,False,,,False
centre,78380,Maule,commune,,6083,ign_chef_lieu,1.848,48.909,25.947,37.443,90.000,96.000,107.000,17.000,,34.597,16.217,315.000,300.000,-15.000,-0.037,0.327,2.775,2.000,False,False,False,,,False
centre,94071,Sucy-en-Brie,commune,,27764,ign_chef_lieu,2.524,48.771,25.991,15.789,81.000,83.000,86.000,5.000,,43.265,18.789,316.000,201.500,-114.500,-0.286,-13.331,1.918,2.000,False,False,False,,,False
centre,94079,Villiers-sur-Marne,commune,,33162,ign_chef_lieu,2.541,48.826,25.992,14.228,65.000,69.000,75.000,10.000,,43.065,22.602,317.000,108.000,-209.000,-0.522,-27.951,1.602,1.000,False,False,False,,2.000,False
centre,95042,Baillet-en-France,commune,,2021,ign_chef_lieu,2.300,49.065,26.003,23.539,97.000,105.000,110.000,13.000,,46.785,14.859,318.000,344.500,26.500,0.066,9.617,2.244,2.000,False,False,False,,,False
centre,93032,Gagny,commune,,42313,ign_chef_lieu,2.537,48.885,26.008,13.876,73.000,75.000,78.000,5.000,,42.575,20.807,319.000,145.500,-173.500,-0.434,-21.710,1.762,1.000,False,False,False,,8.000,False
centre,78227,Évecquemont,commune,,754,ign_chef_lieu,1.944,49.014,26.031,34.671,104.000,109.000,126.000,22.000,,35.163,14.329,320.000,363.000,43.000,0.107,13.733,3.100,3.000,False,False,False,,,False
centre,78653,Vicq,commune,,389,ign_chef_lieu,1.835,48.815,26.117,38.292,100.000,111.000,123.000,23.000,,28.568,14.117,321.000,370.000,49.000,0.122,15.635,3.885,2.000,False,False,False,,,False
centre,94004,Boissy-Saint-Léger,commune,,17325,ign_chef_lieu,2.513,48.748,26.157,16.866,84.000,87.000,90.000,6.000,,41.212,18.040,322.000,237.500,-84.500,-0.211,-9.435,2.111,1.000,False,False,False,,,False
centre,91691,Yerres,commune,,27906,ign_chef_lieu,2.488,48.717,26.172,18.417,88.000,91.000,95.000,7.000,,45.548,17.256,323.000,269.000,-54.000,-0.135,-5.297,1.998,3.000,False,False,False,,,False
centre,95392,Mériel,commune,,5347,ign_chef_lieu,2.205,49.079,26.219,27.012,88.000,91.000,95.000,7.000,,42.903,17.287,324.000,269.000,-55.000,-0.138,-5.379,2.121,3.000,False,False,False,,,False
centre,78440,Les Mureaux,commune,,34632,ign_chef_lieu,1.909,48.993,26.349,35.876,70.000,74.000,79.000,9.000,,27.720,21.364,325.000,139.000,-186.000,-0.465,-23.240,2.670,2.000,False,False,False,,5.000,False
centre,95028,Attainville,commune,,1904,ign_chef_lieu,2.346,49.057,26.407,22.317,98.000,109.000,125.000,27.000,,45.552,14.536,326.000,363.000,37.000,0.092,12.945,2.393,3.000,False,False,False,,,False
centre,95476,Osny,commune,,17954,ign_chef_lieu,2.062,49.066,26.430,31.598,85.000,88.000,91.000,6.000,,44.917,18.021,327.000,244.500,-82.500,-0.206,-8.855,1.959,3.000,False,False,False,,,False
centre,95211,Ennery,commune,,2243,ign_chef_lieu,2.106,49.076,26.536,30.368,112.000,122.000,130.000,18.000,,44.195,13.051,328.000,389.000,61.000,0.152,26.115,2.760,3.000,False,False,False,,,False
centre,95094,Bouqueval,commune,,314,ign_chef_lieu,2.424,49.024,26.559,19.420,,,,,,44.458,,,,,,,,,False,False,False,,,False
centre,95510,Puiseux-Pontoise,commune,,603,ign_chef_lieu,2.022,49.057,26.651,32.908,82.000,85.000,89.000,7.000,,41.967,18.812,329.000,221.000,-108.000,-0.270,-12.316,2.025,2.000,False,False,False,,,False
centre,94055,Ormesson-sur-Marne,commune,,10977,ign_chef_lieu,2.540,48.786,26.695,15.889,86.000,89.000,92.000,6.000,,45.338,17.996,330.000,251.500,-78.500,-0.196,-8.263,1.963,2.000,False,False,False,,,False
centre,95492,Le Plessis-Gassot,commune,,102,ign_chef_lieu,2.412,49.033,26.765,20.173,,,,,,45.257,,,,,,,,,False,False,False,,,False
centre,93051,Noisy-le-Grand,commune,,72978,ign_chef_lieu,2.552,48.850,26.773,14.690,77.000,80.000,82.000,5.000,,43.877,20.080,331.000,183.500,-147.500,-0.369,-17.658,1.823,1.000,False,False,False,,,False
centre,78238,Flins-sur-Seine,commune,,2447,ign_chef_lieu,1.870,48.963,26.803,37.295,89.000,95.000,103.000,14.000,,26.850,16.928,332.000,294.500,-37.500,-0.094,-2.270,3.538,3.000,False,False,False,,,False
centre,95430,Montsoult,commune,,4023,ign_chef_lieu,2.312,49.071,26.836,24.007,90.000,94.000,99.000,9.000,,47.048,17.129,333.000,287.000,-46.000,-0.115,-3.357,1.998,2.000,False,False,False,,,False
centre,93046,Livry-Gargan,commune,,47228,ign_chef_lieu,2.536,48.919,26.927,15.193,86.000,89.000,92.000,6.000,,40.438,18.153,334.000,251.500,-82.500,-0.206,-8.648,2.201,2.000,False,False,False,,,False
centre,91235,Fleury-Mérogis,commune,,13721,ign_chef_lieu,2.361,48.630,26.945,25.188,102.000,105.000,108.000,6.000,,40.633,15.397,335.000,344.500,9.500,0.024,7.740,2.584,4.000,True,False,False,,,False
centre,95120,Butry-sur-Oise,commune,,2252,ign_chef_lieu,2.198,49.086,26.957,27.909,99.000,102.000,106.000,7.000,,44.995,15.857,336.000,332.500,-3.500,-0.009,4.638,2.267,4.000,True,False,False,,,False
centre,78033,Aulnay-sur-Mauldre,commune,,1180,ign_chef_lieu,1.844,48.929,26.968,38.176,98.000,107.000,117.000,19.000,,35.023,15.122,337.000,350.500,13.500,0.034,9.746,3.055,3.000,False,False,False,,,False
centre,91521,Ris-Orangis,commune,,31189,ign_chef_lieu,2.416,48.654,26.971,23.016,90.000,94.000,98.000,8.000,,41.100,17.216,338.000,287.000,-51.000,-0.128,-3.593,2.287,4.000,True,False,False,,,False
centre,93071,Sevran,commune,,52535,ign_chef_lieu,2.526,48.940,26.992,15.716,76.000,79.000,82.000,6.000,,43.163,20.500,339.000,176.500,-162.500,-0.406,-19.007,1.830,3.000,False,False,False,,,False
centre,78013,Andelu,commune,,550,ign_chef_lieu,1.824,48.879,27.014,38.888,,,,,,38.080,,,,,,,,,False,False,False,,,False
centre,78034,Auteuil,commune,,1020,ign_chef_lieu,1.819,48.841,27.094,39.220,102.000,110.000,117.000,15.000,,31.553,14.779,340.000,366.500,26.500,0.066,12.568,3.486,2.000,False,False,False,,,False
centre,78364,Marcq,commune,,802,ign_chef_lieu,1.819,48.860,27.117,39.145,105.000,127.000,139.000,34.000,,33.660,12.811,341.000,392.000,51.000,0.128,29.911,3.773,3.000,False,False,False,,,False
centre,95612,Le Thillay,commune,,4560,ign_chef_lieu,2.470,49.002,27.145,18.314,95.000,99.000,103.000,8.000,,41.782,16.452,342.000,315.000,-27.000,-0.068,1.219,2.369,4.000,True,False,False,,,False
centre,78401,Meulan-en-Yvelines,commune,,8950,ign_chef_lieu,1.910,49.005,27.154,36.404,85.000,89.000,93.000,8.000,,29.683,18.306,343.000,251.500,-91.500,-0.229,-9.021,2.998,2.000,False,False,False,,,False
centre,78030,Auffargis,commune,,1963,ign_chef_lieu,1.887,48.700,27.224,38.336,96.000,103.000,111.000,15.000,,33.015,15.859,344.000,337.000,-7.000,-0.018,5.160,3.120,3.000,False,False,False,,,False
centre,91634,Vaugrigneuse,commune,,1458,ign_chef_lieu,2.121,48.603,27.240,32.966,,,,,,43.377,,,,,,,,,False,False,False,,,False
centre,91103,Brétigny-sur-Orge,commune,,26658,ign_chef_lieu,2.306,48.611,27.241,27.452,83.000,86.000,90.000,7.000,,40.732,19.005,345.000,231.000,-114.000,-0.285,-12.223,2.111,3.000,False,False,False,,,False
centre,93014,Clichy-sous-Bois,commune,,29354,ign_chef_lieu,2.546,48.911,27.318,15.426,90.000,92.000,95.000,5.000,,41.870,17.816,346.000,277.500,-68.500,-0.171,-6.228,2.197,2.000,False,False,False,,,False
centre,95353,Maffliers,commune,,1856,ign_chef_lieu,2.308,49.076,27.336,24.650,97.000,103.000,108.000,11.000,,48.332,15.924,347.000,337.000,-10.000,-0.025,4.950,2.131,2.000,False,False,False,,,False
centre,78398,Les Mesnuls,commune,,910,ign_chef_lieu,1.837,48.758,27.452,39.400,109.000,116.000,124.000,15.000,,30.680,14.200,348.000,383.500,35.500,0.089,17.953,3.781,4.000,True,False,False,,,False
centre,78029,Aubergenville,commune,,12723,ign_chef_lieu,1.856,48.959,27.515,38.154,86.000,92.000,98.000,12.000,,28.052,17.945,349.000,277.500,-71.500,-0.179,-6.555,3.280,3.000,False,False,False,,,False
centre,94053,Noiseau,commune,,4628,ign_chef_lieu,2.549,48.775,27.592,17.032,88.000,92.000,96.000,8.000,,47.275,17.995,350.000,277.500,-72.500,-0.181,-6.681,1.946,2.000,False,False,False,,,False
centre,91494,Le Plessis-Pâté,commune,,4154,ign_chef_lieu,2.325,48.612,27.653,27.230,89.000,93.000,99.000,10.000,,43.788,17.840,351.000,282.000,-69.000,-0.172,-5.767,2.124,4.000,True,False,False,,,False
centre,78087,Bonnelles,commune,,2165,ign_chef_lieu,2.028,48.618,27.662,35.639,118.000,129.000,151.000,33.000,,46.225,12.866,352.000,393.500,41.500,0.104,30.688,2.791,3.000,False,False,False,,,False
centre,78389,Méré,commune,,1731,ign_chef_lieu,1.820,48.788,27.713,39.841,93.000,101.000,109.000,16.000,,28.337,16.463,353.000,327.000,-26.000,-0.065,2.231,3.564,3.000,False,False,False,,,False
centre,95395,Le Mesnil-Aubry,commune,,914,ign_chef_lieu,2.400,49.051,27.797,21.898,,,,,,45.397,,,,,,,,,False,False,False,,,False
centre,91115,Bruyères-le-Châtel,commune,,3788,ign_chef_lieu,2.193,48.593,27.818,31.522,118.000,,,,,43.857,,,,,,,,,False,False,False,,,False
centre,91186,Courson-Monteloup,commune,,563,ign_chef_lieu,2.145,48.593,28.039,33.033,,,,,,42.532,,,,,,,,,False,False,False,,,False
centre,95633,Vaudherland,commune,,104,ign_chef_lieu,2.487,49.001,28.040,18.838,107.000,113.000,117.000,10.000,,40.870,14.889,354.000,376.500,22.500,0.056,13.727,2.765,4.000,True,False,False,,,False
centre,95445,Nerville-la-Forêt,commune,,756,ign_chef_lieu,2.277,49.089,28.111,26.490,119.000,141.000,,,,46.117,11.962,355.000,398.000,43.000,0.107,41.733,3.057,3.000,False,False,False,,,False
centre,95628,Valmondois,commune,,1208,ign_chef_lieu,2.190,49.096,28.115,29.206,103.000,107.000,111.000,8.000,,48.473,15.765,356.000,350.500,-5.500,-0.014,7.550,2.207,3.000,False,False,False,,,False
centre,78609,Tessancourt-sur-Aubette,commune,,966,ign_chef_lieu,1.919,49.024,28.119,36.817,107.000,112.000,116.000,9.000,,33.753,15.064,357.000,373.000,16.000,0.040,12.567,3.318,2.000,False,False,False,,,False
centre,91552,Saint-Germain-lès-Arpajon,commune,,11623,ign_chef_lieu,2.256,48.595,28.130,29.966,95.000,100.000,105.000,10.000,,40.612,16.878,358.000,321.500,-36.500,-0.091,0.487,2.462,4.000,True,False,False,,,False
centre,91461,Ollainville,commune,,5455,ign_chef_lieu,2.217,48.591,28.157,31.145,104.000,109.000,114.000,10.000,,43.205,15.500,359.000,363.000,4.000,0.010,9.479,2.523,3.000,False,False,False,,,False
centre,78036,Autouillet,commune,,665,ign_chef_lieu,1.804,48.850,28.202,40.287,106.000,114.000,121.000,15.000,,33.405,14.843,360.000,380.000,20.000,0.050,14.413,3.413,2.000,False,False,False,,,False
centre,78451,Nézel,commune,,1139,ign_chef_lieu,1.836,48.946,28.204,39.171,95.000,101.000,109.000,14.000,,31.277,16.755,361.000,327.000,-34.000,-0.085,1.362,3.229,3.000,False,False,False,,,False
centre,78299,Hardricourt,commune,,2599,ign_chef_lieu,1.894,49.008,28.217,37.562,91.000,96.000,99.000,8.000,,31.695,17.635,362.000,300.000,-62.000,-0.155,-3.676,3.029,2.000,False,False,False,,,False
centre,95170,Condécourt,commune,,564,ign_chef_lieu,1.941,49.040,28.335,36.382,103.000,108.000,113.000,10.000,,36.100,15.742,363.000,357.000,-6.000,-0.015,8.144,2.992,2.000,False,False,False,,,False
centre,93033,Gournay-sur-Marne,commune,,7320,ign_chef_lieu,2.573,48.865,28.355,16.191,88.000,90.000,93.000,5.000,,48.845,18.903,364.000,260.000,-104.000,-0.260,-9.910,1.843,2.000,False,False,False,,,False
centre,91114,Brunoy,commune,,25643,ign_chef_lieu,2.504,48.698,28.358,20.863,83.000,87.000,91.000,8.000,,49.095,19.557,365.000,237.500,-127.500,-0.319,-12.918,1.772,2.000,False,False,False,,,False
centre,78120,Bullion,commune,,1916,ign_chef_lieu,1.999,48.621,28.369,36.885,113.000,124.000,146.000,33.000,,43.852,13.727,366.000,391.000,25.000,0.062,24.093,2.828,3.000,False,False,False,,,False
centre,78125,La Celle-les-Bordes,commune,,840,ign_chef_lieu,1.955,48.640,28.378,37.866,104.000,115.000,137.000,33.000,,42.842,14.806,367.000,382.000,15.000,0.037,15.068,2.684,3.000,False,False,False,,,False
centre,78403,Mézy-sur-Seine,commune,,2242,ign_chef_lieu,1.881,49.000,28.407,38.054,103.000,108.000,112.000,9.000,,32.848,15.782,368.000,357.000,-11.000,-0.028,8.011,3.288,3.000,False,False,False,,,False
centre,78230,La Falaise,commune,,609,ign_chef_lieu,1.832,48.945,28.426,39.417,99.000,104.000,111.000,12.000,,32.093,16.400,369.000,341.000,-28.000,-0.070,3.977,3.241,3.000,False,False,False,,,False
centre,95078,Boissy-l'Aillerie,commune,,2120,ign_chef_lieu,2.029,49.077,28.442,34.103,92.000,98.000,104.000,12.000,,45.192,17.413,370.000,308.500,-61.500,-0.154,-2.048,2.169,3.000,False,False,False,,,False
centre,91021,Arpajon,commune,,11698,ign_chef_lieu,2.248,48.590,28.520,30.594,97.000,102.000,106.000,9.000,,40.675,16.777,371.000,332.500,-38.500,-0.096,1.814,2.508,3.000,False,False,False,,,False
centre,94059,Le Plessis-Trévise,commune,,21112,ign_chef_lieu,2.573,48.809,28.536,17.014,78.000,83.000,88.000,10.000,,48.813,20.628,372.000,201.500,-170.500,-0.426,-17.174,1.700,2.000,False,False,False,,9.000,False
centre,95271,Génicourt,commune,,514,ign_chef_lieu,2.066,49.088,28.574,33.190,98.000,107.000,114.000,16.000,,43.798,16.023,373.000,350.500,-22.500,-0.056,6.706,2.443,3.000,False,False,False,,,False
centre,95535,Sagy,commune,,1096,ign_chef_lieu,1.952,49.050,28.720,36.391,103.000,121.000,,,,37.937,14.241,374.000,387.500,13.500,0.034,20.370,3.190,2.000,False,False,False,,,False
centre,93078,Villepinte,commune,,41470,ign_chef_lieu,2.535,48.964,28.738,17.917,80.000,84.000,88.000,8.000,,42.545,20.527,375.000,208.500,-166.500,-0.416,-16.463,1.974,3.000,False,False,False,,10.000,False
centre,78420,Montfort-l'Amaury,commune,,2779,ign_chef_lieu,1.809,48.778,28.767,40.864,102.000,110.000,118.000,16.000,,28.973,15.691,376.000,366.500,-9.500,-0.024,9.341,3.797,3.000,False,False,False,,,False
centre,94075,Villecresnes,commune,,11647,ign_chef_lieu,2.533,48.722,28.769,20.000,95.000,99.000,102.000,7.000,,45.422,17.436,377.000,315.000,-62.000,-0.155,-1.597,2.180,2.000,False,False,False,,,False
centre,95660,Villaines-sous-Bois,commune,,778,ign_chef_lieu,2.357,49.077,28.769,24.532,91.000,99.000,110.000,19.000,,48.397,17.436,378.000,315.000,-63.000,-0.158,-1.597,2.046,2.000,False,False,False,,,False
centre,78084,Boissy-sans-Avoir,commune,,616,ign_chef_lieu,1.798,48.819,28.772,40.944,119.000,130.000,141.000,22.000,,28.773,13.279,379.000,395.000,16.000,0.040,29.210,4.518,2.000,False,False,False,,,False
centre,95341,Livilliers,commune,,389,ign_chef_lieu,2.095,49.095,28.808,32.576,121.000,134.000,145.000,24.000,,45.413,12.899,380.000,396.000,16.000,0.040,33.105,2.951,2.000,False,False,False,,,False
centre,93047,Montfermeil,commune,,28703,ign_chef_lieu,2.571,48.902,28.844,16.801,85.000,88.000,92.000,7.000,,45.892,19.667,381.000,244.500,-136.500,-0.341,-12.641,1.918,2.000,False,False,False,,,False
centre,78616,Thoiry,commune,,1434,ign_chef_lieu,1.795,48.865,28.889,40.886,105.000,112.000,119.000,14.000,,35.378,15.476,382.000,373.000,-9.000,-0.022,11.100,3.166,3.000,False,False,False,,,False
centre,95308,Hérouville-en-Vexin,commune,,584,ign_chef_lieu,2.131,49.101,28.945,31.683,127.000,140.000,151.000,24.000,,46.510,12.405,383.000,397.000,14.000,0.035,38.744,3.010,2.000,False,False,False,,,False
centre,94060,La Queue-en-Brie,commune,,12241,ign_chef_lieu,2.575,48.791,29.026,17.886,87.000,92.000,97.000,10.000,,50.700,18.930,384.000,277.500,-106.500,-0.266,-8.948,1.815,2.000,False,False,False,,,False
centre,91457,La Norville,commune,,4268,ign_chef_lieu,2.259,48.587,29.049,30.770,96.000,101.000,105.000,9.000,,42.797,17.257,385.000,327.000,-58.000,-0.145,-0.080,2.360,3.000,False,False,False,,,False
centre,91215,Épinay-sous-Sénart,commune,,11611,ign_chef_lieu,2.515,48.695,29.177,21.565,93.000,97.000,101.000,8.000,,50.390,18.047,386.000,304.500,-81.500,-0.204,-4.241,1.925,2.000,False,False,False,,,False
centre,78262,Galluis,commune,,1298,ign_chef_lieu,1.796,48.796,29.252,41.412,91.000,99.000,111.000,20.000,,28.433,17.728,387.000,315.000,-72.000,-0.180,-2.389,3.482,3.000,False,False,False,,,False
centre,91086,Bondoufle,commune,,10767,ign_chef_lieu,2.380,48.613,29.260,27.114,99.000,103.000,108.000,9.000,,42.235,17.045,388.000,337.000,-51.000,-0.128,1.541,2.439,4.000,True,False,False,,,False
centre,95181,Courcelles-sur-Viosne,commune,,310,ign_chef_lieu,2.003,49.077,29.288,35.449,110.000,119.000,132.000,22.000,,44.625,14.767,389.000,385.000,-4.000,-0.010,17.261,2.667,2.000,False,False,False,,,False
centre,94048,Marolles-en-Brie,commune,,4781,ign_chef_lieu,2.550,48.733,29.336,20.000,106.000,110.000,114.000,8.000,,47.345,16.001,390.000,366.500,-23.500,-0.059,8.306,2.323,2.000,False,False,False,,,False
centre,91600,Soisy-sur-Seine,commune,,7418,ign_chef_lieu,2.452,48.646,29.353,24.527,100.000,104.000,109.000,9.000,,45.057,16.934,391.000,341.000,-50.000,-0.125,2.369,2.308,4.000,True,False,False,,,False
centre,91207,Égly,commune,,7166,ign_chef_lieu,2.222,48.580,29.430,32.222,94.000,99.000,103.000,9.000,,43.500,17.836,392.000,315.000,-77.000,-0.193,-2.676,2.276,3.000,False,False,False,,,False
centre,91017,Angervilliers,commune,,1772,ign_chef_lieu,2.065,48.592,29.456,36.281,,,,,,47.132,,,,,,,,,False,False,False,,,False
centre,95682,Villiers-le-Sec,commune,,205,ign_chef_lieu,2.390,49.072,29.458,24.189,,,,,,48.338,,,,,,,,,False,False,False,,,False
centre,95422,Montgeroult,commune,,361,ign_chef_lieu,2.007,49.081,29.501,35.515,103.000,108.000,114.000,11.000,,46.042,16.390,393.000,357.000,-36.000,-0.090,6.047,2.346,3.000,False,False,False,,,False
centre,93074,Vaujours,commune,,8007,ign_chef_lieu,2.567,48.932,29.525,17.861,89.000,92.000,95.000,6.000,,42.810,19.255,394.000,277.500,-116.500,-0.291,-9.699,2.149,3.000,False,False,False,,,False
centre,91568,Saint-Maurice-Montcouronne,commune,,1543,ign_chef_lieu,2.124,48.581,29.535,34.900,,,,,,45.577,,,,,,,,,False,False,False,,,False
centre,78261,Gaillon-sur-Montcient,commune,,689,ign_chef_lieu,1.892,49.024,29.542,38.550,114.000,120.000,127.000,13.000,,32.617,14.771,395.000,386.000,-9.000,-0.022,17.750,3.679,3.000,False,False,False,,,False
centre,78486,Le Perray-en-Yvelines,commune,,6480,ign_chef_lieu,1.855,48.695,29.573,40.787,81.000,84.000,88.000,7.000,,35.238,21.123,396.000,208.500,-187.500,-0.469,-17.616,2.384,3.000,False,False,False,,4.000,False
centre,95280,Goussainville,commune,,31301,ign_chef_lieu,2.473,49.032,29.638,21.474,80.000,85.000,89.000,9.000,,47.597,20.921,397.000,221.000,-176.000,-0.440,-16.724,1.786,2.000,False,False,False,,7.000,False
centre,93015,Coubron,commune,,5175,ign_chef_lieu,2.577,48.916,29.651,17.733,94.000,98.000,101.000,7.000,,44.595,18.153,398.000,308.500,-89.500,-0.224,-4.008,2.198,2.000,False,False,False,,,False
centre,77108,Chelles,commune,,54620,ign_chef_lieu,2.590,48.878,29.767,17.593,78.000,80.000,83.000,5.000,,50.303,22.325,399.000,183.500,-215.500,-0.539,-21.788,1.590,1.000,False,False,False,,1.000,False
centre,95313,L'Isle-Adam,commune,,12493,ign_chef_lieu,2.218,49.112,29.975,30.126,104.000,108.000,112.000,8.000,,47.298,16.653,400.000,357.000,-43.000,-0.107,5.230,2.283,4.000,True,False,False,,,False
centre,78655,Vieille-Église-en-Yvelines,commune,,652,ign_chef_lieu,1.875,48.670,29.984,40.732,117.000,,,,,38.690,,,,,,,,,False,False,False,,,False
gare,92033,Garches,commune,,17743,ign_chef_lieu,2.188,48.844,0.584,12.175,9.000,9.000,9.000,0.000,9.000,1.572,3.892,,,,,,5.726,0.000,False,True,False,,,True
gare,92047,Marnes-la-Coquette,commune,,1752,ign_chef_lieu,2.178,48.830,1.125,13.169,17.000,17.000,17.000,0.000,17.000,4.338,3.972,1.000,2.500,1.500,0.004,4.590,3.919,0.000,False,True,False,,,False
gare,92077,Ville-d'Avray,commune,,11089,ign_chef_lieu,2.190,48.828,1.130,12.361,26.000,26.000,26.000,0.000,26.000,5.623,2.607,2.000,7.000,5.000,0.012,59.648,4.624,0.000,False,True,False,,,False
gare,92076,Vaucresson,commune,,8432,ign_chef_lieu,2.158,48.839,2.100,14.401,15.000,17.000,20.000,5.000,30.000,2.688,7.411,3.000,2.500,-0.500,-0.001,-24.977,6.324,0.000,False,False,False,,,False
gare,92072,Sèvres,commune,,22303,ign_chef_lieu,2.213,48.825,2.442,10.853,31.000,34.000,37.000,6.000,43.000,8.845,4.309,4.000,13.500,9.500,0.024,38.453,3.844,1.000,False,False,False,,,False
gare,92064,Saint-Cloud,commune,,29855,ign_chef_lieu,2.219,48.844,2.465,9.890,13.000,15.000,18.000,5.000,34.000,4.763,9.861,5.000,1.000,-4.000,-0.010,-39.226,3.149,0.000,False,False,False,,,False
gare,92022,Chaville,commune,,20594,ign_chef_lieu,2.188,48.810,3.159,13.115,24.000,29.000,32.000,8.000,59.000,12.968,6.536,6.000,8.500,2.500,0.006,2.959,2.236,1.000,False,False,False,,,False
gare,78126,La Celle-Saint-Cloud,commune,,20460,ign_chef_lieu,2.136,48.848,3.859,15.897,20.000,23.000,26.000,6.000,59.000,7.533,10.066,7.000,4.000,-3.000,-0.007,-26.598,3.053,1.000,False,False,False,,,False
gare,92012,Boulogne-Billancourt,commune,,119019,ign_chef_lieu,2.241,48.836,3.974,8.524,32.000,35.000,38.000,6.000,60.000,8.187,6.812,8.000,15.500,7.500,0.019,9.963,4.275,1.000,False,False,False,,,False
gare,78092,Bougival,commune,,9134,ign_chef_lieu,2.140,48.861,4.242,15.612,28.000,31.000,34.000,6.000,66.000,10.342,8.209,9.000,12.000,3.000,0.007,-5.931,2.998,0.000,False,False,False,,,False
gare,78686,Viroflay,commune,,17237,ign_chef_lieu,2.173,48.800,4.410,14.594,32.000,38.000,43.000,11.000,73.000,15.175,6.962,10.000,20.500,10.500,0.026,12.948,2.504,2.000,False,False,False,,,False
gare,92063,Rueil-Malmaison,commune,,82874,ign_chef_lieu,2.181,48.878,4.420,12.835,44.000,46.000,48.000,4.000,72.000,9.903,5.765,11.000,48.000,37.000,0.092,36.557,4.645,1.000,False,False,False,,,False
gare,92073,Suresnes,commune,,48956,ign_chef_lieu,2.225,48.871,4.612,9.487,21.000,24.000,27.000,6.000,69.000,7.838,11.531,12.000,5.000,-7.000,-0.017,-30.353,3.062,1.000,False,False,False,,,False
gare,78158,Le Chesnay-Rocquencourt,commune,,30689,ign_chef_lieu,2.125,48.826,4.687,17.006,27.000,30.000,34.000,7.000,72.000,7.430,9.373,13.000,10.500,-2.500,-0.006,-13.680,4.038,1.000,False,False,False,,,False
gare,92048,Meudon,commune,,46334,ign_chef_lieu,2.239,48.813,4.744,9.653,40.000,42.000,46.000,6.000,77.000,13.962,6.778,14.000,31.000,17.000,0.042,20.065,3.008,1.000,False,False,False,,,False
gare,78190,Croissy-sur-Seine,commune,,11013,ign_chef_lieu,2.148,48.881,5.488,15.263,42.000,45.000,48.000,6.000,102.000,14.793,7.317,15.000,43.000,28.000,0.070,19.042,3.042,1.000,False,False,False,,,False
gare,78646,Versailles,commune,,84095,ign_chef_lieu,2.130,48.801,5.851,17.444,37.000,39.000,42.000,5.000,90.000,10.350,9.002,16.000,24.000,8.000,0.020,-0.294,3.768,2.000,False,False,False,,,False
gare,78350,Louveciennes,commune,,7990,ign_chef_lieu,2.113,48.862,6.031,17.620,28.000,30.000,33.000,5.000,91.000,9.678,12.062,17.000,10.500,-6.500,-0.016,-24.533,3.100,0.000,False,False,False,,,False
gare,78146,Chatou,commune,,30598,ign_chef_lieu,2.158,48.890,6.115,14.779,41.000,44.000,48.000,7.000,104.000,14.200,8.339,18.000,38.000,20.000,0.050,9.873,3.099,2.000,False,False,False,,,False
gare,92050,Nanterre,commune,,97783,ign_chef_lieu,2.207,48.892,6.158,11.372,40.000,43.000,46.000,6.000,97.000,14.352,8.592,19.000,33.500,14.500,0.036,6.981,2.996,2.000,False,False,False,,,False
gare,78640,Vélizy-Villacoublay,commune,,23011,ign_chef_lieu,2.191,48.783,6.190,14.434,40.000,47.000,52.000,12.000,104.000,17.098,7.902,20.000,54.000,34.000,0.085,16.611,2.749,2.000,False,False,False,,,False
gare,92062,Puteaux,commune,,44002,ign_chef_lieu,2.238,48.884,6.338,8.936,22.000,25.000,28.000,6.000,94.000,12.588,15.210,21.000,6.000,-15.000,-0.037,-38.749,1.986,0.000,False,False,False,,,False
gare,92040,Issy-les-Moulineaux,commune,,67669,ign_chef_lieu,2.274,48.825,6.589,6.776,43.000,46.000,49.000,6.000,99.000,14.305,8.594,22.000,48.000,26.000,0.065,10.392,3.216,1.000,False,False,False,,,False
gare,92023,Clamart,commune,,58576,ign_chef_lieu,2.263,48.801,6.994,9.044,58.000,61.000,65.000,7.000,112.000,19.893,6.879,23.000,109.000,86.000,0.214,41.807,3.066,3.000,False,False,True,,,False
gare,78502,Le Port-Marly,commune,,5559,ign_chef_lieu,2.112,48.878,7.071,17.836,40.000,42.000,45.000,5.000,109.000,15.035,10.101,24.000,31.000,7.000,0.017,-2.927,2.793,0.000,False,False,False,,,False
gare,75116,Paris 16e Arrondissement,district,75056,159386,ign_chef_lieu_arrondissement,2.277,48.864,7.179,5.633,36.000,39.000,41.000,5.000,109.000,15.722,11.044,25.000,24.000,-1.000,-0.002,-10.585,2.481,3.000,False,False,False,,,False
gare,78650,Le Vésinet,commune,,15554,ign_chef_lieu,2.135,48.895,7.316,16.525,47.000,50.000,53.000,6.000,,17.223,8.780,26.000,62.500,36.500,0.091,13.478,2.903,1.000,False,False,False,,,False
gare,78372,Marly-le-Roi,commune,,16756,ign_chef_lieu,2.097,48.868,7.360,18.789,27.000,29.000,32.000,5.000,112.000,12.268,15.227,27.000,8.500,-18.500,-0.046,-34.390,2.364,0.000,False,False,False,,,False
gare,78124,Carrières-sur-Seine,commune,,14791,ign_chef_lieu,2.176,48.906,7.568,14.048,46.000,48.000,51.000,5.000,,21.707,9.460,28.000,58.000,30.000,0.075,6.994,2.211,2.000,False,False,False,,,False
gare,92075,Vanves,commune,,28622,ign_chef_lieu,2.289,48.821,7.789,6.048,52.000,55.000,58.000,6.000,116.000,16.708,8.497,29.000,78.000,49.000,0.122,20.733,3.292,2.000,False,False,False,,,False
gare,78043,Bailly,commune,,3731,ign_chef_lieu,2.079,48.840,7.905,20.169,37.000,40.000,43.000,6.000,114.000,10.588,11.858,30.000,26.000,-4.000,-0.010,-12.886,3.778,1.000,False,False,False,,,False
gare,92051,Neuilly-sur-Seine,commune,,59538,ign_chef_lieu,2.270,48.885,7.997,6.847,35.000,38.000,41.000,6.000,,15.097,12.626,31.000,20.500,-10.500,-0.026,-17.746,2.517,1.000,False,False,False,,,False
gare,92026,Courbevoie,commune,,82902,ign_chef_lieu,2.256,48.895,8.120,8.332,32.000,34.000,37.000,5.000,,14.443,14.330,32.000,13.500,-18.500,-0.046,-27.003,2.354,0.000,False,False,False,,,False
gare,78418,Montesson,commune,,14549,ign_chef_lieu,2.150,48.909,8.269,15.966,51.000,53.000,57.000,6.000,,21.548,9.361,33.000,72.000,39.000,0.097,12.697,2.460,2.000,False,False,False,,,False
gare,78322,Jouy-en-Josas,commune,,7981,ign_chef_lieu,2.169,48.765,8.291,16.922,49.000,52.000,56.000,7.000,,17.677,9.567,34.000,68.000,34.000,0.085,10.408,2.942,2.000,False,False,False,,,False
gare,75115,Paris 15e Arrondissement,district,75056,229713,ign_chef_lieu_arrondissement,2.300,48.841,8.360,4.177,46.000,48.000,51.000,5.000,,19.557,10.450,35.000,58.000,23.000,0.057,1.471,2.454,2.000,False,False,False,,,False
gare,92060,Le Plessis-Robinson,commune,,28848,ign_chef_lieu,2.262,48.782,8.367,10.588,67.000,71.000,75.000,8.000,,18.875,7.071,36.000,179.500,143.500,0.358,50.024,3.762,3.000,False,False,False,10.000,,False
gare,78117,Buc,commune,,5816,ign_chef_lieu,2.126,48.774,8.418,18.992,56.000,60.000,63.000,7.000,,18.283,8.418,37.000,100.500,63.500,0.158,26.370,3.282,2.000,False,False,False,,,False
gare,92046,Malakoff,commune,,30557,ign_chef_lieu,2.302,48.821,8.669,5.440,54.000,57.000,60.000,6.000,,17.578,9.125,38.000,84.000,46.000,0.115,18.187,3.243,3.000,False,False,False,,,False
gare,92020,Châtillon,commune,,36705,ign_chef_lieu,2.290,48.800,8.720,7.810,67.000,70.000,73.000,6.000,,20.908,7.474,39.000,173.000,134.000,0.334,44.688,3.348,4.000,True,False,False,,,False
gare,92035,La Garenne-Colombes,commune,,30197,ign_chef_lieu,2.247,48.907,8.810,9.590,36.000,39.000,42.000,6.000,,16.767,13.554,40.000,24.000,-16.000,-0.040,-19.829,2.326,0.000,False,False,False,,,False
gare,78481,Le Pecq,commune,,16059,ign_chef_lieu,2.106,48.897,8.823,18.628,46.000,49.000,51.000,5.000,,17.678,10.803,41.000,60.000,19.000,0.047,0.654,2.772,1.000,False,False,False,,,False
gare,78343,Les Loges-en-Josas,commune,,1645,ign_chef_lieu,2.140,48.764,8.907,18.643,55.000,58.000,62.000,7.000,,19.605,9.214,42.000,88.500,46.500,0.116,18.538,2.958,3.000,False,False,False,,,False
gare,78455,Noisy-le-Roi,commune,,7713,ign_chef_lieu,2.064,48.844,8.978,21.184,36.000,38.000,41.000,5.000,,13.308,14.176,43.000,20.500,-22.500,-0.056,-22.667,2.855,1.000,False,False,False,,,False
gare,92032,Fontenay-aux-Roses,commune,,24070,ign_chef_lieu,2.287,48.791,9.021,8.717,71.000,74.000,76.000,5.000,,23.197,7.314,44.000,200.500,156.500,0.390,50.217,3.190,2.000,False,False,False,7.000,,False
gare,78224,L'Étang-la-Ville,commune,,5157,ign_chef_lieu,2.073,48.871,9.125,20.599,32.000,35.000,38.000,6.000,,18.690,15.643,45.000,15.500,-29.500,-0.074,-29.383,1.873,0.000,False,False,False,,,False
gare,78367,Mareil-Marly,commune,,4141,ign_chef_lieu,2.077,48.882,9.395,20.408,41.000,44.000,46.000,5.000,,20.830,12.812,46.000,38.000,-8.000,-0.020,-12.595,2.112,1.000,False,False,False,,,False
gare,78311,Houilles,commune,,33983,ign_chef_lieu,2.187,48.923,9.434,14.259,34.000,37.000,40.000,6.000,,24.977,15.298,47.000,17.500,-29.500,-0.074,-26.661,1.481,1.000,False,False,False,,,False
gare,92044,Levallois-Perret,commune,,68092,ign_chef_lieu,2.288,48.893,9.576,6.243,41.000,44.000,47.000,6.000,,18.305,13.058,48.000,38.000,-10.000,-0.025,-13.476,2.404,2.000,False,False,False,,,False
gare,78551,Saint-Germain-en-Laye,commune,,45931,ign_chef_lieu,2.094,48.899,9.576,19.555,45.000,47.000,50.000,5.000,,20.087,12.225,49.000,54.000,5.000,0.012,-7.578,2.340,1.000,False,False,False,,,False
gare,91064,Bièvres,commune,,4686,ign_chef_lieu,2.215,48.754,9.590,15.191,58.000,61.000,64.000,6.000,,18.753,9.433,50.000,109.000,59.000,0.147,19.859,3.253,2.000,False,False,False,,,False
gare,92007,Bagneux,commune,,44572,ign_chef_lieu,2.304,48.799,9.654,7.267,62.000,65.000,67.000,5.000,,23.370,8.912,51.000,135.000,84.000,0.209,27.263,2.781,4.000,True,False,False,,,False
gare,78545,Saint-Cyr-l'École,commune,,21268,ign_chef_lieu,2.067,48.800,9.771,21.884,44.000,47.000,50.000,6.000,,14.860,12.474,52.000,54.000,2.000,0.005,-8.567,3.163,1.000,False,False,False,,,False
gare,92071,Sceaux,commune,,20884,ign_chef_lieu,2.288,48.780,9.933,9.750,69.000,72.000,75.000,6.000,,23.008,8.277,53.000,186.500,133.500,0.333,38.848,3.129,3.000,False,False,False,,,False
gare,75107,Paris 7e Arrondissement,district,75056,48015,ign_chef_lieu_arrondissement,2.320,48.857,10.053,2.354,44.000,46.000,49.000,5.000,,24.675,13.112,54.000,48.000,-6.000,-0.015,-11.856,1.864,2.000,False,False,False,,,False
gare,92049,Montrouge,commune,,46324,ign_chef_lieu,2.320,48.819,10.074,4.797,49.000,52.000,54.000,5.000,,19.283,11.623,55.000,68.000,13.000,0.032,-0.470,2.697,3.000,False,False,False,,,False
gare,95063,Bezons,commune,,36434,ign_chef_lieu,2.216,48.928,10.189,12.772,43.000,46.000,49.000,6.000,,19.890,13.290,56.000,48.000,-8.000,-0.020,-12.486,2.313,1.000,False,False,False,,,False
gare,75114,Paris 14e Arrondissement,district,75056,136455,ign_chef_lieu_arrondissement,2.327,48.833,10.321,3.201,48.000,50.000,53.000,5.000,,22.340,12.385,57.000,62.500,5.500,0.014,-5.527,2.238,2.000,False,False,False,,,False
gare,92009,Bois-Colombes,commune,,28909,ign_chef_lieu,2.268,48.914,10.337,8.946,39.000,41.000,45.000,6.000,,19.447,15.127,58.000,28.000,-30.000,-0.075,-22.596,2.108,2.000,False,False,False,,,False
gare,92019,Châtenay-Malabry,commune,,35825,ign_chef_lieu,2.278,48.767,10.350,11.320,75.000,78.000,81.000,6.000,,20.257,7.962,59.000,236.500,177.500,0.443,47.157,3.851,3.000,False,False,False,5.000,,False
gare,75108,Paris 8e Arrondissement,district,75056,35317,ign_chef_lieu_arrondissement,2.318,48.878,10.558,3.475,38.000,41.000,44.000,6.000,,22.147,15.451,60.000,28.000,-32.000,-0.080,-23.463,1.851,0.000,False,False,False,,,False
gare,78518,Rennemoulin,commune,,116,ign_chef_lieu,2.043,48.832,10.595,22.913,51.000,59.000,66.000,15.000,,14.382,10.775,61.000,94.000,33.000,0.082,9.932,4.102,2.000,False,False,False,,,False
gare,92025,Colombes,commune,,91053,ign_chef_lieu,2.254,48.923,10.601,10.285,43.000,45.000,49.000,6.000,,20.497,14.135,62.000,43.000,-19.000,-0.047,-16.180,2.195,2.000,False,False,False,,,False
gare,78242,Fontenay-le-Fleury,commune,,13680,ign_chef_lieu,2.046,48.811,10.785,23.086,57.000,59.000,61.000,4.000,,16.692,10.967,63.000,94.000,31.000,0.077,8.900,3.535,2.000,False,False,False,,,False
gare,75106,Paris 6e Arrondissement,district,75056,40389,ign_chef_lieu_arrondissement,2.332,48.851,10.785,1.616,43.000,46.000,48.000,5.000,,26.732,14.067,64.000,48.000,-16.000,-0.040,-15.095,1.721,3.000,False,False,False,,,False
gare,92004,Asnières-sur-Seine,commune,,93941,ign_chef_lieu,2.289,48.911,11.008,7.635,42.000,44.000,47.000,5.000,,18.072,15.011,65.000,38.000,-27.000,-0.067,-19.670,2.435,1.000,False,False,False,,,False
gare,78396,Le Mesnil-le-Roi,commune,,6332,ign_chef_lieu,2.122,48.928,11.018,18.651,56.000,61.000,66.000,10.000,,23.792,10.838,66.000,109.000,43.000,0.107,11.313,2.564,2.000,False,False,False,,,False
gare,91312,Igny,commune,,10833,ign_chef_lieu,2.226,48.742,11.082,15.746,64.000,68.000,72.000,8.000,,19.235,9.778,67.000,158.000,91.000,0.227,23.706,3.535,2.000,False,False,False,,,False
gare,75117,Paris 17e Arrondissement,district,75056,159212,ign_chef_lieu_arrondissement,2.322,48.885,11.198,3.852,40.000,43.000,46.000,6.000,,23.690,15.625,68.000,33.500,-34.500,-0.086,-22.208,1.815,2.000,False,False,False,,,False
gare,92024,Clichy,commune,,64410,ign_chef_lieu,2.305,48.903,11.261,6.232,43.000,46.000,49.000,6.000,,19.223,14.689,69.000,48.000,-21.000,-0.052,-17.029,2.393,3.000,False,False,False,,,False
gare,78297,Guyancourt,commune,,29778,ign_chef_lieu,2.070,48.771,11.373,22.806,62.000,64.000,68.000,6.000,,16.738,10.663,70.000,127.000,57.000,0.142,14.830,3.824,3.000,False,False,False,,,False
gare,94003,Arcueil,commune,,22200,ign_chef_lieu,2.335,48.804,11.529,5.922,53.000,55.000,58.000,5.000,,24.903,12.577,71.000,78.000,7.000,0.017,-2.028,2.209,2.000,False,False,False,,,False
gare,78620,Toussus-le-Noble,commune,,1172,ign_chef_lieu,2.114,48.746,11.570,21.378,62.000,66.000,70.000,8.000,,22.865,10.518,72.000,141.500,69.500,0.173,17.342,2.887,2.000,False,False,False,,,False
gare,92014,Bourg-la-Reine,commune,,21019,ign_chef_lieu,2.316,48.779,11.572,9.025,57.000,59.000,62.000,5.000,,23.938,11.768,73.000,94.000,21.000,0.052,4.889,2.465,2.000,False,False,False,,,False
gare,78586,Sartrouville,commune,,52763,ign_chef_lieu,2.158,48.941,11.614,17.073,39.000,41.000,44.000,5.000,,27.365,16.996,74.000,28.000,-46.000,-0.115,-27.253,1.498,1.000,False,False,False,,,False
gare,75105,Paris 5e Arrondissement,district,75056,55252,ign_chef_lieu_arrondissement,2.344,48.846,11.617,1.300,42.000,44.000,47.000,5.000,,27.875,15.842,75.000,38.000,-37.000,-0.092,-21.941,1.578,2.000,False,False,False,,,False
gare,91635,Vauhallan,commune,,1945,ign_chef_lieu,2.207,48.734,11.689,17.276,76.000,84.000,89.000,13.000,,21.645,8.349,76.000,278.000,202.000,0.504,48.535,3.881,3.000,False,False,False,1.000,,False
gare,91645,Verrières-le-Buisson,commune,,15057,ign_chef_lieu,2.267,48.746,11.832,13.745,77.000,81.000,84.000,7.000,,23.052,8.765,77.000,258.000,181.000,0.451,42.302,3.514,3.000,False,False,False,4.000,,False
gare,94016,Cachan,commune,,31103,ign_chef_lieu,2.334,48.795,11.879,7.005,57.000,60.000,63.000,6.000,,25.405,11.879,78.000,100.500,22.500,0.056,5.189,2.362,3.000,False,False,False,,,False
gare,75109,Paris 9e Arrondissement,district,75056,57271,ign_chef_lieu_arrondissement,2.341,48.872,11.978,1.965,36.000,38.000,42.000,6.000,,27.100,18.913,79.000,20.500,-58.500,-0.146,-33.677,1.402,2.000,False,False,False,,,False
gare,91534,Saclay,commune,,4437,ign_chef_lieu,2.172,48.731,11.983,19.220,72.000,77.000,84.000,12.000,,22.773,9.338,80.000,227.500,147.500,0.368,34.362,3.381,3.000,False,False,False,9.000,,False
gare,94037,Gentilly,commune,,19963,ign_chef_lieu,2.348,48.816,12.127,4.547,53.000,55.000,58.000,5.000,,21.920,13.229,81.000,78.000,-3.000,-0.007,-4.633,2.509,2.000,False,False,False,,,False
gare,78073,Bois-d'Arcy,commune,,16586,ign_chef_lieu,2.031,48.801,12.139,24.381,58.000,62.000,65.000,7.000,,12.975,11.747,82.000,117.000,35.000,0.087,7.446,4.778,2.000,False,False,False,,,False
gare,78571,Saint-Nom-la-Bretèche,commune,,4965,ign_chef_lieu,2.021,48.860,12.357,24.303,43.000,46.000,50.000,7.000,,16.478,16.117,83.000,48.000,-35.000,-0.087,-21.032,2.792,1.000,False,False,False,,,False
gare,92002,Antony,commune,,64263,ign_chef_lieu,2.296,48.754,12.363,12.157,64.000,67.000,70.000,6.000,,23.653,11.071,84.000,149.500,65.500,0.163,14.989,2.833,2.000,False,False,False,,,False
gare,78358,Maisons-Laffitte,commune,,23093,ign_chef_lieu,2.145,48.946,12.368,18.204,35.000,37.000,40.000,5.000,,29.725,20.056,85.000,17.500,-67.500,-0.168,-36.514,1.245,1.000,False,False,False,,,False
gare,75113,Paris 13e Arrondissement,district,75056,181271,ign_chef_lieu_arrondissement,2.356,48.833,12.424,2.656,51.000,53.000,56.000,5.000,,28.250,14.064,86.000,72.000,-14.000,-0.035,-9.277,1.876,2.000,False,False,False,,,False
gare,92036,Gennevilliers,commune,,50979,ign_chef_lieu,2.293,48.925,12.460,8.823,53.000,56.000,59.000,6.000,,20.850,13.350,87.000,81.000,-6.000,-0.015,-4.290,2.686,3.000,False,False,False,,,False
gare,94043,Le Kremlin-Bicêtre,commune,,24110,ign_chef_lieu,2.357,48.812,12.837,4.911,57.000,60.000,63.000,6.000,,23.163,12.837,88.000,100.500,12.500,0.031,0.927,2.590,2.000,False,False,False,,,False
gare,94038,L'Haÿ-les-Roses,commune,,31188,ign_chef_lieu,2.337,48.779,12.884,8.651,68.000,71.000,74.000,6.000,,26.407,10.888,89.000,179.500,90.500,0.226,19.201,2.689,3.000,False,False,False,,,False
gare,95018,Argenteuil,commune,,106130,ign_chef_lieu,2.249,48.948,13.005,12.694,57.000,60.000,64.000,7.000,,24.590,13.005,90.000,100.500,10.500,0.026,0.233,2.440,2.000,False,False,False,,,False
gare,75118,Paris 18e Arrondissement,district,75056,183127,ign_chef_lieu_arrondissement,2.344,48.892,13.034,4.011,42.000,45.000,48.000,6.000,,26.490,17.378,91.000,43.000,-48.000,-0.120,-24.913,1.699,2.000,False,False,False,,,False
gare,75110,Paris 10e Arrondissement,district,75056,83873,ign_chef_lieu_arrondissement,2.358,48.872,13.104,1.758,41.000,44.000,47.000,6.000,,31.112,17.869,92.000,38.000,-54.000,-0.135,-26.792,1.414,2.000,False,False,False,,,False
gare,78133,Chambourcy,commune,,5847,ign_chef_lieu,2.040,48.906,13.133,23.586,61.000,64.000,67.000,6.000,,19.603,12.313,93.000,127.000,34.000,0.085,6.357,3.265,2.000,False,False,False,,,False
gare,75100,Paris Centre,district,75056,94472,ign_chef_lieu_arrondissement,2.362,48.864,13.164,1.072,45.000,47.000,50.000,5.000,,30.517,16.805,94.000,54.000,-40.000,-0.100,-21.990,1.540,2.000,False,False,False,,,False
gare,78143,Châteaufort,commune,,1564,ign_chef_lieu,2.092,48.737,13.205,23.265,69.000,73.000,76.000,7.000,,23.448,10.854,95.000,194.000,99.000,0.247,20.962,3.113,2.000,False,False,False,,,False
gare,78688,Voisins-le-Bretonneux,commune,,10624,ign_chef_lieu,2.051,48.759,13.308,24.645,65.000,69.000,72.000,7.000,,19.182,11.572,96.000,165.500,69.500,0.173,13.862,3.597,2.000,False,False,False,,,False
gare,91679,Villiers-le-Bâcle,commune,,1031,ign_chef_lieu,2.126,48.726,13.323,22.132,82.000,86.000,90.000,8.000,,24.118,9.295,97.000,289.000,192.000,0.479,41.830,3.566,2.000,False,False,False,2.000,,False
gare,78674,Villepreux,commune,,11931,ign_chef_lieu,2.005,48.830,13.347,25.662,55.000,61.000,69.000,14.000,,19.538,13.128,98.000,109.000,11.000,0.027,0.504,3.122,2.000,False,False,False,,,False
gare,78423,Montigny-le-Bretonneux,commune,,32465,ign_chef_lieu,2.038,48.770,13.351,25.063,60.000,64.000,67.000,7.000,,17.890,12.516,99.000,127.000,28.000,0.070,5.430,3.577,2.000,False,False,False,,,False
gare,91377,Massy,commune,,51729,ign_chef_lieu,2.271,48.731,13.472,15.173,72.000,75.000,79.000,7.000,,26.577,10.777,100.000,206.500,106.500,0.266,22.960,2.822,3.000,False,False,False,,,False
gare,93070,Saint-Ouen-sur-Seine,commune,,53615,ign_chef_lieu,2.334,48.912,13.570,6.288,41.000,44.000,47.000,6.000,,22.635,18.505,101.000,38.000,-63.000,-0.157,-28.143,1.944,3.000,False,False,False,,,False
gare,94034,Fresnes,commune,,29528,ign_chef_lieu,2.322,48.755,13.595,11.487,73.000,76.000,79.000,6.000,,22.430,10.733,102.000,216.000,114.000,0.284,23.997,3.388,3.000,False,False,False,,,False
gare,94021,Chevilly-Larue,commune,,19826,ign_chef_lieu,2.347,48.771,13.957,9.467,63.000,66.000,69.000,6.000,,27.002,12.688,103.000,141.500,38.500,0.096,6.184,2.444,3.000,False,False,False,,,False
gare,94076,Villejuif,commune,,60183,ign_chef_lieu,2.363,48.792,13.961,7.213,65.000,68.000,71.000,6.000,,28.398,12.319,104.000,158.000,54.000,0.135,9.383,2.395,3.000,False,False,False,,,False
gare,91538,Saint-Aubin,commune,,661,ign_chef_lieu,2.140,48.715,14.110,22.132,83.000,87.000,95.000,12.000,,24.302,9.731,105.000,294.500,189.500,0.473,39.156,3.580,3.000,False,False,False,3.000,,False
gare,78007,Aigremont,commune,,1075,ign_chef_lieu,2.018,48.902,14.267,25.067,77.000,81.000,84.000,7.000,,18.965,10.568,106.000,258.000,152.000,0.379,28.799,4.271,2.000,False,False,False,8.000,,False
gare,75111,Paris 11e Arrondissement,district,75056,138170,ign_chef_lieu_arrondissement,2.379,48.859,14.327,1.984,44.000,47.000,50.000,6.000,,34.862,18.290,107.000,54.000,-53.000,-0.132,-25.432,1.348,2.000,False,False,False,,,False
gare,91477,Palaiseau,commune,,37471,ign_chef_lieu,2.246,48.715,14.443,17.616,71.000,76.000,80.000,9.000,,23.863,11.402,108.000,216.000,108.000,0.269,20.063,3.185,2.000,False,False,False,,,False
gare,78498,Poissy,commune,,40983,ign_chef_lieu,2.043,48.927,14.466,24.049,56.000,59.000,63.000,7.000,,22.695,14.711,109.000,94.000,-15.000,-0.037,-6.874,2.600,2.000,False,False,False,,,False
gare,78356,Magny-les-Hameaux,commune,,9386,ign_chef_lieu,2.084,48.724,14.779,24.615,76.000,83.000,88.000,12.000,,27.772,10.684,110.000,271.000,161.000,0.401,29.522,2.989,2.000,False,False,False,6.000,,False
gare,78152,Chavenay,commune,,1723,ign_chef_lieu,1.986,48.854,14.790,26.866,56.000,60.000,64.000,8.000,,19.152,14.790,111.000,100.500,-10.500,-0.026,-6.406,3.133,1.000,False,False,False,,,False
gare,75112,Paris 12e Arrondissement,district,75056,138024,ign_chef_lieu_arrondissement,2.388,48.841,14.809,3.142,47.000,50.000,53.000,6.000,,32.922,17.771,112.000,62.500,-49.500,-0.123,-22.058,1.519,2.000,False,False,False,,,False
gare,78165,Les Clayes-sous-Bois,commune,,16804,ign_chef_lieu,1.986,48.821,14.820,27.160,61.000,64.000,68.000,7.000,,21.288,13.894,113.000,127.000,14.000,0.035,-0.273,3.006,2.000,False,False,False,,,False
gare,94041,Ivry-sur-Seine,commune,,65064,ign_chef_lieu,2.388,48.812,15.046,5.567,55.000,59.000,62.000,7.000,,28.427,15.301,114.000,94.000,-20.000,-0.050,-8.802,2.076,3.000,False,False,False,,,False
gare,95257,La Frette-sur-Seine,commune,,4570,ign_chef_lieu,2.178,48.974,15.087,18.267,71.000,74.000,77.000,6.000,,29.227,12.233,115.000,200.500,85.500,0.213,14.216,2.532,2.000,False,False,False,,,False
gare,75119,Paris 19e Arrondissement,district,75056,178691,ign_chef_lieu_arrondissement,2.382,48.883,15.171,3.660,45.000,48.000,51.000,6.000,,33.847,18.964,116.000,58.000,-58.000,-0.145,-26.133,1.418,2.000,False,False,False,,,False
gare,92078,Villeneuve-la-Garenne,commune,,26021,ign_chef_lieu,2.333,48.936,15.277,8.957,55.000,58.000,60.000,5.000,,22.478,15.804,117.000,88.500,-28.500,-0.071,-11.074,2.580,2.000,False,False,False,,,False
gare,95176,Cormeilles-en-Parisis,commune,,27292,ign_chef_lieu,2.199,48.976,15.344,17.405,69.000,72.000,75.000,6.000,,29.108,12.786,118.000,186.500,68.500,0.171,10.136,2.474,2.000,False,False,False,,,False
gare,78621,Trappes,commune,,34689,ign_chef_lieu,1.999,48.776,15.395,27.429,56.000,59.000,63.000,7.000,,17.470,15.656,119.000,94.000,-25.000,-0.062,-9.910,3.377,1.000,False,False,False,,,False
gare,91471,Orsay,commune,,16498,ign_chef_lieu,2.187,48.699,15.455,21.260,80.000,84.000,88.000,8.000,,24.270,11.040,120.000,278.000,158.000,0.394,27.996,3.461,3.000,False,False,False,,,False
gare,94065,Rungis,commune,,5611,ign_chef_lieu,2.347,48.748,15.478,12.003,77.000,81.000,84.000,7.000,,26.573,11.465,121.000,258.000,137.000,0.342,23.330,3.048,3.000,False,False,False,,,False
gare,93039,L'Île-Saint-Denis,commune,,8696,ign_chef_lieu,2.341,48.936,15.638,8.853,49.000,52.000,54.000,5.000,,23.497,18.043,122.000,68.000,-54.000,-0.135,-21.257,2.213,2.000,False,False,False,,,False
gare,93031,Épinay-sur-Seine,commune,,52833,ign_chef_lieu,2.313,48.952,15.650,10.964,59.000,63.000,66.000,7.000,,26.967,14.905,123.000,121.000,-2.000,-0.005,-4.640,2.336,2.000,False,False,False,,,False
gare,91661,Villebon-sur-Yvette,commune,,10291,ign_chef_lieu,2.228,48.700,15.653,19.636,88.000,92.000,97.000,9.000,,29.292,10.208,124.000,326.000,202.000,0.504,39.241,3.141,3.000,False,False,False,,,False
gare,91272,Gif-sur-Yvette,commune,,22544,ign_chef_lieu,2.134,48.702,15.666,23.524,87.000,91.000,95.000,8.000,,28.603,10.329,125.000,321.000,196.000,0.489,37.665,3.181,3.000,False,False,False,,,False
gare,95582,Sannois,commune,,26924,ign_chef_lieu,2.256,48.972,15.688,14.631,57.000,61.000,66.000,9.000,,28.328,15.431,126.000,109.000,-17.000,-0.042,-7.788,2.153,2.000,False,False,False,,,False
gare,91689,Wissous,commune,,7151,ign_chef_lieu,2.327,48.732,15.714,13.968,80.000,84.000,88.000,8.000,,28.547,11.224,127.000,278.000,151.000,0.377,26.869,2.943,3.000,False,False,False,,,False
gare,91136,Champlan,commune,,2615,ign_chef_lieu,2.274,48.708,15.807,17.443,84.000,87.000,91.000,7.000,,27.970,10.902,128.000,294.500,166.500,0.415,30.987,3.110,3.000,False,False,False,,,False
gare,91122,Bures-sur-Yvette,commune,,9548,ign_chef_lieu,2.164,48.697,15.816,22.505,77.000,81.000,85.000,8.000,,27.690,11.715,129.000,258.000,129.000,0.322,21.919,2.925,3.000,False,False,False,,,False
gare,94081,Vitry-sur-Seine,commune,,93963,ign_chef_lieu,2.388,48.789,15.831,7.992,73.000,76.000,79.000,6.000,,28.963,12.498,130.000,216.000,86.000,0.214,14.334,2.624,4.000,True,False,False,,,False
gare,75120,Paris 20e Arrondissement,district,75056,185140,ign_chef_lieu_arrondissement,2.399,48.865,15.907,3.582,49.000,52.000,55.000,6.000,,37.178,18.355,131.000,68.000,-63.000,-0.157,-21.972,1.399,2.000,False,False,False,,,False
gare,78406,Milon-la-Chapelle,commune,,295,ign_chef_lieu,2.049,48.726,16.022,26.558,100.000,105.000,110.000,10.000,,27.610,9.155,132.000,379.000,247.000,0.616,56.957,3.803,3.000,False,False,False,,,False
gare,78005,Achères,commune,,22241,ign_chef_lieu,2.070,48.961,16.073,23.743,58.000,61.000,65.000,7.000,,29.950,15.810,133.000,109.000,-24.000,-0.060,-8.972,2.037,2.000,False,False,False,,,False
gare,78233,Feucherolles,commune,,3043,ign_chef_lieu,1.974,48.874,16.114,27.851,55.000,61.000,67.000,12.000,,20.493,15.850,134.000,109.000,-25.000,-0.062,-9.093,2.977,1.000,False,False,False,,,False
gare,78123,Carrières-sous-Poissy,commune,,20825,ign_chef_lieu,2.034,48.944,16.192,25.277,63.000,66.000,70.000,7.000,,26.437,14.720,135.000,141.500,6.500,0.016,-1.896,2.497,2.000,False,False,False,,,False
gare,95555,Saint-Gratien,commune,,21336,ign_chef_lieu,2.283,48.971,16.338,13.687,62.000,65.000,68.000,6.000,,27.097,15.081,136.000,135.000,-1.000,-0.002,-3.842,2.399,2.000,False,False,False,,,False
gare,95424,Montigny-lès-Cormeilles,commune,,22457,ign_chef_lieu,2.188,48.988,16.599,18.943,77.000,80.000,83.000,6.000,,32.200,12.449,137.000,248.000,111.000,0.277,17.353,2.484,2.000,False,False,False,,,False
gare,93061,Le Pré-Saint-Gervais,commune,,16993,ign_chef_lieu,2.403,48.883,16.628,4.727,58.000,61.000,63.000,5.000,,33.010,16.356,138.000,109.000,-29.000,-0.072,-10.602,1.848,2.000,False,False,False,,,False
gare,93001,Aubervilliers,commune,,88365,ign_chef_lieu,2.382,48.915,16.643,6.820,54.000,57.000,60.000,6.000,,27.915,17.519,139.000,84.000,-55.000,-0.137,-16.505,2.042,2.000,False,False,False,,,False
gare,93066,Saint-Denis,commune,,149077,ign_chef_lieu,2.358,48.936,16.649,8.883,51.000,54.000,57.000,6.000,,28.183,18.499,140.000,74.500,-65.500,-0.163,-20.913,1.916,2.000,False,False,False,,,False
gare,95252,Franconville,commune,,37754,ign_chef_lieu,2.230,48.986,16.734,16.991,70.000,72.000,75.000,5.000,,29.525,13.945,141.000,186.500,45.500,0.113,5.163,2.439,3.000,False,False,False,,,False
gare,95306,Herblay-sur-Seine,commune,,31779,ign_chef_lieu,2.165,48.990,16.926,20.210,63.000,67.000,71.000,8.000,,32.983,15.158,142.000,149.500,7.500,0.019,-2.733,2.031,3.000,False,False,False,,,False
gare,78575,Saint-Rémy-lès-Chevreuse,commune,,7747,ign_chef_lieu,2.073,48.706,16.933,26.507,84.000,88.000,92.000,8.000,,31.287,11.545,143.000,303.000,160.000,0.399,27.726,2.813,2.000,False,False,False,,,False
gare,94018,Charenton-le-Pont,commune,,28830,ign_chef_lieu,2.416,48.820,16.984,6.201,58.000,61.000,64.000,6.000,,32.915,16.706,144.000,109.000,-35.000,-0.087,-11.605,1.853,3.000,False,False,False,,,False
gare,93055,Pantin,commune,,61929,ign_chef_lieu,2.401,48.897,17.045,5.754,40.000,42.000,45.000,5.000,,32.325,24.350,145.000,31.000,-114.000,-0.284,-39.254,1.299,1.000,False,False,False,,,False
gare,78561,Saint-Lambert,commune,,447,ign_chef_lieu,2.020,48.731,17.076,28.117,,,,,,24.618,,,,,,,,,False,False,False,,,False
gare,95210,Enghien-les-Bains,commune,,11432,ign_chef_lieu,2.307,48.970,17.083,13.049,56.000,58.000,61.000,5.000,,29.852,17.672,146.000,88.500,-57.500,-0.143,-16.212,1.943,2.000,False,False,False,,,False
gare,94067,Saint-Mandé,commune,,21071,ign_chef_lieu,2.419,48.843,17.083,5.106,50.000,52.000,55.000,5.000,,33.190,19.711,147.000,68.000,-79.000,-0.197,-24.880,1.567,2.000,False,False,False,,,False
gare,94073,Thiais,commune,,32918,ign_chef_lieu,2.391,48.764,17.131,10.629,72.000,75.000,78.000,6.000,,28.532,13.705,148.000,206.500,58.500,0.146,8.184,2.629,3.000,False,False,False,,,False
gare,93006,Bagnolet,commune,,43086,ign_chef_lieu,2.417,48.869,17.217,4.902,59.000,62.000,65.000,6.000,,35.443,16.662,149.000,117.000,-32.000,-0.080,-10.807,1.749,2.000,False,False,False,,,False
gare,91587,Saulx-les-Chartreux,commune,,6733,ign_chef_lieu,2.264,48.691,17.313,19.461,95.000,99.000,103.000,8.000,,29.652,10.493,150.000,358.000,208.000,0.519,42.001,3.339,3.000,False,False,False,,,False
gare,93045,Les Lilas,commune,,23843,ign_chef_lieu,2.416,48.879,17.434,5.305,53.000,55.000,58.000,5.000,,35.287,19.019,151.000,78.000,-73.000,-0.182,-21.403,1.559,3.000,False,False,False,,,False
gare,91692,Les Ulis,commune,,25886,ign_chef_lieu,2.170,48.681,17.492,23.626,89.000,93.000,97.000,8.000,,28.290,11.285,152.000,331.000,179.000,0.446,32.668,3.287,3.000,False,False,False,,,False
gare,94002,Alfortville,commune,,45531,ign_chef_lieu,2.420,48.805,17.552,7.545,50.000,53.000,56.000,6.000,,33.967,19.870,153.000,72.000,-81.000,-0.202,-24.532,1.560,2.000,False,False,False,,,False
gare,91161,Chilly-Mazarin,commune,,20443,ign_chef_lieu,2.313,48.703,17.717,17.360,86.000,90.000,93.000,7.000,,29.125,11.811,154.000,316.000,162.000,0.404,27.515,3.090,4.000,True,False,False,,,False
gare,91666,Villejust,commune,,2558,ign_chef_lieu,2.237,48.682,17.736,21.145,83.000,88.000,95.000,12.000,,30.720,12.093,155.000,303.000,148.000,0.369,24.612,2.865,3.000,False,False,False,,,False
gare,78490,Plaisir,commune,,31811,ign_chef_lieu,1.947,48.817,17.745,30.085,65.000,69.000,73.000,8.000,,20.507,15.430,156.000,165.500,9.500,0.024,-2.320,3.365,3.000,False,False,False,,,False
gare,94069,Saint-Maurice,commune,,14506,ign_chef_lieu,2.427,48.818,17.763,6.894,67.000,70.000,73.000,6.000,,30.743,15.226,157.000,173.000,16.000,0.040,-0.958,2.277,3.000,False,False,False,,,False
gare,78672,Villennes-sur-Seine,commune,,5952,ign_chef_lieu,1.999,48.940,17.830,27.546,64.000,69.000,74.000,10.000,,21.338,15.505,158.000,165.500,7.500,0.019,-2.570,3.234,2.000,False,False,False,,,False
gare,93027,La Courneuve,commune,,47167,ign_chef_lieu,2.390,48.927,17.839,8.277,52.000,55.000,58.000,6.000,,27.548,19.461,159.000,78.000,-81.000,-0.202,-22.359,1.996,2.000,False,False,False,,,False
gare,95219,Ermont,commune,,29489,ign_chef_lieu,2.259,48.992,17.876,16.558,64.000,67.000,69.000,5.000,,30.327,16.008,160.000,149.500,-10.500,-0.026,-5.523,2.209,3.000,False,False,False,,,False
gare,93079,Villetaneuse,commune,,12530,ign_chef_lieu,2.344,48.961,17.883,11.671,57.000,59.000,62.000,5.000,,29.423,18.186,161.000,94.000,-67.000,-0.167,-16.820,2.005,3.000,False,False,False,,,False
gare,78466,Orgeval,commune,,7252,ign_chef_lieu,1.975,48.918,17.896,28.542,65.000,69.000,72.000,7.000,,21.497,15.562,162.000,165.500,3.500,0.009,-2.760,3.210,2.000,False,False,False,,,False
gare,78160,Chevreuse,commune,,5502,ign_chef_lieu,2.044,48.707,17.924,28.061,83.000,88.000,95.000,12.000,,31.697,12.221,163.000,303.000,140.000,0.349,23.914,2.776,3.000,False,False,False,,,False
gare,91345,Longjumeau,commune,,21996,ign_chef_lieu,2.296,48.694,17.926,18.504,88.000,92.000,95.000,7.000,,28.662,11.691,164.000,326.000,162.000,0.404,29.536,3.210,4.000,True,False,False,,,False
gare,78196,Davron,commune,,295,ign_chef_lieu,1.944,48.865,18.035,29.977,62.000,67.000,74.000,12.000,,23.688,16.151,165.000,149.500,-15.500,-0.039,-5.966,2.828,2.000,False,False,False,,,False
gare,91275,Gometz-le-Châtel,commune,,2630,ign_chef_lieu,2.138,48.678,18.134,25.295,102.000,109.000,116.000,14.000,,32.128,9.982,166.000,385.000,219.000,0.546,52.533,3.393,3.000,False,False,False,,,False
gare,91432,Morangis,commune,,14129,ign_chef_lieu,2.332,48.706,18.252,16.844,90.000,93.000,97.000,7.000,,29.820,11.776,167.000,331.000,164.000,0.409,29.693,3.119,4.000,True,False,False,,,False
gare,95203,Eaubonne,commune,,26211,ign_chef_lieu,2.280,48.991,18.310,15.908,63.000,67.000,71.000,8.000,,31.173,16.397,168.000,149.500,-18.500,-0.046,-6.722,2.149,3.000,False,False,False,,,False
gare,94046,Maisons-Alfort,commune,,56799,ign_chef_lieu,2.431,48.801,18.397,8.415,48.000,51.000,54.000,6.000,,34.510,21.643,169.000,65.000,-104.000,-0.259,-29.176,1.478,2.000,False,False,False,,,False
gare,94022,Choisy-le-Roi,commune,,45946,ign_chef_lieu,2.410,48.762,18.431,11.258,60.000,63.000,67.000,7.000,,29.205,17.553,170.000,121.000,-49.000,-0.122,-12.598,2.157,3.000,False,False,False,,,False
gare,95197,Deuil-la-Barre,commune,,23099,ign_chef_lieu,2.328,48.975,18.433,13.331,64.000,68.000,71.000,7.000,,34.027,16.265,171.000,158.000,-13.000,-0.032,-5.668,1.998,2.000,False,False,False,,,False
gare,95491,Le Plessis-Bouchard,commune,,8518,ign_chef_lieu,2.235,49.001,18.447,18.256,70.000,72.000,75.000,5.000,,31.617,15.373,172.000,186.500,14.500,0.036,-0.159,2.277,3.000,False,False,False,,,False
gare,78015,Andrésy,commune,,13834,ign_chef_lieu,2.061,48.982,18.476,25.565,64.000,69.000,73.000,9.000,,32.373,16.066,173.000,165.500,-7.500,-0.019,-4.399,2.131,2.000,False,False,False,,,False
gare,95598,Soisy-sous-Montmorency,commune,,18008,ign_chef_lieu,2.300,48.987,18.541,15.060,69.000,72.000,75.000,6.000,,30.070,15.450,174.000,186.500,12.500,0.031,-0.427,2.394,3.000,False,False,False,,,False
gare,78172,Conflans-Sainte-Honorine,commune,,36958,ign_chef_lieu,2.095,48.994,18.547,24.293,61.000,64.000,67.000,6.000,,32.842,17.388,175.000,127.000,-48.000,-0.120,-11.507,1.949,2.000,False,False,False,,,False
gare,94080,Vincennes,commune,,48193,ign_chef_lieu,2.440,48.848,18.615,6.477,47.000,50.000,52.000,5.000,,35.517,22.339,176.000,62.500,-113.500,-0.283,-31.000,1.408,1.000,False,False,False,,,False
gare,91560,Saint-Jean-de-Beauregard,commune,,471,ign_chef_lieu,2.168,48.670,18.816,24.824,104.000,108.000,112.000,8.000,,29.638,10.453,177.000,384.000,207.000,0.516,48.192,3.644,3.000,False,False,False,,,False
gare,93048,Montreuil,commune,,111934,ign_chef_lieu,2.441,48.862,18.863,6.526,51.000,54.000,57.000,6.000,,38.897,20.959,178.000,74.500,-103.500,-0.258,-26.003,1.388,2.000,False,False,False,,,False
gare,78384,Médan,commune,,1289,ign_chef_lieu,1.996,48.953,18.904,28.247,71.000,77.000,83.000,12.000,,24.292,14.730,179.000,227.500,48.500,0.121,5.392,3.170,3.000,False,False,False,,,False
gare,93063,Romainville,commune,,37152,ign_chef_lieu,2.435,48.886,18.961,6.858,62.000,65.000,68.000,6.000,,37.875,17.503,180.000,135.000,-45.000,-0.112,-11.176,1.716,3.000,False,False,False,,,False
gare,94054,Orly,commune,,24658,ign_chef_lieu,2.401,48.743,18.962,13.085,69.000,73.000,76.000,7.000,,31.608,15.585,181.000,194.000,13.000,0.032,-0.245,2.310,3.000,False,False,False,,,False
gare,78644,La Verrière,commune,,5994,ign_chef_lieu,1.958,48.758,19.053,31.001,64.000,67.000,71.000,7.000,,22.757,17.062,182.000,149.500,-32.500,-0.081,-8.678,2.944,2.000,False,False,False,,,False
gare,91274,Gometz-la-Ville,commune,,1536,ign_chef_lieu,2.125,48.672,19.071,26.475,100.000,107.000,114.000,14.000,,32.160,10.694,183.000,383.000,200.000,0.499,45.771,3.327,3.000,False,False,False,,,False
gare,78208,Élancourt,commune,,26365,ign_chef_lieu,1.949,48.768,19.085,31.186,63.000,66.000,70.000,7.000,,21.288,17.350,184.000,141.500,-42.500,-0.106,-10.120,3.100,2.000,False,False,False,,,False
gare,91479,Paray-Vieille-Poste,commune,,8202,ign_chef_lieu,2.364,48.713,19.100,15.999,87.000,90.000,93.000,6.000,,30.910,12.734,185.000,316.000,131.000,0.327,22.509,2.912,4.000,True,False,False,,,False
gare,95427,Montmagny,commune,,15105,ign_chef_lieu,2.346,48.975,19.166,13.199,62.000,66.000,69.000,7.000,,31.898,17.423,186.000,141.500,-44.500,-0.111,-10.323,2.069,2.000,False,False,False,,,False
gare,95051,Beauchamp,commune,,9849,ign_chef_lieu,2.200,49.012,19.283,20.563,67.000,70.000,74.000,7.000,,33.335,16.528,187.000,173.000,-14.000,-0.035,-5.196,2.100,3.000,False,False,False,,,False
gare,78138,Chanteloup-les-Vignes,commune,,10861,ign_chef_lieu,2.030,48.978,19.337,27.240,77.000,80.000,84.000,7.000,,29.162,14.503,188.000,248.000,60.000,0.150,8.186,2.743,2.000,False,False,False,,,False
gare,93072,Stains,commune,,41388,ign_chef_lieu,2.382,48.955,19.393,11.236,65.000,68.000,71.000,6.000,,31.503,17.111,189.000,158.000,-31.000,-0.077,-8.183,2.159,3.000,False,False,False,,,False
gare,95428,Montmorency,commune,,21763,ign_chef_lieu,2.321,48.989,19.477,14.985,70.000,73.000,77.000,7.000,,35.092,16.008,190.000,194.000,4.000,0.010,-1.659,2.080,3.000,False,False,False,,,False
gare,95574,Saint-Prix,commune,,7612,ign_chef_lieu,2.262,49.007,19.513,17.955,70.000,74.000,78.000,8.000,,33.115,15.821,191.000,200.500,9.500,0.024,-0.410,2.235,4.000,True,False,False,,,False
gare,95369,Margency,commune,,3012,ign_chef_lieu,2.287,49.001,19.564,16.798,76.000,79.000,84.000,8.000,,33.370,14.859,192.000,242.500,50.500,0.126,6.170,2.367,3.000,False,False,False,,,False
gare,91044,Ballainvilliers,commune,,4904,ign_chef_lieu,2.290,48.676,19.580,20.562,92.000,96.000,99.000,7.000,,32.987,12.238,193.000,345.500,152.500,0.380,28.961,2.910,4.000,True,False,False,,,False
gare,78383,Maurepas,commune,,20629,ign_chef_lieu,1.945,48.762,19.637,31.683,60.000,63.000,67.000,7.000,,21.787,18.702,194.000,121.000,-73.000,-0.182,-15.499,2.892,2.000,False,False,False,,,False
gare,78615,Thiverval-Grignon,commune,,1023,ign_chef_lieu,1.918,48.850,19.771,31.915,67.000,73.000,80.000,13.000,,25.655,16.250,195.000,194.000,-1.000,-0.002,-2.441,2.845,3.000,False,False,False,,,False
gare,78382,Maurecourt,commune,,4454,ign_chef_lieu,2.063,48.997,19.789,26.334,65.000,69.000,73.000,8.000,,34.445,17.208,196.000,165.500,-30.500,-0.076,-7.833,2.003,2.000,False,False,False,,,False
gare,78189,Crespières,commune,,1719,ign_chef_lieu,1.924,48.882,19.865,31.570,71.000,76.000,83.000,12.000,,24.708,15.683,197.000,216.000,19.000,0.047,1.311,3.076,2.000,False,False,False,,,False
gare,94077,Villeneuve-le-Roi,commune,,21000,ign_chef_lieu,2.408,48.735,19.894,14.074,75.000,80.000,83.000,8.000,,32.317,14.920,198.000,248.000,50.000,0.125,6.561,2.476,3.000,False,False,False,,,False
gare,78397,Le Mesnil-Saint-Denis,commune,,7276,ign_chef_lieu,1.960,48.740,19.907,31.594,66.000,69.000,73.000,7.000,,25.717,17.311,199.000,165.500,-33.500,-0.084,-8.124,2.683,2.000,False,False,False,,,False
gare,78548,Saint-Forget,commune,,436,ign_chef_lieu,1.993,48.710,20.104,30.986,91.000,98.000,106.000,15.000,,28.797,12.308,200.000,353.000,153.000,0.382,29.810,3.403,2.000,False,False,False,,,False
gare,95288,Groslay,commune,,8453,ign_chef_lieu,2.346,48.987,20.234,14.521,68.000,72.000,75.000,7.000,,35.797,16.862,201.000,186.500,-14.500,-0.036,-4.957,2.011,2.000,False,False,False,,,False
gare,91458,Nozay,commune,,4471,ign_chef_lieu,2.243,48.660,20.250,23.277,88.000,92.000,96.000,8.000,,32.773,13.206,202.000,326.000,124.000,0.309,21.394,2.807,3.000,False,False,False,,,False
gare,95426,Montlignon,commune,,3038,ign_chef_lieu,2.285,49.009,20.283,17.653,85.000,89.000,93.000,8.000,,35.055,13.674,203.000,310.000,107.000,0.267,17.331,2.539,3.000,False,False,False,,,False
gare,93053,Noisy-le-Sec,commune,,45510,ign_chef_lieu,2.452,48.890,20.296,8.191,55.000,57.000,60.000,5.000,,34.650,21.364,204.000,84.000,-120.000,-0.299,-24.881,1.645,1.000,False,False,False,,,False
gare,91411,Les Molières,commune,,1975,ign_chef_lieu,2.070,48.673,20.300,29.129,114.000,,,,,37.797,,,,,,,,,False,False,False,,,False
gare,95014,Andilly,commune,,2742,ign_chef_lieu,2.301,49.005,20.375,17.002,81.000,85.000,89.000,8.000,,35.853,14.382,205.000,285.000,80.000,0.200,11.789,2.371,3.000,False,False,False,,,False
gare,93008,Bobigny,commune,,56927,ign_chef_lieu,2.445,48.906,20.410,8.759,61.000,64.000,67.000,6.000,,31.832,19.135,206.000,127.000,-79.000,-0.197,-15.907,2.011,2.000,False,False,False,,,False
gare,91093,Boullay-les-Troux,commune,,624,ign_chef_lieu,2.050,48.678,20.446,29.791,114.000,,,,,37.363,,,,,,,,,False,False,False,,,False
gare,93013,Le Bourget,commune,,15925,ign_chef_lieu,2.425,48.935,20.500,10.195,54.000,57.000,60.000,6.000,,30.312,21.579,207.000,84.000,-123.000,-0.307,-25.280,1.880,2.000,False,False,False,,,False
gare,95563,Saint-Leu-la-Forêt,commune,,16138,ign_chef_lieu,2.244,49.019,20.526,19.756,68.000,71.000,74.000,6.000,,33.627,17.346,208.000,179.500,-28.500,-0.071,-6.989,2.111,3.000,False,False,False,,,False
gare,91665,La Ville-du-Bois,commune,,8161,ign_chef_lieu,2.269,48.661,20.617,22.572,96.000,104.000,108.000,12.000,,31.965,11.894,209.000,375.000,166.000,0.414,35.921,3.254,4.000,True,False,False,,,False
gare,95488,Pierrelaye,commune,,10130,ign_chef_lieu,2.156,49.023,20.666,23.464,73.000,75.000,79.000,6.000,,35.433,16.532,210.000,206.500,-3.500,-0.009,-2.104,2.117,3.000,False,False,False,,,False
gare,94042,Joinville-le-Pont,commune,,20525,ign_chef_lieu,2.467,48.818,20.704,9.400,54.000,57.000,60.000,6.000,,34.537,21.793,211.000,84.000,-127.000,-0.317,-25.672,1.650,1.000,False,False,False,,,False
gare,94028,Créteil,commune,,93397,ign_chef_lieu,2.453,48.778,20.706,11.442,71.000,75.000,78.000,7.000,,35.772,16.565,212.000,206.500,-5.500,-0.014,-2.207,2.097,3.000,False,False,False,,,False
gare,78624,Triel-sur-Seine,commune,,12206,ign_chef_lieu,2.003,48.981,20.803,29.133,70.000,73.000,77.000,7.000,,28.618,17.099,213.000,194.000,-19.000,-0.047,-5.051,2.551,2.000,False,False,False,,,False
gare,91027,Athis-Mons,commune,,36613,ign_chef_lieu,2.389,48.708,20.825,16.768,80.000,83.000,86.000,6.000,,32.782,15.054,214.000,271.000,57.000,0.142,7.895,2.532,4.000,True,False,False,,,False
gare,78193,Dampierre-en-Yvelines,commune,,1008,ign_chef_lieu,1.986,48.705,20.908,31.766,99.000,104.000,112.000,13.000,,29.345,12.062,215.000,375.000,160.000,0.399,34.908,3.544,3.000,False,False,False,,,False
gare,78162,Choisel,commune,,540,ign_chef_lieu,2.018,48.687,20.942,31.009,110.000,,,,,33.703,,,,,,,,,False,False,False,,,False
gare,91216,Épinay-sur-Orge,commune,,10722,ign_chef_lieu,2.324,48.673,21.017,20.542,80.000,85.000,89.000,9.000,,32.520,14.835,216.000,285.000,69.000,0.172,9.957,2.614,4.000,True,False,False,,,False
gare,78643,Vernouillet,commune,,9699,ign_chef_lieu,1.983,48.973,21.087,29.979,61.000,64.000,68.000,7.000,,27.268,19.769,217.000,127.000,-90.000,-0.224,-17.355,2.347,1.000,False,False,False,,,False
gare,95607,Taverny,commune,,27593,ign_chef_lieu,2.226,49.026,21.091,21.044,73.000,76.000,80.000,7.000,,33.465,16.651,218.000,216.000,-2.000,-0.005,-1.870,2.271,3.000,False,False,False,,,False
gare,78550,Saint-Germain-de-la-Grange,commune,,1847,ign_chef_lieu,1.899,48.834,21.112,33.378,87.000,97.000,107.000,20.000,,26.562,13.059,219.000,348.500,129.500,0.323,25.179,3.652,3.000,False,False,False,,,False
gare,91589,Savigny-sur-Orge,commune,,37601,ign_chef_lieu,2.346,48.680,21.174,19.657,78.000,81.000,86.000,8.000,,31.610,15.684,220.000,258.000,38.000,0.095,4.369,2.562,4.000,True,False,False,,,False
gare,93029,Drancy,commune,,72390,ign_chef_lieu,2.445,48.923,21.185,10.075,60.000,62.000,65.000,5.000,,32.353,20.501,221.000,117.000,-104.000,-0.259,-20.136,1.916,3.000,False,False,False,,,False
gare,94033,Fontenay-sous-Bois,commune,,53757,ign_chef_lieu,2.475,48.849,21.191,9.014,58.000,61.000,64.000,6.000,,40.575,20.843,222.000,109.000,-113.000,-0.282,-21.435,1.503,2.000,False,False,False,,,False
gare,78431,Morainvilliers,commune,,3120,ign_chef_lieu,1.932,48.929,21.194,31.849,77.000,82.000,86.000,9.000,,24.417,15.508,223.000,266.000,43.000,0.107,5.603,3.358,2.000,False,False,False,,,False
gare,95218,Éragny-sur-Oise,commune,,18436,ign_chef_lieu,2.091,49.019,21.296,26.369,64.000,67.000,71.000,7.000,,33.518,19.071,224.000,149.500,-74.500,-0.186,-13.935,1.999,2.000,False,False,False,,,False
gare,78442,Neauphle-le-Château,commune,,3250,ign_chef_lieu,1.899,48.814,21.305,33.643,74.000,80.000,88.000,14.000,,21.562,15.978,225.000,248.000,23.000,0.057,2.742,3.710,2.000,False,False,False,,,False
gare,93030,Dugny,commune,,11700,ign_chef_lieu,2.418,48.955,21.363,12.001,68.000,71.000,74.000,6.000,,32.433,18.053,226.000,179.500,-46.500,-0.116,-8.950,2.189,3.000,False,False,False,,,False
gare,91326,Juvisy-sur-Orge,commune,,19292,ign_chef_lieu,2.372,48.691,21.366,18.487,69.000,72.000,75.000,6.000,,34.702,17.805,227.000,186.500,-40.500,-0.101,-7.674,2.075,3.000,False,False,False,,,False
gare,78010,Les Alluets-le-Roi,commune,,1390,ign_chef_lieu,1.919,48.914,21.368,32.452,72.000,83.000,,,,25.595,15.447,228.000,271.000,43.000,0.107,6.427,3.243,2.000,False,False,False,,,False
gare,78321,Jouars-Pontchartrain,commune,,6039,ign_chef_lieu,1.901,48.802,21.371,33.713,72.000,77.000,87.000,15.000,,20.438,16.652,229.000,227.500,-1.500,-0.004,-1.274,3.767,3.000,False,False,False,,,False
gare,91319,Janvry,commune,,654,ign_chef_lieu,2.156,48.647,21.413,27.402,,,,,,35.678,,,,,,,,,False,False,False,,,False
gare,94001,Ablon-sur-Seine,commune,,5988,ign_chef_lieu,2.422,48.725,21.427,15.492,70.000,74.000,78.000,8.000,,34.883,17.373,230.000,200.500,-29.500,-0.074,-5.253,2.121,3.000,False,False,False,,,False
gare,95450,Neuville-sur-Oise,commune,,2058,ign_chef_lieu,2.063,49.014,21.506,27.508,58.000,62.000,66.000,8.000,,35.847,20.812,231.000,117.000,-114.000,-0.284,-20.773,1.730,2.000,False,False,False,,,False
gare,95268,Garges-lès-Gonesse,commune,,41791,ign_chef_lieu,2.401,48.972,21.595,13.303,68.000,70.000,73.000,5.000,,35.673,18.510,232.000,173.000,-59.000,-0.147,-10.746,1.962,3.000,False,False,False,,,False
gare,95539,Saint-Brice-sous-Forêt,commune,,15063,ign_chef_lieu,2.357,48.998,21.681,15.706,68.000,73.000,76.000,8.000,,36.300,17.820,233.000,194.000,-39.000,-0.097,-7.118,2.011,2.000,False,False,False,,,False
gare,78683,Villiers-Saint-Frédéric,commune,,3395,ign_chef_lieu,1.891,48.820,21.772,34.096,82.000,88.000,96.000,14.000,,24.012,14.845,234.000,303.000,69.000,0.172,11.717,3.665,2.000,False,False,False,,,False
gare,91685,Villiers-sur-Orge,commune,,4545,ign_chef_lieu,2.300,48.657,21.785,22.458,85.000,89.000,92.000,7.000,,34.817,14.687,235.000,310.000,75.000,0.187,12.950,2.556,4.000,True,False,False,,,False
gare,78334,Lévis-Saint-Nom,commune,,1603,ign_chef_lieu,1.949,48.721,21.796,33.260,121.000,,,,,29.917,,,,,,,,,False,False,False,,,False
gare,91363,Marcoussis,commune,,8618,ign_chef_lieu,2.231,48.643,21.985,25.376,98.000,102.000,107.000,9.000,,36.308,12.932,236.000,369.500,133.500,0.333,28.822,2.809,4.000,True,False,False,,,False
gare,78642,Verneuil-sur-Seine,commune,,16280,ign_chef_lieu,1.975,48.979,22.008,30.817,62.000,65.000,68.000,6.000,,27.195,20.315,237.000,135.000,-102.000,-0.254,-17.954,2.390,2.000,False,False,False,,,False
gare,78168,Coignières,commune,,4321,ign_chef_lieu,1.918,48.748,22.173,34.145,73.000,76.000,80.000,7.000,,24.232,17.505,238.000,216.000,-22.000,-0.055,-4.451,3.136,2.000,False,False,False,,,False
gare,95323,Jouy-le-Moutier,commune,,17854,ign_chef_lieu,2.047,49.016,22.202,28.527,68.000,72.000,76.000,8.000,,38.908,18.501,239.000,186.500,-52.500,-0.131,-9.542,1.851,2.000,False,False,False,,,False
gare,91667,Villemoisson-sur-Orge,commune,,7332,ign_chef_lieu,2.330,48.662,22.272,21.694,85.000,89.000,93.000,8.000,,33.432,15.015,240.000,310.000,70.000,0.175,11.628,2.662,4.000,True,False,False,,,False
gare,94068,Saint-Maur-des-Fossés,commune,,76572,ign_chef_lieu,2.485,48.803,22.294,11.426,59.000,62.000,65.000,6.000,,38.800,21.574,241.000,117.000,-124.000,-0.309,-22.277,1.598,1.000,False,False,False,,,False
gare,94052,Nogent-sur-Marne,commune,,32455,ign_chef_lieu,2.492,48.839,22.388,10.381,65.000,68.000,71.000,6.000,,38.277,19.754,242.000,158.000,-84.000,-0.209,-14.947,1.777,2.000,False,False,False,,,False
gare,95060,Bessancourt,commune,,8869,ign_chef_lieu,2.217,49.039,22.389,22.566,78.000,82.000,85.000,7.000,,35.630,16.382,243.000,266.000,23.000,0.057,2.562,2.301,3.000,False,False,False,,,False
gare,93064,Rosny-sous-Bois,commune,,47180,ign_chef_lieu,2.488,48.872,22.442,10.098,55.000,58.000,61.000,6.000,,37.998,23.215,244.000,88.500,-155.500,-0.388,-27.547,1.526,1.000,False,False,False,,,False
gare,95489,Piscop,commune,,768,ign_chef_lieu,2.343,49.012,22.477,17.337,86.000,91.000,99.000,13.000,,39.865,14.820,245.000,321.000,76.000,0.190,13.582,2.283,3.000,False,False,False,,,False
gare,95585,Sarcelles,commune,,59173,ign_chef_lieu,2.378,48.997,22.596,15.801,72.000,75.000,77.000,5.000,,38.775,18.077,246.000,206.500,-39.500,-0.099,-6.652,1.934,2.000,False,False,False,,,False
gare,78590,Senlisse,commune,,511,ign_chef_lieu,1.982,48.687,22.601,33.144,108.000,,,,,33.293,,,,,,,,,False,False,False,,,False
gare,94078,Villeneuve-Saint-Georges,commune,,36221,ign_chef_lieu,2.448,48.731,22.609,15.622,82.000,85.000,89.000,7.000,,37.675,15.960,247.000,285.000,38.000,0.095,5.760,2.256,4.000,True,False,False,,,False
gare,93010,Bondy,commune,,50595,ign_chef_lieu,2.481,48.902,22.751,10.718,62.000,65.000,67.000,5.000,,34.688,21.001,248.000,135.000,-113.000,-0.282,-19.393,1.874,1.000,False,False,False,,,False
gare,78206,Ecquevilly,commune,,4279,ign_chef_lieu,1.924,48.949,22.841,33.050,71.000,73.000,77.000,6.000,,23.250,18.773,249.000,194.000,-55.000,-0.137,-9.661,3.140,2.000,False,False,False,,,False
gare,91434,Morsang-sur-Orge,commune,,21667,ign_chef_lieu,2.346,48.662,22.861,21.631,86.000,91.000,96.000,10.000,,32.688,15.073,250.000,321.000,71.000,0.177,12.562,2.784,4.000,True,False,False,,,False
gare,91338,Limours,commune,,6517,ign_chef_lieu,2.077,48.646,22.870,30.955,108.000,114.000,123.000,15.000,,39.095,12.037,251.000,389.000,138.000,0.344,40.980,2.916,4.000,True,False,False,,,False
gare,91657,Vigneux-sur-Seine,commune,,31466,ign_chef_lieu,2.417,48.700,22.874,18.008,70.000,76.000,81.000,11.000,,41.620,18.058,252.000,216.000,-36.000,-0.090,-6.021,1.826,3.000,False,False,False,,,False
gare,78062,Beynes,commune,,7704,ign_chef_lieu,1.876,48.856,22.888,34.976,73.000,77.000,82.000,9.000,,29.013,17.835,253.000,227.500,-25.500,-0.064,-4.817,2.654,3.000,False,False,False,,,False
gare,91347,Longpont-sur-Orge,commune,,6482,ign_chef_lieu,2.293,48.642,23.142,24.185,85.000,89.000,94.000,9.000,,36.755,15.601,254.000,310.000,56.000,0.140,9.373,2.421,4.000,True,False,False,,,False
gare,91687,Viry-Châtillon,commune,,30838,ign_chef_lieu,2.375,48.671,23.172,20.644,75.000,79.000,84.000,9.000,,33.868,17.599,255.000,242.500,-12.500,-0.031,-2.984,2.333,4.000,True,False,False,,,False
gare,93007,Le Blanc-Mesnil,commune,,62376,ign_chef_lieu,2.464,48.939,23.192,12.266,61.000,64.000,67.000,6.000,,35.160,21.742,256.000,127.000,-129.000,-0.322,-21.440,1.820,2.000,False,False,False,,,False
gare,94011,Bonneuil-sur-Marne,commune,,18270,ign_chef_lieu,2.487,48.774,23.225,13.474,74.000,76.000,80.000,6.000,,38.142,18.336,257.000,216.000,-41.000,-0.102,-6.781,1.993,3.000,False,False,False,,,False
gare,78305,Herbeville,commune,,228,ign_chef_lieu,1.887,48.906,23.234,34.591,107.000,118.000,,,,28.183,11.814,258.000,392.500,134.500,0.335,44.703,4.187,2.000,False,False,False,,,False
gare,91425,Montlhéry,commune,,9772,ign_chef_lieu,2.270,48.637,23.248,25.168,96.000,99.000,103.000,7.000,,35.677,14.090,259.000,358.000,99.000,0.247,21.366,2.775,4.000,True,False,False,,,False
gare,94074,Valenton,commune,,14406,ign_chef_lieu,2.470,48.744,23.284,15.148,74.000,78.000,80.000,6.000,,38.370,17.910,260.000,236.500,-23.500,-0.059,-4.456,2.033,3.000,False,False,False,,,False
gare,95199,Domont,commune,,16065,ign_chef_lieu,2.327,49.027,23.392,19.106,73.000,78.000,82.000,9.000,,40.790,17.994,261.000,236.500,-24.500,-0.061,-4.693,1.912,3.000,False,False,False,,,False
gare,78140,Chapet,commune,,1331,ign_chef_lieu,1.934,48.967,23.419,33.062,74.000,77.000,80.000,6.000,,25.242,18.249,262.000,227.500,-34.500,-0.086,-5.972,3.051,2.000,False,False,False,,,False
gare,93049,Neuilly-Plaisance,commune,,21941,ign_chef_lieu,2.506,48.861,23.605,11.301,64.000,67.000,70.000,6.000,,41.365,21.138,263.000,149.500,-113.500,-0.283,-18.527,1.620,1.000,False,False,False,,,False
gare,91482,Pecqueuse,commune,,580,ign_chef_lieu,2.049,48.647,23.605,32.295,129.000,135.000,145.000,16.000,,40.748,10.491,264.000,401.000,137.000,0.342,64.160,3.313,4.000,True,False,False,,,False
gare,94058,Le Perreux-sur-Marne,commune,,35260,ign_chef_lieu,2.508,48.841,23.610,11.557,67.000,70.000,73.000,6.000,,39.882,20.238,265.000,173.000,-92.000,-0.229,-14.890,1.755,2.000,False,False,False,,,False
gare,95088,Bonneuil-en-France,commune,,1185,ign_chef_lieu,2.433,48.976,23.642,14.514,81.000,87.000,91.000,10.000,,37.265,16.305,266.000,294.500,28.500,0.071,5.705,2.335,3.000,False,False,False,,,False
gare,91201,Draveil,commune,,30098,ign_chef_lieu,2.405,48.682,23.655,19.735,73.000,78.000,83.000,10.000,,40.273,18.196,267.000,236.500,-30.500,-0.076,-5.259,1.937,4.000,True,False,False,,,False
gare,95572,Saint-Ouen-l'Aumône,commune,,25578,ign_chef_lieu,2.106,49.044,23.658,27.613,75.000,78.000,81.000,6.000,,38.863,18.198,268.000,236.500,-31.500,-0.079,-5.265,2.007,3.000,False,False,False,,,False
gare,95256,Frépillon,commune,,3317,ign_chef_lieu,2.206,49.051,23.688,24.152,83.000,87.000,90.000,7.000,,37.718,16.337,269.000,294.500,25.500,0.064,5.595,2.307,3.000,False,False,False,,,False
gare,94044,Limeil-Brévannes,commune,,27406,ign_chef_lieu,2.480,48.749,23.760,15.180,80.000,83.000,86.000,6.000,,37.622,17.176,270.000,271.000,1.000,0.002,0.577,2.206,4.000,True,False,False,,,False
gare,91339,Linas,commune,,7987,ign_chef_lieu,2.267,48.631,23.772,25.816,99.000,104.000,109.000,10.000,,35.728,13.714,271.000,375.000,104.000,0.259,25.991,2.911,4.000,True,False,False,,,False
gare,78623,Le Tremblay-sur-Mauldre,commune,,930,ign_chef_lieu,1.875,48.778,23.827,36.115,87.000,93.000,99.000,12.000,,25.190,15.372,272.000,331.000,59.000,0.147,12.526,3.692,4.000,True,False,False,,,False
gare,78443,Neauphle-le-Vieux,commune,,937,ign_chef_lieu,1.864,48.815,23.849,36.180,76.000,81.000,91.000,15.000,,25.618,17.666,273.000,258.000,-15.000,-0.037,-2.041,3.162,2.000,False,False,False,,,False
gare,95680,Villiers-le-Bel,commune,,30053,ign_chef_lieu,2.388,49.008,23.905,17.006,78.000,81.000,84.000,6.000,,38.335,17.707,274.000,258.000,-16.000,-0.040,-2.164,2.113,3.000,False,False,False,,,False
gare,94017,Champigny-sur-Marne,commune,,78072,ign_chef_lieu,2.511,48.813,23.967,12.570,66.000,69.000,72.000,6.000,,40.123,20.841,275.000,165.500,-109.500,-0.273,-16.773,1.720,1.000,False,False,False,,,False
gare,95019,Arnouville,commune,,15023,ign_chef_lieu,2.421,48.990,24.051,15.646,68.000,70.000,73.000,5.000,,39.357,20.615,276.000,173.000,-103.000,-0.257,-15.724,1.779,2.000,False,False,False,,,False
gare,93077,Villemomble,commune,,29795,ign_chef_lieu,2.508,48.882,24.074,11.751,64.000,66.000,69.000,5.000,,38.338,21.885,277.000,141.500,-135.500,-0.338,-20.580,1.722,1.000,False,False,False,,,False
gare,91191,Crosne,commune,,9610,ign_chef_lieu,2.458,48.716,24.115,17.388,81.000,84.000,88.000,7.000,,39.900,17.225,278.000,278.000,0.000,0.000,0.987,2.105,2.000,False,False,False,,,False
gare,78576,Saint-Rémy-l'Honoré,commune,,1689,ign_chef_lieu,1.882,48.756,24.186,36.330,92.000,99.000,105.000,13.000,,28.660,14.658,279.000,358.000,79.000,0.197,18.835,3.454,2.000,False,False,False,,,False
gare,91111,Briis-sous-Forges,commune,,3342,ign_chef_lieu,2.124,48.625,24.191,30.750,93.000,98.000,102.000,9.000,,40.530,14.811,280.000,353.000,73.000,0.182,17.622,2.418,3.000,False,False,False,,,False
gare,95091,Bouffémont,commune,,6593,ign_chef_lieu,2.299,49.043,24.228,21.132,93.000,100.000,108.000,15.000,,44.228,14.537,281.000,363.500,82.500,0.206,19.925,2.261,3.000,False,False,False,,,False
gare,78128,Cernay-la-Ville,commune,,1516,ign_chef_lieu,1.971,48.673,24.233,34.633,102.000,,,,,35.722,,,,,,,,,False,False,False,,,False
gare,91249,Forges-les-Bains,commune,,4241,ign_chef_lieu,2.100,48.628,24.237,31.461,109.000,130.000,,,,43.892,11.186,282.000,398.000,116.000,0.289,55.871,2.962,4.000,True,False,False,,,False
gare,91549,Sainte-Geneviève-des-Bois,commune,,35438,ign_chef_lieu,2.327,48.641,24.297,24.073,92.000,95.000,98.000,6.000,,37.217,15.345,283.000,343.000,60.000,0.150,13.757,2.553,4.000,True,False,False,,,False
gare,95061,Béthemont-la-Forêt,commune,,435,ign_chef_lieu,2.252,49.053,24.321,23.061,,,,,,41.780,,,,,,,,,False,False,False,,,False
gare,78368,Mareil-sur-Mauldre,commune,,1776,ign_chef_lieu,1.866,48.894,24.355,35.964,75.000,81.000,89.000,14.000,,28.417,18.040,284.000,258.000,-26.000,-0.065,-3.131,2.850,2.000,False,False,False,,,False
gare,95074,Boisemont,commune,,892,ign_chef_lieu,2.002,49.021,24.400,31.543,90.000,94.000,97.000,7.000,,38.585,15.575,285.000,337.500,52.500,0.131,12.304,2.436,3.000,False,False,False,,,False
gare,94015,Bry-sur-Marne,commune,,18503,ign_chef_lieu,2.520,48.835,24.452,12.487,65.000,68.000,72.000,7.000,,38.488,21.575,286.000,158.000,-128.000,-0.319,-18.850,1.767,2.000,False,False,False,,,False
gare,95500,Pontoise,commune,,31970,ign_chef_lieu,2.101,49.051,24.459,28.422,75.000,78.000,81.000,6.000,,39.687,18.815,287.000,236.500,-50.500,-0.126,-6.931,1.965,3.000,False,False,False,,,False
gare,91243,Fontenay-lès-Briis,commune,,2350,ign_chef_lieu,2.156,48.619,24.462,30.068,108.000,,,,,36.968,,,,,,,,,False,False,False,,,False
gare,78415,Montainville,commune,,589,ign_chef_lieu,1.860,48.882,24.476,36.271,,,,,,31.763,,,,,,,,,False,False,False,,,False
gare,95205,Écouen,commune,,7202,ign_chef_lieu,2.379,49.018,24.486,18.124,74.000,78.000,84.000,10.000,,40.570,18.835,288.000,236.500,-51.500,-0.128,-6.984,1.923,3.000,False,False,False,,,False
gare,95637,Vauréal,commune,,16079,ign_chef_lieu,2.021,49.030,24.512,31.004,73.000,76.000,80.000,7.000,,40.135,19.352,289.000,216.000,-73.000,-0.182,-9.422,1.894,2.000,False,False,False,,,False
gare,93057,Les Pavillons-sous-Bois,commune,,25804,ign_chef_lieu,2.507,48.903,24.576,12.448,66.000,68.000,71.000,5.000,,37.117,21.685,290.000,158.000,-132.000,-0.329,-19.069,1.832,2.000,False,False,False,,,False
gare,91570,Saint-Michel-sur-Orge,commune,,21776,ign_chef_lieu,2.303,48.630,24.666,25.414,84.000,87.000,90.000,6.000,,36.712,17.011,291.000,294.500,3.500,0.009,3.342,2.370,4.000,True,False,False,,,False
gare,95151,Chauvry,commune,,297,ign_chef_lieu,2.267,49.054,24.703,22.876,,,,,,41.925,,,,,,,,,False,False,False,,,False
gare,78638,Vaux-sur-Seine,commune,,5202,ign_chef_lieu,1.963,49.006,24.815,33.018,76.000,80.000,86.000,10.000,,34.332,18.611,292.000,248.000,-44.000,-0.110,-5.277,2.330,2.000,False,False,False,,,False
gare,78050,Bazoches-sur-Guyonne,commune,,721,ign_chef_lieu,1.860,48.778,24.898,37.196,88.000,94.000,102.000,14.000,,24.305,15.892,293.000,337.500,44.500,0.111,11.103,3.868,4.000,True,False,False,,,False
gare,91286,Grigny,commune,,26842,ign_chef_lieu,2.385,48.656,24.959,22.380,84.000,87.000,91.000,7.000,,34.333,17.213,294.000,294.500,0.500,0.001,2.695,2.534,4.000,True,False,False,,,False
gare,91421,Montgeron,commune,,24022,ign_chef_lieu,2.460,48.704,25.083,18.725,73.000,76.000,81.000,8.000,,42.067,19.802,295.000,216.000,-79.000,-0.197,-10.525,1.807,2.000,False,False,False,,,False
gare,93062,Le Raincy,commune,,14735,ign_chef_lieu,2.516,48.899,25.085,12.881,62.000,65.000,68.000,6.000,,38.172,23.156,296.000,135.000,-161.000,-0.401,-23.480,1.703,2.000,False,False,False,,,False
gare,95229,Ézanville,commune,,9858,ign_chef_lieu,2.362,49.032,25.087,19.541,71.000,77.000,81.000,10.000,,41.330,19.548,297.000,227.500,-69.500,-0.173,-9.357,1.863,3.000,False,False,False,,,False
gare,95394,Méry-sur-Oise,commune,,9983,ign_chef_lieu,2.185,49.064,25.147,26.196,87.000,90.000,94.000,7.000,,39.417,16.765,298.000,316.000,18.000,0.045,5.812,2.283,3.000,False,False,False,,,False
gare,93050,Neuilly-sur-Marne,commune,,39800,ign_chef_lieu,2.528,48.857,25.182,12.915,62.000,65.000,68.000,6.000,,42.538,23.245,299.000,135.000,-164.000,-0.409,-23.636,1.528,2.000,False,False,False,,,False
gare,78220,Les Essarts-le-Roi,commune,,6831,ign_chef_lieu,1.895,48.718,25.307,37.012,79.000,82.000,86.000,7.000,,28.302,18.517,300.000,266.000,-34.000,-0.085,-3.919,2.897,2.000,False,False,False,,,False
gare,93005,Aulnay-sous-Bois,commune,,87599,ign_chef_lieu,2.500,48.934,25.349,13.861,57.000,60.000,64.000,7.000,,38.373,25.349,301.000,100.500,-200.500,-0.500,-29.759,1.564,2.000,False,False,False,,3.000,False
gare,91333,Leuville-sur-Orge,commune,,4271,ign_chef_lieu,2.264,48.616,25.352,27.494,98.000,102.000,106.000,8.000,,36.408,14.913,302.000,369.500,67.500,0.168,19.402,2.802,4.000,True,False,False,,,False
gare,95277,Gonesse,commune,,27707,ign_chef_lieu,2.450,48.986,25.369,16.121,78.000,81.000,85.000,7.000,,39.633,18.792,303.000,258.000,-45.000,-0.112,-5.214,2.044,3.000,False,False,False,,,False
gare,95678,Villiers-Adam,commune,,858,ign_chef_lieu,2.235,49.064,25.392,24.691,94.000,100.000,107.000,13.000,,40.277,15.235,304.000,363.500,59.500,0.148,16.963,2.483,2.000,False,False,False,,,False
gare,78366,Mareil-le-Guyon,commune,,420,ign_chef_lieu,1.847,48.790,25.494,37.830,105.000,112.000,120.000,15.000,,26.992,13.658,305.000,386.000,81.000,0.202,30.718,4.149,4.000,True,False,False,,,False
gare,95388,Menucourt,commune,,6184,ign_chef_lieu,1.984,49.025,25.501,32.872,80.000,83.000,87.000,7.000,,38.175,18.434,306.000,271.000,-35.000,-0.087,-3.141,2.174,2.000,False,False,False,,,False
gare,78090,Bouafle,commune,,2234,ign_chef_lieu,1.897,48.966,25.522,35.533,72.000,78.000,85.000,13.000,,25.302,19.632,307.000,236.500,-70.500,-0.176,-9.015,3.083,2.000,False,False,False,,,False
gare,78049,Bazemont,commune,,1727,ign_chef_lieu,1.865,48.928,25.583,36.598,80.000,91.000,,,,31.682,16.868,308.000,321.000,13.000,0.032,6.012,2.872,2.000,False,False,False,,,False
gare,78588,Saulx-Marchais,commune,,950,ign_chef_lieu,1.836,48.838,25.699,37.929,91.000,96.000,104.000,13.000,,31.083,16.062,309.000,345.500,36.500,0.091,11.568,3.088,2.000,False,False,False,,,False
gare,95183,Courdimanche,commune,,7311,ign_chef_lieu,2.002,49.035,25.758,32.500,74.000,77.000,81.000,7.000,,39.873,20.071,310.000,227.500,-82.500,-0.206,-10.621,1.931,2.000,False,False,False,,,False
gare,95409,Moisselles,commune,,1261,ign_chef_lieu,2.337,49.048,25.799,21.344,83.000,88.000,93.000,10.000,,41.375,17.590,311.000,303.000,-8.000,-0.020,2.061,2.127,3.000,False,False,False,,,False
gare,95039,Auvers-sur-Oise,commune,,6863,ign_chef_lieu,2.172,49.070,25.805,27.207,95.000,97.000,102.000,7.000,,42.312,15.962,312.000,348.500,36.500,0.091,12.485,2.293,4.000,True,False,False,,,False
gare,94019,Chennevières-sur-Marne,commune,,18710,ign_chef_lieu,2.533,48.796,25.840,14.818,72.000,76.000,81.000,9.000,,44.462,20.400,313.000,216.000,-97.000,-0.242,-11.932,1.709,2.000,False,False,False,,,False
gare,94071,Sucy-en-Brie,commune,,27764,ign_chef_lieu,2.524,48.771,25.903,15.789,72.000,75.000,78.000,6.000,,41.537,20.723,314.000,206.500,-107.500,-0.268,-13.204,1.806,2.000,False,False,False,,,False
gare,91691,Yerres,commune,,27906,ign_chef_lieu,2.488,48.717,25.943,18.417,78.000,81.000,86.000,8.000,,43.820,19.217,315.000,258.000,-57.000,-0.142,-6.338,1.848,3.000,False,False,False,,,False
gare,78653,Vicq,commune,,389,ign_chef_lieu,1.835,48.815,25.967,38.292,86.000,103.000,115.000,29.000,,26.567,15.126,316.000,372.000,56.000,0.140,19.043,3.877,3.000,False,False,False,,,False
gare,94004,Boissy-Saint-Léger,commune,,17325,ign_chef_lieu,2.513,48.748,26.011,16.866,76.000,79.000,81.000,5.000,,39.483,19.755,317.000,242.500,-74.500,-0.186,-8.777,2.001,1.000,False,False,False,,,False
gare,78380,Maule,commune,,6083,ign_chef_lieu,1.848,48.909,26.032,37.443,82.000,88.000,95.000,13.000,,32.595,17.749,318.000,303.000,-15.000,-0.037,1.572,2.700,2.000,False,False,False,,,False
gare,94079,Villiers-sur-Marne,commune,,33162,ign_chef_lieu,2.541,48.826,26.045,14.228,56.000,61.000,65.000,9.000,,41.337,25.618,319.000,109.000,-210.000,-0.524,-29.610,1.476,1.000,False,False,False,,2.000,False
gare,93032,Gagny,commune,,42313,ign_chef_lieu,2.537,48.885,26.204,13.876,64.000,67.000,69.000,5.000,,41.517,23.466,320.000,149.500,-170.500,-0.425,-22.938,1.614,1.000,False,False,False,,10.000,False
gare,95127,Cergy,commune,,70906,ign_chef_lieu,2.035,49.053,26.267,31.864,60.000,64.000,67.000,7.000,,41.722,24.625,321.000,127.000,-194.000,-0.484,-26.482,1.534,1.000,False,False,False,,4.000,False
gare,78227,Évecquemont,commune,,754,ign_chef_lieu,1.944,49.014,26.395,34.671,95.000,100.000,107.000,12.000,,33.162,15.837,322.000,363.500,41.500,0.103,14.573,3.016,3.000,False,False,False,,,False
gare,91235,Fleury-Mérogis,commune,,13721,ign_chef_lieu,2.361,48.630,26.481,25.188,94.000,97.000,100.000,6.000,,38.905,16.380,323.000,348.500,25.500,0.064,10.945,2.493,4.000,True,False,False,,,False
gare,95042,Baillet-en-France,commune,,2021,ign_chef_lieu,2.300,49.065,26.578,23.539,88.000,95.000,99.000,11.000,,45.727,16.786,324.000,343.000,19.000,0.047,8.445,2.078,3.000,False,False,False,,,False
gare,91521,Ris-Orangis,commune,,31189,ign_chef_lieu,2.416,48.654,26.579,23.016,82.000,85.000,89.000,7.000,,39.372,18.762,325.000,285.000,-40.000,-0.100,-2.971,2.159,4.000,True,False,False,,,False
gare,94055,Ormesson-sur-Marne,commune,,10977,ign_chef_lieu,2.540,48.786,26.649,15.889,78.000,81.000,84.000,6.000,,43.610,19.740,326.000,258.000,-68.000,-0.170,-7.667,1.857,2.000,False,False,False,,,False
gare,78440,Les Mureaux,commune,,34632,ign_chef_lieu,1.909,48.993,26.651,35.876,63.000,67.000,70.000,7.000,,25.718,23.867,327.000,149.500,-177.500,-0.443,-23.629,2.605,2.000,False,False,False,,6.000,False
gare,91634,Vaugrigneuse,commune,,1458,ign_chef_lieu,2.121,48.603,26.657,32.966,,,,,,41.648,,,,,,,,,False,False,False,,,False
gare,91103,Brétigny-sur-Orge,commune,,26658,ign_chef_lieu,2.306,48.611,26.724,27.452,74.000,77.000,81.000,7.000,,39.003,20.824,328.000,227.500,-100.500,-0.251,-12.358,1.974,3.000,False,False,False,,,False
gare,95392,Mériel,commune,,5347,ign_chef_lieu,2.205,49.079,26.800,27.012,79.000,83.000,86.000,7.000,,41.845,19.373,329.000,271.000,-58.000,-0.145,-5.671,1.984,3.000,False,False,False,,,False
gare,78030,Auffargis,commune,,1963,ign_chef_lieu,1.887,48.700,26.819,38.336,88.000,94.000,103.000,15.000,,31.013,17.118,330.000,337.500,7.500,0.019,6.790,3.031,3.000,False,False,False,,,False
gare,93051,Noisy-le-Grand,commune,,72978,ign_chef_lieu,2.552,48.850,26.884,14.690,68.000,71.000,74.000,6.000,,42.148,22.719,331.000,179.500,-151.500,-0.378,-19.444,1.685,1.000,False,False,False,,,False
gare,95476,Osny,commune,,17954,ign_chef_lieu,2.062,49.066,26.942,31.598,76.000,79.000,83.000,7.000,,43.858,20.462,332.000,242.500,-89.500,-0.223,-10.470,1.801,3.000,False,False,False,,,False
gare,95028,Attainville,commune,,1904,ign_chef_lieu,2.346,49.057,26.965,22.317,87.000,95.000,108.000,21.000,,44.493,17.031,333.000,343.000,10.000,0.025,7.614,2.135,3.000,False,False,False,,,False
gare,78034,Auteuil,commune,,1020,ign_chef_lieu,1.819,48.841,27.007,39.220,96.000,101.000,109.000,13.000,,29.552,16.044,334.000,367.000,33.000,0.082,14.316,3.418,2.000,False,False,False,,,False
gare,78238,Flins-sur-Seine,commune,,2447,ign_chef_lieu,1.870,48.963,27.018,37.295,81.000,87.000,94.000,13.000,,24.848,18.633,335.000,294.500,-40.500,-0.101,-1.551,3.501,3.000,False,False,False,,,False
gare,78013,Andelu,commune,,550,ign_chef_lieu,1.824,48.879,27.019,38.888,,,,,,36.078,,,,,,,,,False,False,False,,,False
gare,95094,Bouqueval,commune,,314,ign_chef_lieu,2.424,49.024,27.056,19.420,,,,,,43.400,,,,,,,,,False,False,False,,,False
gare,78364,Marcq,commune,,802,ign_chef_lieu,1.819,48.860,27.075,39.145,88.000,118.000,130.000,42.000,,31.658,13.767,336.000,392.500,56.500,0.141,33.377,3.727,3.000,False,False,False,,,False
gare,95211,Ennery,commune,,2243,ign_chef_lieu,2.106,49.076,27.080,30.368,103.000,114.000,125.000,22.000,,43.137,14.252,337.000,389.000,52.000,0.130,28.845,2.643,3.000,False,False,False,,,False
gare,78033,Aulnay-sur-Mauldre,commune,,1180,ign_chef_lieu,1.844,48.929,27.096,38.176,88.000,94.000,105.000,17.000,,33.022,17.296,338.000,337.500,-0.500,-0.001,6.205,2.847,3.000,False,False,False,,,False
gare,78087,Bonnelles,commune,,2165,ign_chef_lieu,2.028,48.618,27.103,35.639,106.000,121.000,142.000,36.000,,44.497,13.439,339.000,394.500,55.500,0.138,36.694,2.719,3.000,False,False,False,,,False
gare,95510,Puiseux-Pontoise,commune,,603,ign_chef_lieu,2.022,49.057,27.127,32.908,72.000,76.000,81.000,9.000,,40.908,21.416,340.000,216.000,-124.000,-0.309,-14.183,1.858,2.000,False,False,False,,,False
gare,91494,Le Plessis-Pâté,commune,,4154,ign_chef_lieu,2.325,48.612,27.150,27.230,80.000,84.000,92.000,12.000,,42.060,19.393,341.000,278.000,-63.000,-0.157,-5.192,1.997,4.000,True,False,False,,,False
gare,78398,Les Mesnuls,commune,,910,ign_chef_lieu,1.837,48.758,27.176,39.400,97.000,105.000,112.000,15.000,,28.678,15.529,342.000,379.000,37.000,0.092,18.449,3.661,4.000,True,False,False,,,False
gare,93046,Livry-Gargan,commune,,47228,ign_chef_lieu,2.536,48.919,27.197,15.193,78.000,80.000,84.000,6.000,,39.380,20.398,343.000,248.000,-95.000,-0.237,-9.791,2.031,3.000,False,False,False,,,False
gare,91115,Bruyères-le-Châtel,commune,,3788,ign_chef_lieu,2.193,48.593,27.242,31.522,109.000,121.000,,,,42.128,13.508,344.000,394.500,50.500,0.126,36.322,2.872,4.000,True,False,False,,,False
gare,95492,Le Plessis-Gassot,commune,,102,ign_chef_lieu,2.412,49.033,27.276,20.173,,,,,,44.198,,,,,,,,,False,False,False,,,False
gare,93071,Sevran,commune,,52535,ign_chef_lieu,2.526,48.940,27.307,15.716,67.000,70.000,73.000,6.000,,42.105,23.406,345.000,173.000,-172.000,-0.429,-21.236,1.663,3.000,False,False,False,,9.000,False
gare,95430,Montsoult,commune,,4023,ign_chef_lieu,2.312,49.071,27.409,24.007,81.000,85.000,89.000,8.000,,45.990,19.347,346.000,285.000,-61.000,-0.152,-4.548,1.848,2.000,False,False,False,,,False
gare,91186,Courson-Monteloup,commune,,563,ign_chef_lieu,2.145,48.593,27.456,33.033,,,,,,40.803,,,,,,,,,False,False,False,,,False
gare,78401,Meulan-en-Yvelines,commune,,8950,ign_chef_lieu,1.910,49.005,27.475,36.404,77.000,81.000,84.000,7.000,,27.682,20.352,347.000,258.000,-89.000,-0.222,-9.157,2.926,2.000,False,False,False,,,False
gare,78389,Méré,commune,,1731,ign_chef_lieu,1.820,48.788,27.504,39.841,81.000,90.000,97.000,16.000,,26.335,18.336,348.000,316.000,-32.000,-0.080,0.881,3.418,3.000,False,False,False,,,False
gare,94053,Noiseau,commune,,4628,ign_chef_lieu,2.549,48.775,27.524,17.032,80.000,85.000,88.000,8.000,,45.547,19.429,349.000,285.000,-64.000,-0.160,-4.761,1.866,2.000,False,False,False,,,False
gare,95120,Butry-sur-Oise,commune,,2252,ign_chef_lieu,2.198,49.086,27.537,27.909,90.000,94.000,97.000,7.000,,43.937,17.577,350.000,337.500,-12.500,-0.031,5.298,2.139,3.000,False,False,False,,,False
gare,93014,Clichy-sous-Bois,commune,,29354,ign_chef_lieu,2.546,48.911,27.568,15.426,81.000,84.000,86.000,5.000,,40.812,19.691,351.000,278.000,-73.000,-0.182,-5.961,2.058,2.000,False,False,False,,,False
gare,91552,Saint-Germain-lès-Arpajon,commune,,11623,ign_chef_lieu,2.256,48.595,27.579,29.966,86.000,91.000,96.000,10.000,,38.883,18.184,352.000,321.000,-31.000,-0.077,1.854,2.340,4.000,True,False,False,,,False
gare,91461,Ollainville,commune,,5455,ign_chef_lieu,2.217,48.591,27.589,31.145,95.000,100.000,105.000,10.000,,41.477,16.553,353.000,363.500,10.500,0.026,11.905,2.411,3.000,False,False,False,,,False
gare,95612,Le Thillay,commune,,4560,ign_chef_lieu,2.470,49.002,27.590,18.314,88.000,92.000,95.000,7.000,,40.723,17.993,354.000,326.000,-28.000,-0.070,2.951,2.259,4.000,True,False,False,,,False
gare,78029,Aubergenville,commune,,12723,ign_chef_lieu,1.856,48.959,27.714,38.154,80.000,85.000,90.000,10.000,,26.050,19.563,355.000,285.000,-70.000,-0.175,-5.109,3.263,3.000,False,False,False,,,False
gare,78120,Bullion,commune,,1916,ign_chef_lieu,1.999,48.621,27.824,36.885,101.000,116.000,137.000,36.000,,41.850,14.392,356.000,391.000,35.000,0.087,29.225,2.772,3.000,False,False,False,,,False
gare,78125,La Celle-les-Bordes,commune,,840,ign_chef_lieu,1.955,48.640,27.867,37.866,91.000,106.000,128.000,37.000,,40.840,15.774,357.000,381.500,24.500,0.061,17.989,2.595,3.000,False,False,False,,,False
gare,95353,Maffliers,commune,,1856,ign_chef_lieu,2.308,49.076,27.911,24.650,88.000,94.000,98.000,10.000,,47.273,17.816,358.000,337.500,-20.500,-0.051,4.542,1.988,2.000,False,False,False,,,False
gare,91021,Arpajon,commune,,11698,ign_chef_lieu,2.248,48.590,27.964,30.594,88.000,93.000,97.000,9.000,,38.947,18.041,359.000,331.000,-28.000,-0.070,3.325,2.388,3.000,False,False,False,,,False
gare,91114,Brunoy,commune,,25643,ign_chef_lieu,2.504,48.698,28.107,20.863,74.000,77.000,81.000,7.000,,47.367,21.901,360.000,227.500,-132.500,-0.330,-14.682,1.626,2.000,False,False,False,,,False
gare,78036,Autouillet,commune,,665,ign_chef_lieu,1.804,48.850,28.136,40.287,100.000,105.000,113.000,13.000,,31.403,16.078,361.000,379.000,18.000,0.045,16.278,3.344,2.000,False,False,False,,,False
gare,95395,Le Mesnil-Aubry,commune,,914,ign_chef_lieu,2.400,49.051,28.326,21.898,,,,,,44.338,,,,,,,,,False,False,False,,,False
gare,78451,Nézel,commune,,1139,ign_chef_lieu,1.836,48.946,28.363,39.171,86.000,93.000,100.000,14.000,,29.275,18.298,362.000,331.000,-31.000,-0.077,2.550,3.177,3.000,False,False,False,,,False
gare,95633,Vaudherland,commune,,104,ign_chef_lieu,2.487,49.001,28.473,18.838,100.000,104.000,108.000,8.000,,39.812,16.427,363.000,375.000,12.000,0.030,14.443,2.612,4.000,True,False,False,,,False
gare,78609,Tessancourt-sur-Aubette,commune,,966,ign_chef_lieu,1.919,49.024,28.474,36.817,97.000,102.000,106.000,9.000,,31.752,16.750,364.000,369.500,5.500,0.014,12.239,3.212,2.000,False,False,False,,,False
gare,93033,Gournay-sur-Marne,commune,,7320,ign_chef_lieu,2.573,48.865,28.497,16.191,79.000,81.000,84.000,5.000,,47.117,21.109,365.000,258.000,-107.000,-0.267,-10.908,1.719,2.000,False,False,False,,,False
gare,91457,La Norville,commune,,4268,ign_chef_lieu,2.259,48.587,28.498,30.770,87.000,92.000,96.000,9.000,,41.068,18.586,366.000,326.000,-40.000,-0.100,1.190,2.240,3.000,False,False,False,,,False
gare,78299,Hardricourt,commune,,2599,ign_chef_lieu,1.894,49.008,28.528,37.562,83.000,87.000,91.000,8.000,,29.693,19.675,367.000,294.500,-72.500,-0.181,-4.363,2.930,2.000,False,False,False,,,False
gare,78420,Montfort-l'Amaury,commune,,2779,ign_chef_lieu,1.809,48.778,28.542,40.864,90.000,99.000,106.000,16.000,,26.972,17.298,368.000,358.000,-10.000,-0.025,8.801,3.671,3.000,False,False,False,,,False
gare,94059,Le Plessis-Trévise,commune,,21112,ign_chef_lieu,2.573,48.809,28.553,17.014,69.000,74.000,79.000,10.000,,47.085,23.151,369.000,200.500,-168.500,-0.420,-18.691,1.572,2.000,False,False,False,,,False
gare,78230,La Falaise,commune,,609,ign_chef_lieu,1.832,48.945,28.581,39.417,91.000,97.000,104.000,13.000,,30.092,17.679,370.000,348.500,-21.500,-0.054,6.524,3.223,3.000,False,False,False,,,False
gare,94075,Villecresnes,commune,,11647,ign_chef_lieu,2.533,48.722,28.582,20.000,86.000,89.000,93.000,7.000,,43.693,19.269,371.000,310.000,-61.000,-0.152,-2.263,2.037,3.000,False,False,False,,,False
gare,78084,Boissy-sans-Avoir,commune,,616,ign_chef_lieu,1.798,48.819,28.637,40.944,105.000,122.000,133.000,28.000,,26.772,14.084,372.000,396.000,24.000,0.060,33.840,4.557,3.000,False,False,False,,,False
gare,95628,Valmondois,commune,,1208,ign_chef_lieu,2.190,49.096,28.692,29.206,95.000,98.000,102.000,7.000,,47.415,17.567,373.000,353.000,-20.000,-0.050,7.400,2.067,3.000,False,False,False,,,False
gare,95445,Nerville-la-Forêt,commune,,756,ign_chef_lieu,2.277,49.089,28.693,26.490,111.000,133.000,,,,45.058,12.944,374.000,400.000,26.000,0.065,45.755,2.952,3.000,False,False,False,,,False
gare,78403,Mézy-sur-Seine,commune,,2242,ign_chef_lieu,1.881,49.000,28.695,38.054,93.000,98.000,104.000,11.000,,30.847,17.569,375.000,353.000,-22.000,-0.055,7.394,3.177,4.000,True,False,False,,,False
gare,95170,Condécourt,commune,,564,ign_chef_lieu,1.941,49.040,28.728,36.382,94.000,99.000,103.000,9.000,,34.098,17.411,376.000,358.000,-18.000,-0.045,8.424,2.903,2.000,False,False,False,,,False
gare,91086,Bondoufle,commune,,10767,ign_chef_lieu,2.380,48.613,28.801,27.114,90.000,94.000,101.000,11.000,,40.507,18.383,377.000,337.500,-39.500,-0.099,2.810,2.321,4.000,True,False,False,,,False
gare,78616,Thoiry,commune,,1434,ign_chef_lieu,1.795,48.865,28.857,40.886,94.000,104.000,111.000,17.000,,33.377,16.648,378.000,375.000,-3.000,-0.007,13.630,3.116,3.000,False,False,False,,,False
gare,91207,Égly,commune,,7166,ign_chef_lieu,2.222,48.580,28.863,32.222,85.000,90.000,94.000,9.000,,41.772,19.242,379.000,316.000,-63.000,-0.157,-1.678,2.155,3.000,False,False,False,,,False
gare,91017,Angervilliers,commune,,1772,ign_chef_lieu,2.065,48.592,28.880,36.281,,,,,,45.403,,,,,,,,,False,False,False,,,False
gare,91215,Épinay-sous-Sénart,commune,,11611,ign_chef_lieu,2.515,48.695,28.928,21.565,84.000,87.000,91.000,7.000,,48.662,19.950,380.000,294.500,-85.500,-0.213,-5.070,1.788,2.000,False,False,False,,,False
gare,95078,Boissy-l'Aillerie,commune,,2120,ign_chef_lieu,2.029,49.077,28.934,34.103,82.000,87.000,93.000,11.000,,44.133,19.955,381.000,294.500,-86.500,-0.216,-5.081,1.971,3.000,False,False,False,,,False
gare,91568,Saint-Maurice-Montcouronne,commune,,1543,ign_chef_lieu,2.124,48.581,28.951,34.900,,,,,,43.848,,,,,,,,,False,False,False,,,False
gare,91600,Soisy-sur-Seine,commune,,7418,ign_chef_lieu,2.452,48.646,28.984,24.527,90.000,94.000,99.000,9.000,,43.328,18.500,382.000,337.500,-44.500,-0.111,2.463,2.169,4.000,True,False,False,,,False
gare,94060,La Queue-en-Brie,commune,,12241,ign_chef_lieu,2.575,48.791,29.002,17.886,78.000,84.000,88.000,10.000,,48.972,20.716,383.000,278.000,-105.000,-0.262,-8.469,1.715,2.000,False,False,False,,,False
gare,93047,Montfermeil,commune,,28703,ign_chef_lieu,2.571,48.902,29.067,16.801,77.000,80.000,84.000,7.000,,44.833,21.801,384.000,248.000,-136.000,-0.339,-12.931,1.784,2.000,False,False,False,,,False
gare,78262,Galluis,commune,,1298,ign_chef_lieu,1.796,48.796,29.068,41.412,81.000,88.000,98.000,17.000,,26.432,19.819,385.000,303.000,-82.000,-0.204,-4.224,3.329,3.000,False,False,False,,,False
gare,93078,Villepinte,commune,,41470,ign_chef_lieu,2.535,48.964,29.090,17.917,71.000,74.000,79.000,8.000,,41.487,23.586,386.000,200.500,-185.500,-0.463,-19.494,1.784,4.000,True,False,False,,5.000,False
gare,95271,Génicourt,commune,,514,ign_chef_lieu,2.066,49.088,29.096,33.190,94.000,100.000,105.000,11.000,,42.740,17.458,387.000,363.500,-23.500,-0.059,8.779,2.340,3.000,False,False,False,,,False
gare,95535,Sagy,commune,,1096,ign_chef_lieu,1.952,49.050,29.131,36.391,94.000,106.000,,,,35.935,16.489,388.000,381.500,-6.500,-0.016,15.232,2.950,2.000,False,False,False,,,False
gare,94048,Marolles-en-Brie,commune,,4781,ign_chef_lieu,2.550,48.733,29.180,20.000,98.000,102.000,106.000,8.000,,45.617,17.165,389.000,369.500,-19.500,-0.049,10.784,2.236,2.000,False,False,False,,,False
gare,78486,Le Perray-en-Yvelines,commune,,6480,ign_chef_lieu,1.855,48.695,29.180,40.787,72.000,76.000,80.000,8.000,,33.237,23.037,390.000,216.000,-174.000,-0.434,-17.455,2.287,3.000,False,False,False,,7.000,False
gare,95660,Villaines-sous-Bois,commune,,778,ign_chef_lieu,2.357,49.077,29.329,24.532,82.000,89.000,97.000,15.000,,47.338,19.772,391.000,310.000,-81.000,-0.202,-3.597,1.880,2.000,False,False,False,,,False
gare,95341,Livilliers,commune,,389,ign_chef_lieu,2.095,49.095,29.349,32.576,105.000,126.000,137.000,32.000,,44.355,13.976,392.000,397.000,5.000,0.012,36.431,2.841,3.000,False,False,False,,,False
gare,95308,Hérouville-en-Vexin,commune,,584,ign_chef_lieu,2.131,49.101,29.504,31.683,112.000,132.000,143.000,31.000,,45.452,13.411,393.000,399.000,6.000,0.015,42.526,2.904,3.000,False,False,False,,,False
gare,78655,Vieille-Église-en-Yvelines,commune,,652,ign_chef_lieu,1.875,48.670,29.549,40.732,108.000,,,,,36.688,,,,,,,,,False,False,False,,,False
gare,95181,Courcelles-sur-Viosne,commune,,310,ign_chef_lieu,2.003,49.077,29.761,35.449,102.000,114.000,125.000,23.000,,43.567,15.664,394.000,389.000,-5.000,-0.012,22.523,2.617,2.000,False,False,False,,,False
gare,93074,Vaujours,commune,,8007,ign_chef_lieu,2.567,48.932,29.807,17.861,80.000,83.000,86.000,6.000,,41.752,21.547,395.000,271.000,-124.000,-0.309,-10.867,1.988,3.000,False,False,False,,,False
gare,78261,Gaillon-sur-Montcient,commune,,689,ign_chef_lieu,1.892,49.024,29.875,38.550,108.000,113.000,118.000,10.000,,30.615,15.863,396.000,387.000,-9.000,-0.022,21.203,3.691,3.000,False,False,False,,,False
gare,93015,Coubron,commune,,5175,ign_chef_lieu,2.577,48.916,29.898,17.733,86.000,89.000,93.000,7.000,,43.537,20.156,397.000,310.000,-87.000,-0.217,-4.579,2.044,3.000,False,False,False,,,False
gare,77108,Chelles,commune,,54620,ign_chef_lieu,2.590,48.878,29.935,17.593,69.000,71.000,74.000,5.000,,49.245,25.297,398.000,179.500,-218.500,-0.545,-23.928,1.442,1.000,False,False,False,,1.000,False
gare,95422,Montgeroult,commune,,361,ign_chef_lieu,2.007,49.081,29.980,35.515,94.000,98.000,103.000,9.000,,44.983,18.355,399.000,353.000,-46.000,-0.115,4.917,2.179,3.000,False,False,False,,,False
gare,95682,Villiers-le-Sec,commune,,205,ign_chef_lieu,2.390,49.072,30.002,24.189,,,,,,47.280,,,,,,,,,False,False,False,,,False
gare,95280,Goussainville,commune,,31301,ign_chef_lieu,2.473,49.032,30.112,21.474,73.000,77.000,82.000,9.000,,46.538,23.464,400.000,227.500,-172.500,-0.430,-17.757,1.655,2.000,False,False,False,,8.000,False
gare,95313,L'Isle-Adam,commune,,12493,ign_chef_lieu,2.218,49.112,30.557,30.126,96.000,100.000,103.000,7.000,,46.240,18.334,401.000,363.500,-37.500,-0.094,5.976,2.163,4.000,True,False,False,,,False
