origin_id,unit_id,name,level,parent_id,population,point_source,lon,lat,dist_km,dist_km_core,travel_time_p25,t_tc,travel_time_p75,t_tc_spread,walk_time,car_time,v_eff_kmh,rank_dist,rank_time,paradox_index,paradox_norm,time_excess_pct,ratio_tc_car,transfers,transfers_censored,walk_only,dead_zone,top_nah_fern,top_fern_nah,is_origin_commune
centre,92033,Garches,commune,,17743,ign_chef_lieu,2.188,48.844,0.000,12.175,0.000,0.000,0.000,0.000,0.000,0.000,,,,,,,,0.000,False,True,False,,,True
centre,92047,Marnes-la-Coquette,commune,,1752,ign_chef_lieu,2.178,48.830,1.666,13.169,23.000,26.000,26.000,3.000,26.000,6.340,3.845,1.000,3.000,2.000,0.005,0.746,4.101,0.000,False,True,False,,,False
centre,92077,Ville-d'Avray,commune,,11089,ign_chef_lieu,2.190,48.828,1.690,12.361,30.000,34.000,36.000,6.000,35.000,7.352,2.983,2.000,4.500,2.500,0.006,30.786,4.625,1.000,False,False,False,,,False
centre,92076,Vaucresson,commune,,8432,ign_chef_lieu,2.158,48.839,2.233,14.401,22.000,24.000,26.000,4.000,34.000,4.690,5.584,3.000,2.000,-1.000,-0.003,-19.793,5.117,0.000,False,False,False,,,False
centre,92064,Saint-Cloud,commune,,29855,ign_chef_lieu,2.219,48.844,2.301,9.890,20.000,23.000,25.000,5.000,34.000,6.492,6.003,4.000,1.000,-3.000,-0.008,-24.287,3.543,0.000,False,False,False,,,False
centre,92072,Sèvres,commune,,22303,ign_chef_lieu,2.213,48.825,2.777,10.853,37.000,39.000,42.000,5.000,49.000,10.847,4.273,5.000,9.000,4.000,0.010,16.759,3.596,2.000,False,False,False,,,False
centre,92022,Chaville,commune,,20594,ign_chef_lieu,2.188,48.810,3.734,13.115,32.000,36.000,40.000,8.000,68.000,14.970,6.223,6.000,8.000,2.000,0.005,-7.176,2.405,1.000,False,False,False,,,False
centre,78126,La Celle-Saint-Cloud,commune,,20460,ign_chef_lieu,2.136,48.848,3.820,15.897,31.000,34.000,37.000,6.000,57.000,9.535,6.741,7.000,4.500,-2.500,-0.006,-13.337,3.566,0.000,False,False,False,,,False
centre,92063,Rueil-Malmaison,commune,,82874,ign_chef_lieu,2.181,48.878,3.857,12.835,45.000,47.000,50.000,5.000,64.000,10.962,4.924,8.000,18.500,10.500,0.027,19.217,4.288,0.000,False,False,False,,,False
centre,92012,Boulogne-Billancourt,commune,,119019,ign_chef_lieu,2.241,48.836,3.967,8.524,38.000,41.000,45.000,7.000,60.000,9.915,5.805,9.000,11.500,2.500,0.006,2.536,4.135,1.000,False,False,False,,,False
centre,78092,Bougival,commune,,9134,ign_chef_lieu,2.140,48.861,4.006,15.612,38.000,42.000,45.000,7.000,64.000,12.343,5.723,10.000,13.500,3.500,0.009,4.509,3.403,0.000,False,False,False,,,False
centre,92073,Suresnes,commune,,48956,ign_chef_lieu,2.225,48.871,4.112,9.487,32.000,35.000,39.000,7.000,61.000,8.897,7.050,11.000,6.500,-4.500,-0.012,-14.050,3.934,1.000,False,False,False,,,False
centre,78158,Le Chesnay-Rocquencourt,commune,,30689,ign_chef_lieu,2.125,48.826,4.962,17.006,36.000,41.000,44.000,8.000,78.000,9.432,7.261,12.000,11.500,-0.500,-0.001,-8.419,4.347,1.000,False,False,False,,,False
centre,78686,Viroflay,commune,,17237,ign_chef_lieu,2.173,48.800,4.992,14.594,41.000,44.000,48.000,7.000,82.000,17.177,6.807,13.000,16.000,3.000,0.008,-2.019,2.562,1.000,False,False,False,,,False
centre,92048,Meudon,commune,,46334,ign_chef_lieu,2.239,48.813,5.042,9.653,47.000,50.000,53.000,6.000,82.000,15.690,6.050,14.000,25.500,11.500,0.029,10.784,3.187,1.000,False,False,False,,,False
centre,78190,Croissy-sur-Seine,commune,,11013,ign_chef_lieu,2.148,48.881,5.054,15.263,54.000,57.000,61.000,7.000,100.000,16.795,5.320,15.000,49.500,34.500,0.088,26.138,3.394,1.000,False,False,False,,,False
centre,92050,Nanterre,commune,,97783,ign_chef_lieu,2.207,48.892,5.577,11.372,50.000,53.000,56.000,6.000,89.000,15.410,6.313,16.000,33.500,17.500,0.045,11.605,3.439,1.000,False,False,False,,,False
centre,78146,Chatou,commune,,30598,ign_chef_lieu,2.158,48.890,5.612,14.779,52.000,56.000,60.000,8.000,96.000,15.258,6.013,17.000,44.500,27.500,0.070,17.548,3.670,1.000,False,False,False,,,False
centre,92062,Puteaux,commune,,44002,ign_chef_lieu,2.238,48.884,5.828,8.936,31.000,35.000,39.000,8.000,86.000,13.647,9.991,18.000,6.500,-11.500,-0.029,-27.922,2.565,0.000,False,False,False,,,False
centre,78350,Louveciennes,commune,,7990,ign_chef_lieu,2.113,48.862,5.886,17.620,38.000,42.000,45.000,7.000,89.000,11.680,8.409,19.000,13.500,-5.500,-0.014,-13.938,3.596,0.000,False,False,False,,,False
centre,78646,Versailles,commune,,84095,ign_chef_lieu,2.130,48.801,6.330,17.444,47.000,50.000,53.000,6.000,99.000,12.352,7.596,20.000,25.500,5.500,0.014,-1.236,4.048,1.000,False,False,False,,,False
centre,92040,Issy-les-Moulineaux,commune,,67669,ign_chef_lieu,2.274,48.825,6.663,6.776,49.000,52.000,55.000,6.000,99.000,16.033,7.688,21.000,30.000,9.000,0.023,0.094,3.243,2.000,False,False,False,,,False
centre,78640,Vélizy-Villacoublay,commune,,23011,ign_chef_lieu,2.191,48.783,6.763,14.434,51.000,54.000,58.000,7.000,113.000,19.100,7.514,22.000,37.500,15.500,0.040,3.165,2.827,2.000,False,False,False,,,False
centre,78502,Le Port-Marly,commune,,5559,ign_chef_lieu,2.112,48.878,6.794,17.836,49.000,53.000,56.000,7.000,108.000,17.037,7.692,23.000,33.500,10.500,0.027,1.016,3.111,0.000,False,False,False,,,False
centre,78650,Le Vésinet,commune,,15554,ign_chef_lieu,2.135,48.895,6.879,16.525,57.000,60.000,64.000,7.000,,18.282,6.879,24.000,59.000,35.000,0.090,13.646,3.282,1.000,False,False,False,,,False
centre,75116,Paris 16e Arrondissement,district,75056,159386,ign_chef_lieu_arrondissement,2.277,48.864,6.889,5.633,45.000,48.000,51.000,6.000,107.000,16.780,8.611,25.000,20.500,-4.500,-0.012,-9.148,2.861,2.000,False,False,False,,,False
centre,78124,Carrières-sur-Seine,commune,,14791,ign_chef_lieu,2.176,48.906,7.004,14.048,61.000,66.000,71.000,10.000,,22.765,6.367,26.000,77.500,51.500,0.132,23.880,2.899,2.000,False,False,True,,,False
centre,78372,Marly-le-Roi,commune,,16756,ign_chef_lieu,2.097,48.868,7.199,18.789,36.000,40.000,44.000,8.000,110.000,14.270,10.799,27.000,10.000,-17.000,-0.043,-25.956,2.803,0.000,False,False,False,,,False
centre,92023,Clamart,commune,,58576,ign_chef_lieu,2.263,48.801,7.287,9.044,61.000,64.000,68.000,7.000,117.000,21.622,6.832,28.000,71.500,43.500,0.111,17.745,2.960,2.000,False,False,True,,,False
centre,92051,Neuilly-sur-Seine,commune,,59538,ign_chef_lieu,2.270,48.885,7.566,6.847,44.000,47.000,51.000,7.000,116.000,16.155,9.659,29.000,18.500,-10.500,-0.027,-15.154,2.909,2.000,False,False,False,,,False
centre,92026,Courbevoie,commune,,82902,ign_chef_lieu,2.256,48.895,7.620,8.332,40.000,43.000,47.000,7.000,113.000,15.502,10.632,30.000,15.000,-15.000,-0.038,-22.650,2.774,0.000,False,False,False,,,False
centre,78418,Montesson,commune,,14549,ign_chef_lieu,2.150,48.909,7.757,15.966,58.000,62.000,66.000,8.000,,22.607,7.507,31.000,64.000,33.000,0.084,10.527,2.743,2.000,False,False,True,,,False
centre,92075,Vanves,commune,,28622,ign_chef_lieu,2.289,48.821,7.864,6.048,56.000,59.000,62.000,6.000,116.000,18.437,7.998,32.000,56.000,24.000,0.061,4.449,3.200,2.000,False,False,False,,,False
centre,78043,Bailly,commune,,3731,ign_chef_lieu,2.079,48.840,8.004,20.169,46.000,52.000,56.000,10.000,,12.590,9.235,33.000,30.000,-3.000,-0.008,-8.756,4.130,1.000,False,False,False,,,False
centre,75115,Paris 15e Arrondissement,district,75056,229713,ign_chef_lieu_arrondissement,2.300,48.841,8.268,4.177,52.000,56.000,58.000,6.000,,21.285,8.858,34.000,44.500,10.500,0.027,-3.333,2.631,2.000,False,False,False,,,False
centre,92035,La Garenne-Colombes,commune,,30197,ign_chef_lieu,2.247,48.907,8.269,9.590,45.000,49.000,52.000,7.000,,17.825,10.125,35.000,22.500,-12.500,-0.032,-15.423,2.749,0.000,False,False,False,,,False
centre,78481,Le Pecq,commune,,16059,ign_chef_lieu,2.106,48.897,8.463,18.628,62.000,66.000,69.000,7.000,,19.680,7.694,36.000,77.500,41.500,0.106,12.591,3.354,1.000,False,False,False,,,False
centre,92046,Malakoff,commune,,30557,ign_chef_lieu,2.302,48.821,8.732,5.440,62.000,64.000,68.000,6.000,,19.307,8.186,37.000,71.500,34.500,0.088,7.473,3.315,2.000,False,False,False,,,False
centre,92060,Le Plessis-Robinson,commune,,28848,ign_chef_lieu,2.262,48.782,8.751,10.588,72.000,75.000,77.000,5.000,,20.603,7.001,38.000,111.500,73.500,0.188,25.807,3.640,2.000,False,False,False,,,False
centre,78311,Houilles,commune,,33983,ign_chef_lieu,2.187,48.923,8.857,14.259,46.000,49.000,53.000,7.000,,26.035,10.846,39.000,22.500,-16.500,-0.042,-18.306,1.882,1.000,False,False,False,,,False
centre,78322,Jouy-en-Josas,commune,,7981,ign_chef_lieu,2.169,48.765,8.875,16.922,60.000,63.000,67.000,7.000,,19.678,8.453,40.000,68.000,28.000,0.072,4.927,3.201,2.000,False,False,False,,,False
centre,92020,Châtillon,commune,,36705,ign_chef_lieu,2.290,48.800,8.945,7.810,72.000,76.000,81.000,9.000,,22.637,7.061,41.000,117.500,76.500,0.196,26.083,3.357,2.000,False,False,False,,,False
centre,78117,Buc,commune,,5816,ign_chef_lieu,2.126,48.774,8.957,18.992,76.000,80.000,84.000,8.000,,20.285,6.718,42.000,144.500,102.500,0.262,32.623,3.944,3.000,False,False,False,,,False
centre,78224,L'Étang-la-Ville,commune,,5157,ign_chef_lieu,2.073,48.871,8.991,20.599,42.000,46.000,50.000,8.000,,20.692,11.728,43.000,17.000,-26.000,-0.066,-23.888,2.223,0.000,False,False,False,,,False
centre,78455,Noisy-le-Roi,commune,,7713,ign_chef_lieu,2.064,48.844,9.047,21.184,46.000,51.000,55.000,9.000,,15.310,10.643,44.000,28.000,-16.000,-0.041,-15.876,3.331,1.000,False,False,False,,,False
centre,92044,Levallois-Perret,commune,,68092,ign_chef_lieu,2.288,48.893,9.151,6.243,51.000,55.000,59.000,8.000,,19.363,9.982,45.000,41.000,-4.000,-0.010,-9.799,2.840,1.000,False,False,False,,,False
centre,78367,Mareil-Marly,commune,,4141,ign_chef_lieu,2.077,48.882,9.187,20.408,55.000,59.000,64.000,9.000,,22.832,9.342,46.000,56.000,10.000,0.026,-3.431,2.584,1.000,False,False,False,,,False
centre,78551,Saint-Germain-en-Laye,commune,,45931,ign_chef_lieu,2.094,48.899,9.244,19.555,53.000,56.000,60.000,7.000,,22.088,9.904,47.000,44.500,-2.500,-0.006,-8.629,2.535,1.000,False,False,False,,,False
centre,92032,Fontenay-aux-Roses,commune,,24070,ign_chef_lieu,2.287,48.791,9.299,8.717,79.000,83.000,88.000,9.000,,24.925,6.722,48.000,168.500,120.500,0.308,35.022,3.330,3.000,False,False,False,,,False
centre,78343,Les Loges-en-Josas,commune,,1645,ign_chef_lieu,2.140,48.764,9.475,18.643,73.000,78.000,82.000,9.000,,21.607,7.289,49.000,129.500,80.500,0.206,25.690,3.610,2.000,False,False,False,,,False
centre,95063,Bezons,commune,,36434,ign_chef_lieu,2.216,48.928,9.606,12.772,54.000,58.000,61.000,7.000,,20.948,9.938,50.000,53.500,3.500,0.009,-7.184,2.769,1.000,False,False,False,,,False
centre,92009,Bois-Colombes,commune,,28909,ign_chef_lieu,2.268,48.914,9.818,8.946,49.000,53.000,57.000,8.000,,20.505,11.115,51.000,33.500,-17.500,-0.045,-16.113,2.585,0.000,False,False,False,,,False
centre,92007,Bagneux,commune,,44572,ign_chef_lieu,2.304,48.799,9.850,7.267,74.000,78.000,82.000,8.000,,25.098,7.577,52.000,129.500,77.500,0.198,23.256,3.108,3.000,False,False,False,,,False
centre,75107,Paris 7e Arrondissement,district,75056,48015,ign_chef_lieu_arrondissement,2.320,48.857,9.860,2.354,53.000,55.000,58.000,5.000,,26.068,10.756,53.000,41.000,-12.000,-0.031,-13.134,2.110,2.000,False,False,False,,,False
centre,92025,Colombes,commune,,91053,ign_chef_lieu,2.254,48.923,10.052,10.285,56.000,60.000,64.000,8.000,,21.555,10.052,54.000,59.000,5.000,0.013,-6.158,2.784,1.000,False,False,False,,,False
centre,78545,Saint-Cyr-l'École,commune,,21268,ign_chef_lieu,2.067,48.800,10.116,21.884,59.000,64.000,67.000,8.000,,16.862,9.484,55.000,71.500,16.500,0.042,-0.220,3.796,1.000,False,False,False,,,False
centre,92049,Montrouge,commune,,46324,ign_chef_lieu,2.320,48.819,10.128,4.797,62.000,65.000,69.000,7.000,,21.012,9.349,56.000,74.000,18.000,0.046,1.276,3.094,2.000,False,False,False,,,False
centre,91064,Bièvres,commune,,4686,ign_chef_lieu,2.215,48.754,10.136,15.191,69.000,73.000,79.000,10.000,,20.482,8.331,57.000,100.000,43.000,0.110,13.700,3.564,2.000,False,False,False,,,False
centre,75108,Paris 8e Arrondissement,district,75056,35317,ign_chef_lieu_arrondissement,2.318,48.878,10.251,3.475,47.000,50.000,54.000,7.000,,23.205,12.301,58.000,25.500,-32.500,-0.083,-22.566,2.155,0.000,False,False,False,,,False
centre,92071,Sceaux,commune,,20884,ign_chef_lieu,2.288,48.780,10.258,9.750,80.000,83.000,87.000,7.000,,24.737,7.415,59.000,168.500,109.500,0.280,28.498,3.355,3.000,False,False,False,,,False
centre,75114,Paris 14e Arrondissement,district,75056,136455,ign_chef_lieu_arrondissement,2.327,48.833,10.282,3.201,59.000,62.000,67.000,8.000,,24.068,9.950,60.000,64.000,4.000,0.010,-4.128,2.576,2.000,False,False,False,,,False
centre,92004,Asnières-sur-Seine,commune,,93941,ign_chef_lieu,2.289,48.911,10.531,7.635,50.000,54.000,58.000,8.000,,19.130,11.701,61.000,37.500,-23.500,-0.060,-17.502,2.823,1.000,False,False,False,,,False
centre,78396,Le Mesnil-le-Roi,commune,,6332,ign_chef_lieu,2.122,48.928,10.539,18.651,71.000,78.000,84.000,13.000,,25.793,8.107,62.000,129.500,67.500,0.173,19.120,3.024,2.000,False,False,False,,,False
centre,75106,Paris 6e Arrondissement,district,75056,40389,ign_chef_lieu_arrondissement,2.332,48.851,10.638,1.616,53.000,56.000,61.000,8.000,,28.293,11.398,63.000,44.500,-18.500,-0.047,-14.884,1.979,2.000,False,False,False,,,False
centre,78518,Rennemoulin,commune,,116,ign_chef_lieu,2.043,48.832,10.737,22.913,75.000,81.000,86.000,11.000,,16.383,7.954,64.000,151.500,87.500,0.224,22.540,4.944,1.000,False,False,False,,,False
centre,92019,Châtenay-Malabry,commune,,35825,ign_chef_lieu,2.278,48.767,10.742,11.320,82.000,85.000,88.000,6.000,,21.985,7.583,65.000,180.500,115.500,0.295,28.565,3.866,3.000,False,False,False,,,False
centre,92024,Clichy,commune,,64410,ign_chef_lieu,2.305,48.903,10.832,6.232,54.000,57.000,61.000,7.000,,20.282,11.403,66.000,49.500,-16.500,-0.042,-14.151,2.810,2.000,False,False,False,,,False
centre,75117,Paris 17e Arrondissement,district,75056,159212,ign_chef_lieu_arrondissement,2.322,48.885,10.864,3.852,49.000,53.000,57.000,8.000,,24.748,12.299,67.000,33.500,-33.500,-0.086,-20.294,2.142,2.000,False,False,False,,,False
centre,78242,Fontenay-le-Fleury,commune,,13680,ign_chef_lieu,2.046,48.811,11.045,23.086,70.000,73.000,77.000,7.000,,18.693,9.078,68.000,100.000,32.000,0.082,8.876,3.905,3.000,False,False,False,,,False
centre,78586,Sartrouville,commune,,52763,ign_chef_lieu,2.158,48.941,11.064,17.073,50.000,54.000,58.000,8.000,,28.423,12.293,69.000,37.500,-31.500,-0.081,-19.531,1.900,1.000,False,False,False,,,False
centre,75105,Paris 5e Arrondissement,district,75056,55252,ign_chef_lieu_arrondissement,2.344,48.846,11.500,1.300,54.000,57.000,61.000,7.000,,29.603,12.106,70.000,49.500,-20.500,-0.052,-16.705,1.925,2.000,False,False,False,,,False
centre,91312,Igny,commune,,10833,ign_chef_lieu,2.226,48.742,11.618,15.746,77.000,82.000,89.000,12.000,,20.963,8.501,71.000,160.000,89.000,0.228,19.213,3.912,3.000,False,False,False,,,False
centre,94003,Arcueil,commune,,22200,ign_chef_lieu,2.335,48.804,11.648,5.922,68.000,71.000,75.000,7.000,,26.632,9.843,72.000,89.500,17.500,0.045,3.090,2.666,2.000,False,False,False,,,False
centre,75109,Paris 9e Arrondissement,district,75056,57271,ign_chef_lieu_arrondissement,2.341,48.872,11.723,1.965,45.000,48.000,52.000,7.000,,28.158,14.654,73.000,20.500,-52.500,-0.134,-30.532,1.705,2.000,False,False,False,,,False
centre,78297,Guyancourt,commune,,29778,ign_chef_lieu,2.070,48.771,11.827,22.806,69.000,75.000,82.000,13.000,,18.740,9.461,74.000,111.500,37.500,0.096,8.063,4.002,2.000,False,False,False,,,False
centre,78358,Maisons-Laffitte,commune,,23093,ign_chef_lieu,2.145,48.946,11.833,18.204,46.000,50.000,54.000,8.000,,31.487,14.199,75.000,25.500,-49.500,-0.127,-27.977,1.588,1.000,False,False,False,,,False
centre,92014,Bourg-la-Reine,commune,,21019,ign_chef_lieu,2.316,48.779,11.840,9.025,65.000,68.000,72.000,7.000,,25.667,10.447,76.000,82.500,6.500,0.017,-2.079,2.649,2.000,False,False,False,,,False
centre,92036,Gennevilliers,commune,,50979,ign_chef_lieu,2.293,48.925,11.959,8.823,62.000,66.000,69.000,7.000,,21.908,10.872,77.000,77.500,0.500,0.001,-5.437,3.013,1.000,False,False,False,,,False
centre,94016,Cachan,commune,,31103,ign_chef_lieu,2.334,48.795,12.047,7.005,71.000,75.000,78.000,7.000,,27.133,9.638,78.000,111.500,33.500,0.086,7.059,2.764,3.000,False,False,False,,,False
centre,78620,Toussus-le-Noble,commune,,1172,ign_chef_lieu,2.114,48.746,12.125,21.378,88.000,96.000,106.000,18.000,,24.867,7.578,79.000,251.000,172.000,0.440,36.593,3.861,3.000,False,False,False,7.000,,False
centre,94037,Gentilly,commune,,19963,ign_chef_lieu,2.348,48.816,12.174,4.547,67.000,70.000,74.000,7.000,,23.648,10.435,80.000,86.000,6.000,0.015,-0.605,2.960,2.000,False,False,False,,,False
centre,91635,Vauhallan,commune,,1945,ign_chef_lieu,2.207,48.734,12.250,17.276,90.000,99.000,104.000,14.000,,23.373,7.424,81.000,272.000,191.000,0.488,40.131,4.236,4.000,True,False,False,4.000,,False
centre,91645,Verrières-le-Buisson,commune,,15057,ign_chef_lieu,2.267,48.746,12.292,13.745,90.000,94.000,98.000,8.000,,24.780,7.846,82.000,236.500,154.500,0.395,32.823,3.793,4.000,True,False,False,9.000,,False
centre,78571,Saint-Nom-la-Bretèche,commune,,4965,ign_chef_lieu,2.021,48.860,12.345,24.303,83.000,102.000,113.000,30.000,,18.480,7.262,83.000,290.000,207.000,0.529,43.816,5.519,2.000,False,False,False,2.000,,False
centre,75113,Paris 13e Arrondissement,district,75056,181271,ign_chef_lieu_arrondissement,2.356,48.833,12.378,2.656,60.000,63.000,66.000,6.000,,29.978,11.789,84.000,68.000,-16.000,-0.041,-11.292,2.102,2.000,False,False,False,,,False
centre,78073,Bois-d'Arcy,commune,,16586,ign_chef_lieu,2.031,48.801,12.429,24.381,78.000,84.000,90.000,12.000,,14.977,8.878,85.000,175.000,90.000,0.230,18.034,5.609,2.000,False,False,False,,,False
centre,95018,Argenteuil,commune,,106130,ign_chef_lieu,2.249,48.948,12.434,12.694,70.000,74.000,77.000,7.000,,25.648,10.082,86.000,105.500,19.500,0.050,3.959,2.885,2.000,False,False,False,,,False
centre,91534,Saclay,commune,,4437,ign_chef_lieu,2.172,48.731,12.566,19.220,90.000,97.000,105.000,15.000,,24.502,7.773,87.000,259.000,172.000,0.440,35.547,3.959,3.000,False,False,False,8.000,,False
centre,75118,Paris 18e Arrondissement,district,75056,183127,ign_chef_lieu_arrondissement,2.344,48.892,12.699,4.011,51.000,55.000,59.000,8.000,,27.548,13.853,88.000,41.000,-47.000,-0.120,-23.550,1.996,2.000,False,False,False,,,False
centre,92002,Antony,commune,,64263,ign_chef_lieu,2.296,48.754,12.752,12.157,72.000,76.000,80.000,8.000,,25.382,10.067,89.000,117.500,28.500,0.073,5.417,2.994,2.000,False,False,False,,,False
centre,75110,Paris 10e Arrondissement,district,75056,83873,ign_chef_lieu_arrondissement,2.358,48.872,12.865,1.758,50.000,54.000,58.000,8.000,,32.170,14.295,90.000,37.500,-52.500,-0.134,-25.432,1.679,2.000,False,False,False,,,False
centre,78133,Chambourcy,commune,,5847,ign_chef_lieu,2.040,48.906,12.885,23.586,77.000,81.000,86.000,9.000,,21.605,9.544,91.000,151.500,60.500,0.155,11.766,3.749,2.000,False,False,False,,,False
centre,94043,Le Kremlin-Bicêtre,commune,,24110,ign_chef_lieu,2.357,48.812,12.894,4.911,68.000,71.000,75.000,7.000,,24.892,10.896,92.000,89.500,-2.500,-0.006,-2.067,2.852,2.000,False,False,False,,,False
centre,75100,Paris Centre,district,75056,94472,ign_chef_lieu_arrondissement,2.362,48.864,12.964,1.072,54.000,57.000,61.000,7.000,,31.575,13.646,93.000,49.500,-43.500,-0.111,-21.592,1.805,2.000,False,False,False,,,False
centre,94038,L'Haÿ-les-Roses,commune,,31188,ign_chef_lieu,2.337,48.779,13.113,8.651,78.000,82.000,86.000,8.000,,28.135,9.595,94.000,160.000,66.000,0.169,12.148,2.915,3.000,False,False,False,,,False
centre,93070,Saint-Ouen-sur-Seine,commune,,53615,ign_chef_lieu,2.334,48.912,13.159,6.288,53.000,57.000,61.000,8.000,,23.693,13.851,95.000,49.500,-45.500,-0.116,-22.180,2.406,2.000,False,False,False,,,False
centre,78674,Villepreux,commune,,11931,ign_chef_lieu,2.005,48.830,13.486,25.662,86.000,94.000,101.000,15.000,,21.540,8.608,96.000,236.500,140.500,0.359,26.751,4.364,2.000,False,False,False,10.000,,False
centre,78143,Châteaufort,commune,,1564,ign_chef_lieu,2.092,48.737,13.744,23.265,91.000,99.000,106.000,15.000,,25.450,8.330,97.000,272.000,175.000,0.448,32.223,3.890,3.000,False,False,False,6.000,,False
centre,78423,Montigny-le-Bretonneux,commune,,32465,ign_chef_lieu,2.038,48.770,13.760,25.063,80.000,87.000,94.000,14.000,,19.892,9.490,98.000,192.000,94.000,0.240,16.129,4.374,2.000,False,False,False,,,False
centre,78688,Voisins-le-Bretonneux,commune,,10624,ign_chef_lieu,2.051,48.759,13.762,24.645,80.000,87.000,94.000,14.000,,21.183,9.491,99.000,192.000,93.000,0.238,16.119,4.107,2.000,False,False,False,,,False
centre,91679,Villiers-le-Bâcle,commune,,1031,ign_chef_lieu,2.126,48.726,13.897,22.132,99.000,104.000,110.000,11.000,,26.018,8.017,100.000,298.000,198.000,0.506,38.131,3.997,4.000,True,False,False,3.000,,False
centre,94034,Fresnes,commune,,29528,ign_chef_lieu,2.322,48.755,13.931,11.487,82.000,86.000,90.000,8.000,,24.158,9.719,101.000,186.000,85.000,0.217,14.080,3.560,3.000,False,False,False,,,False
centre,91377,Massy,commune,,51729,ign_chef_lieu,2.271,48.731,13.947,15.173,87.000,91.000,94.000,7.000,,28.305,9.196,102.000,217.500,115.500,0.295,20.645,3.215,2.000,False,False,False,,,False
centre,78007,Aigremont,commune,,1075,ign_chef_lieu,2.018,48.902,14.066,25.067,96.000,100.000,105.000,9.000,,20.967,8.440,103.000,278.000,175.000,0.448,32.006,4.769,2.000,False,False,False,5.000,,False
centre,94076,Villejuif,commune,,60183,ign_chef_lieu,2.363,48.792,14.104,7.213,76.000,80.000,83.000,7.000,,30.127,10.578,104.000,144.500,40.500,0.104,5.463,2.655,2.000,False,False,False,,,False
centre,78498,Poissy,commune,,40983,ign_chef_lieu,2.043,48.927,14.143,24.049,70.000,74.000,79.000,9.000,,24.697,11.468,105.000,105.500,0.500,0.001,-2.585,2.996,2.000,False,False,False,,,False
centre,75111,Paris 11e Arrondissement,district,75056,138170,ign_chef_lieu_arrondissement,2.379,48.859,14.159,1.984,53.000,57.000,61.000,8.000,,35.920,14.904,106.000,49.500,-56.500,-0.145,-25.005,1.587,2.000,False,False,False,,,False
centre,94021,Chevilly-Larue,commune,,19826,ign_chef_lieu,2.347,48.771,14.200,9.467,76.000,79.000,83.000,7.000,,28.730,10.785,107.000,138.000,31.000,0.079,3.789,2.750,2.000,False,False,False,,,False
centre,95257,La Frette-sur-Seine,commune,,4570,ign_chef_lieu,2.178,48.974,14.515,18.267,83.000,87.000,91.000,8.000,,30.285,10.010,108.000,192.000,84.000,0.215,13.041,2.873,2.000,False,False,False,,,False
centre,91538,Saint-Aubin,commune,,661,ign_chef_lieu,2.140,48.715,14.692,22.132,89.000,95.000,101.000,12.000,,26.030,9.279,109.000,244.000,135.000,0.345,22.682,3.650,4.000,True,False,False,,,False
centre,75112,Paris 12e Arrondissement,district,75056,138024,ign_chef_lieu_arrondissement,2.388,48.841,14.721,3.142,56.000,60.000,64.000,8.000,,34.650,14.721,110.000,59.000,-51.000,-0.130,-22.593,1.732,2.000,False,False,False,,,False
centre,95176,Cormeilles-en-Parisis,commune,,27292,ign_chef_lieu,2.199,48.976,14.762,17.405,79.000,83.000,88.000,9.000,,30.167,10.671,111.000,168.500,57.500,0.147,6.927,2.751,2.000,False,False,False,,,False
centre,92078,Villeneuve-la-Garenne,commune,,26021,ign_chef_lieu,2.333,48.936,14.809,8.957,64.000,68.000,71.000,7.000,,23.537,13.067,112.000,82.500,-29.500,-0.075,-12.537,2.889,3.000,False,False,False,,,False
centre,78152,Chavenay,commune,,1723,ign_chef_lieu,1.986,48.854,14.821,26.866,112.000,134.000,157.000,45.000,,21.153,6.636,113.000,381.000,268.000,0.685,72.282,6.335,3.000,False,False,False,1.000,,False
centre,75119,Paris 19e Arrondissement,district,75056,178691,ign_chef_lieu_arrondissement,2.382,48.883,14.908,3.660,54.000,58.000,62.000,8.000,,34.905,15.422,114.000,53.500,-60.500,-0.155,-25.649,1.662,2.000,False,False,False,,,False
centre,91477,Palaiseau,commune,,37471,ign_chef_lieu,2.246,48.715,14.969,17.616,80.000,84.000,88.000,8.000,,25.592,10.692,115.000,175.000,60.000,0.153,7.460,3.282,2.000,False,False,False,,,False
centre,78165,Les Clayes-sous-Bois,commune,,16804,ign_chef_lieu,1.986,48.821,14.992,27.160,79.000,84.000,90.000,11.000,,23.290,10.709,116.000,175.000,59.000,0.151,7.374,3.607,3.000,False,False,False,,,False
centre,94041,Ivry-sur-Seine,commune,,65064,ign_chef_lieu,2.388,48.812,15.082,5.567,71.000,75.000,80.000,9.000,,30.155,12.066,117.000,111.500,-5.500,-0.014,-4.419,2.487,3.000,False,False,False,,,False
centre,95582,Sannois,commune,,26924,ign_chef_lieu,2.256,48.972,15.114,14.631,68.000,72.000,76.000,8.000,,29.387,12.595,118.000,94.500,-23.500,-0.060,-8.341,2.450,2.000,False,False,False,,,False
centre,93031,Épinay-sur-Seine,commune,,52833,ign_chef_lieu,2.313,48.952,15.135,10.964,69.000,73.000,77.000,8.000,,28.025,12.440,119.000,100.000,-19.000,-0.049,-7.133,2.605,2.000,False,False,False,,,False
centre,93039,L'Île-Saint-Denis,commune,,8696,ign_chef_lieu,2.341,48.936,15.178,8.853,59.000,62.000,66.000,7.000,,24.555,14.689,120.000,64.000,-56.000,-0.143,-21.240,2.525,2.000,False,False,False,,,False
centre,78356,Magny-les-Hameaux,commune,,9386,ign_chef_lieu,2.084,48.724,15.322,24.615,96.000,101.000,107.000,11.000,,29.773,9.102,121.000,283.500,162.500,0.416,27.693,3.392,3.000,False,False,False,,,False
centre,78005,Achères,commune,,22241,ign_chef_lieu,2.070,48.961,15.636,23.743,71.000,74.000,78.000,7.000,,31.952,12.678,122.000,105.500,-16.500,-0.042,-7.395,2.316,1.000,False,False,False,,,False
centre,75120,Paris 20e Arrondissement,district,75056,185140,ign_chef_lieu_arrondissement,2.399,48.865,15.721,3.582,59.000,62.000,66.000,7.000,,38.787,15.214,123.000,64.000,-59.000,-0.151,-22.624,1.598,2.000,False,False,False,,,False
centre,78621,Trappes,commune,,34689,ign_chef_lieu,1.999,48.776,15.740,27.429,72.000,77.000,81.000,9.000,,19.472,12.265,124.000,122.500,-1.500,-0.004,-3.963,3.954,2.000,False,False,False,,,False
centre,95555,Saint-Gratien,commune,,21336,ign_chef_lieu,2.283,48.971,15.781,13.687,72.000,76.000,80.000,8.000,,28.155,12.458,125.000,117.500,-7.500,-0.019,-5.333,2.699,2.000,False,False,False,,,False
centre,94065,Rungis,commune,,5611,ign_chef_lieu,2.347,48.748,15.790,12.003,88.000,91.000,95.000,7.000,,28.302,10.411,126.000,217.500,91.500,0.234,13.316,3.215,3.000,False,False,False,,,False
centre,78123,Carrières-sous-Poissy,commune,,20825,ign_chef_lieu,2.034,48.944,15.842,25.277,74.000,80.000,88.000,14.000,,28.438,11.881,127.000,144.500,17.500,0.045,-0.544,2.813,3.000,False,False,False,,,False
centre,94081,Vitry-sur-Seine,commune,,93963,ign_chef_lieu,2.388,48.789,15.960,7.992,84.000,88.000,91.000,7.000,,30.692,10.882,128.000,199.500,71.500,0.183,8.992,2.867,3.000,False,False,False,,,False
centre,95424,Montigny-lès-Cormeilles,commune,,22457,ign_chef_lieu,2.188,48.988,16.022,18.943,84.000,89.000,94.000,10.000,,33.258,10.801,129.000,206.000,77.000,0.197,10.015,2.676,2.000,False,False,False,,,False
centre,91471,Orsay,commune,,16498,ign_chef_lieu,2.187,48.699,16.032,21.260,90.000,94.000,98.000,8.000,,25.998,10.233,130.000,236.500,106.500,0.272,16.156,3.616,2.000,False,False,False,,,False
centre,78233,Feucherolles,commune,,3043,ign_chef_lieu,1.974,48.874,16.065,27.851,91.000,97.000,104.000,13.000,,22.495,9.937,131.000,259.000,128.000,0.327,19.741,4.312,2.000,False,False,False,,,False
centre,91689,Wissous,commune,,7151,ign_chef_lieu,2.327,48.732,16.097,13.968,89.000,92.000,96.000,7.000,,30.275,10.498,132.000,221.500,89.500,0.229,13.455,3.039,3.000,False,False,False,,,False
centre,95252,Franconville,commune,,37754,ign_chef_lieu,2.230,48.986,16.150,16.991,81.000,84.000,88.000,7.000,,30.583,11.536,133.000,175.000,42.000,0.107,3.416,2.747,2.000,False,False,False,,,False
centre,91661,Villebon-sur-Yvette,commune,,10291,ign_chef_lieu,2.228,48.700,16.203,19.636,96.000,100.000,104.000,8.000,,31.020,9.722,134.000,278.000,144.000,0.368,22.911,3.224,2.000,False,False,False,,,False
centre,93066,Saint-Denis,commune,,149077,ign_chef_lieu,2.358,48.936,16.209,8.883,62.000,66.000,70.000,8.000,,29.242,14.735,135.000,77.500,-57.500,-0.147,-18.893,2.257,2.000,False,False,False,,,False
centre,91272,Gif-sur-Yvette,commune,,22544,ign_chef_lieu,2.134,48.702,16.247,23.524,98.000,102.000,106.000,8.000,,30.332,9.557,136.000,290.000,154.000,0.394,25.197,3.363,2.000,False,False,False,,,False
centre,93001,Aubervilliers,commune,,88365,ign_chef_lieu,2.382,48.915,16.279,6.820,63.000,66.000,70.000,7.000,,28.973,14.799,137.000,77.500,-59.500,-0.152,-19.069,2.278,2.000,False,False,False,,,False
centre,91136,Champlan,commune,,2615,ign_chef_lieu,2.274,48.708,16.302,17.443,94.000,98.000,102.000,8.000,,29.698,9.981,138.000,265.500,127.500,0.326,20.084,3.300,3.000,False,False,False,,,False
centre,95306,Herblay-sur-Seine,commune,,31779,ign_chef_lieu,2.165,48.990,16.360,20.210,78.000,82.000,85.000,7.000,,34.042,11.971,139.000,160.000,21.000,0.054,0.299,2.409,2.000,False,False,False,,,False
centre,93061,Le Pré-Saint-Gervais,commune,,16993,ign_chef_lieu,2.403,48.883,16.380,4.727,67.000,70.000,74.000,7.000,,34.068,14.040,140.000,86.000,-54.000,-0.138,-14.431,2.055,2.000,False,False,False,,,False
centre,91122,Bures-sur-Yvette,commune,,9548,ign_chef_lieu,2.164,48.697,16.399,22.505,88.000,92.000,96.000,8.000,,29.418,10.695,141.000,221.500,80.500,0.206,12.395,3.127,2.000,False,False,False,,,False
centre,78406,Milon-la-Chapelle,commune,,295,ign_chef_lieu,2.049,48.726,16.528,26.558,114.000,121.000,129.000,15.000,,29.612,8.196,142.000,354.500,212.500,0.543,47.240,4.086,2.000,False,False,False,,,False
centre,95210,Enghien-les-Bains,commune,,11432,ign_chef_lieu,2.307,48.970,16.545,13.049,67.000,71.000,75.000,8.000,,30.910,13.981,143.000,89.500,-53.500,-0.137,-13.647,2.297,2.000,False,False,False,,,False
centre,93055,Pantin,commune,,61929,ign_chef_lieu,2.401,48.897,16.749,5.754,48.000,52.000,56.000,8.000,,33.383,19.326,144.000,30.000,-114.000,-0.292,-37.147,1.558,1.000,False,False,False,,,False
centre,94018,Charenton-le-Pont,commune,,28830,ign_chef_lieu,2.416,48.820,16.976,6.201,68.000,72.000,76.000,8.000,,34.643,14.147,145.000,94.500,-50.500,-0.129,-13.561,2.078,2.000,False,False,False,,,False
centre,94067,Saint-Mandé,commune,,21071,ign_chef_lieu,2.419,48.843,16.985,5.106,59.000,63.000,67.000,8.000,,34.918,16.176,146.000,68.000,-78.000,-0.199,-24.387,1.804,2.000,False,False,False,,,False
centre,93006,Bagnolet,commune,,43086,ign_chef_lieu,2.417,48.869,17.025,4.902,69.000,72.000,76.000,7.000,,37.172,14.187,147.000,94.500,-52.500,-0.134,-13.686,1.937,2.000,False,False,False,,,False
centre,93045,Les Lilas,commune,,23843,ign_chef_lieu,2.416,48.879,17.205,5.305,62.000,66.000,69.000,7.000,,36.345,15.641,148.000,77.500,-70.500,-0.180,-21.299,1.816,3.000,False,False,False,,,False
centre,95219,Ermont,commune,,29489,ign_chef_lieu,2.259,48.992,17.299,16.558,78.000,81.000,85.000,7.000,,31.385,12.814,149.000,151.500,2.500,0.006,-3.676,2.581,2.000,False,False,False,,,False
centre,94073,Thiais,commune,,32918,ign_chef_lieu,2.391,48.764,17.339,10.629,79.000,83.000,87.000,8.000,,30.260,12.535,150.000,168.500,18.500,0.047,-1.415,2.743,4.000,True,False,False,,,False
centre,93079,Villetaneuse,commune,,12530,ign_chef_lieu,2.344,48.961,17.387,11.671,71.000,75.000,79.000,8.000,,30.482,13.910,151.000,111.500,-39.500,-0.101,-11.040,2.460,3.000,False,False,False,,,False
centre,93027,La Courneuve,commune,,47167,ign_chef_lieu,2.390,48.927,17.453,8.277,67.000,71.000,75.000,8.000,,28.607,14.749,152.000,89.500,-62.500,-0.160,-15.944,2.482,2.000,False,False,False,,,False
centre,78575,Saint-Rémy-lès-Chevreuse,commune,,7747,ign_chef_lieu,2.073,48.706,17.479,26.507,98.000,102.000,106.000,8.000,,33.288,10.282,153.000,290.000,137.000,0.350,20.663,3.064,2.000,False,False,False,,,False
centre,78672,Villennes-sur-Seine,commune,,5952,ign_chef_lieu,1.999,48.940,17.537,27.546,70.000,78.000,86.000,16.000,,23.340,13.490,154.000,129.500,-24.500,-0.063,-7.883,3.342,2.000,False,False,False,,,False
centre,78561,Saint-Lambert,commune,,447,ign_chef_lieu,2.020,48.731,17.545,28.117,,,,,,26.620,,,,,,,,,False,False,False,,,False
centre,94002,Alfortville,commune,,45531,ign_chef_lieu,2.420,48.805,17.595,7.545,59.000,62.000,66.000,7.000,,35.695,17.028,155.000,64.000,-91.000,-0.233,-26.900,1.737,2.000,False,False,False,,,False
centre,78466,Orgeval,commune,,7252,ign_chef_lieu,1.975,48.918,17.694,28.542,86.000,94.000,103.000,17.000,,23.498,11.294,156.000,236.500,80.500,0.206,10.517,4.000,2.000,False,False,False,,,False
centre,95203,Eaubonne,commune,,26211,ign_chef_lieu,2.280,48.991,17.742,15.908,74.000,78.000,83.000,9.000,,32.232,13.648,157.000,129.500,-27.500,-0.070,-8.421,2.420,3.000,False,False,False,,,False
centre,94069,Saint-Maurice,commune,,14506,ign_chef_lieu,2.427,48.818,17.757,6.894,77.000,81.000,85.000,8.000,,32.472,13.153,158.000,151.500,-6.500,-0.017,-4.938,2.494,3.000,False,False,False,,,False
centre,91587,Saulx-les-Chartreux,commune,,6733,ign_chef_lieu,2.264,48.691,17.831,19.461,102.000,108.000,115.000,13.000,,31.380,9.906,159.000,313.500,154.500,0.395,26.483,3.442,3.000,False,False,False,,,False
centre,95491,Le Plessis-Bouchard,commune,,8518,ign_chef_lieu,2.235,49.001,17.864,18.256,82.000,86.000,90.000,8.000,,32.675,12.463,160.000,186.000,26.000,0.066,0.623,2.632,2.000,False,False,False,,,False
centre,95197,Deuil-la-Barre,commune,,23099,ign_chef_lieu,2.328,48.975,17.909,13.331,77.000,81.000,85.000,8.000,,35.085,13.266,161.000,151.500,-9.500,-0.024,-5.346,2.309,2.000,False,False,False,,,False
centre,78490,Plaisir,commune,,31811,ign_chef_lieu,1.947,48.817,17.916,30.085,79.000,86.000,94.000,15.000,,22.508,12.500,162.000,186.000,24.000,0.061,0.475,3.821,3.000,False,False,False,,,False
centre,95598,Soisy-sous-Montmorency,commune,,18008,ign_chef_lieu,2.300,48.987,17.986,15.060,79.000,82.000,87.000,8.000,,31.128,13.161,163.000,160.000,-3.000,-0.008,-4.386,2.634,3.000,False,False,False,,,False
centre,78015,Andrésy,commune,,13834,ign_chef_lieu,2.061,48.982,18.024,25.565,81.000,85.000,88.000,7.000,,34.375,12.723,164.000,180.500,16.500,0.042,-0.992,2.473,1.000,False,False,False,,,False
centre,78196,Davron,commune,,295,ign_chef_lieu,1.944,48.865,18.035,29.977,,,,,,25.690,,,,,,,,,False,False,False,,,False
centre,78172,Conflans-Sainte-Honorine,commune,,36958,ign_chef_lieu,2.095,48.994,18.043,24.293,74.000,77.000,81.000,7.000,,34.843,14.060,165.000,122.500,-42.500,-0.109,-10.360,2.210,2.000,False,False,False,,,False
centre,91692,Les Ulis,commune,,25886,ign_chef_lieu,2.170,48.681,18.074,23.626,100.000,105.000,109.000,9.000,,30.018,10.328,166.000,302.000,136.000,0.348,22.133,3.498,3.000,False,False,False,,,False
centre,91161,Chilly-Mazarin,commune,,20443,ign_chef_lieu,2.313,48.703,18.167,17.360,103.000,106.000,111.000,8.000,,30.853,10.283,167.000,305.500,138.500,0.354,22.977,3.436,3.000,False,False,False,,,False
centre,91666,Villejust,commune,,2558,ign_chef_lieu,2.237,48.682,18.283,21.145,106.000,110.000,115.000,9.000,,32.448,9.973,168.000,317.500,149.500,0.382,27.207,3.390,3.000,False,False,False,,,False
centre,91345,Longjumeau,commune,,21996,ign_chef_lieu,2.296,48.694,18.406,18.504,97.000,100.000,103.000,6.000,,30.390,11.043,169.000,278.000,109.000,0.279,15.253,3.291,4.000,True,False,False,,,False
centre,78160,Chevreuse,commune,,5502,ign_chef_lieu,2.044,48.707,18.445,28.061,94.000,101.000,109.000,15.000,,33.698,10.958,170.000,283.500,113.500,0.290,16.279,2.997,2.000,False,False,False,,,False
centre,94046,Maisons-Alfort,commune,,56799,ign_chef_lieu,2.431,48.801,18.449,8.415,57.000,61.000,65.000,8.000,,36.238,18.147,171.000,61.000,-110.000,-0.281,-29.779,1.683,2.000,False,False,False,,,False
centre,94080,Vincennes,commune,,48193,ign_chef_lieu,2.440,48.848,18.503,6.477,56.000,59.000,63.000,7.000,,37.245,18.817,172.000,56.000,-116.000,-0.297,-32.181,1.584,1.000,False,False,False,,,False
centre,78384,Médan,commune,,1289,ign_chef_lieu,1.996,48.953,18.586,28.247,89.000,96.000,103.000,14.000,,26.293,11.616,173.000,251.000,78.000,0.199,10.100,3.651,2.000,False,False,False,,,False
centre,94022,Choisy-le-Roi,commune,,45946,ign_chef_lieu,2.410,48.762,18.624,11.258,73.000,77.000,81.000,8.000,,30.933,14.512,174.000,122.500,-51.500,-0.132,-11.782,2.489,3.000,False,False,False,,,False
centre,95427,Montmagny,commune,,15105,ign_chef_lieu,2.346,48.975,18.656,13.199,75.000,79.000,83.000,8.000,,32.957,14.169,175.000,138.000,-37.000,-0.095,-9.569,2.397,2.000,False,False,False,,,False
centre,91432,Morangis,commune,,14129,ign_chef_lieu,2.332,48.706,18.672,16.844,105.000,107.000,111.000,6.000,,31.548,10.470,176.000,309.000,133.000,0.340,22.431,3.392,4.000,True,False,False,,,False
centre,93048,Montreuil,commune,,111934,ign_chef_lieu,2.441,48.862,18.701,6.526,61.000,64.000,68.000,7.000,,40.625,17.532,177.000,71.500,-105.500,-0.270,-26.829,1.575,2.000,False,False,False,,,False
centre,95051,Beauchamp,commune,,9849,ign_chef_lieu,2.200,49.012,18.702,20.563,79.000,82.000,86.000,7.000,,34.393,13.684,178.000,160.000,-18.000,-0.046,-6.251,2.384,2.000,False,False,False,,,False
centre,91275,Gometz-le-Châtel,commune,,2630,ign_chef_lieu,2.138,48.678,18.717,25.295,114.000,123.000,128.000,14.000,,33.857,9.130,179.000,360.500,181.500,0.464,40.565,3.633,3.000,False,False,False,,,False
centre,93063,Romainville,commune,,37152,ign_chef_lieu,2.435,48.886,18.723,6.858,72.000,75.000,79.000,7.000,,38.933,14.979,180.000,111.500,-68.500,-0.175,-14.303,1.926,3.000,False,False,False,,,False
centre,78138,Chanteloup-les-Vignes,commune,,10861,ign_chef_lieu,2.030,48.978,18.928,27.240,90.000,95.000,99.000,9.000,,31.163,11.955,181.000,244.000,63.000,0.161,7.954,3.048,3.000,False,False,False,,,False
centre,95574,Saint-Prix,commune,,7612,ign_chef_lieu,2.262,49.007,18.935,17.955,89.000,93.000,99.000,10.000,,34.173,12.216,182.000,227.500,45.500,0.116,5.663,2.721,3.000,False,False,False,,,False
centre,95428,Montmorency,commune,,21763,ign_chef_lieu,2.321,48.989,18.935,14.985,84.000,88.000,92.000,8.000,,36.150,12.910,183.000,199.500,16.500,0.042,-0.019,2.434,3.000,False,False,False,,,False
centre,93072,Stains,commune,,41388,ign_chef_lieu,2.382,48.955,18.943,11.236,75.000,79.000,83.000,8.000,,32.562,14.387,184.000,138.000,-46.000,-0.118,-10.262,2.426,3.000,False,False,False,,,False
centre,95369,Margency,commune,,3012,ign_chef_lieu,2.287,49.001,18.997,16.798,84.000,88.000,92.000,8.000,,34.428,12.952,185.000,199.500,14.500,0.037,-0.183,2.556,3.000,False,False,False,,,False
centre,94054,Orly,commune,,24658,ign_chef_lieu,2.401,48.743,19.217,13.085,82.000,85.000,89.000,7.000,,33.337,13.565,186.000,180.500,-5.500,-0.014,-4.146,2.550,3.000,False,False,False,,,False
centre,78382,Maurecourt,commune,,4454,ign_chef_lieu,2.063,48.997,19.320,26.334,77.000,81.000,85.000,8.000,,36.447,14.311,187.000,151.500,-35.500,-0.091,-8.901,2.222,2.000,False,False,False,,,False
centre,91560,Saint-Jean-de-Beauregard,commune,,471,ign_chef_lieu,2.168,48.670,19.398,24.824,113.000,118.000,122.000,9.000,,31.367,9.863,188.000,348.500,160.500,0.410,32.442,3.762,3.000,False,False,False,,,False
centre,78208,Élancourt,commune,,26365,ign_chef_lieu,1.949,48.768,19.406,31.186,75.000,82.000,90.000,15.000,,23.290,14.200,189.000,160.000,-29.000,-0.074,-7.984,3.521,2.000,False,False,False,,,False
centre,78644,La Verrière,commune,,5994,ign_chef_lieu,1.958,48.758,19.408,31.001,79.000,85.000,90.000,11.000,,24.758,13.700,190.000,180.500,-9.500,-0.024,-4.622,3.433,2.000,False,False,False,,,False
centre,91479,Paray-Vieille-Poste,commune,,8202,ign_chef_lieu,2.364,48.713,19.467,15.999,97.000,100.000,104.000,7.000,,32.638,11.680,191.000,278.000,87.000,0.223,12.037,3.064,4.000,True,False,False,,,False
centre,91274,Gometz-la-Ville,commune,,1536,ign_chef_lieu,2.125,48.672,19.652,26.475,112.000,122.000,128.000,16.000,,33.888,9.665,192.000,358.000,166.000,0.425,36.034,3.600,3.000,False,False,False,,,False
centre,95426,Montlignon,commune,,3038,ign_chef_lieu,2.285,49.009,19.713,17.653,90.000,95.000,100.000,10.000,,36.113,12.450,193.000,244.000,51.000,0.130,5.763,2.631,3.000,False,False,False,,,False
centre,95288,Groslay,commune,,8453,ign_chef_lieu,2.346,48.987,19.713,14.521,82.000,86.000,90.000,8.000,,36.855,13.754,194.000,186.000,-8.000,-0.020,-4.257,2.333,2.000,False,False,False,,,False
centre,95014,Andilly,commune,,2742,ign_chef_lieu,2.301,49.005,19.813,17.002,89.000,94.000,98.000,9.000,,36.912,12.647,195.000,236.500,41.500,0.106,4.383,2.547,3.000,False,False,False,,,False
centre,78189,Crespières,commune,,1719,ign_chef_lieu,1.924,48.882,19.819,31.570,,,,,,26.710,,,,,,,,,False,False,False,,,False
centre,78615,Thiverval-Grignon,commune,,1023,ign_chef_lieu,1.918,48.850,19.830,31.915,117.000,128.000,143.000,26.000,,27.657,9.295,196.000,372.000,176.000,0.450,42.077,4.628,3.000,False,False,False,,,False
centre,95563,Saint-Leu-la-Forêt,commune,,16138,ign_chef_lieu,2.244,49.019,19.943,19.756,86.000,93.000,100.000,14.000,,34.685,12.866,197.000,227.500,30.500,0.078,2.932,2.681,2.000,False,False,False,,,False
centre,78383,Maurepas,commune,,20629,ign_chef_lieu,1.945,48.762,19.970,31.683,73.000,79.000,86.000,13.000,,23.788,15.167,198.000,138.000,-60.000,-0.153,-12.624,3.321,2.000,False,False,False,,,False
centre,93053,Noisy-le-Sec,commune,,45510,ign_chef_lieu,2.452,48.890,20.054,8.191,64.000,68.000,71.000,7.000,,35.708,17.695,199.000,82.500,-116.500,-0.298,-24.949,1.904,1.000,False,False,False,,,False
centre,91044,Ballainvilliers,commune,,4904,ign_chef_lieu,2.290,48.676,20.080,20.562,107.000,112.000,118.000,11.000,,34.715,10.757,200.000,322.000,122.000,0.312,23.535,3.226,3.000,False,False,False,,,False
centre,95488,Pierrelaye,commune,,10130,ign_chef_lieu,2.156,49.023,20.102,23.464,86.000,89.000,93.000,7.000,,36.492,13.552,201.000,206.000,5.000,0.013,-1.889,2.439,2.000,False,False,False,,,False
centre,93008,Bobigny,commune,,56927,ign_chef_lieu,2.445,48.906,20.121,8.759,70.000,74.000,78.000,8.000,,32.890,16.314,202.000,105.500,-96.500,-0.247,-18.463,2.250,2.000,False,False,False,,,False
centre,93013,Le Bourget,commune,,15925,ign_chef_lieu,2.425,48.935,20.128,10.195,69.000,73.000,77.000,8.000,,31.370,16.543,203.000,100.000,-103.000,-0.263,-19.579,2.327,2.000,False,False,False,,,False
centre,94077,Villeneuve-le-Roi,commune,,21000,ign_chef_lieu,2.408,48.735,20.161,14.074,88.000,92.000,96.000,8.000,,34.045,13.148,204.000,221.500,17.500,0.045,1.269,2.702,3.000,False,False,False,,,False
centre,78397,Le Mesnil-Saint-Denis,commune,,7276,ign_chef_lieu,1.960,48.740,20.302,31.594,80.000,87.000,95.000,15.000,,27.718,14.002,205.000,192.000,-13.000,-0.033,-4.573,3.139,2.000,False,False,False,,,False
centre,78624,Triel-sur-Seine,commune,,12206,ign_chef_lieu,2.003,48.981,20.425,29.133,85.000,90.000,95.000,10.000,,30.620,13.617,206.000,212.000,6.000,0.015,-1.582,2.939,2.000,False,False,False,,,False
centre,95607,Taverny,commune,,27593,ign_chef_lieu,2.226,49.026,20.507,21.044,90.000,97.000,105.000,15.000,,34.523,12.685,207.000,259.000,52.000,0.133,5.858,2.810,2.000,False,False,False,,,False
centre,78548,Saint-Forget,commune,,436,ign_chef_lieu,1.993,48.710,20.577,30.986,100.000,107.000,115.000,15.000,,30.798,11.538,208.000,309.000,101.000,0.258,16.571,3.474,2.000,False,False,False,,,False
centre,94042,Joinville-le-Pont,commune,,20525,ign_chef_lieu,2.467,48.818,20.685,9.400,64.000,68.000,71.000,7.000,,36.265,18.251,209.000,82.500,-126.500,-0.324,-26.113,1.875,1.000,False,False,False,,,False
centre,78643,Vernouillet,commune,,9699,ign_chef_lieu,1.983,48.973,20.745,29.979,77.000,83.000,91.000,14.000,,29.270,14.996,210.000,168.500,-41.500,-0.106,-9.946,2.836,2.000,False,False,False,,,False
centre,95218,Éragny-sur-Oise,commune,,18436,ign_chef_lieu,2.091,49.019,20.782,26.369,72.000,76.000,79.000,7.000,,35.520,16.407,211.000,117.500,-93.500,-0.239,-17.614,2.140,3.000,False,False,False,,,False
centre,91458,Nozay,commune,,4471,ign_chef_lieu,2.243,48.660,20.798,23.277,109.000,114.000,120.000,11.000,,34.502,10.946,212.000,335.000,123.000,0.315,23.531,3.304,3.000,False,False,False,,,False
centre,94028,Créteil,commune,,93397,ign_chef_lieu,2.453,48.778,20.817,11.442,82.000,85.000,89.000,7.000,,37.500,14.695,213.000,180.500,-32.500,-0.083,-7.938,2.267,3.000,False,False,False,,,False
centre,93029,Drancy,commune,,72390,ign_chef_lieu,2.445,48.923,20.853,10.075,76.000,80.000,84.000,8.000,,33.412,15.640,214.000,144.500,-69.500,-0.178,-13.428,2.394,3.000,False,False,False,,,False
centre,91411,Les Molières,commune,,1975,ign_chef_lieu,2.070,48.673,20.860,29.129,,,,,,39.525,,,,,,,,,False,False,False,,,False
centre,93030,Dugny,commune,,11700,ign_chef_lieu,2.418,48.955,20.945,12.001,82.000,85.000,89.000,7.000,,33.492,14.784,215.000,180.500,-34.500,-0.088,-8.221,2.538,4.000,True,False,False,,,False
centre,91093,Boullay-les-Troux,commune,,624,ign_chef_lieu,2.050,48.678,20.993,29.791,,,,,,39.365,,,,,,,,,False,False,False,,,False
centre,78431,Morainvilliers,commune,,3120,ign_chef_lieu,1.932,48.929,21.003,31.849,101.000,108.000,117.000,16.000,,26.418,11.668,216.000,313.500,97.500,0.249,16.449,4.088,2.000,False,False,False,,,False
centre,95450,Neuville-sur-Oise,commune,,2058,ign_chef_lieu,2.063,49.014,21.022,27.508,69.000,72.000,76.000,7.000,,37.848,17.518,217.000,94.500,-122.500,-0.313,-22.402,1.902,2.000,False,False,False,,,False
centre,94033,Fontenay-sous-Bois,commune,,53757,ign_chef_lieu,2.475,48.849,21.077,9.014,69.000,73.000,77.000,8.000,,42.303,17.324,218.000,100.000,-118.000,-0.302,-21.429,1.726,1.000,False,False,False,,,False
centre,95268,Garges-lès-Gonesse,commune,,41791,ign_chef_lieu,2.401,48.972,21.137,13.303,78.000,82.000,86.000,8.000,,36.732,15.466,219.000,160.000,-59.000,-0.151,-11.867,2.232,3.000,False,False,False,,,False
centre,91665,La Ville-du-Bois,commune,,8161,ign_chef_lieu,2.269,48.661,21.144,22.572,120.000,124.000,130.000,10.000,,33.693,10.231,220.000,364.000,144.000,0.368,33.251,3.680,4.000,True,False,False,,,False
centre,95539,Saint-Brice-sous-Forêt,commune,,15063,ign_chef_lieu,2.357,48.998,21.160,15.706,85.000,89.000,93.000,8.000,,37.358,14.265,221.000,206.000,-15.000,-0.038,-4.397,2.382,3.000,False,False,False,,,False
centre,91027,Athis-Mons,commune,,36613,ign_chef_lieu,2.389,48.708,21.170,16.768,94.000,98.000,102.000,8.000,,34.510,12.961,222.000,265.500,43.500,0.111,5.246,2.840,4.000,True,False,False,,,False
centre,78550,Saint-Germain-de-la-Grange,commune,,1847,ign_chef_lieu,1.899,48.834,21.221,33.378,119.000,130.000,147.000,28.000,,28.563,9.794,223.000,375.500,152.500,0.390,39.442,4.551,3.000,False,False,False,,,False
centre,78010,Les Alluets-le-Roi,commune,,1390,ign_chef_lieu,1.919,48.914,21.229,32.452,,,,,,27.597,,,,,,,,,False,False,False,,,False
centre,78193,Dampierre-en-Yvelines,commune,,1008,ign_chef_lieu,1.986,48.705,21.382,31.766,109.000,116.000,124.000,15.000,,31.347,11.059,224.000,342.000,118.000,0.302,23.953,3.701,2.000,False,False,False,,,False
centre,78162,Choisel,commune,,540,ign_chef_lieu,2.018,48.687,21.461,31.009,,,,,,35.705,,,,,,,,,False,False,False,,,False
centre,78442,Neauphle-le-Château,commune,,3250,ign_chef_lieu,1.899,48.814,21.473,33.643,86.000,93.000,101.000,15.000,,23.563,13.853,225.000,227.500,2.500,0.006,-0.837,3.947,3.000,False,False,False,,,False
centre,91216,Épinay-sur-Orge,commune,,10722,ign_chef_lieu,2.324,48.673,21.483,20.542,89.000,92.000,96.000,7.000,,34.248,14.011,226.000,221.500,-4.500,-0.012,-1.927,2.686,3.000,False,False,False,,,False
centre,78321,Jouars-Pontchartrain,commune,,6039,ign_chef_lieu,1.901,48.802,21.573,33.713,89.000,96.000,104.000,15.000,,22.440,13.483,227.000,251.000,24.000,0.061,2.122,4.278,3.000,False,False,False,,,False
centre,91589,Savigny-sur-Orge,commune,,37601,ign_chef_lieu,2.346,48.680,21.609,19.657,86.000,90.000,94.000,8.000,,33.338,14.406,228.000,212.000,-16.000,-0.041,-4.341,2.700,3.000,False,False,False,,,False
centre,78642,Verneuil-sur-Seine,commune,,16280,ign_chef_lieu,1.975,48.979,21.664,30.817,80.000,84.000,88.000,8.000,,29.197,15.474,229.000,175.000,-54.000,-0.138,-10.833,2.877,2.000,False,False,False,,,False
centre,94001,Ablon-sur-Seine,commune,,5988,ign_chef_lieu,2.422,48.725,21.701,15.492,84.000,88.000,91.000,7.000,,36.612,14.796,230.000,199.500,-30.500,-0.078,-6.667,2.404,3.000,False,False,False,,,False
centre,95323,Jouy-le-Moutier,commune,,17854,ign_chef_lieu,2.047,49.016,21.732,28.527,78.000,81.000,85.000,7.000,,40.910,16.098,231.000,151.500,-79.500,-0.203,-14.154,1.980,2.000,False,False,False,,,False
centre,91326,Juvisy-sur-Orge,commune,,19292,ign_chef_lieu,2.372,48.691,21.757,18.487,80.000,83.000,87.000,7.000,,36.430,15.728,232.000,168.500,-63.500,-0.162,-12.085,2.278,4.000,True,False,False,,,False
centre,95060,Bessancourt,commune,,8869,ign_chef_lieu,2.217,49.039,21.806,22.566,96.000,103.000,111.000,15.000,,36.688,12.703,233.000,295.000,62.000,0.159,8.975,2.807,2.000,False,False,False,,,False
centre,78683,Villiers-Saint-Frédéric,commune,,3395,ign_chef_lieu,1.891,48.820,21.921,34.096,91.000,98.000,106.000,15.000,,26.013,13.421,234.000,265.500,31.500,0.081,3.410,3.767,2.000,False,False,False,,,False
centre,95489,Piscop,commune,,768,ign_chef_lieu,2.343,49.012,21.936,17.337,118.000,126.000,134.000,16.000,,40.923,10.446,235.000,369.500,134.500,0.344,32.909,3.079,4.000,True,False,False,,,False
centre,91319,Janvry,commune,,654,ign_chef_lieu,2.156,48.647,21.996,27.402,,,,,,37.407,,,,,,,,,False,False,False,,,False
centre,95585,Sarcelles,commune,,59173,ign_chef_lieu,2.378,48.997,22.091,15.801,87.000,90.000,94.000,7.000,,39.833,14.727,236.000,212.000,-24.000,-0.061,-5.400,2.259,3.000,False,False,False,,,False
centre,78334,Lévis-Saint-Nom,commune,,1603,ign_chef_lieu,1.949,48.721,22.214,33.260,,,,,,31.918,,,,,,,,,False,False,False,,,False
centre,93064,Rosny-sous-Bois,commune,,47180,ign_chef_lieu,2.488,48.872,22.264,10.098,66.000,70.000,74.000,8.000,,39.057,19.084,237.000,86.000,-151.000,-0.386,-26.712,1.792,1.000,False,False,False,,,False
centre,91685,Villiers-sur-Orge,commune,,4545,ign_chef_lieu,2.300,48.657,22.286,22.458,97.000,101.000,105.000,8.000,,36.545,13.239,238.000,283.500,45.500,0.116,5.690,2.764,4.000,True,False,False,,,False
centre,94052,Nogent-sur-Marne,commune,,32455,ign_chef_lieu,2.492,48.839,22.304,10.381,74.000,78.000,82.000,8.000,,40.005,17.157,239.000,129.500,-109.500,-0.280,-18.410,1.950,2.000,False,False,False,,,False
centre,94068,Saint-Maur-des-Fossés,commune,,76572,ign_chef_lieu,2.485,48.803,22.315,11.426,68.000,72.000,75.000,7.000,,40.528,18.596,240.000,94.500,-145.500,-0.372,-24.706,1.777,1.000,False,False,False,,,False
centre,93010,Bondy,commune,,50595,ign_chef_lieu,2.481,48.902,22.493,10.718,73.000,76.000,80.000,7.000,,35.747,17.758,241.000,117.500,-123.500,-0.316,-20.841,2.126,1.000,False,False,False,,,False
centre,78168,Coignières,commune,,4321,ign_chef_lieu,1.918,48.748,22.519,34.145,85.000,90.000,94.000,9.000,,26.233,15.013,242.000,212.000,-30.000,-0.077,-6.313,3.431,2.000,False,False,False,,,False
centre,91363,Marcoussis,commune,,8618,ign_chef_lieu,2.231,48.643,22.543,25.376,116.000,121.000,126.000,10.000,,38.037,11.178,243.000,354.500,111.500,0.285,25.890,3.181,3.000,False,False,False,,,False
centre,78206,Ecquevilly,commune,,4279,ign_chef_lieu,1.924,48.949,22.609,33.050,83.000,88.000,95.000,12.000,,25.252,15.415,244.000,199.500,-44.500,-0.114,-8.580,3.485,2.000,False,False,False,,,False
centre,91667,Villemoisson-sur-Orge,commune,,7332,ign_chef_lieu,2.330,48.662,22.741,21.694,94.000,97.000,101.000,7.000,,35.160,14.067,245.000,259.000,14.000,0.036,0.475,2.759,3.000,False,False,False,,,False
centre,95199,Domont,commune,,16065,ign_chef_lieu,2.327,49.027,22.835,19.106,93.000,97.000,101.000,8.000,,41.848,14.125,246.000,259.000,13.000,0.033,0.266,2.318,2.000,False,False,False,,,False
centre,93007,Le Blanc-Mesnil,commune,,62376,ign_chef_lieu,2.464,48.939,22.840,12.266,77.000,80.000,84.000,7.000,,36.218,17.130,247.000,144.500,-102.500,-0.262,-17.316,2.209,2.000,False,False,False,,,False
centre,94078,Villeneuve-Saint-Georges,commune,,36221,ign_chef_lieu,2.448,48.731,22.845,15.622,94.000,97.000,101.000,7.000,,39.403,14.131,248.000,259.000,11.000,0.028,0.243,2.462,4.000,True,False,False,,,False
centre,78062,Beynes,commune,,7704,ign_chef_lieu,1.876,48.856,22.932,34.976,92.000,103.000,120.000,28.000,,31.015,13.359,249.000,295.000,46.000,0.118,6.240,3.321,2.000,False,False,False,,,False
centre,78590,Senlisse,commune,,511,ign_chef_lieu,1.982,48.687,23.092,33.144,,,,,,35.295,,,,,,,,,False,False,False,,,False
centre,95256,Frépillon,commune,,3317,ign_chef_lieu,2.206,49.051,23.107,24.152,95.000,102.000,110.000,15.000,,38.777,13.592,250.000,290.000,40.000,0.102,4.807,2.630,2.000,False,False,False,,,False
centre,95572,Saint-Ouen-l'Aumône,commune,,25578,ign_chef_lieu,2.106,49.044,23.122,27.613,84.000,88.000,92.000,8.000,,39.922,15.765,251.000,199.500,-51.500,-0.132,-9.608,2.204,3.000,False,False,False,,,False
centre,78305,Herbeville,commune,,228,ign_chef_lieu,1.887,48.906,23.137,34.591,,,,,,30.185,,,,,,,,,False,False,False,,,False
centre,78140,Chapet,commune,,1331,ign_chef_lieu,1.934,48.967,23.140,33.062,88.000,93.000,100.000,12.000,,27.243,14.929,252.000,227.500,-24.500,-0.063,-4.511,3.414,2.000,False,False,False,,,False
centre,91657,Vigneux-sur-Seine,commune,,31466,ign_chef_lieu,2.417,48.700,23.200,18.008,86.000,90.000,95.000,9.000,,43.348,15.467,253.000,212.000,-41.000,-0.105,-7.712,2.076,3.000,False,False,False,,,False
centre,95088,Bonneuil-en-France,commune,,1185,ign_chef_lieu,2.433,48.976,23.204,14.514,90.000,97.000,104.000,14.000,,38.323,14.353,254.000,259.000,5.000,0.013,-0.542,2.531,3.000,False,False,False,,,False
centre,91434,Morsang-sur-Orge,commune,,21667,ign_chef_lieu,2.346,48.662,23.313,21.631,95.000,99.000,103.000,8.000,,34.417,14.129,255.000,272.000,17.000,0.043,1.268,2.877,4.000,True,False,False,,,False
centre,94011,Bonneuil-sur-Marne,commune,,18270,ign_chef_lieu,2.487,48.774,23.324,13.474,83.000,87.000,90.000,7.000,,39.870,16.085,256.000,192.000,-64.000,-0.164,-11.027,2.182,3.000,False,False,False,,,False
centre,95680,Villiers-le-Bel,commune,,30053,ign_chef_lieu,2.388,49.008,23.398,17.006,90.000,94.000,99.000,9.000,,39.393,14.935,257.000,236.500,-20.500,-0.052,-4.021,2.386,3.000,False,False,False,,,False
centre,91338,Limours,commune,,6517,ign_chef_lieu,2.077,48.646,23.441,30.955,123.000,134.000,151.000,28.000,,40.823,10.496,258.000,381.000,123.000,0.315,36.692,3.282,3.000,False,False,False,,,False
centre,93049,Neuilly-Plaisance,commune,,21941,ign_chef_lieu,2.506,48.861,23.461,11.301,73.000,76.000,80.000,7.000,,42.423,18.522,259.000,117.500,-141.500,-0.362,-22.507,1.791,2.000,False,False,False,,,False
centre,94074,Valenton,commune,,14406,ign_chef_lieu,2.470,48.744,23.470,15.148,84.000,88.000,92.000,8.000,,40.098,16.002,260.000,199.500,-60.500,-0.155,-10.287,2.195,3.000,False,False,False,,,False
centre,94058,Le Perreux-sur-Marne,commune,,35260,ign_chef_lieu,2.508,48.841,23.522,11.557,77.000,81.000,85.000,8.000,,41.610,17.423,261.000,151.500,-109.500,-0.280,-17.515,1.947,2.000,False,False,False,,,False
centre,91687,Viry-Châtillon,commune,,30838,ign_chef_lieu,2.375,48.671,23.585,20.644,85.000,89.000,93.000,8.000,,35.597,15.900,262.000,206.000,-56.000,-0.143,-9.492,2.500,4.000,True,False,False,,,False
centre,95019,Arnouville,commune,,15023,ign_chef_lieu,2.421,48.990,23.586,15.646,78.000,82.000,86.000,8.000,,40.415,17.258,263.000,160.000,-103.000,-0.263,-16.613,2.029,2.000,False,False,False,,,False
centre,95091,Bouffémont,commune,,6593,ign_chef_lieu,2.299,49.043,23.655,21.132,,,,,,45.287,,,,,,,,,False,False,False,,,False
centre,91347,Longpont-sur-Orge,commune,,6482,ign_chef_lieu,2.293,48.642,23.657,24.185,103.000,107.000,112.000,9.000,,38.483,13.265,264.000,309.000,45.000,0.115,8.647,2.780,4.000,True,False,False,,,False
centre,95061,Béthemont-la-Forêt,commune,,435,ign_chef_lieu,2.252,49.053,23.738,23.061,,,,,,42.838,,,,,,,,,False,False,False,,,False
centre,91425,Montlhéry,commune,,9772,ign_chef_lieu,2.270,48.637,23.782,25.168,115.000,121.000,126.000,11.000,,37.405,11.793,265.000,354.500,89.500,0.229,22.534,3.235,4.000,True,False,False,,,False
centre,93077,Villemomble,commune,,29795,ign_chef_lieu,2.508,48.882,23.876,11.751,74.000,78.000,82.000,8.000,,39.397,18.366,266.000,129.500,-136.500,-0.349,-21.167,1.980,1.000,False,False,False,,,False
centre,95500,Pontoise,commune,,31970,ign_chef_lieu,2.101,49.051,23.925,28.422,85.000,89.000,93.000,8.000,,40.745,16.129,267.000,206.000,-61.000,-0.156,-10.143,2.184,3.000,False,False,False,,,False
centre,94044,Limeil-Brévannes,commune,,27406,ign_chef_lieu,2.480,48.749,23.926,15.180,88.000,91.000,95.000,7.000,,39.350,15.775,268.000,217.500,-50.500,-0.129,-8.126,2.313,4.000,True,False,False,,,False
centre,94017,Champigny-sur-Marne,commune,,78072,ign_chef_lieu,2.511,48.813,23.952,12.570,75.000,79.000,82.000,7.000,,41.852,18.192,269.000,138.000,-131.000,-0.335,-20.286,1.888,2.000,False,False,False,,,False
centre,95205,Écouen,commune,,7202,ign_chef_lieu,2.379,49.018,23.964,18.124,97.000,100.000,105.000,8.000,,41.628,14.378,270.000,278.000,8.000,0.020,0.880,2.402,3.000,False,False,False,,,False
centre,95074,Boisemont,commune,,892,ign_chef_lieu,2.002,49.021,23.972,31.543,101.000,105.000,109.000,8.000,,40.587,13.698,271.000,302.000,31.000,0.079,5.905,2.587,3.000,False,False,False,,,False
centre,78443,Neauphle-le-Vieux,commune,,937,ign_chef_lieu,1.864,48.815,24.005,36.180,90.000,98.000,105.000,15.000,,27.620,14.697,272.000,265.500,-6.500,-0.017,-1.223,3.548,2.000,False,False,False,,,False
centre,91201,Draveil,commune,,30098,ign_chef_lieu,2.405,48.682,24.022,19.735,92.000,96.000,101.000,9.000,,42.002,15.014,273.000,251.000,-22.000,-0.056,-3.274,2.286,4.000,True,False,False,,,False
centre,95637,Vauréal,commune,,16079,ign_chef_lieu,2.021,49.030,24.056,31.004,82.000,86.000,90.000,8.000,,42.137,16.783,274.000,186.000,-88.000,-0.225,-13.412,2.041,2.000,False,False,False,,,False
centre,78623,Le Tremblay-sur-Mauldre,commune,,930,ign_chef_lieu,1.875,48.778,24.078,36.115,102.000,113.000,129.000,27.000,,27.192,12.785,275.000,327.500,52.500,0.134,13.722,4.156,2.000,False,False,False,,,False
centre,95151,Chauvry,commune,,297,ign_chef_lieu,2.267,49.054,24.122,22.876,,,,,,42.983,,,,,,,,,False,False,False,,,False
centre,91482,Pecqueuse,commune,,580,ign_chef_lieu,2.049,48.647,24.165,32.295,144.000,155.000,172.000,28.000,,42.713,9.354,276.000,390.000,114.000,0.292,55.707,3.629,3.000,False,False,False,,,False
centre,78368,Mareil-sur-Mauldre,commune,,1776,ign_chef_lieu,1.866,48.894,24.298,35.964,97.000,108.000,125.000,28.000,,30.418,13.499,277.000,313.500,36.500,0.093,8.191,3.550,2.000,False,False,False,,,False
centre,91339,Linas,commune,,7987,ign_chef_lieu,2.267,48.631,24.310,25.816,113.000,118.000,123.000,10.000,,37.457,12.361,278.000,348.500,70.500,0.180,18.180,3.150,4.000,True,False,False,,,False
centre,93057,Les Pavillons-sous-Bois,commune,,25804,ign_chef_lieu,2.507,48.903,24.328,12.448,76.000,80.000,84.000,8.000,,38.175,18.246,279.000,144.500,-134.500,-0.344,-19.909,2.096,2.000,False,False,False,,,False
centre,91191,Crosne,commune,,9610,ign_chef_lieu,2.458,48.716,24.372,17.388,86.000,90.000,94.000,8.000,,41.628,16.248,280.000,212.000,-68.000,-0.174,-9.979,2.162,2.000,False,False,False,,,False
centre,94015,Bry-sur-Marne,commune,,18503,ign_chef_lieu,2.520,48.835,24.377,12.487,74.000,78.000,82.000,8.000,,40.217,18.752,281.000,129.500,-151.500,-0.387,-21.990,1.939,2.000,False,False,False,,,False
centre,78638,Vaux-sur-Seine,commune,,5202,ign_chef_lieu,1.963,49.006,24.443,33.018,92.000,99.000,107.000,15.000,,36.333,14.814,282.000,272.000,-10.000,-0.026,-1.121,2.725,2.000,False,False,False,,,False
centre,78415,Montainville,commune,,589,ign_chef_lieu,1.860,48.882,24.454,36.271,,,,,,33.765,,,,,,,,,False,False,False,,,False
centre,78576,Saint-Rémy-l'Honoré,commune,,1689,ign_chef_lieu,1.882,48.756,24.490,36.330,106.000,117.000,133.000,27.000,,30.662,12.559,283.000,345.000,62.000,0.159,16.743,3.816,2.000,False,False,False,,,False
centre,95229,Ézanville,commune,,9858,ign_chef_lieu,2.362,49.032,24.547,19.541,92.000,96.000,99.000,7.000,,42.388,15.342,284.000,251.000,-33.000,-0.084,-4.324,2.265,2.000,False,False,False,,,False
centre,95394,Méry-sur-Oise,commune,,9983,ign_chef_lieu,2.185,49.064,24.571,26.196,104.000,109.000,117.000,13.000,,40.475,13.525,285.000,316.000,31.000,0.079,8.580,2.693,4.000,True,False,False,,,False
centre,78128,Cernay-la-Ville,commune,,1516,ign_chef_lieu,1.971,48.673,24.729,34.633,,,,,,37.723,,,,,,,,,False,False,False,,,False
centre,91111,Briis-sous-Forges,commune,,3342,ign_chef_lieu,2.124,48.625,24.774,30.750,107.000,114.000,122.000,15.000,,42.258,13.039,286.000,335.000,49.000,0.125,13.088,2.698,3.000,False,False,False,,,False
centre,91549,Sainte-Geneviève-des-Bois,commune,,35438,ign_chef_lieu,2.327,48.641,24.783,24.073,101.000,105.000,109.000,8.000,,38.945,14.162,287.000,302.000,15.000,0.038,4.141,2.696,4.000,True,False,False,,,False
centre,95678,Villiers-Adam,commune,,858,ign_chef_lieu,2.235,49.064,24.808,24.691,101.000,108.000,116.000,15.000,,41.335,13.782,288.000,313.500,25.500,0.065,7.062,2.613,2.000,False,False,False,,,False
centre,91249,Forges-les-Bains,commune,,4241,ign_chef_lieu,2.100,48.628,24.817,31.461,,,,,,45.620,,,,,,,,,False,False,False,,,False
centre,93062,Le Raincy,commune,,14735,ign_chef_lieu,2.516,48.899,24.851,12.881,74.000,78.000,82.000,8.000,,39.230,19.116,289.000,129.500,-159.500,-0.408,-22.744,1.988,2.000,False,False,False,,10.000,False
centre,95277,Gonesse,commune,,27707,ign_chef_lieu,2.450,48.986,24.930,16.121,92.000,96.000,101.000,9.000,,40.692,15.581,290.000,251.000,-39.000,-0.100,-5.068,2.359,3.000,False,False,False,,,False
centre,93005,Aulnay-sous-Bois,commune,,87599,ign_chef_lieu,2.500,48.934,25.030,13.861,69.000,72.000,76.000,7.000,,39.432,20.858,291.000,94.500,-196.500,-0.503,-28.945,1.826,2.000,False,False,False,,3.000,False
centre,91243,Fontenay-lès-Briis,commune,,2350,ign_chef_lieu,2.156,48.619,25.044,30.068,123.000,134.000,145.000,22.000,,38.697,11.214,292.000,381.000,89.000,0.228,32.203,3.463,4.000,True,False,False,,,False
centre,93050,Neuilly-sur-Marne,commune,,39800,ign_chef_lieu,2.528,48.857,25.052,12.915,71.000,74.000,78.000,7.000,,43.605,20.312,293.000,105.500,-187.500,-0.480,-27.003,1.697,2.000,False,False,False,,6.000,False
centre,95388,Menucourt,commune,,6184,ign_chef_lieu,1.984,49.025,25.086,32.872,97.000,105.000,114.000,17.000,,40.177,14.335,294.000,302.000,8.000,0.020,3.504,2.613,2.000,False,False,False,,,False
centre,78050,Bazoches-sur-Guyonne,commune,,721,ign_chef_lieu,1.860,48.778,25.142,37.196,104.000,115.000,131.000,27.000,,26.307,13.118,295.000,340.000,45.000,0.115,13.235,4.372,2.000,False,False,False,,,False
centre,91570,Saint-Michel-sur-Orge,commune,,21776,ign_chef_lieu,2.303,48.630,25.179,25.414,95.000,99.000,103.000,8.000,,38.440,15.260,296.000,272.000,-24.000,-0.061,-2.591,2.575,3.000,False,False,False,,,False
centre,95039,Auvers-sur-Oise,commune,,6863,ign_chef_lieu,2.172,49.070,25.232,27.207,107.000,113.000,121.000,14.000,,43.370,13.397,297.000,327.500,30.500,0.078,11.066,2.605,3.000,False,False,False,,,False
centre,95409,Moisselles,commune,,1261,ign_chef_lieu,2.337,49.048,25.239,21.344,103.000,107.000,111.000,8.000,,42.433,14.153,298.000,309.000,11.000,0.028,5.152,2.522,2.000,False,False,False,,,False
centre,78090,Bouafle,commune,,2234,ign_chef_lieu,1.897,48.966,25.279,35.533,99.000,105.000,110.000,11.000,,27.303,14.445,299.000,302.000,3.000,0.008,3.106,3.846,2.000,False,False,False,,,False
centre,95183,Courdimanche,commune,,7311,ign_chef_lieu,2.002,49.035,25.315,32.500,92.000,96.000,102.000,10.000,,41.875,15.822,300.000,251.000,-49.000,-0.125,-5.800,2.293,2.000,False,False,False,,,False
centre,91421,Montgeron,commune,,24022,ign_chef_lieu,2.460,48.704,25.360,18.725,79.000,83.000,87.000,8.000,,43.795,18.333,301.000,168.500,-132.500,-0.339,-18.629,1.895,2.000,False,False,False,,,False
centre,91286,Grigny,commune,,26842,ign_chef_lieu,2.385,48.656,25.378,22.380,95.000,99.000,103.000,8.000,,36.062,15.381,302.000,272.000,-30.000,-0.077,-2.978,2.745,4.000,True,False,False,,,False
centre,78049,Bazemont,commune,,1727,ign_chef_lieu,1.865,48.928,25.444,36.598,,,,,,33.683,,,,,,,,,False,False,False,,,False
centre,78220,Les Essarts-le-Roi,commune,,6831,ign_chef_lieu,1.895,48.718,25.691,37.012,95.000,102.000,110.000,15.000,,30.303,15.112,303.000,290.000,-13.000,-0.033,-0.655,3.366,2.000,False,False,False,,,False
centre,78366,Mareil-le-Guyon,commune,,420,ign_chef_lieu,1.847,48.790,25.707,37.830,122.000,133.000,149.000,27.000,,28.993,11.597,304.000,378.500,74.500,0.191,29.497,4.587,2.000,False,False,False,,,False
centre,95127,Cergy,commune,,70906,ign_chef_lieu,2.035,49.053,25.783,31.864,71.000,74.000,78.000,7.000,,42.780,20.905,305.000,105.500,-199.500,-0.510,-28.055,1.730,1.000,False,False,False,,2.000,False
centre,78588,Saulx-Marchais,commune,,950,ign_chef_lieu,1.836,48.838,25.793,37.929,116.000,130.000,142.000,26.000,,33.085,11.904,306.000,375.500,69.500,0.178,26.364,3.929,2.000,False,False,False,,,False
centre,94019,Chennevières-sur-Marne,commune,,18710,ign_chef_lieu,2.533,48.796,25.863,14.818,91.000,95.000,99.000,8.000,,46.190,16.334,307.000,244.000,-63.000,-0.161,-7.783,2.057,2.000,False,False,False,,,False
centre,91333,Leuville-sur-Orge,commune,,4271,ign_chef_lieu,2.264,48.616,25.896,27.494,115.000,124.000,130.000,15.000,,38.137,12.530,308.000,364.000,56.000,0.143,20.290,3.251,4.000,True,False,False,,,False
centre,78380,Maule,commune,,6083,ign_chef_lieu,1.848,48.909,25.947,37.443,103.000,114.000,131.000,28.000,,34.597,13.656,309.000,335.000,26.000,0.066,10.479,3.295,2.000,False,False,False,,,False
centre,94071,Sucy-en-Brie,commune,,27764,ign_chef_lieu,2.524,48.771,25.991,15.789,83.000,87.000,91.000,8.000,,43.265,17.925,310.000,192.000,-118.000,-0.302,-15.760,2.011,2.000,False,False,False,,,False
centre,94079,Villiers-sur-Marne,commune,,33162,ign_chef_lieu,2.541,48.826,25.992,14.228,73.000,77.000,82.000,9.000,,43.065,20.253,311.000,122.500,-188.500,-0.482,-25.443,1.788,2.000,False,False,False,,5.000,False
centre,95042,Baillet-en-France,commune,,2021,ign_chef_lieu,2.300,49.065,26.003,23.539,111.000,115.000,118.000,7.000,,46.785,13.567,312.000,340.000,28.000,0.072,11.327,2.458,2.000,False,False,False,,,False
centre,93032,Gagny,commune,,42313,ign_chef_lieu,2.537,48.885,26.008,13.876,75.000,78.000,82.000,7.000,,42.575,20.006,313.000,129.500,-183.500,-0.469,-24.499,1.832,1.000,False,False,False,,8.000,False
centre,78227,Évecquemont,commune,,754,ign_chef_lieu,1.944,49.014,26.031,34.671,117.000,125.000,137.000,20.000,,35.163,12.495,314.000,367.500,53.500,0.137,20.941,3.555,3.000,False,False,False,,,False
centre,78653,Vicq,commune,,389,ign_chef_lieu,1.835,48.815,26.117,38.292,106.000,113.000,121.000,15.000,,28.568,13.867,315.000,327.500,12.500,0.032,9.150,3.955,3.000,False,False,False,,,False
centre,94004,Boissy-Saint-Léger,commune,,17325,ign_chef_lieu,2.513,48.748,26.157,16.866,86.000,90.000,93.000,7.000,,41.212,17.438,316.000,212.000,-104.000,-0.266,-13.134,2.184,1.000,False,False,False,,,False
centre,91691,Yerres,commune,,27906,ign_chef_lieu,2.488,48.717,26.172,18.417,91.000,95.000,99.000,8.000,,45.548,16.530,317.000,244.000,-73.000,-0.187,-8.335,2.086,3.000,False,False,False,,,False
centre,95392,Mériel,commune,,5347,ign_chef_lieu,2.205,49.079,26.219,27.012,97.000,104.000,112.000,15.000,,42.903,15.126,318.000,298.000,-20.000,-0.051,0.259,2.424,2.000,False,False,False,,,False
centre,78440,Les Mureaux,commune,,34632,ign_chef_lieu,1.909,48.993,26.349,35.876,74.000,79.000,84.000,10.000,,27.720,20.012,319.000,138.000,-181.000,-0.463,-24.032,2.850,2.000,False,False,False,,9.000,False
centre,95028,Attainville,commune,,1904,ign_chef_lieu,2.346,49.057,26.407,22.317,107.000,113.000,121.000,14.000,,45.552,14.021,320.000,327.500,7.500,0.019,8.543,2.481,2.000,False,False,False,,,False
centre,95476,Osny,commune,,17954,ign_chef_lieu,2.062,49.066,26.430,31.598,91.000,94.000,99.000,8.000,,44.917,16.871,321.000,236.500,-84.500,-0.216,-9.748,2.093,2.000,False,False,False,,,False
centre,95211,Ennery,commune,,2243,ign_chef_lieu,2.106,49.076,26.536,30.368,112.000,122.000,130.000,18.000,,44.195,13.051,322.000,358.000,36.000,0.092,16.899,2.760,3.000,False,False,False,,,False
centre,95094,Bouqueval,commune,,314,ign_chef_lieu,2.424,49.024,26.559,19.420,,,,,,44.458,,,,,,,,,False,False,False,,,False
centre,95510,Puiseux-Pontoise,commune,,603,ign_chef_lieu,2.022,49.057,26.651,32.908,84.000,88.000,91.000,7.000,,41.967,18.171,323.000,199.500,-123.500,-0.316,-15.862,2.097,2.000,False,False,False,,,False
centre,94055,Ormesson-sur-Marne,commune,,10977,ign_chef_lieu,2.540,48.786,26.695,15.889,97.000,101.000,105.000,8.000,,45.338,15.858,324.000,283.500,-40.500,-0.104,-3.513,2.228,2.000,False,False,False,,,False
centre,95492,Le Plessis-Gassot,commune,,102,ign_chef_lieu,2.412,49.033,26.765,20.173,,,,,,45.257,,,,,,,,,False,False,False,,,False
centre,93051,Noisy-le-Grand,commune,,72978,ign_chef_lieu,2.552,48.850,26.773,14.690,75.000,79.000,83.000,8.000,,43.877,20.334,325.000,138.000,-187.000,-0.478,-24.642,1.801,2.000,False,False,False,,7.000,False
centre,78238,Flins-sur-Seine,commune,,2447,ign_chef_lieu,1.870,48.963,26.803,37.295,108.000,113.000,122.000,14.000,,26.850,14.231,326.000,327.500,1.500,0.004,7.731,4.209,3.000,False,False,False,,,False
centre,95430,Montsoult,commune,,4023,ign_chef_lieu,2.312,49.071,26.836,24.007,100.000,103.000,107.000,7.000,,47.048,15.632,327.000,295.000,-32.000,-0.082,-1.864,2.189,2.000,False,False,False,,,False
centre,93046,Livry-Gargan,commune,,47228,ign_chef_lieu,2.536,48.919,26.927,15.193,90.000,94.000,98.000,8.000,,40.438,17.187,328.000,236.500,-91.500,-0.234,-10.592,2.325,3.000,False,False,False,,,False
centre,91235,Fleury-Mérogis,commune,,13721,ign_chef_lieu,2.361,48.630,26.945,25.188,107.000,110.000,114.000,7.000,,40.633,14.697,329.000,317.500,-11.500,-0.029,4.591,2.707,4.000,True,False,False,,,False
centre,95120,Butry-sur-Oise,commune,,2252,ign_chef_lieu,2.198,49.086,26.957,27.909,106.000,113.000,121.000,15.000,,44.995,14.314,330.000,327.500,-2.500,-0.006,7.419,2.511,3.000,False,False,False,,,False
centre,78033,Aulnay-sur-Mauldre,commune,,1180,ign_chef_lieu,1.844,48.929,26.968,38.176,114.000,125.000,142.000,28.000,,35.023,12.945,331.000,367.500,36.500,0.093,18.802,3.569,2.000,False,False,False,,,False
centre,91521,Ris-Orangis,commune,,31189,ign_chef_lieu,2.416,48.654,26.971,23.016,96.000,104.000,110.000,14.000,,41.100,15.560,332.000,298.000,-34.000,-0.087,-1.163,2.530,4.000,True,False,False,,,False
centre,93071,Sevran,commune,,52535,ign_chef_lieu,2.526,48.940,26.992,15.716,84.000,87.000,91.000,7.000,,43.163,18.615,333.000,192.000,-141.000,-0.361,-17.351,2.016,2.000,False,False,False,,,False
centre,78013,Andelu,commune,,550,ign_chef_lieu,1.824,48.879,27.014,38.888,,,,,,38.080,,,,,,,,,False,False,False,,,False
centre,78034,Auteuil,commune,,1020,ign_chef_lieu,1.819,48.841,27.094,39.220,121.000,135.000,147.000,26.000,,31.553,12.042,334.000,383.000,49.000,0.125,28.004,4.278,2.000,False,False,False,,,False
centre,78364,Marcq,commune,,802,ign_chef_lieu,1.819,48.860,27.117,39.145,147.000,161.000,173.000,26.000,,33.660,10.106,335.000,391.000,56.000,0.143,52.591,4.783,2.000,False,False,False,,,False
centre,95612,Le Thillay,commune,,4560,ign_chef_lieu,2.470,49.002,27.145,18.314,97.000,101.000,105.000,8.000,,41.782,16.126,336.000,283.500,-52.500,-0.134,-4.324,2.417,3.000,False,False,False,,,False
centre,78401,Meulan-en-Yvelines,commune,,8950,ign_chef_lieu,1.910,49.005,27.154,36.404,89.000,93.000,97.000,8.000,,29.683,17.519,337.000,227.500,-109.500,-0.280,-11.918,3.133,3.000,False,False,False,,,False
centre,78030,Auffargis,commune,,1963,ign_chef_lieu,1.887,48.700,27.224,38.336,106.000,115.000,123.000,17.000,,33.015,14.204,338.000,340.000,2.000,0.005,8.778,3.483,3.000,False,False,False,,,False
centre,91634,Vaugrigneuse,commune,,1458,ign_chef_lieu,2.121,48.603,27.240,32.966,,,,,,43.377,,,,,,,,,False,False,False,,,False
centre,91103,Brétigny-sur-Orge,commune,,26658,ign_chef_lieu,2.306,48.611,27.241,27.452,94.000,98.000,102.000,8.000,,40.732,16.678,339.000,265.500,-73.500,-0.188,-7.332,2.406,3.000,False,False,False,,,False
centre,93014,Clichy-sous-Bois,commune,,29354,ign_chef_lieu,2.546,48.911,27.318,15.426,90.000,94.000,98.000,8.000,,41.870,17.437,340.000,236.500,-103.500,-0.265,-11.241,2.245,2.000,False,False,False,,,False
centre,95353,Maffliers,commune,,1856,ign_chef_lieu,2.308,49.076,27.336,24.650,109.000,112.000,116.000,7.000,,48.332,14.644,341.000,322.000,-19.000,-0.049,5.720,2.317,2.000,False,False,False,,,False
centre,78398,Les Mesnuls,commune,,910,ign_chef_lieu,1.837,48.758,27.452,39.400,122.000,133.000,149.000,27.000,,30.680,12.385,342.000,378.500,36.500,0.093,25.275,4.335,2.000,False,False,False,,,False
centre,78029,Aubergenville,commune,,12723,ign_chef_lieu,1.856,48.959,27.515,38.154,107.000,111.000,115.000,8.000,,28.052,14.873,343.000,319.500,-23.500,-0.060,4.431,3.957,2.000,False,False,False,,,False
centre,94053,Noiseau,commune,,4628,ign_chef_lieu,2.549,48.775,27.592,17.032,89.000,93.000,97.000,8.000,,47.275,17.801,344.000,227.500,-116.500,-0.298,-12.626,1.967,2.000,False,False,False,,,False
centre,91494,Le Plessis-Pâté,commune,,4154,ign_chef_lieu,2.325,48.612,27.653,27.230,101.000,107.000,114.000,13.000,,43.788,15.506,345.000,309.000,-36.000,-0.092,0.416,2.444,4.000,True,False,False,,,False
centre,78087,Bonnelles,commune,,2165,ign_chef_lieu,2.028,48.618,27.662,35.639,,,,,,46.225,,,,,,,,,False,False,False,,,False
centre,78389,Méré,commune,,1731,ign_chef_lieu,1.820,48.788,27.713,39.841,110.000,121.000,137.000,27.000,,28.337,13.742,346.000,354.500,8.500,0.022,13.430,4.270,2.000,False,False,False,,,False
centre,95395,Le Mesnil-Aubry,commune,,914,ign_chef_lieu,2.400,49.051,27.797,21.898,,,,,,45.397,,,,,,,,,False,False,False,,,False
centre,91115,Bruyères-le-Châtel,commune,,3788,ign_chef_lieu,2.193,48.593,27.818,31.522,136.000,147.000,159.000,23.000,,43.857,11.354,347.000,389.000,42.000,0.107,37.541,3.352,4.000,True,False,False,,,False
centre,91186,Courson-Monteloup,commune,,563,ign_chef_lieu,2.145,48.593,28.039,33.033,,,,,,42.532,,,,,,,,,False,False,False,,,False
centre,95633,Vaudherland,commune,,104,ign_chef_lieu,2.487,49.001,28.040,18.838,109.000,113.000,117.000,8.000,,40.870,14.889,348.000,327.500,-20.500,-0.052,5.304,2.765,3.000,False,False,False,,,False
centre,95445,Nerville-la-Forêt,commune,,756,ign_chef_lieu,2.277,49.089,28.111,26.490,,,,,,46.117,,,,,,,,,False,False,False,,,False
centre,95628,Valmondois,commune,,1208,ign_chef_lieu,2.190,49.096,28.115,29.206,112.000,120.000,127.000,15.000,,48.473,14.057,349.000,351.000,2.000,0.005,11.678,2.476,2.000,False,False,False,,,False
centre,78609,Tessancourt-sur-Aubette,commune,,966,ign_chef_lieu,1.919,49.024,28.119,36.817,112.000,117.000,123.000,11.000,,33.753,14.420,350.000,345.000,-5.000,-0.013,8.878,3.466,3.000,False,False,False,,,False
centre,91552,Saint-Germain-lès-Arpajon,commune,,11623,ign_chef_lieu,2.256,48.595,28.130,29.966,107.000,111.000,116.000,9.000,,40.612,15.205,351.000,319.500,-31.500,-0.081,3.274,2.733,4.000,True,False,False,,,False
centre,91461,Ollainville,commune,,5455,ign_chef_lieu,2.217,48.591,28.157,31.145,117.000,124.000,132.000,15.000,,43.205,13.625,352.000,364.000,12.000,0.031,15.312,2.870,3.000,False,False,False,,,False
centre,78036,Autouillet,commune,,665,ign_chef_lieu,1.804,48.850,28.202,40.287,125.000,139.000,151.000,26.000,,33.405,12.174,353.000,386.500,33.500,0.086,29.157,4.161,2.000,False,False,False,,,False
centre,78451,Nézel,commune,,1139,ign_chef_lieu,1.836,48.946,28.204,39.171,109.000,120.000,132.000,23.000,,31.277,14.102,354.000,351.000,-3.000,-0.008,11.499,3.837,2.000,False,False,False,,,False
centre,78299,Hardricourt,commune,,2599,ign_chef_lieu,1.894,49.008,28.217,37.562,98.000,101.000,106.000,8.000,,31.695,16.762,355.000,283.500,-71.500,-0.183,-6.176,3.187,3.000,False,False,False,,,False
centre,95170,Condécourt,commune,,564,ign_chef_lieu,1.941,49.040,28.335,36.382,109.000,114.000,121.000,12.000,,36.100,14.913,356.000,335.000,-21.000,-0.054,5.676,3.158,3.000,False,False,False,,,False
centre,93033,Gournay-sur-Marne,commune,,7320,ign_chef_lieu,2.573,48.865,28.355,16.191,89.000,93.000,97.000,8.000,,48.845,18.293,357.000,227.500,-129.500,-0.331,-13.820,1.904,2.000,False,False,False,,,False
centre,91114,Brunoy,commune,,25643,ign_chef_lieu,2.504,48.698,28.358,20.863,79.000,83.000,87.000,8.000,,49.095,20.499,358.000,168.500,-189.500,-0.485,-23.091,1.691,2.000,False,False,False,,4.000,False
centre,78120,Bullion,commune,,1916,ign_chef_lieu,1.999,48.621,28.369,36.885,,,,,,43.852,,,,,,,,,False,False,False,,,False
centre,78125,La Celle-les-Bordes,commune,,840,ign_chef_lieu,1.955,48.640,28.378,37.866,,,,,,42.842,,,,,,,,,False,False,False,,,False
centre,78403,Mézy-sur-Seine,commune,,2242,ign_chef_lieu,1.881,49.000,28.407,38.054,107.000,114.000,120.000,13.000,,32.848,14.951,359.000,335.000,-24.000,-0.061,5.541,3.470,3.000,False,False,False,,,False
centre,78230,La Falaise,commune,,609,ign_chef_lieu,1.832,48.945,28.426,39.417,113.000,124.000,141.000,28.000,,32.093,13.755,360.000,364.000,4.000,0.010,14.761,3.864,2.000,False,False,False,,,False
centre,95078,Boissy-l'Aillerie,commune,,2120,ign_chef_lieu,2.029,49.077,28.442,34.103,106.000,117.000,139.000,33.000,,45.192,14.586,361.000,345.000,-16.000,-0.041,8.252,2.589,2.000,False,False,False,,,False
centre,91021,Arpajon,commune,,11698,ign_chef_lieu,2.248,48.590,28.520,30.594,109.000,114.000,119.000,10.000,,40.675,15.011,362.000,335.000,-27.000,-0.069,5.330,2.803,4.000,True,False,False,,,False
centre,94059,Le Plessis-Trévise,commune,,21112,ign_chef_lieu,2.573,48.809,28.536,17.014,87.000,91.000,96.000,9.000,,48.813,18.815,363.000,217.500,-145.500,-0.372,-15.944,1.864,2.000,False,False,False,,,False
centre,95271,Génicourt,commune,,514,ign_chef_lieu,2.066,49.088,28.574,33.190,113.000,117.000,123.000,10.000,,43.798,14.653,364.000,345.000,-19.000,-0.049,7.998,2.671,3.000,False,False,False,,,False
centre,95535,Sagy,commune,,1096,ign_chef_lieu,1.952,49.050,28.720,36.391,,,,,,37.937,,,,,,,,,False,False,False,,,False
centre,93078,Villepinte,commune,,41470,ign_chef_lieu,2.535,48.964,28.738,17.917,95.000,99.000,102.000,7.000,,42.545,17.417,365.000,272.000,-93.000,-0.238,-8.880,2.327,3.000,False,False,False,,,False
centre,78420,Montfort-l'Amaury,commune,,2779,ign_chef_lieu,1.809,48.778,28.767,40.864,119.000,130.000,146.000,27.000,,28.973,13.277,366.000,375.500,9.500,0.024,19.592,4.487,2.000,False,False,False,,,False
centre,94075,Villecresnes,commune,,11647,ign_chef_lieu,2.533,48.722,28.769,20.000,98.000,102.000,107.000,9.000,,45.422,16.923,367.000,290.000,-77.000,-0.197,-6.170,2.246,2.000,False,False,False,,,False
centre,95660,Villaines-sous-Bois,commune,,778,ign_chef_lieu,2.357,49.077,28.769,24.532,106.000,126.000,137.000,31.000,,48.397,13.700,368.000,369.500,1.500,0.004,15.907,2.603,2.000,False,False,False,,,False
centre,78084,Boissy-sans-Avoir,commune,,616,ign_chef_lieu,1.798,48.819,28.772,40.944,121.000,129.000,136.000,15.000,,28.773,13.382,369.000,373.000,4.000,0.010,18.661,4.483,3.000,False,False,False,,,False
centre,95341,Livilliers,commune,,389,ign_chef_lieu,2.095,49.095,28.808,32.576,116.000,136.000,154.000,38.000,,45.413,12.709,370.000,384.500,14.500,0.037,25.022,2.995,2.000,False,False,False,,,False
centre,93047,Montfermeil,commune,,28703,ign_chef_lieu,2.571,48.902,28.844,16.801,91.000,94.000,98.000,7.000,,45.892,18.411,371.000,236.500,-134.500,-0.344,-13.643,2.048,2.000,False,False,False,,,False
centre,78616,Thoiry,commune,,1434,ign_chef_lieu,1.795,48.865,28.889,40.886,125.000,139.000,150.000,25.000,,35.378,12.470,372.000,386.500,14.500,0.037,27.598,3.929,2.000,False,False,False,,,False
centre,95308,Hérouville-en-Vexin,commune,,584,ign_chef_lieu,2.131,49.101,28.945,31.683,122.000,142.000,160.000,38.000,,46.510,12.230,373.000,388.000,15.000,0.038,30.224,3.053,2.000,False,False,False,,,False
centre,94060,La Queue-en-Brie,commune,,12241,ign_chef_lieu,2.575,48.791,29.026,17.886,94.000,98.000,102.000,8.000,,50.700,17.771,374.000,265.500,-108.500,-0.277,-10.253,1.933,2.000,False,False,False,,,False
centre,91457,La Norville,commune,,4268,ign_chef_lieu,2.259,48.587,29.049,30.770,107.000,112.000,118.000,11.000,,42.797,15.562,375.000,322.000,-53.000,-0.136,2.527,2.617,4.000,True,False,False,,,False
centre,91215,Épinay-sous-Sénart,commune,,11611,ign_chef_lieu,2.515,48.695,29.177,21.565,89.000,93.000,97.000,8.000,,50.390,18.824,376.000,227.500,-148.500,-0.380,-15.054,1.846,2.000,False,False,False,,,False
centre,78262,Galluis,commune,,1298,ign_chef_lieu,1.796,48.796,29.252,41.412,123.000,130.000,139.000,16.000,,28.433,13.501,377.000,375.500,-1.500,-0.004,18.587,4.572,2.000,False,False,False,,,False
centre,91086,Bondoufle,commune,,10767,ign_chef_lieu,2.380,48.613,29.260,27.114,116.000,123.000,129.000,13.000,,42.235,14.273,378.000,360.500,-17.500,-0.045,12.185,2.912,3.000,False,False,False,,,False
centre,95181,Courcelles-sur-Viosne,commune,,310,ign_chef_lieu,2.003,49.077,29.288,35.449,113.000,124.000,145.000,32.000,,44.625,14.171,379.000,364.000,-15.000,-0.038,13.044,2.779,3.000,False,False,False,,,False
centre,94048,Marolles-en-Brie,commune,,4781,ign_chef_lieu,2.550,48.733,29.336,20.000,111.000,114.000,118.000,7.000,,47.345,15.440,380.000,335.000,-45.000,-0.115,3.841,2.408,2.000,False,False,False,,,False
centre,91600,Soisy-sur-Seine,commune,,7418,ign_chef_lieu,2.452,48.646,29.353,24.527,110.000,117.000,125.000,15.000,,45.057,15.053,381.000,345.000,-36.000,-0.092,6.542,2.597,4.000,True,False,False,,,False
centre,91207,Égly,commune,,7166,ign_chef_lieu,2.222,48.580,29.430,32.222,105.000,113.000,120.000,15.000,,43.500,15.626,382.000,327.500,-54.500,-0.139,2.764,2.598,3.000,False,False,False,,,False
centre,91017,Angervilliers,commune,,1772,ign_chef_lieu,2.065,48.592,29.456,36.281,,,,,,47.132,,,,,,,,,False,False,False,,,False
centre,95682,Villiers-le-Sec,commune,,205,ign_chef_lieu,2.390,49.072,29.458,24.189,124.000,136.000,152.000,28.000,,48.338,12.996,383.000,384.500,1.500,0.004,23.622,2.814,3.000,False,False,False,,,False
centre,95422,Montgeroult,commune,,361,ign_chef_lieu,2.007,49.081,29.501,35.515,109.000,120.000,141.000,32.000,,46.042,14.751,384.000,351.000,-33.000,-0.084,8.996,2.606,3.000,False,False,False,,,False
centre,93074,Vaujours,commune,,8007,ign_chef_lieu,2.567,48.932,29.525,17.861,102.000,106.000,109.000,7.000,,42.810,16.712,385.000,305.500,-79.500,-0.203,-3.759,2.476,2.000,False,False,False,,,False
centre,91568,Saint-Maurice-Montcouronne,commune,,1543,ign_chef_lieu,2.124,48.581,29.535,34.900,,,,,,45.577,,,,,,,,,False,False,False,,,False
centre,78261,Gaillon-sur-Montcient,commune,,689,ign_chef_lieu,1.892,49.024,29.542,38.550,120.000,127.000,135.000,15.000,,32.617,13.957,386.000,371.000,-15.000,-0.038,15.274,3.894,2.000,False,False,False,,,False
centre,78486,Le Perray-en-Yvelines,commune,,6480,ign_chef_lieu,1.855,48.695,29.573,40.787,90.000,96.000,104.000,14.000,,35.238,18.483,387.000,251.000,-136.000,-0.348,-12.909,2.724,2.000,False,False,False,,,False
centre,95280,Goussainville,commune,,31301,ign_chef_lieu,2.473,49.032,29.638,21.474,91.000,96.000,101.000,10.000,,47.597,18.524,388.000,251.000,-137.000,-0.350,-13.006,2.017,3.000,False,False,False,,,False
centre,93015,Coubron,commune,,5175,ign_chef_lieu,2.577,48.916,29.651,17.733,98.000,102.000,107.000,9.000,,44.595,17.441,389.000,290.000,-99.000,-0.253,-7.588,2.287,3.000,False,False,False,,,False
centre,77108,Chelles,commune,,54620,ign_chef_lieu,2.590,48.878,29.767,17.593,78.000,82.000,85.000,7.000,,50.303,21.781,390.000,160.000,-230.000,-0.588,-25.855,1.630,2.000,False,False,False,,1.000,False
centre,95313,L'Isle-Adam,commune,,12493,ign_chef_lieu,2.218,49.112,29.975,30.126,112.000,122.000,130.000,18.000,,47.298,14.742,391.000,358.000,-33.000,-0.084,9.926,2.579,3.000,False,False,False,,,False
centre,78655,Vieille-Église-en-Yvelines,commune,,652,ign_chef_lieu,1.875,48.670,29.984,40.732,,,,,,38.690,,,,,,,,,False,False,False,,,False
gare,92033,Garches,commune,,17743,ign_chef_lieu,2.188,48.844,0.584,12.175,9.000,9.000,9.000,0.000,9.000,1.572,3.892,,,,,,5.726,0.000,False,True,False,,,True
gare,92047,Marnes-la-Coquette,commune,,1752,ign_chef_lieu,2.178,48.830,1.125,13.169,17.000,17.000,17.000,0.000,17.000,4.338,3.972,1.000,1.500,0.500,0.001,0.351,3.919,0.000,False,True,False,,,False
gare,92077,Ville-d'Avray,commune,,11089,ign_chef_lieu,2.190,48.828,1.130,12.361,25.000,26.000,26.000,1.000,26.000,5.623,2.607,2.000,4.500,2.500,0.006,53.167,4.624,0.000,False,True,False,,,False
gare,92076,Vaucresson,commune,,8432,ign_chef_lieu,2.158,48.839,2.100,14.401,15.000,18.000,20.000,5.000,30.000,2.688,7.000,3.000,3.000,0.000,0.000,-24.612,6.696,0.000,False,False,False,,,False
gare,92072,Sèvres,commune,,22303,ign_chef_lieu,2.213,48.825,2.442,10.853,30.000,33.000,36.000,6.000,43.000,8.845,4.440,4.000,11.000,7.000,0.018,27.194,3.731,1.000,False,False,False,,,False
gare,92064,Saint-Cloud,commune,,29855,ign_chef_lieu,2.219,48.844,2.465,9.890,14.000,17.000,21.000,7.000,34.000,4.763,8.701,5.000,1.500,-3.500,-0.009,-34.817,3.569,0.000,False,False,False,,,False
gare,92022,Chaville,commune,,20594,ign_chef_lieu,2.188,48.810,3.159,13.115,24.000,28.000,32.000,8.000,59.000,12.968,6.769,6.000,7.500,1.500,0.004,-6.332,2.159,1.000,False,False,False,,,False
gare,78126,La Celle-Saint-Cloud,commune,,20460,ign_chef_lieu,2.136,48.848,3.859,15.897,22.000,26.000,29.000,7.000,59.000,7.533,8.904,7.000,4.500,-2.500,-0.006,-22.089,3.451,0.000,False,False,False,,,False
gare,92012,Boulogne-Billancourt,commune,,119019,ign_chef_lieu,2.241,48.836,3.974,8.524,33.000,35.000,40.000,7.000,60.000,8.187,6.812,8.000,14.000,6.000,0.015,3.198,4.275,1.000,False,False,False,,,False
gare,78092,Bougival,commune,,9134,ign_chef_lieu,2.140,48.861,4.242,15.612,30.000,33.000,37.000,7.000,66.000,10.342,7.712,9.000,11.000,2.000,0.005,-6.131,3.191,0.000,False,False,False,,,False
gare,78686,Viroflay,commune,,17237,ign_chef_lieu,2.173,48.800,4.410,14.594,33.000,37.000,41.000,8.000,73.000,15.175,7.151,10.000,16.500,6.500,0.017,3.021,2.438,1.000,False,False,False,,,False
gare,92063,Rueil-Malmaison,commune,,82874,ign_chef_lieu,2.181,48.878,4.420,12.835,41.000,44.000,46.000,5.000,72.000,9.903,6.027,11.000,28.500,17.500,0.045,22.354,4.443,1.000,False,False,False,,,False
gare,92073,Suresnes,commune,,48956,ign_chef_lieu,2.225,48.871,4.612,9.487,24.000,28.000,32.000,8.000,69.000,7.838,9.884,12.000,7.500,-4.500,-0.012,-23.944,3.572,1.000,False,False,False,,,False
gare,78158,Le Chesnay-Rocquencourt,commune,,30689,ign_chef_lieu,2.125,48.826,4.687,17.006,29.000,34.000,37.000,8.000,72.000,7.430,8.271,13.000,13.000,0.000,0.000,-8.455,4.576,1.000,False,False,False,,,False
gare,92048,Meudon,commune,,46334,ign_chef_lieu,2.239,48.813,4.744,9.653,41.000,44.000,47.000,6.000,77.000,13.962,6.470,14.000,28.500,14.500,0.037,17.676,3.151,1.000,False,False,False,,,False
gare,78190,Croissy-sur-Seine,commune,,11013,ign_chef_lieu,2.148,48.881,5.488,15.263,44.000,49.000,53.000,9.000,102.000,14.793,6.720,15.000,45.500,30.500,0.078,20.961,3.312,1.000,False,False,False,,,False
gare,78646,Versailles,commune,,84095,ign_chef_lieu,2.130,48.801,5.851,17.444,38.000,41.000,45.000,7.000,90.000,10.350,8.562,16.000,20.000,4.000,0.010,-2.296,3.961,2.000,False,False,False,,,False
gare,78350,Louveciennes,commune,,7990,ign_chef_lieu,2.113,48.862,6.031,17.620,29.000,33.000,37.000,8.000,91.000,9.678,10.966,17.000,11.000,-6.000,-0.015,-22.662,3.410,0.000,False,False,False,,,False
gare,78146,Chatou,commune,,30598,ign_chef_lieu,2.158,48.890,6.115,14.779,45.000,48.000,52.000,7.000,104.000,14.200,7.644,18.000,42.000,24.000,0.061,11.639,3.380,1.000,False,False,False,,,False
gare,92050,Nanterre,commune,,97783,ign_chef_lieu,2.207,48.892,6.158,11.372,42.000,46.000,49.000,7.000,97.000,14.352,8.032,19.000,35.000,16.000,0.041,6.582,3.205,2.000,False,False,False,,,False
gare,78640,Vélizy-Villacoublay,commune,,23011,ign_chef_lieu,2.191,48.783,6.190,14.434,42.000,47.000,51.000,9.000,104.000,17.098,7.902,20.000,38.500,18.500,0.047,8.589,2.749,2.000,False,False,False,,,False
gare,92062,Puteaux,commune,,44002,ign_chef_lieu,2.238,48.884,6.338,8.936,23.000,27.000,31.000,8.000,94.000,12.588,14.083,21.000,6.000,-15.000,-0.038,-38.425,2.145,0.000,False,False,False,,,False
gare,92040,Issy-les-Moulineaux,commune,,67669,ign_chef_lieu,2.274,48.825,6.589,6.776,44.000,47.000,50.000,6.000,99.000,14.305,8.411,22.000,38.500,16.500,0.042,4.917,3.286,2.000,False,False,False,,,False
gare,92023,Clamart,commune,,58576,ign_chef_lieu,2.263,48.801,6.994,9.044,55.000,58.000,62.000,7.000,112.000,19.893,7.235,23.000,74.500,51.500,0.132,25.288,2.916,2.000,False,False,False,,,False
gare,78502,Le Port-Marly,commune,,5559,ign_chef_lieu,2.112,48.878,7.071,17.836,40.000,44.000,48.000,8.000,109.000,15.035,9.642,24.000,28.500,4.500,0.012,-5.521,2.927,0.000,False,False,False,,,False
gare,75116,Paris 16e Arrondissement,district,75056,159386,ign_chef_lieu_arrondissement,2.277,48.864,7.179,5.633,38.000,42.000,45.000,7.000,109.000,15.722,10.255,25.000,23.000,-2.000,-0.005,-10.565,2.671,2.000,False,False,False,,,False
gare,78650,Le Vésinet,commune,,15554,ign_chef_lieu,2.135,48.895,7.316,16.525,49.000,53.000,57.000,8.000,,17.223,8.283,26.000,60.000,34.000,0.087,11.684,3.077,1.000,False,False,False,,,False
gare,78372,Marly-le-Roi,commune,,16756,ign_chef_lieu,2.097,48.868,7.360,18.789,27.000,31.000,35.000,8.000,112.000,12.268,14.245,27.000,9.000,-18.000,-0.046,-34.888,2.527,0.000,False,False,False,,,False
gare,78124,Carrières-sur-Seine,commune,,14791,ign_chef_lieu,2.176,48.906,7.568,14.048,54.000,59.000,63.000,9.000,,21.707,7.696,28.000,78.500,50.500,0.129,22.035,2.718,2.000,False,False,False,,,False
gare,92075,Vanves,commune,,28622,ign_chef_lieu,2.289,48.821,7.789,6.048,50.000,53.000,56.000,6.000,116.000,16.708,8.818,29.000,60.000,31.000,0.079,7.903,3.172,2.000,False,False,False,,,False
gare,78043,Bailly,commune,,3731,ign_chef_lieu,2.079,48.840,7.905,20.169,38.000,44.000,49.000,11.000,114.000,10.588,10.780,30.000,28.500,-1.500,-0.004,-11.149,4.156,1.000,False,False,False,,,False
gare,92051,Neuilly-sur-Seine,commune,,59538,ign_chef_lieu,2.270,48.885,7.997,6.847,36.000,40.000,44.000,8.000,,15.097,11.995,31.000,18.000,-13.000,-0.033,-19.735,2.650,1.000,False,False,False,,,False
gare,92026,Courbevoie,commune,,82902,ign_chef_lieu,2.256,48.895,8.120,8.332,32.000,36.000,40.000,8.000,,14.443,13.534,32.000,15.000,-17.000,-0.043,-28.369,2.492,0.000,False,False,False,,,False
gare,78418,Montesson,commune,,14549,ign_chef_lieu,2.150,48.909,8.269,15.966,50.000,54.000,58.000,8.000,,21.548,9.187,33.000,62.000,29.000,0.074,6.382,2.506,2.000,False,False,False,,,False
gare,78322,Jouy-en-Josas,commune,,7981,ign_chef_lieu,2.169,48.765,8.291,16.922,51.000,55.000,59.000,8.000,,17.677,9.045,34.000,65.000,31.000,0.079,8.188,3.111,2.000,False,False,False,,,False
gare,75115,Paris 15e Arrondissement,district,75056,229713,ign_chef_lieu_arrondissement,2.300,48.841,8.360,4.177,47.000,50.000,53.000,6.000,,19.557,10.032,35.000,51.000,16.000,0.041,-2.090,2.557,2.000,False,False,False,,,False
gare,92060,Le Plessis-Robinson,commune,,28848,ign_chef_lieu,2.262,48.782,8.367,10.588,66.000,69.000,72.000,6.000,,18.875,7.276,36.000,120.000,84.000,0.215,35.052,3.656,2.000,False,False,False,,,False
gare,78117,Buc,commune,,5816,ign_chef_lieu,2.126,48.774,8.418,18.992,68.000,72.000,77.000,9.000,,18.283,7.015,37.000,142.500,105.500,0.270,40.452,3.938,3.000,False,False,False,,,False
gare,92046,Malakoff,commune,,30557,ign_chef_lieu,2.302,48.821,8.669,5.440,56.000,59.000,62.000,6.000,,17.578,8.816,38.000,78.500,40.500,0.104,13.247,3.356,2.000,False,False,False,,,False
gare,92020,Châtillon,commune,,36705,ign_chef_lieu,2.290,48.800,8.720,7.810,67.000,70.000,74.000,7.000,,20.908,7.474,39.000,127.500,88.500,0.226,33.927,3.348,2.000,False,False,False,,,False
gare,92035,La Garenne-Colombes,commune,,30197,ign_chef_lieu,2.247,48.907,8.810,9.590,37.000,41.000,45.000,8.000,,16.767,12.893,40.000,20.000,-20.000,-0.051,-22.000,2.445,0.000,False,False,False,,,False
gare,78481,Le Pecq,commune,,16059,ign_chef_lieu,2.106,48.897,8.823,18.628,53.000,57.000,61.000,8.000,,17.678,9.287,41.000,71.500,30.500,0.078,8.356,3.224,1.000,False,False,False,,,False
gare,78343,Les Loges-en-Josas,commune,,1645,ign_chef_lieu,2.140,48.764,8.907,18.643,64.000,69.000,74.000,10.000,,19.605,7.745,42.000,120.000,78.000,0.199,30.483,3.520,3.000,False,False,False,,,False
gare,78455,Noisy-le-Roi,commune,,7713,ign_chef_lieu,2.064,48.844,8.978,21.184,38.000,44.000,49.000,11.000,,13.308,12.243,43.000,28.500,-14.500,-0.037,-17.158,3.306,1.000,False,False,False,,,False
gare,92032,Fontenay-aux-Roses,commune,,24070,ign_chef_lieu,2.287,48.791,9.021,8.717,73.000,77.000,81.000,8.000,,23.197,7.029,44.000,174.500,130.500,0.334,44.595,3.319,3.000,False,False,False,,,False
gare,78224,L'Étang-la-Ville,commune,,5157,ign_chef_lieu,2.073,48.871,9.125,20.599,33.000,37.000,41.000,8.000,,18.690,14.797,45.000,16.500,-28.500,-0.073,-30.955,1.980,0.000,False,False,False,,,False
gare,78367,Mareil-Marly,commune,,4141,ign_chef_lieu,2.077,48.882,9.395,20.408,45.000,51.000,56.000,11.000,,20.830,11.053,46.000,55.000,9.000,0.023,-6.347,2.448,1.000,False,False,False,,,False
gare,78311,Houilles,commune,,33983,ign_chef_lieu,2.187,48.923,9.434,14.259,37.000,42.000,46.000,9.000,,24.977,13.477,47.000,23.000,-24.000,-0.061,-23.048,1.682,1.000,False,False,False,,,False
gare,92044,Levallois-Perret,commune,,68092,ign_chef_lieu,2.288,48.893,9.576,6.243,43.000,48.000,51.000,8.000,,18.305,11.970,48.000,42.000,-6.000,-0.015,-12.774,2.622,1.000,False,False,False,,,False
gare,78551,Saint-Germain-en-Laye,commune,,45931,ign_chef_lieu,2.094,48.899,9.576,19.555,45.000,48.000,51.000,6.000,,20.087,11.970,49.000,42.000,-7.000,-0.018,-12.775,2.390,1.000,False,False,False,,,False
gare,91064,Bièvres,commune,,4686,ign_chef_lieu,2.215,48.754,9.590,15.191,61.000,65.000,70.000,9.000,,18.753,8.852,50.000,98.000,48.000,0.123,18.022,3.466,3.000,False,False,False,,,False
gare,92007,Bagneux,commune,,44572,ign_chef_lieu,2.304,48.799,9.654,7.267,68.000,71.000,75.000,7.000,,23.370,8.159,51.000,135.500,84.500,0.216,28.442,3.038,3.000,False,False,False,,,False
gare,78545,Saint-Cyr-l'École,commune,,21268,ign_chef_lieu,2.067,48.800,9.771,21.884,52.000,56.000,60.000,8.000,,14.860,10.469,52.000,69.000,17.000,0.043,0.637,3.769,1.000,False,False,False,,,False
gare,92071,Sceaux,commune,,20884,ign_chef_lieu,2.288,48.780,9.933,9.750,73.000,77.000,81.000,8.000,,23.008,7.740,53.000,174.500,121.500,0.311,37.132,3.347,3.000,False,False,False,,,False
gare,75107,Paris 7e Arrondissement,district,75056,48015,ign_chef_lieu_arrondissement,2.320,48.857,10.053,2.354,45.000,49.000,52.000,7.000,,24.675,12.309,54.000,45.500,-8.500,-0.022,-13.307,1.986,2.000,False,False,False,,,False
gare,92049,Montrouge,commune,,46324,ign_chef_lieu,2.320,48.819,10.074,4.797,55.000,59.000,62.000,7.000,,19.283,10.244,55.000,78.500,23.500,0.060,4.265,3.060,2.000,False,False,False,,,False
gare,95063,Bezons,commune,,36434,ign_chef_lieu,2.216,48.928,10.189,12.772,46.000,50.000,54.000,8.000,,19.890,12.227,56.000,51.000,-5.000,-0.013,-12.191,2.514,1.000,False,False,False,,,False
gare,75114,Paris 14e Arrondissement,district,75056,136455,ign_chef_lieu_arrondissement,2.327,48.833,10.321,3.201,52.000,56.000,60.000,8.000,,22.340,11.058,57.000,69.000,12.000,0.031,-2.349,2.507,2.000,False,False,False,,,False
gare,92009,Bois-Colombes,commune,,28909,ign_chef_lieu,2.268,48.914,10.337,8.946,41.000,45.000,49.000,8.000,,19.447,13.783,58.000,32.500,-25.500,-0.065,-21.597,2.314,0.000,False,False,False,,,False
gare,92019,Châtenay-Malabry,commune,,35825,ign_chef_lieu,2.278,48.767,10.350,11.320,76.000,79.000,82.000,6.000,,20.257,7.861,59.000,189.000,130.000,0.332,37.544,3.900,3.000,False,False,False,,,False
gare,75108,Paris 8e Arrondissement,district,75056,35317,ign_chef_lieu_arrondissement,2.318,48.878,10.558,3.475,39.000,43.000,47.000,8.000,,22.147,14.732,60.000,25.000,-35.000,-0.090,-25.949,1.942,0.000,False,False,False,,,False
gare,78518,Rennemoulin,commune,,116,ign_chef_lieu,2.043,48.832,10.595,22.913,67.000,74.000,80.000,13.000,,14.382,8.591,61.000,156.000,95.000,0.243,27.190,5.145,1.000,False,False,False,,,False
gare,92025,Colombes,commune,,91053,ign_chef_lieu,2.254,48.923,10.601,10.285,49.000,52.000,56.000,7.000,,20.497,12.232,62.000,57.000,-5.000,-0.013,-10.652,2.537,2.000,False,False,False,,,False
gare,78242,Fontenay-le-Fleury,commune,,13680,ign_chef_lieu,2.046,48.811,10.785,23.086,62.000,66.000,70.000,8.000,,16.692,9.804,63.000,104.500,41.500,0.106,12.340,3.954,3.000,False,False,False,,,False
gare,75106,Paris 6e Arrondissement,district,75056,40389,ign_chef_lieu_arrondissement,2.332,48.851,10.785,1.616,47.000,50.000,54.000,7.000,,26.732,12.942,64.000,51.000,-13.000,-0.033,-14.894,1.870,2.000,False,False,False,,,False
gare,92004,Asnières-sur-Seine,commune,,93941,ign_chef_lieu,2.289,48.911,11.008,7.635,43.000,47.000,50.000,7.000,,18.072,14.053,65.000,38.500,-26.500,-0.068,-20.899,2.601,1.000,False,False,False,,,False
gare,78396,Le Mesnil-le-Roi,commune,,6332,ign_chef_lieu,2.122,48.928,11.018,18.651,62.000,68.000,75.000,13.000,,23.792,9.722,66.000,114.000,48.000,0.123,14.387,2.858,2.000,False,False,False,,,False
gare,91312,Igny,commune,,10833,ign_chef_lieu,2.226,48.742,11.082,15.746,68.000,74.000,80.000,12.000,,19.235,8.985,67.000,156.000,89.000,0.228,24.086,3.847,3.000,False,False,False,,,False
gare,75117,Paris 17e Arrondissement,district,75056,159212,ign_chef_lieu_arrondissement,2.322,48.885,11.198,3.852,41.000,45.000,49.000,8.000,,23.690,14.931,68.000,32.500,-35.500,-0.091,-24.975,1.900,2.000,False,False,False,,,False
gare,92024,Clichy,commune,,64410,ign_chef_lieu,2.305,48.903,11.261,6.232,45.000,50.000,54.000,9.000,,19.223,13.514,69.000,51.000,-18.000,-0.046,-16.896,2.601,1.000,False,False,False,,,False
gare,78297,Guyancourt,commune,,29778,ign_chef_lieu,2.070,48.771,11.373,22.806,60.000,67.000,74.000,14.000,,16.738,10.185,70.000,109.000,39.000,0.100,10.754,4.003,2.000,False,False,False,,,False
gare,94003,Arcueil,commune,,22200,ign_chef_lieu,2.335,48.804,11.529,5.922,59.000,64.000,69.000,10.000,,24.903,10.808,71.000,91.500,20.500,0.052,5.009,2.570,2.000,False,False,False,,,False
gare,78620,Toussus-le-Noble,commune,,1172,ign_chef_lieu,2.114,48.746,11.570,21.378,81.000,88.000,99.000,18.000,,22.865,7.889,72.000,250.500,178.500,0.457,44.103,3.849,3.000,False,False,False,5.000,,False
gare,92014,Bourg-la-Reine,commune,,21019,ign_chef_lieu,2.316,48.779,11.572,9.025,57.000,61.000,65.000,8.000,,23.938,11.382,73.000,84.000,11.000,0.028,-0.118,2.548,2.000,False,False,False,,,False
gare,78586,Sartrouville,commune,,52763,ign_chef_lieu,2.158,48.941,11.614,17.073,42.000,46.000,50.000,8.000,,27.365,15.149,74.000,35.000,-39.000,-0.100,-24.831,1.681,1.000,False,False,False,,,False
gare,75105,Paris 5e Arrondissement,district,75056,55252,ign_chef_lieu_arrondissement,2.344,48.846,11.617,1.300,46.000,50.000,54.000,8.000,,27.875,13.941,75.000,51.000,-24.000,-0.061,-18.307,1.794,2.000,False,False,False,,,False
gare,91635,Vauhallan,commune,,1945,ign_chef_lieu,2.207,48.734,11.689,17.276,82.000,91.000,97.000,15.000,,21.645,7.707,76.000,267.500,191.500,0.490,48.181,4.204,4.000,True,False,False,4.000,,False
gare,91645,Verrières-le-Buisson,commune,,15057,ign_chef_lieu,2.267,48.746,11.832,13.745,82.000,87.000,90.000,8.000,,23.052,8.160,77.000,243.000,166.000,0.425,40.719,3.774,4.000,True,False,False,10.000,,False
gare,94016,Cachan,commune,,31103,ign_chef_lieu,2.334,48.795,11.879,7.005,63.000,67.000,72.000,9.000,,25.405,10.638,78.000,109.000,31.000,0.079,8.137,2.637,3.000,False,False,False,,,False
gare,75109,Paris 9e Arrondissement,district,75056,57271,ign_chef_lieu_arrondissement,2.341,48.872,11.978,1.965,37.000,41.000,45.000,8.000,,27.100,17.529,79.000,20.000,-59.000,-0.151,-34.131,1.513,2.000,False,False,False,,,False
gare,91534,Saclay,commune,,4437,ign_chef_lieu,2.172,48.731,11.983,19.220,81.000,88.000,96.000,15.000,,22.773,8.171,80.000,250.500,170.500,0.436,41.345,3.864,3.000,False,False,False,8.000,,False
gare,94037,Gentilly,commune,,19963,ign_chef_lieu,2.348,48.816,12.127,4.547,59.000,63.000,68.000,9.000,,21.920,11.549,81.000,87.500,6.500,0.017,0.531,2.874,2.000,False,False,False,,,False
gare,78073,Bois-d'Arcy,commune,,16586,ign_chef_lieu,2.031,48.801,12.139,24.381,71.000,77.000,83.000,12.000,,12.975,9.459,82.000,174.500,92.500,0.237,22.802,5.934,2.000,False,False,False,,,False
gare,78571,Saint-Nom-la-Bretèche,commune,,4965,ign_chef_lieu,2.021,48.860,12.357,24.303,74.000,96.000,109.000,35.000,,16.478,7.723,83.000,297.000,214.000,0.547,51.615,5.826,1.000,False,False,False,2.000,,False
gare,92002,Antony,commune,,64263,ign_chef_lieu,2.296,48.754,12.363,12.157,64.000,68.000,72.000,8.000,,23.653,10.908,84.000,114.000,30.000,0.077,7.366,2.875,2.000,False,False,False,,,False
gare,78358,Maisons-Laffitte,commune,,23093,ign_chef_lieu,2.145,48.946,12.368,18.204,38.000,42.000,46.000,8.000,,29.725,17.669,85.000,23.000,-62.000,-0.159,-33.702,1.413,1.000,False,False,False,,,False
gare,75113,Paris 13e Arrondissement,district,75056,181271,ign_chef_lieu_arrondissement,2.356,48.833,12.424,2.656,52.000,56.000,60.000,8.000,,28.250,13.311,86.000,69.000,-17.000,-0.043,-11.820,1.982,2.000,False,False,False,,,False
gare,92036,Gennevilliers,commune,,50979,ign_chef_lieu,2.293,48.925,12.460,8.823,53.000,58.000,62.000,9.000,,20.850,12.889,87.000,74.500,-12.500,-0.032,-8.817,2.782,1.000,False,False,False,,,False
gare,94043,Le Kremlin-Bicêtre,commune,,24110,ign_chef_lieu,2.357,48.812,12.837,4.911,60.000,64.000,68.000,8.000,,23.163,12.035,88.000,91.500,3.500,0.009,-1.025,2.763,2.000,False,False,False,,,False
gare,94038,L'Haÿ-les-Roses,commune,,31188,ign_chef_lieu,2.337,48.779,12.884,8.651,70.000,74.000,78.000,8.000,,26.407,10.446,89.000,156.000,67.000,0.171,14.213,2.802,3.000,False,False,False,,,False
gare,95018,Argenteuil,commune,,106130,ign_chef_lieu,2.249,48.948,13.005,12.694,62.000,66.000,70.000,8.000,,24.590,11.823,90.000,104.500,14.500,0.037,1.343,2.684,2.000,False,False,False,,,False
gare,75118,Paris 18e Arrondissement,district,75056,183127,ign_chef_lieu_arrondissement,2.344,48.892,13.034,4.011,43.000,47.000,51.000,8.000,,26.490,16.639,91.000,38.500,-52.500,-0.134,-27.919,1.774,2.000,False,False,False,,,False
gare,75110,Paris 10e Arrondissement,district,75056,83873,ign_chef_lieu_arrondissement,2.358,48.872,13.104,1.758,42.000,46.000,50.000,8.000,,31.112,17.092,92.000,35.000,-57.000,-0.146,-29.661,1.479,2.000,False,False,False,,,False
gare,78133,Chambourcy,commune,,5847,ign_chef_lieu,2.040,48.906,13.133,23.586,67.000,73.000,78.000,11.000,,19.603,10.795,93.000,148.500,55.500,0.142,11.486,3.724,1.000,False,False,False,,,False
gare,75100,Paris Centre,district,75056,94472,ign_chef_lieu_arrondissement,2.362,48.864,13.164,1.072,46.000,50.000,54.000,8.000,,30.517,15.797,94.000,51.000,-43.000,-0.110,-23.736,1.638,2.000,False,False,False,,,False
gare,78143,Châteaufort,commune,,1564,ign_chef_lieu,2.092,48.737,13.205,23.265,84.000,91.000,99.000,15.000,,23.448,8.707,95.000,267.500,172.500,0.441,38.560,3.881,3.000,False,False,False,6.000,,False
gare,78688,Voisins-le-Bretonneux,commune,,10624,ign_chef_lieu,2.051,48.759,13.308,24.645,71.000,79.000,86.000,15.000,,19.182,10.107,96.000,189.000,93.000,0.238,19.777,4.119,2.000,False,False,False,,,False
gare,91679,Villiers-le-Bâcle,commune,,1031,ign_chef_lieu,2.126,48.726,13.323,22.132,92.000,95.000,101.000,9.000,,24.118,8.414,97.000,291.500,194.500,0.497,43.946,3.939,4.000,True,False,False,3.000,,False
gare,78674,Villepreux,commune,,11931,ign_chef_lieu,2.005,48.830,13.347,25.662,79.000,85.000,92.000,13.000,,19.538,9.421,98.000,224.500,126.500,0.324,28.666,4.350,3.000,False,False,False,,,False
gare,78423,Montigny-le-Bretonneux,commune,,32465,ign_chef_lieu,2.038,48.770,13.351,25.063,73.000,79.000,85.000,12.000,,17.890,10.140,99.000,189.000,90.000,0.230,19.565,4.416,3.000,False,False,False,,,False
gare,91377,Massy,commune,,51729,ign_chef_lieu,2.271,48.731,13.472,15.173,79.000,82.000,86.000,7.000,,26.577,9.857,100.000,210.500,110.500,0.283,23.492,3.085,3.000,False,False,False,,,False
gare,93070,Saint-Ouen-sur-Seine,commune,,53615,ign_chef_lieu,2.334,48.912,13.570,6.288,45.000,49.000,53.000,8.000,,22.635,16.617,101.000,45.500,-55.500,-0.142,-26.502,2.165,2.000,False,False,False,,,False
gare,94034,Fresnes,commune,,29528,ign_chef_lieu,2.322,48.755,13.595,11.487,74.000,78.000,82.000,8.000,,22.430,10.458,102.000,181.500,79.500,0.203,16.881,3.477,3.000,False,False,False,,,False
gare,94021,Chevilly-Larue,commune,,19826,ign_chef_lieu,2.347,48.771,13.957,9.467,68.000,72.000,76.000,8.000,,27.002,11.631,103.000,142.500,39.500,0.101,6.341,2.667,2.000,False,False,False,,,False
gare,94076,Villejuif,commune,,60183,ign_chef_lieu,2.363,48.792,13.961,7.213,69.000,72.000,76.000,7.000,,28.398,11.635,104.000,142.500,38.500,0.098,6.321,2.535,2.000,False,False,False,,,False
gare,91538,Saint-Aubin,commune,,661,ign_chef_lieu,2.140,48.715,14.110,22.132,80.000,86.000,93.000,13.000,,24.302,9.844,105.000,233.500,128.500,0.329,26.255,3.539,4.000,True,False,False,,,False
gare,78007,Aigremont,commune,,1075,ign_chef_lieu,2.018,48.902,14.267,25.067,86.000,92.000,97.000,11.000,,18.965,9.305,106.000,274.500,168.500,0.431,34.245,4.851,1.000,False,False,False,9.000,,False
gare,75111,Paris 11e Arrondissement,district,75056,138170,ign_chef_lieu_arrondissement,2.379,48.859,14.327,1.984,45.000,49.000,53.000,8.000,,34.862,17.543,107.000,45.500,-61.500,-0.157,-28.665,1.406,2.000,False,False,False,,,False
gare,91477,Palaiseau,commune,,37471,ign_chef_lieu,2.246,48.715,14.443,17.616,72.000,76.000,80.000,8.000,,23.863,11.402,108.000,169.000,61.000,0.156,10.154,3.185,2.000,False,False,False,,,False
gare,78498,Poissy,commune,,40983,ign_chef_lieu,2.043,48.927,14.466,24.049,60.000,65.000,70.000,10.000,,22.695,13.353,109.000,98.000,-11.000,-0.028,-5.873,2.864,2.000,False,False,False,,,False
gare,78356,Magny-les-Hameaux,commune,,9386,ign_chef_lieu,2.084,48.724,14.779,24.615,87.000,93.000,100.000,13.000,,27.772,9.535,110.000,280.500,170.500,0.436,33.096,3.349,3.000,False,False,False,7.000,,False
gare,78152,Chavenay,commune,,1723,ign_chef_lieu,1.986,48.854,14.790,26.866,110.000,132.000,155.000,45.000,,19.152,6.723,111.000,386.000,275.000,0.703,88.833,6.892,3.000,False,False,False,1.000,,False
gare,75112,Paris 12e Arrondissement,district,75056,138024,ign_chef_lieu_arrondissement,2.388,48.841,14.809,3.142,48.000,52.000,56.000,8.000,,32.922,17.088,112.000,57.000,-55.000,-0.141,-25.663,1.580,2.000,False,False,False,,,False
gare,78165,Les Clayes-sous-Bois,commune,,16804,ign_chef_lieu,1.986,48.821,14.820,27.160,70.000,76.000,82.000,12.000,,21.288,11.700,113.000,169.000,56.000,0.143,8.603,3.570,3.000,False,False,False,,,False
gare,94041,Ivry-sur-Seine,commune,,65064,ign_chef_lieu,2.388,48.812,15.046,5.567,63.000,69.000,73.000,10.000,,28.427,13.083,114.000,120.000,6.000,0.015,-2.217,2.427,3.000,False,False,False,,,False
gare,95257,La Frette-sur-Seine,commune,,4570,ign_chef_lieu,2.178,48.974,15.087,18.267,75.000,79.000,83.000,8.000,,29.227,11.459,115.000,189.000,74.000,0.189,11.784,2.703,2.000,False,False,False,,,False
gare,75119,Paris 19e Arrondissement,district,75056,178691,ign_chef_lieu_arrondissement,2.382,48.883,15.171,3.660,46.000,50.000,54.000,8.000,,33.847,18.206,116.000,51.000,-65.000,-0.166,-29.467,1.477,2.000,False,False,False,,,False
gare,92078,Villeneuve-la-Garenne,commune,,26021,ign_chef_lieu,2.333,48.936,15.277,8.957,56.000,60.000,64.000,8.000,,22.478,15.277,117.000,82.000,-35.000,-0.090,-15.683,2.669,3.000,False,False,False,,,False
gare,95176,Cormeilles-en-Parisis,commune,,27292,ign_chef_lieu,2.199,48.976,15.344,17.405,71.000,76.000,80.000,9.000,,29.108,12.113,118.000,169.000,51.000,0.130,6.547,2.611,2.000,False,False,False,,,False
gare,78621,Trappes,commune,,34689,ign_chef_lieu,1.999,48.776,15.395,27.429,66.000,70.000,76.000,10.000,,17.470,13.196,119.000,127.500,8.500,0.022,-2.045,4.007,2.000,False,False,False,,,False
gare,91471,Orsay,commune,,16498,ign_chef_lieu,2.187,48.699,15.455,21.260,82.000,86.000,91.000,9.000,,24.270,10.783,120.000,233.500,113.500,0.290,20.086,3.543,2.000,False,False,False,,,False
gare,94065,Rungis,commune,,5611,ign_chef_lieu,2.347,48.748,15.478,12.003,80.000,85.000,88.000,8.000,,26.573,10.926,121.000,224.500,103.500,0.265,18.595,3.199,3.000,False,False,False,,,False
gare,93039,L'Île-Saint-Denis,commune,,8696,ign_chef_lieu,2.341,48.936,15.638,8.853,51.000,55.000,59.000,8.000,,23.497,17.059,122.000,65.000,-57.000,-0.146,-23.694,2.341,2.000,False,False,False,,,False
gare,93031,Épinay-sur-Seine,commune,,52833,ign_chef_lieu,2.313,48.952,15.650,10.964,61.000,65.000,69.000,8.000,,26.967,14.446,123.000,98.000,-25.000,-0.064,-9.859,2.410,2.000,False,False,False,,,False
gare,91661,Villebon-sur-Yvette,commune,,10291,ign_chef_lieu,2.228,48.700,15.653,19.636,88.000,92.000,96.000,8.000,,29.292,10.208,124.000,274.500,150.500,0.385,27.570,3.141,2.000,False,False,False,,,False
gare,91272,Gif-sur-Yvette,commune,,22544,ign_chef_lieu,2.134,48.702,15.666,23.524,90.000,94.000,98.000,8.000,,28.603,10.000,125.000,286.000,161.000,0.412,30.282,3.286,2.000,False,False,False,,,False
gare,95582,Sannois,commune,,26924,ign_chef_lieu,2.256,48.972,15.688,14.631,60.000,65.000,68.000,8.000,,28.328,14.482,126.000,98.000,-28.000,-0.072,-9.981,2.295,2.000,False,False,False,,,False
gare,91689,Wissous,commune,,7151,ign_chef_lieu,2.327,48.732,15.714,13.968,80.000,85.000,89.000,9.000,,28.547,11.092,127.000,224.500,97.500,0.249,17.610,2.978,3.000,False,False,False,,,False
gare,91136,Champlan,commune,,2615,ign_chef_lieu,2.274,48.708,15.807,17.443,86.000,90.000,94.000,8.000,,27.970,10.538,128.000,260.500,132.500,0.339,24.124,3.218,3.000,False,False,False,,,False
gare,91122,Bures-sur-Yvette,commune,,9548,ign_chef_lieu,2.164,48.697,15.816,22.505,80.000,84.000,88.000,8.000,,27.690,11.297,129.000,219.000,90.000,0.230,15.815,3.034,2.000,False,False,False,,,False
gare,94081,Vitry-sur-Seine,commune,,93963,ign_chef_lieu,2.388,48.789,15.831,7.992,76.000,80.000,84.000,8.000,,28.963,11.873,130.000,196.500,66.500,0.170,10.242,2.762,3.000,False,False,False,,,False
gare,75120,Paris 20e Arrondissement,district,75056,185140,ign_chef_lieu_arrondissement,2.399,48.865,15.907,3.582,51.000,55.000,58.000,7.000,,37.178,17.354,131.000,65.000,-66.000,-0.169,-24.410,1.479,2.000,False,False,False,,,False
gare,78406,Milon-la-Chapelle,commune,,295,ign_chef_lieu,2.049,48.726,16.022,26.558,105.000,113.000,120.000,15.000,,27.610,8.507,132.000,355.500,223.500,0.572,54.693,4.093,3.000,False,False,False,,,False
gare,78005,Achères,commune,,22241,ign_chef_lieu,2.070,48.961,16.073,23.743,62.000,66.000,70.000,8.000,,29.950,14.612,133.000,104.500,-28.500,-0.073,-9.808,2.204,2.000,False,False,False,,,False
gare,78233,Feucherolles,commune,,3043,ign_chef_lieu,1.974,48.874,16.114,27.851,86.000,92.000,100.000,14.000,,20.493,10.509,134.000,274.500,140.500,0.359,25.549,4.489,2.000,False,False,False,,,False
gare,78123,Carrières-sous-Poissy,commune,,20825,ign_chef_lieu,2.034,48.944,16.192,25.277,66.000,71.000,78.000,12.000,,26.437,13.684,135.000,135.500,0.500,0.001,-3.368,2.686,3.000,False,False,False,,,False
gare,95555,Saint-Gratien,commune,,21336,ign_chef_lieu,2.283,48.971,16.338,13.687,64.000,68.000,72.000,8.000,,27.097,14.416,136.000,114.000,-22.000,-0.056,-7.906,2.510,2.000,False,False,False,,,False
gare,95424,Montigny-lès-Cormeilles,commune,,22457,ign_chef_lieu,2.188,48.988,16.599,18.943,77.000,81.000,86.000,9.000,,32.200,12.296,137.000,203.000,66.000,0.169,8.748,2.516,2.000,False,False,False,,,False
gare,93061,Le Pré-Saint-Gervais,commune,,16993,ign_chef_lieu,2.403,48.883,16.628,4.727,59.000,63.000,67.000,8.000,,33.010,15.836,138.000,87.500,-50.500,-0.129,-15.500,1.909,2.000,False,False,False,,,False
gare,93001,Aubervilliers,commune,,88365,ign_chef_lieu,2.382,48.915,16.643,6.820,54.000,59.000,62.000,8.000,,27.915,16.925,139.000,78.500,-60.500,-0.155,-20.905,2.114,2.000,False,False,False,,,False
gare,93066,Saint-Denis,commune,,149077,ign_chef_lieu,2.358,48.936,16.649,8.883,54.000,58.000,62.000,8.000,,28.183,17.223,140.000,74.500,-65.500,-0.168,-22.260,2.058,2.000,False,False,False,,,False
gare,95252,Franconville,commune,,37754,ign_chef_lieu,2.230,48.986,16.734,16.991,73.000,77.000,81.000,8.000,,29.525,13.039,141.000,174.500,33.500,0.086,2.918,2.608,2.000,False,False,False,,,False
gare,95306,Herblay-sur-Seine,commune,,31779,ign_chef_lieu,2.165,48.990,16.926,20.210,70.000,74.000,79.000,9.000,,32.983,13.724,142.000,156.000,14.000,0.036,-1.711,2.244,2.000,False,False,False,,,False
gare,78575,Saint-Rémy-lès-Chevreuse,commune,,7747,ign_chef_lieu,2.073,48.706,16.933,26.507,91.000,95.000,98.000,7.000,,31.287,10.694,143.000,291.500,148.500,0.380,26.153,3.036,2.000,False,False,False,,,False
gare,94018,Charenton-le-Pont,commune,,28830,ign_chef_lieu,2.416,48.820,16.984,6.201,60.000,64.000,68.000,8.000,,32.915,15.923,144.000,91.500,-52.500,-0.134,-15.154,1.944,3.000,False,False,False,,,False
gare,93055,Pantin,commune,,61929,ign_chef_lieu,2.401,48.897,17.045,5.754,40.000,44.000,48.000,8.000,,32.325,23.243,145.000,28.500,-116.500,-0.298,-41.783,1.361,1.000,False,False,False,,,False
gare,78561,Saint-Lambert,commune,,447,ign_chef_lieu,2.020,48.731,17.076,28.117,,,,,,24.618,,,,,,,,,False,False,False,,,False
gare,95210,Enghien-les-Bains,commune,,11432,ign_chef_lieu,2.307,48.970,17.083,13.049,59.000,63.000,67.000,8.000,,29.852,16.269,146.000,87.500,-58.500,-0.150,-16.746,2.110,2.000,False,False,False,,,False
gare,94067,Saint-Mandé,commune,,21071,ign_chef_lieu,2.419,48.843,17.083,5.106,51.000,55.000,59.000,8.000,,33.190,18.636,147.000,65.000,-82.000,-0.210,-27.318,1.657,2.000,False,False,False,,,False
gare,94073,Thiais,commune,,32918,ign_chef_lieu,2.391,48.764,17.131,10.629,71.000,75.000,79.000,8.000,,28.532,13.705,148.000,163.500,15.500,0.040,-1.042,2.629,4.000,True,False,False,,,False
gare,93006,Bagnolet,commune,,43086,ign_chef_lieu,2.417,48.869,17.217,4.902,61.000,65.000,68.000,7.000,,35.443,15.893,149.000,98.000,-51.000,-0.130,-14.473,1.834,2.000,False,False,False,,,False
gare,91587,Saulx-les-Chartreux,commune,,6733,ign_chef_lieu,2.264,48.691,17.313,19.461,95.000,101.000,108.000,13.000,,29.652,10.285,150.000,313.000,163.000,0.417,32.491,3.406,4.000,True,False,False,,,False
gare,93045,Les Lilas,commune,,23843,ign_chef_lieu,2.416,48.879,17.434,5.305,54.000,58.000,62.000,8.000,,35.287,18.035,151.000,74.500,-76.500,-0.196,-24.207,1.644,3.000,False,False,False,,,False
gare,91692,Les Ulis,commune,,25886,ign_chef_lieu,2.170,48.681,17.492,23.626,92.000,96.000,101.000,9.000,,28.290,10.932,152.000,297.000,145.000,0.371,25.223,3.393,3.000,False,False,False,,,False
gare,94002,Alfortville,commune,,45531,ign_chef_lieu,2.420,48.805,17.552,7.545,51.000,55.000,59.000,8.000,,33.967,19.148,153.000,65.000,-88.000,-0.225,-28.393,1.619,2.000,False,False,False,,,False
gare,91161,Chilly-Mazarin,commune,,20443,ign_chef_lieu,2.313,48.703,17.717,17.360,95.000,99.000,103.000,8.000,,29.125,10.738,154.000,306.500,152.500,0.390,28.230,3.399,3.000,False,False,False,,,False
gare,91666,Villejust,commune,,2558,ign_chef_lieu,2.237,48.682,17.736,21.145,98.000,102.000,108.000,10.000,,30.720,10.433,155.000,315.000,160.000,0.409,32.040,3.320,3.000,False,False,False,,,False
gare,78490,Plaisir,commune,,31811,ign_chef_lieu,1.947,48.817,17.745,30.085,74.000,81.000,88.000,14.000,,20.507,13.144,156.000,203.000,47.000,0.120,4.825,3.950,4.000,True,False,False,,,False
gare,94069,Saint-Maurice,commune,,14506,ign_chef_lieu,2.427,48.818,17.763,6.894,69.000,73.000,77.000,8.000,,30.743,14.600,157.000,148.500,-8.500,-0.022,-5.581,2.374,3.000,False,False,False,,,False
gare,78672,Villennes-sur-Seine,commune,,5952,ign_chef_lieu,1.999,48.940,17.830,27.546,62.000,69.000,77.000,15.000,,21.338,15.505,158.000,120.000,-38.000,-0.097,-10.941,3.234,2.000,False,False,False,,,False
gare,93027,La Courneuve,commune,,47167,ign_chef_lieu,2.390,48.927,17.839,8.277,59.000,63.000,67.000,8.000,,27.548,16.990,159.000,87.500,-71.500,-0.183,-18.707,2.287,2.000,False,False,False,,,False
gare,95219,Ermont,commune,,29489,ign_chef_lieu,2.259,48.992,17.876,16.558,69.000,74.000,77.000,8.000,,30.327,14.494,160.000,156.000,-4.000,-0.010,-4.621,2.440,2.000,False,False,False,,,False
gare,93079,Villetaneuse,commune,,12530,ign_chef_lieu,2.344,48.961,17.883,11.671,63.000,67.000,71.000,8.000,,29.423,16.014,161.000,109.000,-52.000,-0.133,-13.661,2.277,3.000,False,False,False,,,False
gare,78466,Orgeval,commune,,7252,ign_chef_lieu,1.975,48.918,17.896,28.542,80.000,87.000,96.000,16.000,,21.497,12.342,162.000,243.000,81.000,0.207,12.066,4.047,2.000,False,False,False,,,False
gare,78160,Chevreuse,commune,,5502,ign_chef_lieu,2.044,48.707,17.924,28.061,87.000,95.000,102.000,15.000,,31.697,11.320,163.000,291.500,128.500,0.329,22.267,2.997,2.000,False,False,False,,,False
gare,91345,Longjumeau,commune,,21996,ign_chef_lieu,2.296,48.694,17.926,18.504,89.000,94.000,97.000,8.000,,28.662,11.442,164.000,286.000,122.000,0.312,20.969,3.280,3.000,False,False,False,,,False
gare,78196,Davron,commune,,295,ign_chef_lieu,1.944,48.865,18.035,29.977,,,,,,23.688,,,,,,,,,False,False,False,,,False
gare,91275,Gometz-le-Châtel,commune,,2630,ign_chef_lieu,2.138,48.678,18.134,25.295,109.000,114.000,120.000,11.000,,32.128,9.544,165.000,358.000,193.000,0.494,45.780,3.548,4.000,True,False,False,,,False
gare,91432,Morangis,commune,,14129,ign_chef_lieu,2.332,48.706,18.252,16.844,97.000,101.000,104.000,7.000,,29.820,10.843,166.000,313.000,147.000,0.376,28.696,3.387,4.000,True,False,False,,,False
gare,95203,Eaubonne,commune,,26211,ign_chef_lieu,2.280,48.991,18.310,15.908,66.000,71.000,75.000,9.000,,31.173,15.473,167.000,135.500,-31.500,-0.081,-9.688,2.278,3.000,False,False,False,,,False
gare,94046,Maisons-Alfort,commune,,56799,ign_chef_lieu,2.431,48.801,18.397,8.415,49.000,53.000,57.000,8.000,,34.510,20.826,168.000,60.000,-108.000,-0.276,-32.759,1.536,2.000,False,False,False,,,False
gare,94022,Choisy-le-Roi,commune,,45946,ign_chef_lieu,2.410,48.762,18.431,11.258,65.000,70.000,74.000,9.000,,29.205,15.798,169.000,127.500,-41.500,-0.106,-11.281,2.397,3.000,False,False,False,,,False
gare,95197,Deuil-la-Barre,commune,,23099,ign_chef_lieu,2.328,48.975,18.433,13.331,69.000,73.000,78.000,9.000,,34.027,15.151,170.000,148.500,-21.500,-0.055,-7.486,2.145,2.000,False,False,False,,,False
gare,95491,Le Plessis-Bouchard,commune,,8518,ign_chef_lieu,2.235,49.001,18.447,18.256,74.000,78.000,82.000,8.000,,31.617,14.190,171.000,181.500,10.500,0.027,-1.191,2.467,2.000,False,False,False,,,False
gare,78015,Andrésy,commune,,13834,ign_chef_lieu,2.061,48.982,18.476,25.565,72.000,77.000,81.000,9.000,,32.373,14.397,172.000,174.500,2.500,0.006,-2.541,2.379,1.000,False,False,False,,,False
gare,95598,Soisy-sous-Montmorency,commune,,18008,ign_chef_lieu,2.300,48.987,18.541,15.060,71.000,75.000,79.000,8.000,,30.070,14.832,173.000,163.500,-9.500,-0.024,-5.255,2.494,3.000,False,False,False,,,False
gare,78172,Conflans-Sainte-Honorine,commune,,36958,ign_chef_lieu,2.095,48.994,18.547,24.293,66.000,70.000,74.000,8.000,,32.842,15.897,174.000,127.500,-46.500,-0.119,-11.588,2.131,2.000,False,False,False,,,False
gare,94080,Vincennes,commune,,48193,ign_chef_lieu,2.440,48.848,18.615,6.477,48.000,52.000,56.000,8.000,,35.517,21.479,175.000,57.000,-118.000,-0.302,-34.455,1.464,1.000,False,False,False,,,False
gare,91560,Saint-Jean-de-Beauregard,commune,,471,ign_chef_lieu,2.168,48.670,18.816,24.824,105.000,110.000,114.000,9.000,,29.638,10.263,176.000,344.000,168.000,0.430,37.838,3.711,3.000,False,False,False,,,False
gare,93048,Montreuil,commune,,111934,ign_chef_lieu,2.441,48.862,18.863,6.526,53.000,57.000,61.000,8.000,,38.897,19.856,177.000,71.500,-105.500,-0.270,-28.673,1.465,2.000,False,False,False,,,False
gare,78384,Médan,commune,,1289,ign_chef_lieu,1.996,48.953,18.904,28.247,80.000,87.000,94.000,14.000,,24.292,13.037,178.000,243.000,65.000,0.166,8.737,3.581,2.000,False,False,False,,,False
gare,93063,Romainville,commune,,37152,ign_chef_lieu,2.435,48.886,18.961,6.858,64.000,68.000,72.000,8.000,,37.875,16.730,179.000,114.000,-65.000,-0.166,-15.151,1.795,3.000,False,False,False,,,False
gare,94054,Orly,commune,,24658,ign_chef_lieu,2.401,48.743,18.962,13.085,73.000,78.000,83.000,10.000,,31.608,14.586,180.000,181.500,1.500,0.004,-2.675,2.468,3.000,False,False,False,,,False
gare,78644,La Verrière,commune,,5994,ign_chef_lieu,1.958,48.758,19.053,31.001,73.000,78.000,85.000,12.000,,22.757,14.656,181.000,181.500,0.500,0.001,-2.932,3.428,2.000,False,False,False,,,False
gare,91274,Gometz-la-Ville,commune,,1536,ign_chef_lieu,2.125,48.672,19.071,26.475,107.000,116.000,120.000,13.000,,32.160,9.864,182.000,363.000,181.000,0.463,44.284,3.607,3.000,False,False,False,,,False
gare,78208,Élancourt,commune,,26365,ign_chef_lieu,1.949,48.768,19.085,31.186,71.000,79.000,86.000,15.000,,21.288,14.495,183.000,189.000,6.000,0.015,-1.777,3.711,2.000,False,False,False,,,False
gare,91479,Paray-Vieille-Poste,commune,,8202,ign_chef_lieu,2.364,48.713,19.100,15.999,89.000,93.000,97.000,8.000,,30.910,12.323,184.000,280.500,96.500,0.247,15.577,3.009,4.000,True,False,False,,,False
gare,95427,Montmagny,commune,,15105,ign_chef_lieu,2.346,48.975,19.166,13.199,67.000,71.000,75.000,8.000,,31.898,16.196,185.000,135.500,-49.500,-0.127,-11.929,2.226,2.000,False,False,False,,,False
gare,95051,Beauchamp,commune,,9849,ign_chef_lieu,2.200,49.012,19.283,20.563,71.000,75.000,79.000,8.000,,33.335,15.426,186.000,163.500,-22.500,-0.058,-7.278,2.250,2.000,False,False,False,,,False
gare,78138,Chanteloup-les-Vignes,commune,,10861,ign_chef_lieu,2.030,48.978,19.337,27.240,82.000,86.000,91.000,9.000,,29.162,13.491,187.000,233.500,46.500,0.119,6.157,2.949,3.000,False,False,False,,,False
gare,93072,Stains,commune,,41388,ign_chef_lieu,2.382,48.955,19.393,11.236,67.000,71.000,76.000,9.000,,31.503,16.388,188.000,135.500,-52.500,-0.134,-12.498,2.254,3.000,False,False,False,,,False
gare,95428,Montmorency,commune,,21763,ign_chef_lieu,2.321,48.989,19.477,14.985,76.000,80.000,85.000,9.000,,35.092,14.608,189.000,196.500,7.500,0.019,-1.641,2.280,3.000,False,False,False,,,False
gare,95574,Saint-Prix,commune,,7612,ign_chef_lieu,2.262,49.007,19.513,17.955,81.000,86.000,91.000,10.000,,33.115,13.614,190.000,233.500,43.500,0.111,5.628,2.597,3.000,False,False,False,,,False
gare,95369,Margency,commune,,3012,ign_chef_lieu,2.287,49.001,19.564,16.798,76.000,80.000,84.000,8.000,,33.370,14.673,191.000,196.500,5.500,0.014,-1.883,2.397,3.000,False,False,False,,,False
gare,91044,Ballainvilliers,commune,,4904,ign_chef_lieu,2.290,48.676,19.580,20.562,100.000,106.000,111.000,11.000,,32.987,11.083,192.000,329.000,137.000,0.350,29.947,3.213,3.000,False,False,False,,,False
gare,78383,Maurepas,commune,,20629,ign_chef_lieu,1.945,48.762,19.637,31.683,68.000,75.000,82.000,14.000,,21.787,15.709,193.000,163.500,-29.500,-0.075,-8.202,3.442,2.000,False,False,False,,,False
gare,78615,Thiverval-Grignon,commune,,1023,ign_chef_lieu,1.918,48.850,19.771,31.915,109.000,120.000,135.000,26.000,,25.655,9.885,194.000,371.500,177.500,0.454,46.327,4.677,4.000,True,False,False,,,False
gare,78382,Maurecourt,commune,,4454,ign_chef_lieu,2.063,48.997,19.789,26.334,68.000,73.000,78.000,10.000,,34.445,16.265,195.000,148.500,-46.500,-0.119,-11.030,2.119,2.000,False,False,False,,,False
gare,78189,Crespières,commune,,1719,ign_chef_lieu,1.924,48.882,19.865,31.570,,,,,,24.708,,,,,,,,,False,False,False,,,False
gare,94077,Villeneuve-le-Roi,commune,,21000,ign_chef_lieu,2.408,48.735,19.894,14.074,80.000,85.000,89.000,9.000,,32.317,14.043,196.000,224.500,28.500,0.073,3.295,2.630,3.000,False,False,False,,,False
gare,78397,Le Mesnil-Saint-Denis,commune,,7276,ign_chef_lieu,1.960,48.740,19.907,31.594,73.000,81.000,88.000,15.000,,25.717,14.746,197.000,203.000,6.000,0.015,-1.602,3.150,2.000,False,False,False,,,False
gare,78548,Saint-Forget,commune,,436,ign_chef_lieu,1.993,48.710,20.104,30.986,93.000,101.000,108.000,15.000,,28.797,11.943,198.000,313.000,115.000,0.294,22.033,3.507,2.000,False,False,False,,,False
gare,95288,Groslay,commune,,8453,ign_chef_lieu,2.346,48.987,20.234,14.521,74.000,78.000,82.000,8.000,,35.797,15.565,199.000,181.500,-17.500,-0.045,-6.092,2.179,2.000,False,False,False,,,False
gare,91458,Nozay,commune,,4471,ign_chef_lieu,2.243,48.660,20.250,23.277,101.000,107.000,113.000,12.000,,32.773,11.355,200.000,334.500,134.500,0.344,28.768,3.265,3.000,False,False,False,,,False
gare,95426,Montlignon,commune,,3038,ign_chef_lieu,2.285,49.009,20.283,17.653,83.000,87.000,92.000,9.000,,35.055,13.988,201.000,243.000,42.000,0.107,4.604,2.482,3.000,False,False,False,,,False
gare,93053,Noisy-le-Sec,commune,,45510,ign_chef_lieu,2.452,48.890,20.296,8.191,56.000,60.000,64.000,8.000,,34.650,20.296,202.000,82.000,-120.000,-0.307,-27.885,1.732,1.000,False,False,False,,,False
gare,91411,Les Molières,commune,,1975,ign_chef_lieu,2.070,48.673,20.300,29.129,,,,,,37.797,,,,,,,,,False,False,False,,,False
gare,95014,Andilly,commune,,2742,ign_chef_lieu,2.301,49.005,20.375,17.002,81.000,86.000,91.000,10.000,,35.853,14.215,203.000,233.500,30.500,0.078,3.145,2.399,3.000,False,False,False,,,False
gare,93008,Bobigny,commune,,56927,ign_chef_lieu,2.445,48.906,20.410,8.759,62.000,66.000,70.000,8.000,,31.832,18.555,204.000,104.500,-99.500,-0.254,-20.918,2.073,2.000,False,False,False,,,False
gare,91093,Boullay-les-Troux,commune,,624,ign_chef_lieu,2.050,48.678,20.446,29.791,,,,,,37.363,,,,,,,,,False,False,False,,,False
gare,93013,Le Bourget,commune,,15925,ign_chef_lieu,2.425,48.935,20.500,10.195,61.000,65.000,69.000,8.000,,30.312,18.923,205.000,98.000,-107.000,-0.274,-22.304,2.144,2.000,False,False,False,,,False
gare,95563,Saint-Leu-la-Forêt,commune,,16138,ign_chef_lieu,2.244,49.019,20.526,19.756,77.000,84.000,92.000,15.000,,33.627,14.661,206.000,219.000,13.000,0.033,0.338,2.498,2.000,False,False,False,,,False
gare,91665,La Ville-du-Bois,commune,,8161,ign_chef_lieu,2.269,48.661,20.617,22.572,113.000,118.000,123.000,10.000,,31.965,10.483,207.000,366.500,159.500,0.408,40.609,3.692,4.000,True,False,False,,,False
gare,95488,Pierrelaye,commune,,10130,ign_chef_lieu,2.156,49.023,20.666,23.464,77.000,82.000,86.000,9.000,,35.433,15.121,208.000,210.500,2.500,0.006,-2.416,2.314,2.000,False,False,False,,,False
gare,94042,Joinville-le-Pont,commune,,20525,ign_chef_lieu,2.467,48.818,20.704,9.400,56.000,60.000,64.000,8.000,,34.537,20.704,209.000,82.000,-127.000,-0.325,-28.669,1.737,1.000,False,False,False,,,False
gare,94028,Créteil,commune,,93397,ign_chef_lieu,2.453,48.778,20.706,11.442,73.000,78.000,82.000,9.000,,35.772,15.928,210.000,181.500,-28.500,-0.073,-7.277,2.180,3.000,False,False,False,,,False
gare,78624,Triel-sur-Seine,commune,,12206,ign_chef_lieu,2.003,48.981,20.803,29.133,77.000,82.000,88.000,11.000,,28.618,15.222,211.000,210.500,-0.500,-0.001,-2.772,2.865,2.000,False,False,False,,,False
gare,91027,Athis-Mons,commune,,36613,ign_chef_lieu,2.389,48.708,20.825,16.768,87.000,91.000,95.000,8.000,,32.782,13.731,212.000,267.500,55.500,0.142,7.837,2.776,4.000,True,False,False,,,False
gare,78193,Dampierre-en-Yvelines,commune,,1008,ign_chef_lieu,1.986,48.705,20.908,31.766,102.000,110.000,117.000,15.000,,29.345,11.404,213.000,344.000,131.000,0.335,30.068,3.749,2.000,False,False,False,,,False
gare,78162,Choisel,commune,,540,ign_chef_lieu,2.018,48.687,20.942,31.009,,,,,,33.703,,,,,,,,,False,False,False,,,False
gare,91216,Épinay-sur-Orge,commune,,10722,ign_chef_lieu,2.324,48.673,21.017,20.542,81.000,85.000,89.000,8.000,,32.520,14.835,214.000,224.500,10.500,0.027,0.221,2.614,3.000,False,False,False,,,False
gare,78643,Vernouillet,commune,,9699,ign_chef_lieu,1.983,48.973,21.087,29.979,71.000,77.000,83.000,12.000,,27.268,16.431,215.000,174.500,-40.500,-0.104,-9.377,2.824,2.000,False,False,False,,,False
gare,95607,Taverny,commune,,27593,ign_chef_lieu,2.226,49.026,21.091,21.044,81.000,89.000,96.000,15.000,,33.465,14.219,216.000,255.500,39.500,0.101,4.734,2.659,2.000,False,False,False,,,False
gare,78550,Saint-Germain-de-la-Grange,commune,,1847,ign_chef_lieu,1.899,48.834,21.112,33.378,112.000,122.000,137.000,25.000,,26.562,10.383,217.000,374.500,157.500,0.403,43.489,4.593,4.000,True,False,False,,,False
gare,91589,Savigny-sur-Orge,commune,,37601,ign_chef_lieu,2.346,48.680,21.174,19.657,79.000,82.000,86.000,7.000,,31.610,15.493,218.000,210.500,-7.500,-0.019,-3.711,2.594,3.000,False,False,False,,,False
gare,93029,Drancy,commune,,72390,ign_chef_lieu,2.445,48.923,21.185,10.075,69.000,72.000,76.000,7.000,,32.353,17.654,219.000,142.500,-76.500,-0.196,-15.478,2.225,3.000,False,False,False,,,False
gare,94033,Fontenay-sous-Bois,commune,,53757,ign_chef_lieu,2.475,48.849,21.191,9.014,61.000,65.000,70.000,9.000,,40.575,19.561,220.000,98.000,-122.000,-0.312,-23.708,1.602,1.000,False,False,False,,,False
gare,78431,Morainvilliers,commune,,3120,ign_chef_lieu,1.932,48.929,21.194,31.849,91.000,100.000,109.000,18.000,,24.417,12.716,221.000,309.500,88.500,0.226,17.364,4.096,3.000,False,False,False,,,False
gare,95218,Éragny-sur-Oise,commune,,18436,ign_chef_lieu,2.091,49.019,21.296,26.369,64.000,68.000,72.000,8.000,,33.518,18.790,222.000,114.000,-108.000,-0.276,-20.403,2.029,3.000,False,False,False,,,False
gare,78442,Neauphle-le-Château,commune,,3250,ign_chef_lieu,1.899,48.814,21.305,33.643,79.000,87.000,94.000,15.000,,21.562,14.693,223.000,243.000,20.000,0.051,1.814,4.035,3.000,False,False,False,,,False
gare,93030,Dugny,commune,,11700,ign_chef_lieu,2.418,48.955,21.363,12.001,74.000,78.000,82.000,8.000,,32.433,16.433,224.000,181.500,-42.500,-0.109,-8.856,2.405,4.000,True,False,False,,,False
gare,91326,Juvisy-sur-Orge,commune,,19292,ign_chef_lieu,2.372,48.691,21.366,18.487,72.000,76.000,80.000,8.000,,34.702,16.868,225.000,169.000,-56.000,-0.143,-11.200,2.190,4.000,True,False,False,,,False
gare,78010,Les Alluets-le-Roi,commune,,1390,ign_chef_lieu,1.919,48.914,21.368,32.452,,,,,,25.595,,,,,,,,,False,False,False,,,False
gare,78321,Jouars-Pontchartrain,commune,,6039,ign_chef_lieu,1.901,48.802,21.371,33.713,83.000,90.000,98.000,15.000,,20.438,14.247,226.000,260.500,34.500,0.088,5.146,4.403,3.000,False,False,False,,,False
gare,91319,Janvry,commune,,654,ign_chef_lieu,2.156,48.647,21.413,27.402,,,,,,35.678,,,,,,,,,False,False,False,,,False
gare,94001,Ablon-sur-Seine,commune,,5988,ign_chef_lieu,2.422,48.725,21.427,15.492,76.000,80.000,84.000,8.000,,34.883,16.070,227.000,196.500,-30.500,-0.078,-6.672,2.293,3.000,False,False,False,,,False
gare,95450,Neuville-sur-Oise,commune,,2058,ign_chef_lieu,2.063,49.014,21.506,27.508,61.000,65.000,69.000,8.000,,35.847,19.851,228.000,98.000,-130.000,-0.332,-24.324,1.813,2.000,False,False,False,,,False
gare,95268,Garges-lès-Gonesse,commune,,41791,ign_chef_lieu,2.401,48.972,21.595,13.303,69.000,74.000,78.000,9.000,,35.673,17.509,229.000,156.000,-73.000,-0.187,-14.041,2.074,3.000,False,False,False,,,False
gare,95539,Saint-Brice-sous-Forêt,commune,,15063,ign_chef_lieu,2.357,48.998,21.681,15.706,78.000,82.000,85.000,7.000,,36.300,15.864,230.000,210.500,-19.500,-0.050,-4.958,2.259,3.000,False,False,False,,,False
gare,78683,Villiers-Saint-Frédéric,commune,,3395,ign_chef_lieu,1.891,48.820,21.772,34.096,84.000,92.000,99.000,15.000,,24.012,14.199,231.000,274.500,43.500,0.111,6.387,3.831,2.000,False,False,False,,,False
gare,91685,Villiers-sur-Orge,commune,,4545,ign_chef_lieu,2.300,48.657,21.785,22.458,89.000,94.000,98.000,9.000,,34.817,13.905,232.000,286.000,54.000,0.138,8.664,2.700,3.000,False,False,False,,,False
gare,78334,Lévis-Saint-Nom,commune,,1603,ign_chef_lieu,1.949,48.721,21.796,33.260,,,,,,29.917,,,,,,,,,False,False,False,,,False
gare,91363,Marcoussis,commune,,8618,ign_chef_lieu,2.231,48.643,21.985,25.376,107.000,113.000,117.000,10.000,,36.308,11.673,233.000,355.500,122.500,0.313,29.974,3.112,4.000,True,False,False,,,False
gare,78642,Verneuil-sur-Seine,commune,,16280,ign_chef_lieu,1.975,48.979,22.008,30.817,72.000,76.000,80.000,8.000,,27.195,17.374,234.000,169.000,-65.000,-0.166,-12.634,2.795,2.000,False,False,False,,,False
gare,78168,Coignières,commune,,4321,ign_chef_lieu,1.918,48.748,22.173,34.145,78.000,82.000,87.000,9.000,,24.232,16.224,235.000,210.500,-24.500,-0.063,-6.125,3.384,2.000,False,False,False,,,False
gare,95323,Jouy-le-Moutier,commune,,17854,ign_chef_lieu,2.047,49.016,22.202,28.527,70.000,74.000,78.000,8.000,,38.908,18.001,236.000,156.000,-80.000,-0.205,-15.343,1.902,2.000,False,False,False,,,False
gare,91667,Villemoisson-sur-Orge,commune,,7332,ign_chef_lieu,2.330,48.662,22.272,21.694,86.000,90.000,94.000,8.000,,33.432,14.848,237.000,260.500,23.500,0.060,2.782,2.692,3.000,False,False,False,,,False
gare,94068,Saint-Maur-des-Fossés,commune,,76572,ign_chef_lieu,2.485,48.803,22.294,11.426,60.000,64.000,68.000,8.000,,38.800,20.900,238.000,91.500,-146.500,-0.375,-26.949,1.649,1.000,False,False,False,,,False
gare,94052,Nogent-sur-Marne,commune,,32455,ign_chef_lieu,2.492,48.839,22.388,10.381,66.000,70.000,75.000,9.000,,38.277,19.190,239.000,127.500,-111.500,-0.285,-20.287,1.829,2.000,False,False,False,,,False
gare,95060,Bessancourt,commune,,8869,ign_chef_lieu,2.217,49.039,22.389,22.566,87.000,95.000,102.000,15.000,,35.630,14.140,240.000,291.500,51.500,0.132,8.180,2.666,2.000,False,False,False,,,False
gare,93064,Rosny-sous-Bois,commune,,47180,ign_chef_lieu,2.488,48.872,22.442,10.098,58.000,62.000,66.000,8.000,,37.998,21.718,241.000,85.000,-156.000,-0.399,-29.489,1.632,1.000,False,False,False,,,False
gare,95489,Piscop,commune,,768,ign_chef_lieu,2.343,49.012,22.477,17.337,109.000,117.000,125.000,16.000,,39.865,11.527,242.000,365.000,123.000,0.315,32.946,2.935,4.000,True,False,False,,,False
gare,95585,Sarcelles,commune,,59173,ign_chef_lieu,2.378,48.997,22.596,15.801,78.000,83.000,87.000,9.000,,38.775,16.334,243.000,216.500,-26.500,-0.068,-5.962,2.141,3.000,False,False,False,,,False
gare,78590,Senlisse,commune,,511,ign_chef_lieu,1.982,48.687,22.601,33.144,,,,,,33.293,,,,,,,,,False,False,False,,,False
gare,94078,Villeneuve-Saint-Georges,commune,,36221,ign_chef_lieu,2.448,48.731,22.609,15.622,86.000,90.000,94.000,8.000,,37.675,15.073,244.000,260.500,16.500,0.042,1.935,2.389,4.000,True,False,False,,,False
gare,93010,Bondy,commune,,50595,ign_chef_lieu,2.481,48.902,22.751,10.718,65.000,69.000,72.000,7.000,,34.688,19.784,245.000,120.000,-125.000,-0.320,-22.118,1.989,1.000,False,False,False,,,False
gare,78206,Ecquevilly,commune,,4279,ign_chef_lieu,1.924,48.949,22.841,33.050,76.000,81.000,88.000,12.000,,23.250,16.919,246.000,203.000,-43.000,-0.110,-8.770,3.484,2.000,False,False,False,,,False
gare,91434,Morsang-sur-Orge,commune,,21667,ign_chef_lieu,2.346,48.662,22.861,21.631,88.000,92.000,96.000,8.000,,32.688,14.909,247.000,274.500,27.500,0.070,3.569,2.814,4.000,True,False,False,,,False
gare,91338,Limours,commune,,6517,ign_chef_lieu,2.077,48.646,22.870,30.955,118.000,129.000,141.000,23.000,,39.095,10.637,248.000,382.500,134.500,0.344,45.189,3.300,3.000,False,False,False,,,False
gare,91657,Vigneux-sur-Seine,commune,,31466,ign_chef_lieu,2.417,48.700,22.874,18.008,77.000,82.000,88.000,11.000,,41.620,16.737,249.000,210.500,-38.500,-0.098,-7.718,1.970,3.000,False,False,False,,,False
gare,78062,Beynes,commune,,7704,ign_chef_lieu,1.876,48.856,22.888,34.976,87.000,96.000,110.000,23.000,,29.013,14.305,250.000,297.000,47.000,0.120,8.000,3.309,4.000,True,False,False,,,False
gare,91347,Longpont-sur-Orge,commune,,6482,ign_chef_lieu,2.293,48.642,23.142,24.185,95.000,100.000,104.000,9.000,,36.755,13.885,251.000,309.500,58.500,0.150,11.820,2.721,4.000,True,False,False,,,False
gare,91687,Viry-Châtillon,commune,,30838,ign_chef_lieu,2.375,48.671,23.172,20.644,77.000,81.000,85.000,8.000,,33.868,17.165,252.000,203.000,-49.000,-0.125,-9.491,2.392,4.000,True,False,False,,,False
gare,93007,Le Blanc-Mesnil,commune,,62376,ign_chef_lieu,2.464,48.939,23.192,12.266,69.000,73.000,77.000,8.000,,35.160,19.062,253.000,148.500,-104.500,-0.267,-18.468,2.076,2.000,False,False,False,,,False
gare,94011,Bonneuil-sur-Marne,commune,,18270,ign_chef_lieu,2.487,48.774,23.225,13.474,75.000,79.000,83.000,8.000,,38.142,17.639,254.000,189.000,-65.000,-0.166,-11.837,2.071,3.000,False,False,False,,,False
gare,78305,Herbeville,commune,,228,ign_chef_lieu,1.887,48.906,23.234,34.591,,,,,,28.183,,,,,,,,,False,False,False,,,False
gare,91425,Montlhéry,commune,,9772,ign_chef_lieu,2.270,48.637,23.248,25.168,106.000,112.000,119.000,13.000,,35.677,12.454,255.000,352.000,97.000,0.248,24.924,3.139,4.000,True,False,False,,,False
gare,94074,Valenton,commune,,14406,ign_chef_lieu,2.470,48.744,23.284,15.148,76.000,80.000,85.000,9.000,,38.370,17.463,256.000,196.500,-59.500,-0.152,-10.844,2.085,3.000,False,False,False,,,False
gare,95199,Domont,commune,,16065,ign_chef_lieu,2.327,49.027,23.392,19.106,85.000,89.000,94.000,9.000,,40.790,15.770,257.000,255.500,-1.500,-0.004,-1.067,2.182,2.000,False,False,False,,,False
gare,78140,Chapet,commune,,1331,ign_chef_lieu,1.934,48.967,23.419,33.062,81.000,86.000,93.000,12.000,,25.242,16.339,258.000,233.500,-24.500,-0.063,-4.463,3.407,2.000,False,False,False,,,False
gare,93049,Neuilly-Plaisance,commune,,21941,ign_chef_lieu,2.506,48.861,23.605,11.301,65.000,69.000,73.000,8.000,,41.365,20.526,259.000,120.000,-139.000,-0.355,-23.680,1.668,1.000,False,False,False,,,False
gare,91482,Pecqueuse,commune,,580,ign_chef_lieu,2.049,48.647,23.605,32.295,139.000,150.000,162.000,23.000,,40.748,9.442,260.000,390.000,130.000,0.332,65.911,3.681,3.000,False,False,False,,,False
gare,94058,Le Perreux-sur-Marne,commune,,35260,ign_chef_lieu,2.508,48.841,23.610,11.557,69.000,73.000,77.000,8.000,,39.882,19.406,261.000,148.500,-112.500,-0.288,-19.267,1.830,2.000,False,False,False,,,False
gare,95088,Bonneuil-en-France,commune,,1185,ign_chef_lieu,2.433,48.976,23.642,14.514,81.000,87.000,93.000,12.000,,37.265,16.305,262.000,243.000,-19.000,-0.049,-3.854,2.335,3.000,False,False,False,,,False
gare,91201,Draveil,commune,,30098,ign_chef_lieu,2.405,48.682,23.655,19.735,83.000,89.000,94.000,11.000,,40.273,15.947,263.000,255.500,-7.500,-0.019,-1.675,2.210,4.000,True,False,False,,,False
gare,95572,Saint-Ouen-l'Aumône,commune,,25578,ign_chef_lieu,2.106,49.044,23.658,27.613,77.000,80.000,84.000,7.000,,38.863,17.743,264.000,196.500,-67.500,-0.173,-11.623,2.058,3.000,False,False,False,,,False
gare,95256,Frépillon,commune,,3317,ign_chef_lieu,2.206,49.051,23.688,24.152,86.000,93.000,101.000,15.000,,37.718,15.283,265.000,280.500,15.500,0.040,2.666,2.466,2.000,False,False,False,,,False
gare,94044,Limeil-Brévannes,commune,,27406,ign_chef_lieu,2.480,48.749,23.760,15.180,79.000,84.000,87.000,8.000,,37.622,16.971,266.000,219.000,-47.000,-0.120,-7.423,2.233,4.000,True,False,False,,,False
gare,91339,Linas,commune,,7987,ign_chef_lieu,2.267,48.631,23.772,25.816,106.000,111.000,115.000,9.000,,35.728,12.850,267.000,348.500,81.500,0.208,22.300,3.107,4.000,True,False,False,,,False
gare,78623,Le Tremblay-sur-Mauldre,commune,,930,ign_chef_lieu,1.875,48.778,23.827,36.115,97.000,108.000,120.000,23.000,,25.190,13.237,268.000,338.500,70.500,0.180,18.843,4.287,2.000,False,False,False,,,False
gare,78443,Neauphle-le-Vieux,commune,,937,ign_chef_lieu,1.864,48.815,23.849,36.180,84.000,91.000,99.000,15.000,,25.618,15.724,269.000,267.500,-1.500,-0.004,0.086,3.552,2.000,False,False,False,,,False
gare,95680,Villiers-le-Bel,commune,,30053,ign_chef_lieu,2.388,49.008,23.905,17.006,81.000,86.000,92.000,11.000,,38.335,16.678,270.000,233.500,-36.500,-0.093,-5.536,2.243,3.000,False,False,False,,,False
gare,94017,Champigny-sur-Marne,commune,,78072,ign_chef_lieu,2.511,48.813,23.967,12.570,67.000,71.000,75.000,8.000,,40.123,20.254,271.000,135.500,-135.500,-0.347,-22.123,1.770,2.000,False,False,False,,,False
gare,95019,Arnouville,commune,,15023,ign_chef_lieu,2.421,48.990,24.051,15.646,70.000,74.000,78.000,8.000,,39.357,19.501,272.000,156.000,-116.000,-0.297,-18.989,1.880,2.000,False,False,False,,,False
gare,93077,Villemomble,commune,,29795,ign_chef_lieu,2.508,48.882,24.074,11.751,66.000,70.000,74.000,8.000,,38.338,20.635,273.000,127.500,-145.500,-0.372,-23.408,1.826,1.000,False,False,False,,,False
gare,91191,Crosne,commune,,9610,ign_chef_lieu,2.458,48.716,24.115,17.388,78.000,82.000,86.000,8.000,,39.900,17.645,274.000,210.500,-63.500,-0.162,-10.364,2.055,2.000,False,False,False,,,False
gare,78576,Saint-Rémy-l'Honoré,commune,,1689,ign_chef_lieu,1.882,48.756,24.186,36.330,101.000,112.000,124.000,23.000,,28.660,12.957,275.000,352.000,77.000,0.197,22.234,3.908,2.000,False,False,False,,,False
gare,91111,Briis-sous-Forges,commune,,3342,ign_chef_lieu,2.124,48.625,24.191,30.750,98.000,106.000,113.000,15.000,,40.530,13.693,276.000,329.000,53.000,0.136,15.672,2.615,3.000,False,False,False,,,False
gare,95091,Bouffémont,commune,,6593,ign_chef_lieu,2.299,49.043,24.228,21.132,,,,,,44.228,,,,,,,,,False,False,False,,,False
gare,78128,Cernay-la-Ville,commune,,1516,ign_chef_lieu,1.971,48.673,24.233,34.633,,,,,,35.722,,,,,,,,,False,False,False,,,False
gare,91249,Forges-les-Bains,commune,,4241,ign_chef_lieu,2.100,48.628,24.237,31.461,,,,,,43.892,,,,,,,,,False,False,False,,,False
gare,91549,Sainte-Geneviève-des-Bois,commune,,35438,ign_chef_lieu,2.327,48.641,24.297,24.073,93.000,97.000,102.000,9.000,,37.217,15.029,277.000,301.000,24.000,0.061,5.598,2.606,4.000,True,False,False,,,False
gare,95061,Béthemont-la-Forêt,commune,,435,ign_chef_lieu,2.252,49.053,24.321,23.061,,,,,,41.780,,,,,,,,,False,False,False,,,False
gare,78368,Mareil-sur-Mauldre,commune,,1776,ign_chef_lieu,1.866,48.894,24.355,35.964,92.000,103.000,115.000,23.000,,28.417,14.187,278.000,317.500,39.500,0.101,11.982,3.625,2.000,False,False,False,,,False
gare,95074,Boisemont,commune,,892,ign_chef_lieu,2.002,49.021,24.400,31.543,92.000,97.000,102.000,10.000,,38.585,15.093,279.000,301.000,22.000,0.056,5.350,2.514,3.000,False,False,False,,,False
gare,94015,Bry-sur-Marne,commune,,18503,ign_chef_lieu,2.520,48.835,24.452,12.487,66.000,70.000,74.000,8.000,,38.488,20.959,280.000,127.500,-152.500,-0.390,-24.062,1.819,2.000,False,False,False,,,False
gare,95500,Pontoise,commune,,31970,ign_chef_lieu,2.101,49.051,24.459,28.422,77.000,82.000,85.000,8.000,,39.687,17.897,281.000,210.500,-70.500,-0.180,-11.058,2.066,2.000,False,False,False,,,False
gare,91243,Fontenay-lès-Briis,commune,,2350,ign_chef_lieu,2.156,48.619,24.462,30.068,118.000,129.000,141.000,23.000,,36.968,11.377,282.000,382.500,100.500,0.257,39.912,3.489,4.000,True,False,False,,,False
gare,78415,Montainville,commune,,589,ign_chef_lieu,1.860,48.882,24.476,36.271,,,,,,31.763,,,,,,,,,False,False,False,,,False
gare,95205,Écouen,commune,,7202,ign_chef_lieu,2.379,49.018,24.486,18.124,89.000,93.000,97.000,8.000,,40.570,15.797,283.000,280.500,-2.500,-0.006,0.812,2.292,2.000,False,False,False,,,False
gare,95637,Vauréal,commune,,16079,ign_chef_lieu,2.021,49.030,24.512,31.004,74.000,78.000,82.000,8.000,,40.135,18.856,284.000,181.500,-102.500,-0.262,-15.498,1.943,2.000,False,False,False,,,False
gare,93057,Les Pavillons-sous-Bois,commune,,25804,ign_chef_lieu,2.507,48.903,24.576,12.448,68.000,72.000,76.000,8.000,,37.117,20.480,285.000,142.500,-142.500,-0.364,-22.110,1.940,2.000,False,False,False,,,False
gare,91570,Saint-Michel-sur-Orge,commune,,21776,ign_chef_lieu,2.303,48.630,24.666,25.414,87.000,91.000,95.000,8.000,,36.712,16.263,286.000,267.500,-18.500,-0.047,-1.754,2.479,3.000,False,False,False,,,False
gare,95151,Chauvry,commune,,297,ign_chef_lieu,2.267,49.054,24.703,22.876,,,,,,41.925,,,,,,,,,False,False,False,,,False
gare,78638,Vaux-sur-Seine,commune,,5202,ign_chef_lieu,1.963,49.006,24.815,33.018,83.000,91.000,98.000,15.000,,34.332,16.362,287.000,267.500,-19.500,-0.050,-2.079,2.651,2.000,False,False,False,,,False
gare,78050,Bazoches-sur-Guyonne,commune,,721,ign_chef_lieu,1.860,48.778,24.898,37.196,99.000,110.000,122.000,23.000,,24.305,13.581,288.000,344.000,56.000,0.143,18.150,4.526,2.000,False,False,False,,,False
gare,91286,Grigny,commune,,26842,ign_chef_lieu,2.385,48.656,24.959,22.380,87.000,92.000,95.000,8.000,,34.333,16.278,289.000,274.500,-14.500,-0.037,-1.317,2.680,4.000,True,False,False,,,False
gare,91421,Montgeron,commune,,24022,ign_chef_lieu,2.460,48.704,25.083,18.725,71.000,75.000,79.000,8.000,,42.067,20.066,290.000,163.500,-126.500,-0.324,-19.770,1.783,2.000,False,False,False,,,False
gare,93062,Le Raincy,commune,,14735,ign_chef_lieu,2.516,48.899,25.085,12.881,66.000,70.000,74.000,8.000,,38.172,21.502,291.000,127.500,-163.500,-0.418,-25.123,1.834,2.000,False,False,False,,10.000,False
gare,95229,Ézanville,commune,,9858,ign_chef_lieu,2.362,49.032,25.087,19.541,84.000,88.000,92.000,8.000,,41.330,17.105,292.000,250.500,-41.500,-0.106,-5.873,2.129,2.000,False,False,False,,,False
gare,95394,Méry-sur-Oise,commune,,9983,ign_chef_lieu,2.185,49.064,25.147,26.196,97.000,103.000,110.000,13.000,,39.417,14.649,293.000,317.500,24.500,0.063,10.026,2.613,4.000,True,False,False,,,False
gare,93050,Neuilly-sur-Marne,commune,,39800,ign_chef_lieu,2.528,48.857,25.182,12.915,63.000,67.000,71.000,8.000,,42.538,22.551,294.000,109.000,-185.000,-0.473,-28.484,1.575,2.000,False,False,False,,7.000,False
gare,78220,Les Essarts-le-Roi,commune,,6831,ign_chef_lieu,1.895,48.718,25.307,37.012,86.000,94.000,101.000,15.000,,28.302,16.153,295.000,286.000,-9.000,-0.023,0.063,3.321,2.000,False,False,False,,,False
gare,93005,Aulnay-sous-Bois,commune,,87599,ign_chef_lieu,2.500,48.934,25.349,13.861,61.000,65.000,69.000,8.000,,38.373,23.399,296.000,98.000,-198.000,-0.506,-30.871,1.694,2.000,False,False,False,,3.000,False
gare,91333,Leuville-sur-Orge,commune,,4271,ign_chef_lieu,2.264,48.616,25.352,27.494,105.000,113.000,121.000,16.000,,36.408,13.461,297.000,355.500,58.500,0.150,20.170,3.104,4.000,True,False,False,,,False
gare,95277,Gonesse,commune,,27707,ign_chef_lieu,2.450,48.986,25.369,16.121,84.000,88.000,93.000,9.000,,39.633,17.297,298.000,250.500,-47.500,-0.121,-6.451,2.220,3.000,False,False,False,,,False
gare,95678,Villiers-Adam,commune,,858,ign_chef_lieu,2.235,49.064,25.392,24.691,92.000,100.000,107.000,15.000,,40.277,15.235,299.000,309.500,10.500,0.027,6.253,2.483,2.000,False,False,False,,,False
gare,78366,Mareil-le-Guyon,commune,,420,ign_chef_lieu,1.847,48.790,25.494,37.830,117.000,128.000,140.000,23.000,,26.992,11.951,300.000,380.500,80.500,0.206,35.704,4.742,2.000,False,False,False,,,False
gare,95388,Menucourt,commune,,6184,ign_chef_lieu,1.984,49.025,25.501,32.872,91.000,98.000,108.000,17.000,,38.175,15.613,301.000,304.000,3.000,0.008,3.883,2.567,2.000,False,False,False,,,False
gare,78090,Bouafle,commune,,2234,ign_chef_lieu,1.897,48.966,25.522,35.533,92.000,98.000,105.000,13.000,,25.302,15.625,302.000,304.000,2.000,0.005,3.837,3.873,2.000,False,False,False,,,False
gare,78049,Bazemont,commune,,1727,ign_chef_lieu,1.865,48.928,25.583,36.598,,,,,,31.682,,,,,,,,,False,False,False,,,False
gare,78588,Saulx-Marchais,commune,,950,ign_chef_lieu,1.836,48.838,25.699,37.929,107.000,126.000,137.000,30.000,,31.083,12.238,303.000,379.000,76.000,0.194,32.997,4.054,2.000,False,False,False,,,False
gare,95183,Courdimanche,commune,,7311,ign_chef_lieu,2.002,49.035,25.758,32.500,85.000,90.000,95.000,10.000,,39.873,17.172,304.000,260.500,-43.500,-0.111,-5.121,2.257,2.000,False,False,False,,,False
gare,95409,Moisselles,commune,,1261,ign_chef_lieu,2.337,49.048,25.799,21.344,95.000,99.000,104.000,9.000,,41.375,15.635,305.000,306.500,1.500,0.004,4.276,2.393,2.000,False,False,False,,,False
gare,95039,Auvers-sur-Oise,commune,,6863,ign_chef_lieu,2.172,49.070,25.805,27.207,98.000,105.000,113.000,15.000,,42.312,14.745,306.000,323.500,17.500,0.045,10.581,2.482,3.000,False,False,False,,,False
gare,94019,Chennevières-sur-Marne,commune,,18710,ign_chef_lieu,2.533,48.796,25.840,14.818,84.000,88.000,92.000,8.000,,44.462,17.618,307.000,250.500,-56.500,-0.145,-7.392,1.979,2.000,False,False,False,,,False
gare,94071,Sucy-en-Brie,commune,,27764,ign_chef_lieu,2.524,48.771,25.903,15.789,75.000,79.000,83.000,8.000,,41.537,19.673,308.000,189.000,-119.000,-0.304,-16.975,1.902,2.000,False,False,False,,,False
gare,91691,Yerres,commune,,27906,ign_chef_lieu,2.488,48.717,25.943,18.417,83.000,87.000,92.000,9.000,,43.820,17.892,309.000,243.000,-66.000,-0.169,-8.646,1.985,3.000,False,False,False,,,False
gare,78653,Vicq,commune,,389,ign_chef_lieu,1.835,48.815,25.967,38.292,99.000,107.000,114.000,15.000,,26.567,14.561,310.000,334.500,24.500,0.063,12.299,4.028,3.000,False,False,False,,,False
gare,94004,Boissy-Saint-Léger,commune,,17325,ign_chef_lieu,2.513,48.748,26.011,16.866,78.000,82.000,86.000,8.000,,39.483,19.032,311.000,210.500,-100.500,-0.257,-14.019,2.077,1.000,False,False,False,,,False
gare,78380,Maule,commune,,6083,ign_chef_lieu,1.848,48.909,26.032,37.443,98.000,109.000,121.000,23.000,,32.595,14.330,312.000,340.500,28.500,0.073,14.241,3.344,2.000,False,False,False,,,False
gare,94079,Villiers-sur-Marne,commune,,33162,ign_chef_lieu,2.541,48.826,26.045,14.228,64.000,69.000,74.000,10.000,,41.337,22.648,313.000,120.000,-193.000,-0.494,-27.702,1.669,1.000,False,False,False,,4.000,False
gare,93032,Gagny,commune,,42313,ign_chef_lieu,2.537,48.885,26.204,13.876,67.000,71.000,74.000,7.000,,41.517,22.144,314.000,135.500,-178.500,-0.457,-25.856,1.710,1.000,False,False,False,,9.000,False
gare,95127,Cergy,commune,,70906,ign_chef_lieu,2.035,49.053,26.267,31.864,62.000,67.000,71.000,9.000,,41.722,23.523,315.000,109.000,-206.000,-0.527,-30.125,1.606,1.000,False,False,False,,2.000,False
gare,78227,Évecquemont,commune,,754,ign_chef_lieu,1.944,49.014,26.395,34.671,108.000,115.000,124.000,16.000,,33.162,13.772,316.000,360.000,44.000,0.113,19.613,3.468,3.000,False,False,False,,,False
gare,91235,Fleury-Mérogis,commune,,13721,ign_chef_lieu,2.361,48.630,26.481,25.188,99.000,103.000,107.000,8.000,,38.905,15.426,317.000,317.500,0.500,0.001,6.942,2.647,4.000,True,False,False,,,False
gare,95042,Baillet-en-France,commune,,2021,ign_chef_lieu,2.300,49.065,26.578,23.539,103.000,107.000,111.000,8.000,,45.727,14.904,318.000,334.500,16.500,0.042,10.870,2.340,2.000,False,False,False,,,False
gare,91521,Ris-Orangis,commune,,31189,ign_chef_lieu,2.416,48.654,26.579,23.016,90.000,97.000,103.000,13.000,,39.372,16.441,319.000,301.000,-18.000,-0.046,0.507,2.464,4.000,True,False,False,,,False
gare,94055,Ormesson-sur-Marne,commune,,10977,ign_chef_lieu,2.540,48.786,26.649,15.889,89.000,93.000,98.000,9.000,,43.610,17.193,320.000,280.500,-39.500,-0.101,-3.776,2.133,2.000,False,False,False,,,False
gare,78440,Les Mureaux,commune,,34632,ign_chef_lieu,1.909,48.993,26.651,35.876,67.000,72.000,78.000,11.000,,25.718,22.209,321.000,142.500,-178.500,-0.457,-25.508,2.800,2.000,False,False,False,,8.000,False
gare,91634,Vaugrigneuse,commune,,1458,ign_chef_lieu,2.121,48.603,26.657,32.966,,,,,,41.648,,,,,,,,,False,False,False,,,False
gare,91103,Brétigny-sur-Orge,commune,,26658,ign_chef_lieu,2.306,48.611,26.724,27.452,86.000,90.000,94.000,8.000,,39.003,17.816,322.000,260.500,-61.500,-0.157,-7.025,2.307,3.000,False,False,False,,,False
gare,95392,Mériel,commune,,5347,ign_chef_lieu,2.205,49.079,26.800,27.012,88.000,96.000,103.000,15.000,,41.845,16.750,323.000,297.000,-26.000,-0.066,-0.981,2.294,2.000,False,False,False,,,False
gare,78030,Auffargis,commune,,1963,ign_chef_lieu,1.887,48.700,26.819,38.336,97.000,108.000,118.000,21.000,,31.013,14.899,324.000,338.500,14.500,0.037,11.353,3.482,3.000,False,False,False,,,False
gare,93051,Noisy-le-Grand,commune,,72978,ign_chef_lieu,2.552,48.850,26.884,14.690,67.000,71.000,75.000,8.000,,42.148,22.719,325.000,135.500,-189.500,-0.485,-26.893,1.685,2.000,False,False,False,,5.000,False
gare,95476,Osny,commune,,17954,ign_chef_lieu,2.062,49.066,26.942,31.598,83.000,87.000,91.000,8.000,,43.858,18.581,326.000,243.000,-83.000,-0.212,-10.525,1.984,2.000,False,False,False,,,False
gare,95028,Attainville,commune,,1904,ign_chef_lieu,2.346,49.057,26.965,22.317,98.000,105.000,112.000,14.000,,44.493,15.409,327.000,323.500,-3.500,-0.009,7.937,2.360,2.000,False,False,False,,,False
gare,78034,Auteuil,commune,,1020,ign_chef_lieu,1.819,48.841,27.007,39.220,112.000,131.000,142.000,30.000,,29.552,12.369,328.000,384.500,56.500,0.145,34.550,4.433,2.000,False,False,False,,,False
gare,78238,Flins-sur-Seine,commune,,2447,ign_chef_lieu,1.870,48.963,27.018,37.295,101.000,107.000,113.000,12.000,,24.848,15.150,329.000,334.500,5.500,0.014,9.874,4.306,3.000,False,False,False,,,False
gare,78013,Andelu,commune,,550,ign_chef_lieu,1.824,48.879,27.019,38.888,,,,,,36.078,,,,,,,,,False,False,False,,,False
gare,95094,Bouqueval,commune,,314,ign_chef_lieu,2.424,49.024,27.056,19.420,,,,,,43.400,,,,,,,,,False,False,False,,,False
gare,78364,Marcq,commune,,802,ign_chef_lieu,1.819,48.860,27.075,39.145,138.000,157.000,168.000,30.000,,31.658,10.347,330.000,391.000,61.000,0.156,61.029,4.959,2.000,False,False,False,,,False
gare,95211,Ennery,commune,,2243,ign_chef_lieu,2.106,49.076,27.080,30.368,104.000,113.000,121.000,17.000,,43.137,14.379,331.000,355.500,24.500,0.063,15.889,2.620,3.000,False,False,False,,,False
gare,78033,Aulnay-sur-Mauldre,commune,,1180,ign_chef_lieu,1.844,48.929,27.096,38.176,109.000,120.000,132.000,23.000,,33.022,13.548,332.000,371.500,39.500,0.101,23.026,3.634,2.000,False,False,False,,,False
gare,78087,Bonnelles,commune,,2165,ign_chef_lieu,2.028,48.618,27.103,35.639,,,,,,44.497,,,,,,,,,False,False,False,,,False
gare,95510,Puiseux-Pontoise,commune,,603,ign_chef_lieu,2.022,49.057,27.127,32.908,76.000,80.000,84.000,8.000,,40.908,20.345,333.000,196.500,-136.500,-0.349,-18.033,1.956,2.000,False,False,False,,,False
gare,91494,Le Plessis-Pâté,commune,,4154,ign_chef_lieu,2.325,48.612,27.150,27.230,94.000,100.000,108.000,14.000,,42.060,16.290,334.000,309.500,-24.500,-0.063,2.411,2.378,4.000,True,False,False,,,False
gare,78398,Les Mesnuls,commune,,910,ign_chef_lieu,1.837,48.758,27.176,39.400,117.000,128.000,140.000,23.000,,28.678,12.739,335.000,380.500,45.500,0.116,31.017,4.463,2.000,False,False,False,,,False
gare,93046,Livry-Gargan,commune,,47228,ign_chef_lieu,2.536,48.919,27.197,15.193,82.000,86.000,90.000,8.000,,39.380,18.975,336.000,233.500,-102.500,-0.262,-12.011,2.184,3.000,False,False,False,,,False
gare,91115,Bruyères-le-Châtel,commune,,3788,ign_chef_lieu,2.193,48.593,27.242,31.522,132.000,143.000,154.000,22.000,,42.128,11.430,337.000,389.000,52.000,0.133,46.175,3.394,4.000,True,False,False,,,False
gare,95492,Le Plessis-Gassot,commune,,102,ign_chef_lieu,2.412,49.033,27.276,20.173,,,,,,44.198,,,,,,,,,False,False,False,,,False
gare,93071,Sevran,commune,,52535,ign_chef_lieu,2.526,48.940,27.307,15.716,76.000,80.000,84.000,8.000,,42.105,20.480,338.000,196.500,-141.500,-0.362,-18.331,1.900,2.000,False,False,False,,,False
gare,95430,Montsoult,commune,,4023,ign_chef_lieu,2.312,49.071,27.409,24.007,92.000,96.000,100.000,8.000,,45.990,17.131,339.000,297.000,-42.000,-0.107,-2.198,2.087,2.000,False,False,False,,,False
gare,91186,Courson-Monteloup,commune,,563,ign_chef_lieu,2.145,48.593,27.456,33.033,,,,,,40.803,,,,,,,,,False,False,False,,,False
gare,78401,Meulan-en-Yvelines,commune,,8950,ign_chef_lieu,1.910,49.005,27.475,36.404,82.000,86.000,90.000,8.000,,27.682,19.169,340.000,233.500,-106.500,-0.272,-12.502,3.107,3.000,False,False,False,,,False
gare,78389,Méré,commune,,1731,ign_chef_lieu,1.820,48.788,27.504,39.841,105.000,116.000,128.000,23.000,,26.335,14.226,341.000,363.000,22.000,0.056,17.953,4.405,2.000,False,False,False,,,False
gare,94053,Noiseau,commune,,4628,ign_chef_lieu,2.549,48.775,27.524,17.032,81.000,85.000,89.000,8.000,,45.547,19.429,342.000,224.500,-117.500,-0.301,-13.604,1.866,2.000,False,False,False,,,False
gare,95120,Butry-sur-Oise,commune,,2252,ign_chef_lieu,2.198,49.086,27.537,27.909,97.000,105.000,112.000,15.000,,43.937,15.735,343.000,323.500,-19.500,-0.050,6.698,2.390,3.000,False,False,False,,,False
gare,93014,Clichy-sous-Bois,commune,,29354,ign_chef_lieu,2.546,48.911,27.568,15.426,83.000,86.000,90.000,7.000,,40.812,19.233,344.000,233.500,-110.500,-0.283,-12.664,2.107,2.000,False,False,False,,,False
gare,91552,Saint-Germain-lès-Arpajon,commune,,11623,ign_chef_lieu,2.256,48.595,27.579,29.966,100.000,104.000,109.000,9.000,,38.883,15.911,345.000,320.000,-25.000,-0.064,5.593,2.675,4.000,True,False,False,,,False
gare,91461,Ollainville,commune,,5455,ign_chef_lieu,2.217,48.591,27.589,31.145,110.000,118.000,125.000,15.000,,41.477,14.028,346.000,366.500,20.500,0.052,19.782,2.845,3.000,False,False,False,,,False
gare,95612,Le Thillay,commune,,4560,ign_chef_lieu,2.470,49.002,27.590,18.314,89.000,93.000,98.000,9.000,,40.723,17.800,347.000,280.500,-66.500,-0.170,-5.597,2.284,3.000,False,False,False,,,False
gare,78029,Aubergenville,commune,,12723,ign_chef_lieu,1.856,48.959,27.714,38.154,98.000,103.000,107.000,9.000,,26.050,16.144,348.000,317.500,-30.500,-0.078,4.297,3.954,2.000,False,False,False,,,False
gare,78120,Bullion,commune,,1916,ign_chef_lieu,1.999,48.621,27.824,36.885,,,,,,41.850,,,,,,,,,False,False,False,,,False
gare,78125,La Celle-les-Bordes,commune,,840,ign_chef_lieu,1.955,48.640,27.867,37.866,,,,,,40.840,,,,,,,,,False,False,False,,,False
gare,95353,Maffliers,commune,,1856,ign_chef_lieu,2.308,49.076,27.911,24.650,101.000,105.000,109.000,8.000,,47.273,15.949,349.000,323.500,-25.500,-0.065,5.907,2.221,2.000,False,False,False,,,False
gare,91021,Arpajon,commune,,11698,ign_chef_lieu,2.248,48.590,27.964,30.594,102.000,106.000,112.000,10.000,,38.947,15.829,350.000,329.000,-21.000,-0.054,6.804,2.722,4.000,True,False,False,,,False
gare,91114,Brunoy,commune,,25643,ign_chef_lieu,2.504,48.698,28.107,20.863,71.000,75.000,79.000,8.000,,47.367,22.485,351.000,163.500,-187.500,-0.480,-24.642,1.583,2.000,False,False,False,,6.000,False
gare,78036,Autouillet,commune,,665,ign_chef_lieu,1.804,48.850,28.136,40.287,116.000,135.000,146.000,30.000,,31.403,12.505,352.000,388.000,36.000,0.092,35.567,4.299,2.000,False,False,False,,,False
gare,95395,Le Mesnil-Aubry,commune,,914,ign_chef_lieu,2.400,49.051,28.326,21.898,,,,,,44.338,,,,,,,,,False,False,False,,,False
gare,78451,Nézel,commune,,1139,ign_chef_lieu,1.836,48.946,28.363,39.171,104.000,115.000,124.000,20.000,,29.275,14.798,353.000,360.000,7.000,0.018,14.974,3.928,2.000,False,False,False,,,False
gare,95633,Vaudherland,commune,,104,ign_chef_lieu,2.487,49.001,28.473,18.838,100.000,105.000,110.000,10.000,,39.812,16.270,354.000,323.500,-30.500,-0.078,4.753,2.637,3.000,False,False,False,,,False
gare,78609,Tessancourt-sur-Aubette,commune,,966,ign_chef_lieu,1.919,49.024,28.474,36.817,104.000,110.000,117.000,13.000,,31.752,15.531,355.000,344.000,-11.000,-0.028,9.738,3.464,3.000,False,False,False,,,False
gare,93033,Gournay-sur-Marne,commune,,7320,ign_chef_lieu,2.573,48.865,28.497,16.191,81.000,85.000,89.000,8.000,,47.117,20.116,356.000,224.500,-131.500,-0.336,-15.240,1.804,2.000,False,False,False,,,False
gare,91457,La Norville,commune,,4268,ign_chef_lieu,2.259,48.587,28.498,30.770,101.000,105.000,111.000,10.000,,41.068,16.285,357.000,323.500,-33.500,-0.086,4.701,2.557,4.000,True,False,False,,,False
gare,78299,Hardricourt,commune,,2599,ign_chef_lieu,1.894,49.008,28.528,37.562,90.000,94.000,98.000,8.000,,29.693,18.209,358.000,286.000,-72.000,-0.184,-6.321,3.166,3.000,False,False,False,,,False
gare,78420,Montfort-l'Amaury,commune,,2779,ign_chef_lieu,1.809,48.778,28.542,40.864,114.000,125.000,137.000,23.000,,26.972,13.700,359.000,377.500,18.500,0.047,24.540,4.634,2.000,False,False,False,,,False
gare,94059,Le Plessis-Trévise,commune,,21112,ign_chef_lieu,2.573,48.809,28.553,17.014,78.000,83.000,88.000,10.000,,47.085,20.641,360.000,216.500,-143.500,-0.367,-17.323,1.763,2.000,False,False,False,,,False
gare,78230,La Falaise,commune,,609,ign_chef_lieu,1.832,48.945,28.581,39.417,108.000,119.000,131.000,23.000,,30.092,14.411,361.000,369.000,8.000,0.020,18.472,3.955,2.000,False,False,False,,,False
gare,94075,Villecresnes,commune,,11647,ign_chef_lieu,2.533,48.722,28.582,20.000,90.000,95.000,99.000,9.000,,43.693,18.052,362.000,291.500,-70.500,-0.180,-5.423,2.174,2.000,False,False,False,,,False
gare,78084,Boissy-sans-Avoir,commune,,616,ign_chef_lieu,1.798,48.819,28.637,40.944,115.000,122.000,130.000,15.000,,26.772,14.084,363.000,374.500,11.500,0.029,21.328,4.557,3.000,False,False,False,,,False
gare,95628,Valmondois,commune,,1208,ign_chef_lieu,2.190,49.096,28.692,29.206,104.000,111.000,119.000,15.000,,47.415,15.509,364.000,348.500,-15.500,-0.040,10.271,2.341,3.000,False,False,False,,,False
gare,95445,Nerville-la-Forêt,commune,,756,ign_chef_lieu,2.277,49.089,28.693,26.490,,,,,,45.058,,,,,,,,,False,False,False,,,False
gare,78403,Mézy-sur-Seine,commune,,2242,ign_chef_lieu,1.881,49.000,28.695,38.054,100.000,106.000,111.000,11.000,,30.847,16.243,365.000,329.000,-36.000,-0.092,5.299,3.436,3.000,False,False,False,,,False
gare,95170,Condécourt,commune,,564,ign_chef_lieu,1.941,49.040,28.728,36.382,101.000,107.000,113.000,12.000,,34.098,16.109,366.000,334.500,-31.500,-0.081,6.225,3.138,3.000,False,False,False,,,False
gare,91086,Bondoufle,commune,,10767,ign_chef_lieu,2.380,48.613,28.801,27.114,109.000,116.000,122.000,13.000,,40.507,14.897,367.000,363.000,-4.000,-0.010,15.000,2.864,3.000,False,False,False,,,False
gare,78616,Thoiry,commune,,1434,ign_chef_lieu,1.795,48.865,28.857,40.886,116.000,134.000,146.000,30.000,,33.377,12.921,368.000,387.000,19.000,0.049,32.703,4.015,2.000,False,False,False,,,False
gare,91207,Égly,commune,,7166,ign_chef_lieu,2.222,48.580,28.863,32.222,99.000,106.000,114.000,15.000,,41.772,16.337,369.000,329.000,-40.000,-0.102,4.962,2.538,3.000,False,False,False,,,False
gare,91017,Angervilliers,commune,,1772,ign_chef_lieu,2.065,48.592,28.880,36.281,,,,,,45.403,,,,,,,,,False,False,False,,,False
gare,91215,Épinay-sous-Sénart,commune,,11611,ign_chef_lieu,2.515,48.695,28.928,21.565,81.000,85.000,89.000,8.000,,48.662,20.420,370.000,224.500,-145.500,-0.372,-15.937,1.747,2.000,False,False,False,,,False
gare,95078,Boissy-l'Aillerie,commune,,2120,ign_chef_lieu,2.029,49.077,28.934,34.103,101.000,112.000,131.000,30.000,,44.133,15.501,371.000,352.000,-19.000,-0.049,10.752,2.538,2.000,False,False,False,,,False
gare,91568,Saint-Maurice-Montcouronne,commune,,1543,ign_chef_lieu,2.124,48.581,28.951,34.900,,,,,,43.848,,,,,,,,,False,False,False,,,False
gare,91600,Soisy-sur-Seine,commune,,7418,ign_chef_lieu,2.452,48.646,28.984,24.527,103.000,111.000,118.000,15.000,,43.328,15.667,372.000,348.500,-23.500,-0.060,9.660,2.562,4.000,True,False,False,,,False
gare,94060,La Queue-en-Brie,commune,,12241,ign_chef_lieu,2.575,48.791,29.002,17.886,87.000,91.000,95.000,8.000,,48.972,19.122,373.000,267.500,-105.500,-0.270,-10.130,1.858,2.000,False,False,False,,,False
gare,93047,Montfermeil,commune,,28703,ign_chef_lieu,2.571,48.902,29.067,16.801,83.000,87.000,91.000,8.000,,44.833,20.046,374.000,243.000,-131.000,-0.335,-14.186,1.941,2.000,False,False,False,,,False
gare,78262,Galluis,commune,,1298,ign_chef_lieu,1.796,48.796,29.068,41.412,116.000,124.000,135.000,19.000,,26.432,14.065,375.000,376.000,1.000,0.003,22.309,4.691,2.000,False,False,False,,,False
gare,93078,Villepinte,commune,,41470,ign_chef_lieu,2.535,48.964,29.090,17.917,88.000,91.000,95.000,7.000,,41.487,19.180,376.000,267.500,-108.500,-0.277,-10.279,2.193,4.000,True,False,False,,,False
gare,95271,Génicourt,commune,,514,ign_chef_lieu,2.066,49.088,29.096,33.190,105.000,110.000,115.000,10.000,,42.740,15.871,377.000,344.000,-33.000,-0.084,8.441,2.574,3.000,False,False,False,,,False
gare,95535,Sagy,commune,,1096,ign_chef_lieu,1.952,49.050,29.131,36.391,,,,,,35.935,,,,,,,,,False,False,False,,,False
gare,94048,Marolles-en-Brie,commune,,4781,ign_chef_lieu,2.550,48.733,29.180,20.000,103.000,107.000,111.000,8.000,,45.617,16.363,378.000,334.500,-43.500,-0.111,5.316,2.346,2.000,False,False,False,,,False
gare,78486,Le Perray-en-Yvelines,commune,,6480,ign_chef_lieu,1.855,48.695,29.180,40.787,81.000,88.000,95.000,14.000,,33.237,19.896,379.000,250.500,-128.500,-0.329,-13.385,2.648,2.000,False,False,False,,,False
gare,95660,Villaines-sous-Bois,commune,,778,ign_chef_lieu,2.357,49.077,29.329,24.532,97.000,109.000,129.000,32.000,,47.338,16.144,380.000,340.500,-39.500,-0.101,6.985,2.303,2.000,False,False,False,,,False
gare,95341,Livilliers,commune,,389,ign_chef_lieu,2.095,49.095,29.349,32.576,108.000,119.000,142.000,34.000,,44.355,14.798,381.000,369.000,-12.000,-0.031,16.756,2.683,2.000,False,False,False,,,False
gare,95308,Hérouville-en-Vexin,commune,,584,ign_chef_lieu,2.131,49.101,29.504,31.683,114.000,125.000,148.000,34.000,,45.452,14.162,382.000,377.500,-4.500,-0.012,22.287,2.750,2.000,False,False,False,,,False
gare,78655,Vieille-Église-en-Yvelines,commune,,652,ign_chef_lieu,1.875,48.670,29.549,40.732,,,,,,36.688,,,,,,,,,False,False,False,,,False
gare,95181,Courcelles-sur-Viosne,commune,,310,ign_chef_lieu,2.003,49.077,29.761,35.449,108.000,119.000,137.000,29.000,,43.567,15.006,383.000,369.000,-14.000,-0.036,15.863,2.731,3.000,False,False,False,,,False
gare,93074,Vaujours,commune,,8007,ign_chef_lieu,2.567,48.932,29.807,17.861,94.000,98.000,102.000,8.000,,41.752,18.249,384.000,304.000,-80.000,-0.205,-4.663,2.347,2.000,False,False,False,,,False
gare,78261,Gaillon-sur-Montcient,commune,,689,ign_chef_lieu,1.892,49.024,29.875,38.550,113.000,121.000,128.000,15.000,,30.615,14.814,385.000,373.000,-12.000,-0.031,17.564,3.952,2.000,False,False,False,,,False
gare,93015,Coubron,commune,,5175,ign_chef_lieu,2.577,48.916,29.898,17.733,90.000,95.000,100.000,10.000,,43.537,18.883,386.000,291.500,-94.500,-0.242,-7.737,2.182,2.000,False,False,False,,,False
gare,77108,Chelles,commune,,54620,ign_chef_lieu,2.590,48.878,29.935,17.593,70.000,74.000,78.000,8.000,,49.245,24.272,387.000,156.000,-231.000,-0.591,-28.181,1.503,2.000,False,False,False,,1.000,False
gare,95422,Montgeroult,commune,,361,ign_chef_lieu,2.007,49.081,29.980,35.515,104.000,115.000,133.000,29.000,,44.983,15.642,388.000,360.000,-28.000,-0.072,11.518,2.557,3.000,False,False,False,,,False
gare,95682,Villiers-le-Sec,commune,,205,ign_chef_lieu,2.390,49.072,30.002,24.189,115.000,131.000,152.000,37.000,,47.280,13.741,389.000,384.500,-4.500,-0.012,26.983,2.771,3.000,False,False,False,,,False
gare,95280,Goussainville,commune,,31301,ign_chef_lieu,2.473,49.032,30.112,21.474,83.000,89.000,94.000,11.000,,46.538,20.300,390.000,255.500,-134.500,-0.344,-13.902,1.912,2.000,False,False,False,,,False
gare,95313,L'Isle-Adam,commune,,12493,ign_chef_lieu,2.218,49.112,30.557,30.126,104.000,111.000,120.000,16.000,,46.240,16.517,391.000,348.500,-42.500,-0.109,6.516,2.401,3.000,False,False,False,,,False
